{
  "type": "FeatureCollection",
  "features": [
    {
      "type": "Feature",
      "geometry": {
        "type": "Point",
        "coordinates": [
          10.7306142,
          59.9134684
        ]
      },
      "properties": {
        "name": "Ariba Amir Aftab",
        "profession": "Tannpleier",
        "gender": "Kvinne",
        "age": "26 år",
        "specialization": null,
        "godkjenning": "Autorisasjon (2023)",
        "offentlig_avtale": null,
        "url": "https://www.legelisten.no/tannpleiere/80845-ariba-amir-aftab",
        "address": "Haakon VIIs gate 6 0161 Oslo"
      }
    },
    {
      "type": "Feature",
      "geometry": {
        "type": "Point",
        "coordinates": [
          10.7306142,
          59.9134684
        ]
      },
      "properties": {
        "name": "Nor Mohammedali",
        "profession": "Tannpleier",
        "gender": "Kvinne",
        "age": "38 år",
        "specialization": null,
        "godkjenning": "Autorisasjon (2016)",
        "offentlig_avtale": null,
        "url": "https://www.legelisten.no/tannpleiere/80846-nor-mohammedali",
        "address": "Haakon VIIs gate 6 0161 Oslo"
      }
    },
    {
      "type": "Feature",
      "geometry": {
        "type": "Point",
        "coordinates": [
          10.7306142,
          59.9134684
        ]
      },
      "properties": {
        "name": "Pia Therese Wang",
        "profession": "Tannpleier",
        "gender": "Kvinne",
        "age": "39 år",
        "specialization": null,
        "godkjenning": "Autorisasjon (2014)",
        "offentlig_avtale": null,
        "url": "https://www.legelisten.no/tannpleiere/80848-pia-therese-wang",
        "address": "Haakon VIIs gate 6 0161 Oslo"
      }
    },
    {
      "type": "Feature",
      "geometry": {
        "type": "Point",
        "coordinates": [
          10.7702094,
          59.9473503
        ]
      },
      "properties": {
        "name": "Bao Bao Nguyen",
        "profession": "Tannpleier",
        "gender": "Kvinne",
        "age": "25 år",
        "specialization": null,
        "godkjenning": "Autorisasjon (2023)",
        "offentlig_avtale": null,
        "url": "https://www.legelisten.no/tannpleiere/80850-bao-bao-nguyen",
        "address": "Sandakerveien 114 B 0484 Oslo"
      }
    },
    {
      "type": "Feature",
      "geometry": {
        "type": "Point",
        "coordinates": [
          10.7702094,
          59.9473503
        ]
      },
      "properties": {
        "name": "Emilie Louise Vågen",
        "profession": "Tannpleier",
        "gender": "Kvinne",
        "age": "31 år",
        "specialization": null,
        "godkjenning": "Autorisasjon (2016)",
        "offentlig_avtale": null,
        "url": "https://www.legelisten.no/tannpleiere/80851-emilie-louise-vagen",
        "address": "Sandakerveien 114 B 0484 Oslo"
      }
    },
    {
      "type": "Feature",
      "geometry": {
        "type": "Point",
        "coordinates": [
          10.7428686,
          59.9131745
        ]
      },
      "properties": {
        "name": "Amanda Dalila Sahnoun",
        "profession": "Tannpleier",
        "gender": "Kvinne",
        "age": "36 år",
        "specialization": null,
        "godkjenning": "Autorisasjon (2011)",
        "offentlig_avtale": null,
        "url": "https://www.legelisten.no/tannpleiere/80852-amanda-dalila-sahnoun",
        "address": "Øvre Slottsgate 18-20 0157 Oslo"
      }
    },
    {
      "type": "Feature",
      "geometry": {
        "type": "Point",
        "coordinates": [
          10.7428686,
          59.9131745
        ]
      },
      "properties": {
        "name": "Cathrine Kristoffersen Kurås",
        "profession": "Tannpleier",
        "gender": "Kvinne",
        "age": "44 år",
        "specialization": null,
        "godkjenning": "Autorisasjon (2007)",
        "offentlig_avtale": null,
        "url": "https://www.legelisten.no/tannpleiere/80853-cathrine-kristoffersen-kuras",
        "address": "Øvre Slottsgate 18-20 0157 Oslo"
      }
    },
    {
      "type": "Feature",
      "geometry": {
        "type": "Point",
        "coordinates": [
          5.3237488,
          60.393355
        ]
      },
      "properties": {
        "name": "Quynh Nhu Ruud",
        "profession": "Tannpleier",
        "gender": "Kvinne",
        "age": "41 år",
        "specialization": null,
        "godkjenning": "Autorisasjon (2011)",
        "offentlig_avtale": null,
        "url": "https://www.legelisten.no/tannpleiere/80854-quynh-nhu-ruud",
        "address": "Torgallmenningen 3b 5014 Bergen"
      }
    },
    {
      "type": "Feature",
      "geometry": {
        "type": "Point",
        "coordinates": [
          10.7694483,
          59.9483484
        ]
      },
      "properties": {
        "name": "Ida Løkkeberg",
        "profession": "Tannpleier",
        "gender": "Kvinne",
        "age": "27 år",
        "specialization": null,
        "godkjenning": "Autorisasjon (2022)",
        "offentlig_avtale": null,
        "url": "https://www.legelisten.no/tannpleiere/80855-ida-lokkeberg",
        "address": "Sandakerveien 116 0484 Oslo"
      }
    },
    {
      "type": "Feature",
      "geometry": {
        "type": "Point",
        "coordinates": [
          10.6291781,
          59.8949221
        ]
      },
      "properties": {
        "name": "Nida Dar",
        "profession": "Tannpleier",
        "gender": "Kvinne",
        "age": "24 år",
        "specialization": null,
        "godkjenning": "Autorisasjon (2023)",
        "offentlig_avtale": null,
        "url": "https://www.legelisten.no/tannpleiere/80860-nida-dar",
        "address": "Martin Linges vei 25 1364 Fornebu"
      }
    },
    {
      "type": "Feature",
      "geometry": {
        "type": "Point",
        "coordinates": [
          10.354682,
          63.3504178
        ]
      },
      "properties": {
        "name": "Mia Grøndahl",
        "profession": "Tannpleier",
        "gender": "Kvinne",
        "age": "37 år",
        "specialization": null,
        "godkjenning": "Autorisasjon - Tannpleier (2015)Autorisasjon - Tannhelsesekretær (2007)",
        "offentlig_avtale": null,
        "url": "https://www.legelisten.no/tannpleiere/80861-mia-grondahl",
        "address": "Anne Ekrens veg 6 7080 Heimdal"
      }
    },
    {
      "type": "Feature",
      "geometry": {
        "type": "Point",
        "coordinates": [
          10.4861955,
          59.8710359
        ]
      },
      "properties": {
        "name": "Cathrin Del Rio Honningsvåg",
        "profession": "Tannpleier",
        "gender": "Kvinne",
        "age": "35 år",
        "specialization": null,
        "godkjenning": "Autorisasjon (2015)",
        "offentlig_avtale": null,
        "url": "https://www.legelisten.no/tannpleiere/80863-cathrin-del-rio-honningsvag",
        "address": "Olav Brunborgsvei 4 1396 Billingstad"
      }
    },
    {
      "type": "Feature",
      "geometry": {
        "type": "Point",
        "coordinates": [
          10.6368773,
          59.9191079
        ]
      },
      "properties": {
        "name": "Guoda Jurgilaite",
        "profession": "Tannpleier",
        "gender": "Kvinne",
        "age": "31 år",
        "specialization": null,
        "godkjenning": "Autorisasjon (2021)",
        "offentlig_avtale": null,
        "url": "https://www.legelisten.no/tannpleiere/80864-guoda-jurgilaite",
        "address": "Lilleakerveien 23B 0283 Oslo"
      }
    },
    {
      "type": "Feature",
      "geometry": {
        "type": "Point",
        "coordinates": [
          10.7658526,
          59.9491031
        ]
      },
      "properties": {
        "name": "Vibeke Norlin",
        "profession": "Tannpleier",
        "gender": "Kvinne",
        "age": "51 år",
        "specialization": null,
        "godkjenning": "Autorisasjon (2017)",
        "offentlig_avtale": null,
        "url": "https://www.legelisten.no/tannpleiere/80865-vibeke-norlin",
        "address": "Nydalsveien 33 0484 Oslo"
      }
    },
    {
      "type": "Feature",
      "geometry": {
        "type": "Point",
        "coordinates": [
          10.7153684,
          59.9304112
        ]
      },
      "properties": {
        "name": "Ingrid Cecilie Nielsen",
        "profession": "Tannpleier",
        "gender": "Kvinne",
        "age": "31 år",
        "specialization": null,
        "godkjenning": "Autorisasjon (2019)",
        "offentlig_avtale": null,
        "url": "https://www.legelisten.no/tannpleiere/80867-ingrid-cecilie-nielsen",
        "address": "Slemdalsveien 1 0369 Oslo"
      }
    },
    {
      "type": "Feature",
      "geometry": {
        "type": "Point",
        "coordinates": [
          10.881103,
          60.0453465
        ]
      },
      "properties": {
        "name": "Agata Bernad",
        "profession": "Tannpleier",
        "gender": "Kvinne",
        "age": "27 år",
        "specialization": null,
        "godkjenning": "Autorisasjon (2021)",
        "offentlig_avtale": null,
        "url": "https://www.legelisten.no/tannpleiere/80868-agata-bernad",
        "address": "Mattias Skytters vei 173 1482 Nittedal"
      }
    },
    {
      "type": "Feature",
      "geometry": {
        "type": "Point",
        "coordinates": [
          10.881103,
          60.0453465
        ]
      },
      "properties": {
        "name": "Rabeha Mahmood",
        "profession": "Tannpleier",
        "gender": "Kvinne",
        "age": "34 år",
        "specialization": null,
        "godkjenning": "Autorisasjon (2014)",
        "offentlig_avtale": null,
        "url": "https://www.legelisten.no/tannpleiere/80869-rabeha-mahmood",
        "address": "Mattias Skytters vei 173 1482 Nittedal"
      }
    },
    {
      "type": "Feature",
      "geometry": {
        "type": "Point",
        "coordinates": [
          11.2711975,
          60.3300265
        ]
      },
      "properties": {
        "name": "Zahra Rezai",
        "profession": "Tannpleier",
        "gender": "Kvinne",
        "age": "27 år",
        "specialization": null,
        "godkjenning": "Autorisasjon (2023)",
        "offentlig_avtale": null,
        "url": "https://www.legelisten.no/tannpleiere/80870-zahra-rezai",
        "address": "Nedre Vilberg veg 8 2080 Eidsvoll"
      }
    },
    {
      "type": "Feature",
      "geometry": {
        "type": "Point",
        "coordinates": [
          10.731736,
          59.9135294
        ]
      },
      "properties": {
        "name": "Lise Pletten",
        "profession": "Tannpleier",
        "gender": "Kvinne",
        "age": "49 år",
        "specialization": null,
        "godkjenning": "Autorisasjon (2009)",
        "offentlig_avtale": null,
        "url": "https://www.legelisten.no/tannpleiere/80872-lise-pletten",
        "address": "Klingenberggata 7 0161 Oslo"
      }
    },
    {
      "type": "Feature",
      "geometry": {
        "type": "Point",
        "coordinates": [
          10.6629284,
          59.4358127
        ]
      },
      "properties": {
        "name": "Synne Benedichte Antonsen",
        "profession": "Tannpleier",
        "gender": "Kvinne",
        "age": "31 år",
        "specialization": null,
        "godkjenning": "Autorisasjon (2016)",
        "offentlig_avtale": null,
        "url": "https://www.legelisten.no/tannpleiere/80873-synne-benedichte-antonsen",
        "address": "Dronningens gate 17 1530 Moss"
      }
    },
    {
      "type": "Feature",
      "geometry": {
        "type": "Point",
        "coordinates": [
          10.731736,
          59.9135294
        ]
      },
      "properties": {
        "name": "Sigrid Sjøholt",
        "profession": "Tannpleier",
        "gender": "Kvinne",
        "age": "32 år",
        "specialization": null,
        "godkjenning": "Autorisasjon (2016)",
        "offentlig_avtale": null,
        "url": "https://www.legelisten.no/tannpleiere/80880-sigrid-sjoholt",
        "address": "Klingenberggata 7 0161 Oslo"
      }
    },
    {
      "type": "Feature",
      "geometry": {
        "type": "Point",
        "coordinates": [
          5.3210994,
          60.3941156
        ]
      },
      "properties": {
        "name": "Turid Johanne Nikoline Mellingen",
        "profession": "Tannpleier",
        "gender": "Kvinne",
        "age": "67 år",
        "specialization": null,
        "godkjenning": "Autorisasjon - Tannpleier (1990)Autorisasjon - Sykepleier (1983)",
        "offentlig_avtale": null,
        "url": "https://www.legelisten.no/tannpleiere/83300-turid-johanne-nikoline-mellingen",
        "address": "Valkendorfsgaten 5 5012 Bergen"
      }
    },
    {
      "type": "Feature",
      "geometry": {
        "type": "Point",
        "coordinates": [
          7.9944415,
          58.1482526
        ]
      },
      "properties": {
        "name": "Veronica Waale Urdal",
        "profession": "Tannpleier",
        "gender": "Kvinne",
        "age": "48 år",
        "specialization": null,
        "godkjenning": "Autorisasjon - Tannpleier (2004)Autorisasjon (1995)",
        "offentlig_avtale": null,
        "url": "https://www.legelisten.no/tannpleiere/83314-veronica-waale-urdal",
        "address": "Festningsgata 39 4611 Kristiansand S"
      }
    },
    {
      "type": "Feature",
      "geometry": {
        "type": "Point",
        "coordinates": [
          10.0273876,
          59.0534795
        ]
      },
      "properties": {
        "name": "Martine Høydalsmo",
        "profession": "Tannpleier",
        "gender": "Kvinne",
        "age": "33 år",
        "specialization": null,
        "godkjenning": "Autorisasjon - Tannpleier (2020)Autorisasjon - Tannhelsesekretær (2013)",
        "offentlig_avtale": null,
        "url": "https://www.legelisten.no/tannpleiere/83320-martine-hoydalsmo",
        "address": "Torget 3 3256 Larvik"
      }
    },
    {
      "type": "Feature",
      "geometry": {
        "type": "Point",
        "coordinates": [
          5.321436,
          60.3928098
        ]
      },
      "properties": {
        "name": "Lene Marie Skiftesvik",
        "profession": "Tannpleier",
        "gender": "Kvinne",
        "age": "40 år",
        "specialization": null,
        "godkjenning": "Autorisasjon (2013)",
        "offentlig_avtale": null,
        "url": "https://www.legelisten.no/tannpleiere/83325-lene-marie-skiftesvik",
        "address": "Markeveien 4C 5012 Bergen"
      }
    },
    {
      "type": "Feature",
      "geometry": {
        "type": "Point",
        "coordinates": [
          5.249113,
          60.2933252
        ]
      },
      "properties": {
        "name": "Mette Håpoldøy Jacobsen",
        "profession": "Tannpleier",
        "gender": "Kvinne",
        "age": "36 år",
        "specialization": null,
        "godkjenning": "Autorisasjon (2013)",
        "offentlig_avtale": null,
        "url": "https://www.legelisten.no/tannpleiere/83332-mette-hapoldoy-jacobsen",
        "address": "Kokstadflaten 36 5257 Kokstad"
      }
    },
    {
      "type": "Feature",
      "geometry": {
        "type": "Point",
        "coordinates": [
          10.4152244,
          59.2678321
        ]
      },
      "properties": {
        "name": "Anette Fjelldal",
        "profession": "Tannpleier",
        "gender": "Kvinne",
        "age": "34 år",
        "specialization": null,
        "godkjenning": "Autorisasjon (2013)",
        "offentlig_avtale": null,
        "url": "https://www.legelisten.no/tannpleiere/83336-anette-fjelldal",
        "address": "Bullsgate 2B 3110 Tønsberg"
      }
    },
    {
      "type": "Feature",
      "geometry": {
        "type": "Point",
        "coordinates": [
          11.3866445,
          59.1193276
        ]
      },
      "properties": {
        "name": "Liloz Salo",
        "profession": "Tannpleier",
        "gender": "Kvinne",
        "age": "34 år",
        "specialization": null,
        "godkjenning": "Autorisasjon - Tannpleier (2021)Autorisasjon - Tannhelsesekretær (2013)",
        "offentlig_avtale": null,
        "url": "https://www.legelisten.no/tannpleiere/83341-liloz-salo",
        "address": "Storgata 2A 1767 Halden"
      }
    },
    {
      "type": "Feature",
      "geometry": {
        "type": "Point",
        "coordinates": [
          10.3932984,
          63.4322298
        ]
      },
      "properties": {
        "name": "Ellen Katrin Skog",
        "profession": "Tannpleier",
        "gender": "Kvinne",
        "age": "40 år",
        "specialization": null,
        "godkjenning": "Autorisasjon (2008)",
        "offentlig_avtale": null,
        "url": "https://www.legelisten.no/tannpleiere/83351-ellen-katrin-skog",
        "address": "Munkegata 48 7011 Trondheim"
      }
    },
    {
      "type": "Feature",
      "geometry": {
        "type": "Point",
        "coordinates": [
          16.5314111,
          68.7968553
        ]
      },
      "properties": {
        "name": "Janne Cecilie Johansen Igeland",
        "profession": "Tannpleier",
        "gender": "Kvinne",
        "age": "41 år",
        "specialization": null,
        "godkjenning": "Autorisasjon (2008)",
        "offentlig_avtale": null,
        "url": "https://www.legelisten.no/tannpleiere/83356-janne-cecilie-johansen-igeland",
        "address": "6. Divisjons Gate 10 9406 Harstad"
      }
    },
    {
      "type": "Feature",
      "geometry": {
        "type": "Point",
        "coordinates": [
          15.4148737,
          68.6936127
        ]
      },
      "properties": {
        "name": "Charlotte Amanda Røsnes Hansen",
        "profession": "Tannpleier",
        "gender": "Kvinne",
        "age": "39 år",
        "specialization": null,
        "godkjenning": "Autorisasjon (2008)",
        "offentlig_avtale": null,
        "url": "https://www.legelisten.no/tannpleiere/83359-charlotte-amanda-rosnes-hansen",
        "address": "Kjøpmannsgata 22 8400 Sortland"
      }
    },
    {
      "type": "Feature",
      "geometry": {
        "type": "Point",
        "coordinates": [
          10.1952853,
          59.7427382
        ]
      },
      "properties": {
        "name": "Christine Forum Ekeland",
        "profession": "Tannpleier",
        "gender": "Kvinne",
        "age": "42 år",
        "specialization": null,
        "godkjenning": "Autorisasjon (2008)",
        "offentlig_avtale": null,
        "url": "https://www.legelisten.no/tannpleiere/83360-christine-forum-ekeland",
        "address": "Grønland 40 3045 Drammen"
      }
    },
    {
      "type": "Feature",
      "geometry": {
        "type": "Point",
        "coordinates": [
          5.325301,
          60.2928589
        ]
      },
      "properties": {
        "name": "Cathrine Vik Tellefsen",
        "profession": "Tannpleier",
        "gender": "Kvinne",
        "age": "39 år",
        "specialization": null,
        "godkjenning": "Autorisasjon (2008)",
        "offentlig_avtale": null,
        "url": "https://www.legelisten.no/tannpleiere/83365-cathrine-vik-tellefsen",
        "address": "Laguneveien 1, Lagunen Storsenter 5239 Rådal"
      }
    },
    {
      "type": "Feature",
      "geometry": {
        "type": "Point",
        "coordinates": [
          5.1262458,
          60.3583721
        ]
      },
      "properties": {
        "name": "Kristin Haavik Clausen",
        "profession": "Tannpleier",
        "gender": "Kvinne",
        "age": "41 år",
        "specialization": null,
        "godkjenning": "Autorisasjon (2008)",
        "offentlig_avtale": null,
        "url": "https://www.legelisten.no/tannpleiere/83373-kristin-haavik-clausen",
        "address": "Sartorvegen 12 5353 Straume"
      }
    },
    {
      "type": "Feature",
      "geometry": {
        "type": "Point",
        "coordinates": [
          11.9991872,
          60.1904392
        ]
      },
      "properties": {
        "name": "Radji Amani Nehema",
        "profession": "Tannpleier",
        "gender": "Mann",
        "age": "43 år",
        "specialization": null,
        "godkjenning": "Autorisasjon (2008)",
        "offentlig_avtale": null,
        "url": "https://www.legelisten.no/tannpleiere/83381-radji-amani-nehema",
        "address": "Storgata 26 2212 Kongsvinger"
      }
    },
    {
      "type": "Feature",
      "geometry": {
        "type": "Point",
        "coordinates": [
          9.6082623,
          59.2077706
        ]
      },
      "properties": {
        "name": "Ingvild Bøe Koch",
        "profession": "Tannpleier",
        "gender": "Kvinne",
        "age": "43 år",
        "specialization": null,
        "godkjenning": "Autorisasjon (2008)",
        "offentlig_avtale": null,
        "url": "https://www.legelisten.no/tannpleiere/83385-ingvild-boe-koch",
        "address": "Telemarksgata 12 3707 Skien"
      }
    },
    {
      "type": "Feature",
      "geometry": {
        "type": "Point",
        "coordinates": [
          11.1744519,
          60.1430465
        ]
      },
      "properties": {
        "name": "Annette Julie Bjørgung",
        "profession": "Tannpleier",
        "gender": "Kvinne",
        "age": "46 år",
        "specialization": null,
        "godkjenning": "Autorisasjon - Tannhelsesekretær (2020)Autorisasjon - Tannpleier (2008)",
        "offentlig_avtale": null,
        "url": "https://www.legelisten.no/tannpleiere/83386-annette-julie-bjorgung",
        "address": "Ringvegen 4 2066 Jessheim"
      }
    },
    {
      "type": "Feature",
      "geometry": {
        "type": "Point",
        "coordinates": [
          10.7516105,
          59.6037506
        ]
      },
      "properties": {
        "name": "Hilde Skjeseth",
        "profession": "Tannpleier",
        "gender": "Kvinne",
        "age": "38 år",
        "specialization": null,
        "godkjenning": "Autorisasjon (2009)",
        "offentlig_avtale": null,
        "url": "https://www.legelisten.no/tannpleiere/83405-hilde-skjeseth",
        "address": "Rådhusplassen 29, 3 etg. 1430 Ås"
      }
    },
    {
      "type": "Feature",
      "geometry": {
        "type": "Point",
        "coordinates": [
          10.6125227,
          60.7205606
        ]
      },
      "properties": {
        "name": "Sofia Karin Margareta Resander",
        "profession": "Tannpleier",
        "gender": "Kvinne",
        "age": "39 år",
        "specialization": null,
        "godkjenning": "Autorisasjon (2009)",
        "offentlig_avtale": null,
        "url": "https://www.legelisten.no/tannpleiere/83410-sofia-karin-margareta-resander",
        "address": "Storgata 13 2830 Raufoss"
      }
    },
    {
      "type": "Feature",
      "geometry": null,
      "properties": {
        "name": "Linda Møinichen",
        "profession": "Tannpleier",
        "gender": "Kvinne",
        "age": "41 år",
        "specialization": null,
        "godkjenning": "Autorisasjon (2009)",
        "offentlig_avtale": null,
        "url": "https://www.legelisten.no/tannpleiere/83414-linda-moinichen",
        "address": "Sentrumsveien 4 1400 Ski"
      }
    },
    {
      "type": "Feature",
      "geometry": {
        "type": "Point",
        "coordinates": [
          11.0759376,
          60.7941652
        ]
      },
      "properties": {
        "name": "Rupi Kagaeva",
        "profession": "Tannpleier",
        "gender": "Kvinne",
        "age": "44 år",
        "specialization": null,
        "godkjenning": "Autorisasjon (2009)",
        "offentlig_avtale": null,
        "url": "https://www.legelisten.no/tannpleiere/83417-rupi-kagaeva",
        "address": "Østregate 23 2317 Hamar"
      }
    },
    {
      "type": "Feature",
      "geometry": {
        "type": "Point",
        "coordinates": [
          5.7168526,
          58.969948
        ]
      },
      "properties": {
        "name": "Ingrid Mari Skeie Danielsen",
        "profession": "Tannpleier",
        "gender": "Kvinne",
        "age": "40 år",
        "specialization": null,
        "godkjenning": "Autorisasjon (2009)",
        "offentlig_avtale": null,
        "url": "https://www.legelisten.no/tannpleiere/83426-ingrid-mari-skeie-danielsen",
        "address": "Stokkaveien 45 4024 Stavanger"
      }
    },
    {
      "type": "Feature",
      "geometry": {
        "type": "Point",
        "coordinates": [
          8.9371716,
          60.7018168
        ]
      },
      "properties": {
        "name": "Camilla Spangen Wesenlund",
        "profession": "Tannpleier",
        "gender": "Kvinne",
        "age": "41 år",
        "specialization": null,
        "godkjenning": "Autorisasjon (2010)",
        "offentlig_avtale": null,
        "url": "https://www.legelisten.no/tannpleiere/83431-camilla-spangen-wesenlund",
        "address": "Gamlevegen 35 3550 Gol"
      }
    },
    {
      "type": "Feature",
      "geometry": {
        "type": "Point",
        "coordinates": [
          5.1926064,
          60.427029
        ]
      },
      "properties": {
        "name": "Elise Ørbeck Totland",
        "profession": "Tannpleier",
        "gender": "Kvinne",
        "age": "39 år",
        "specialization": null,
        "godkjenning": "Autorisasjon (2010)",
        "offentlig_avtale": null,
        "url": "https://www.legelisten.no/tannpleiere/83435-elise-orbeck-totland",
        "address": "Juvikflaten 14a 5008 Bergen"
      }
    },
    {
      "type": "Feature",
      "geometry": {
        "type": "Point",
        "coordinates": [
          5.1741326,
          59.7937287
        ]
      },
      "properties": {
        "name": "Ingrid Sørvik",
        "profession": "Tannpleier",
        "gender": "Kvinne",
        "age": "37 år",
        "specialization": null,
        "godkjenning": "Autorisasjon (2010)",
        "offentlig_avtale": null,
        "url": "https://www.legelisten.no/tannpleiere/83436-ingrid-sorvik",
        "address": "Stavlandsvegen 5 5430 Bremnes"
      }
    },
    {
      "type": "Feature",
      "geometry": {
        "type": "Point",
        "coordinates": [
          5.7155809,
          58.9781575
        ]
      },
      "properties": {
        "name": "Elise Pettersen",
        "profession": "Tannpleier",
        "gender": "Kvinne",
        "age": "41 år",
        "specialization": null,
        "godkjenning": "Autorisasjon (2010)",
        "offentlig_avtale": null,
        "url": "https://www.legelisten.no/tannpleiere/83438-elise-pettersen",
        "address": "Tastagata 30-32 4027 Stavanger"
      }
    },
    {
      "type": "Feature",
      "geometry": {
        "type": "Point",
        "coordinates": [
          10.8363007,
          59.7198258
        ]
      },
      "properties": {
        "name": "Ina Louise Gundersen",
        "profession": "Tannpleier",
        "gender": "Kvinne",
        "age": "39 år",
        "specialization": null,
        "godkjenning": "Autorisasjon (2010)",
        "offentlig_avtale": null,
        "url": "https://www.legelisten.no/tannpleiere/83446-ina-louise-gundersen",
        "address": "Jernbaneveien 4 1400 Ski"
      }
    },
    {
      "type": "Feature",
      "geometry": {
        "type": "Point",
        "coordinates": [
          5.3240971,
          60.4651169
        ]
      },
      "properties": {
        "name": "Hanne Hauge",
        "profession": "Tannpleier",
        "gender": "Kvinne",
        "age": "40 år",
        "specialization": null,
        "godkjenning": "Autorisasjon (2010)",
        "offentlig_avtale": null,
        "url": "https://www.legelisten.no/tannpleiere/83450-hanne-hauge",
        "address": "Åsane Senter 37 5116 Ulset"
      }
    },
    {
      "type": "Feature",
      "geometry": {
        "type": "Point",
        "coordinates": [
          10.4250265,
          63.4365763
        ]
      },
      "properties": {
        "name": "Andrea Sumstad Aspås",
        "profession": "Tannpleier",
        "gender": "Kvinne",
        "age": "40 år",
        "specialization": null,
        "godkjenning": "Autorisasjon (2010)",
        "offentlig_avtale": null,
        "url": "https://www.legelisten.no/tannpleiere/83452-andrea-sumstad-aspas",
        "address": "Mellomveien 1 7067 Trondheim"
      }
    },
    {
      "type": "Feature",
      "geometry": {
        "type": "Point",
        "coordinates": [
          11.007331,
          59.9472859
        ]
      },
      "properties": {
        "name": "Catrine Thorvaldsen",
        "profession": "Tannpleier",
        "gender": "Kvinne",
        "age": "43 år",
        "specialization": null,
        "godkjenning": "Autorisasjon (2010)",
        "offentlig_avtale": null,
        "url": "https://www.legelisten.no/tannpleiere/83455-catrine-thorvaldsen",
        "address": "Støperiveien 5 2010 Strømmen"
      }
    },
    {
      "type": "Feature",
      "geometry": {
        "type": "Point",
        "coordinates": [
          9.6495399,
          59.1353457
        ]
      },
      "properties": {
        "name": "Lotte Auestad",
        "profession": "Tannpleier",
        "gender": "Kvinne",
        "age": "40 år",
        "specialization": null,
        "godkjenning": "Autorisasjon (2010)",
        "offentlig_avtale": null,
        "url": "https://www.legelisten.no/tannpleiere/83469-lotte-auestad",
        "address": "Gamlevegen 19 3922 Porsgrunn"
      }
    },
    {
      "type": "Feature",
      "geometry": {
        "type": "Point",
        "coordinates": [
          10.3037349,
          59.8108758
        ]
      },
      "properties": {
        "name": "Merethe Persson-Holst",
        "profession": "Tannpleier",
        "gender": "Kvinne",
        "age": "33 år",
        "specialization": null,
        "godkjenning": "Autorisasjon - Tannpleier (2016)Autorisasjon - Tannhelsesekretær (2011)",
        "offentlig_avtale": null,
        "url": "https://www.legelisten.no/tannpleiere/83494-merethe-persson-holst",
        "address": "Drammensveien 201 3420 Lierskogen"
      }
    },
    {
      "type": "Feature",
      "geometry": {
        "type": "Point",
        "coordinates": [
          10.8363007,
          59.7198258
        ]
      },
      "properties": {
        "name": "Farah El-Mahjoubi",
        "profession": "Tannpleier",
        "gender": "Kvinne",
        "age": "34 år",
        "specialization": null,
        "godkjenning": "Autorisasjon - Tannpleier (2016)Autorisasjon - Tannhelsesekretær (2011)",
        "offentlig_avtale": null,
        "url": "https://www.legelisten.no/tannpleiere/83497-farah-el-mahjoubi",
        "address": "Jernbaneveien 4 1400 Ski"
      }
    },
    {
      "type": "Feature",
      "geometry": {
        "type": "Point",
        "coordinates": [
          10.4333323,
          59.8337214
        ]
      },
      "properties": {
        "name": "Camilla Stene",
        "profession": "Tannpleier",
        "gender": "Kvinne",
        "age": "41 år",
        "specialization": null,
        "godkjenning": "Autorisasjon (2011)",
        "offentlig_avtale": null,
        "url": "https://www.legelisten.no/tannpleiere/83504-camilla-stene",
        "address": "Torvveien 12 1383 Asker"
      }
    },
    {
      "type": "Feature",
      "geometry": {
        "type": "Point",
        "coordinates": [
          5.2618608,
          59.1492511
        ]
      },
      "properties": {
        "name": "Julie Hemnes Johannessen",
        "profession": "Tannpleier",
        "gender": "Kvinne",
        "age": "36 år",
        "specialization": null,
        "godkjenning": "Autorisasjon (2011)",
        "offentlig_avtale": null,
        "url": "https://www.legelisten.no/tannpleiere/83508-julie-hemnes-johannessen",
        "address": "Havnafjellet 1 4280 Skudeneshavn"
      }
    },
    {
      "type": "Feature",
      "geometry": {
        "type": "Point",
        "coordinates": [
          16.5425266,
          68.798477
        ]
      },
      "properties": {
        "name": "Ingvild Svendsås Hermansen",
        "profession": "Tannpleier",
        "gender": "Kvinne",
        "age": "37 år",
        "specialization": null,
        "godkjenning": "Autorisasjon (2011)",
        "offentlig_avtale": null,
        "url": "https://www.legelisten.no/tannpleiere/83527-ingvild-svendsas-hermansen",
        "address": "Storgata 9 9405 Harstad"
      }
    },
    {
      "type": "Feature",
      "geometry": {
        "type": "Point",
        "coordinates": [
          16.5437177,
          68.7995696
        ]
      },
      "properties": {
        "name": "Kristina Ellefsen",
        "profession": "Tannpleier",
        "gender": "Kvinne",
        "age": "37 år",
        "specialization": null,
        "godkjenning": "Autorisasjon (2011)",
        "offentlig_avtale": null,
        "url": "https://www.legelisten.no/tannpleiere/83529-kristina-ellefsen",
        "address": "Torvet 1b 9405 Harstad"
      }
    },
    {
      "type": "Feature",
      "geometry": {
        "type": "Point",
        "coordinates": [
          10.6587445,
          59.8495651
        ]
      },
      "properties": {
        "name": "Annette Seim Karlsen",
        "profession": "Tannpleier",
        "gender": "Kvinne",
        "age": "36 år",
        "specialization": null,
        "godkjenning": "Autorisasjon (2011)",
        "offentlig_avtale": null,
        "url": "https://www.legelisten.no/tannpleiere/83536-annette-seim-karlsen",
        "address": "Kapellveien 84 1452 Nesoddtangen"
      }
    },
    {
      "type": "Feature",
      "geometry": {
        "type": "Point",
        "coordinates": [
          10.7092217,
          59.9305149
        ]
      },
      "properties": {
        "name": "Victoria Helena Gyzander",
        "profession": "Tannpleier",
        "gender": "Kvinne",
        "age": "41 år",
        "specialization": null,
        "godkjenning": "Autorisasjon (2012)",
        "offentlig_avtale": null,
        "url": "https://www.legelisten.no/tannpleiere/83542-victoria-helena-gyzander",
        "address": "Sørkedalsveien 10A 0369 Oslo"
      }
    },
    {
      "type": "Feature",
      "geometry": {
        "type": "Point",
        "coordinates": [
          11.0501316,
          59.9535655
        ]
      },
      "properties": {
        "name": "Beate Sandvær Aamodt",
        "profession": "Tannpleier",
        "gender": "Kvinne",
        "age": "36 år",
        "specialization": null,
        "godkjenning": "Autorisasjon (2012)",
        "offentlig_avtale": null,
        "url": "https://www.legelisten.no/tannpleiere/83543-beate-sandvaer-aamodt",
        "address": "Stillverksveien 1 2004 Lillestrøm"
      }
    },
    {
      "type": "Feature",
      "geometry": {
        "type": "Point",
        "coordinates": [
          6.5813613,
          61.0883447
        ]
      },
      "properties": {
        "name": "Christina Tveit Solberg",
        "profession": "Tannpleier",
        "gender": "Kvinne",
        "age": "35 år",
        "specialization": null,
        "godkjenning": "Autorisasjon (2012)",
        "offentlig_avtale": null,
        "url": "https://www.legelisten.no/tannpleiere/83552-christina-tveit-solberg",
        "address": "Sentrumsgata 34 6893 Vik i Sogn"
      }
    },
    {
      "type": "Feature",
      "geometry": {
        "type": "Point",
        "coordinates": [
          10.727497,
          59.9105443
        ]
      },
      "properties": {
        "name": "Heidi Øvstrud Strøm",
        "profession": "Tannpleier",
        "gender": "Kvinne",
        "age": "38 år",
        "specialization": null,
        "godkjenning": "Autorisasjon (2012)",
        "offentlig_avtale": null,
        "url": "https://www.legelisten.no/tannpleiere/83562-heidi-ovstrud-strom",
        "address": "Grundingen 6 0250 Oslo"
      }
    },
    {
      "type": "Feature",
      "geometry": {
        "type": "Point",
        "coordinates": [
          11.1744519,
          60.1430465
        ]
      },
      "properties": {
        "name": "Pernille Sandås",
        "profession": "Tannpleier",
        "gender": "Kvinne",
        "age": "35 år",
        "specialization": null,
        "godkjenning": "Autorisasjon (2012)",
        "offentlig_avtale": null,
        "url": "https://www.legelisten.no/tannpleiere/83564-pernille-sandas",
        "address": "Ringvegen 4 2066 Jessheim"
      }
    },
    {
      "type": "Feature",
      "geometry": {
        "type": "Point",
        "coordinates": [
          10.8363007,
          59.7198258
        ]
      },
      "properties": {
        "name": "Stine Keppler Solend",
        "profession": "Tannpleier",
        "gender": "Kvinne",
        "age": "38 år",
        "specialization": null,
        "godkjenning": "Autorisasjon (2012)",
        "offentlig_avtale": null,
        "url": "https://www.legelisten.no/tannpleiere/83569-stine-keppler-solend",
        "address": "Jernbaneveien 4 1400 Ski"
      }
    },
    {
      "type": "Feature",
      "geometry": {
        "type": "Point",
        "coordinates": [
          10.9560119,
          59.2034696
        ]
      },
      "properties": {
        "name": "Shokh Hiwa Jalal",
        "profession": "Tannpleier",
        "gender": "Kvinne",
        "age": "36 år",
        "specialization": null,
        "godkjenning": "Autorisasjon (2012)",
        "offentlig_avtale": null,
        "url": "https://www.legelisten.no/tannpleiere/83570-shokh-hiwa-jalal",
        "address": "Voldgata 10/11 1632 Gamle Fredrikstad"
      }
    },
    {
      "type": "Feature",
      "geometry": {
        "type": "Point",
        "coordinates": [
          17.4269685,
          68.435357
        ]
      },
      "properties": {
        "name": "Mariell Stormo",
        "profession": "Tannpleier",
        "gender": "Kvinne",
        "age": "35 år",
        "specialization": null,
        "godkjenning": "Autorisasjon (2012)",
        "offentlig_avtale": null,
        "url": "https://www.legelisten.no/tannpleiere/83574-mariell-stormo",
        "address": "Dronningens gate 23 8514 Narvik"
      }
    },
    {
      "type": "Feature",
      "geometry": {
        "type": "Point",
        "coordinates": [
          17.9975728,
          69.2304582
        ]
      },
      "properties": {
        "name": "Marianne Smevik",
        "profession": "Tannpleier",
        "gender": "Kvinne",
        "age": "37 år",
        "specialization": null,
        "godkjenning": "Autorisasjon (2012)",
        "offentlig_avtale": null,
        "url": "https://www.legelisten.no/tannpleiere/83575-marianne-smevik",
        "address": "Storgata 57 9300 Finnsnes"
      }
    },
    {
      "type": "Feature",
      "geometry": {
        "type": "Point",
        "coordinates": [
          10.7563945,
          59.9120546
        ]
      },
      "properties": {
        "name": "Christina Fredheim",
        "profession": "Tannpleier",
        "gender": "Kvinne",
        "age": "37 år",
        "specialization": null,
        "godkjenning": "Autorisasjon (2012)",
        "offentlig_avtale": null,
        "url": "https://www.legelisten.no/tannpleiere/83582-christina-fredheim",
        "address": "Schweigaards gate 6, 4. etasje 0185 Oslo"
      }
    },
    {
      "type": "Feature",
      "geometry": {
        "type": "Point",
        "coordinates": [
          18.9548514,
          69.6502967
        ]
      },
      "properties": {
        "name": "Karina Bergland",
        "profession": "Tannpleier",
        "gender": "Kvinne",
        "age": "37 år",
        "specialization": null,
        "godkjenning": "Autorisasjon (2012)",
        "offentlig_avtale": null,
        "url": "https://www.legelisten.no/tannpleiere/83583-karina-bergland",
        "address": "Grønnegata 86-88 9008 Tromsø"
      }
    },
    {
      "type": "Feature",
      "geometry": {
        "type": "Point",
        "coordinates": [
          10.7563945,
          59.9120546
        ]
      },
      "properties": {
        "name": "Line Larsen",
        "profession": "Tannpleier",
        "gender": "Kvinne",
        "age": "32 år",
        "specialization": null,
        "godkjenning": "Autorisasjon - Tannpleier (2021)Autorisasjon - Tannhelsesekretær (2012)",
        "offentlig_avtale": null,
        "url": "https://www.legelisten.no/tannpleiere/83584-line-larsen",
        "address": "Schweigaards gate 6, 4. etasje 0185 Oslo"
      }
    },
    {
      "type": "Feature",
      "geometry": {
        "type": "Point",
        "coordinates": [
          10.9396896,
          60.8818411
        ]
      },
      "properties": {
        "name": "Ida Marie Snesrud",
        "profession": "Tannpleier",
        "gender": "Kvinne",
        "age": "43 år",
        "specialization": null,
        "godkjenning": "Autorisasjon (2012)",
        "offentlig_avtale": null,
        "url": "https://www.legelisten.no/tannpleiere/83587-ida-marie-snesrud",
        "address": "Nygata 9 2380 Brumunddal"
      }
    },
    {
      "type": "Feature",
      "geometry": {
        "type": "Point",
        "coordinates": [
          10.6889422,
          60.7944023
        ]
      },
      "properties": {
        "name": "Benita Fjære",
        "profession": "Tannpleier",
        "gender": "Kvinne",
        "age": "32 år",
        "specialization": null,
        "godkjenning": "Autorisasjon - Tannpleier (2016)Autorisasjon - Tannhelsesekretær (2012)",
        "offentlig_avtale": null,
        "url": "https://www.legelisten.no/tannpleiere/83591-benita-fjaere",
        "address": "Storgata 16 2815 Gjøvik"
      }
    },
    {
      "type": "Feature",
      "geometry": {
        "type": "Point",
        "coordinates": [
          10.4562456,
          59.4317727
        ]
      },
      "properties": {
        "name": "Lucia Gasparova",
        "profession": "Tannpleier",
        "gender": "Kvinne",
        "age": "41 år",
        "specialization": null,
        "godkjenning": "Autorisasjon - Tannpleier (2023)Autorisasjon - Tannhelsesekretær (2012)",
        "offentlig_avtale": null,
        "url": "https://www.legelisten.no/tannpleiere/83599-lucia-gasparova",
        "address": "Gamleveien 36 3189 Horten"
      }
    },
    {
      "type": "Feature",
      "geometry": {
        "type": "Point",
        "coordinates": [
          5.337936,
          60.375813
        ]
      },
      "properties": {
        "name": "Kazin Ramazan Mzuri",
        "profession": "Tannpleier",
        "gender": "Kvinne",
        "age": "39 år",
        "specialization": null,
        "godkjenning": "Autorisasjon (2012)",
        "offentlig_avtale": null,
        "url": "https://www.legelisten.no/tannpleiere/83600-kazin-ramazan-mzuri",
        "address": "Solheimsgaten 23 5054 Bergen"
      }
    },
    {
      "type": "Feature",
      "geometry": {
        "type": "Point",
        "coordinates": [
          10.6373378,
          59.9124013
        ]
      },
      "properties": {
        "name": "Marlena Chojnowska Rosenberg",
        "profession": "Tannpleier",
        "gender": "Kvinne",
        "age": "37 år",
        "specialization": null,
        "godkjenning": "Autorisasjon (2012)",
        "offentlig_avtale": null,
        "url": "https://www.legelisten.no/tannpleiere/83602-marlena-chojnowska-rosenberg",
        "address": "Lysaker torg 5 1366 Lysaker"
      }
    },
    {
      "type": "Feature",
      "geometry": {
        "type": "Point",
        "coordinates": [
          6.0009442,
          58.4506718
        ]
      },
      "properties": {
        "name": "Hanne Regine Edvardsen Dyrnes",
        "profession": "Tannpleier",
        "gender": "Kvinne",
        "age": "31 år",
        "specialization": null,
        "godkjenning": "Autorisasjon - Tannpleier (2017)Autorisasjon - Tannhelsesekretær (2013)",
        "offentlig_avtale": null,
        "url": "https://www.legelisten.no/tannpleiere/83613-hanne-regine-edvardsen-dyrnes",
        "address": "Johan Feyers gate 12 4370 Egersund"
      }
    },
    {
      "type": "Feature",
      "geometry": {
        "type": "Point",
        "coordinates": [
          7.8131091,
          58.0963972
        ]
      },
      "properties": {
        "name": "Kamilla Amelia Syrtveit",
        "profession": "Tannpleier",
        "gender": "Kvinne",
        "age": "35 år",
        "specialization": null,
        "godkjenning": "Autorisasjon (2013)",
        "offentlig_avtale": null,
        "url": "https://www.legelisten.no/tannpleiere/83617-kamilla-amelia-syrtveit",
        "address": "Rådhusveien 37 4640 Søgne"
      }
    },
    {
      "type": "Feature",
      "geometry": {
        "type": "Point",
        "coordinates": [
          10.3992242,
          63.4343172
        ]
      },
      "properties": {
        "name": "Marit Olsen",
        "profession": "Tannpleier",
        "gender": "Kvinne",
        "age": "34 år",
        "specialization": null,
        "godkjenning": "Autorisasjon (2013)",
        "offentlig_avtale": null,
        "url": "https://www.legelisten.no/tannpleiere/83618-marit-olsen",
        "address": "Gjelvangveita 9 7010 Trondheim"
      }
    },
    {
      "type": "Feature",
      "geometry": {
        "type": "Point",
        "coordinates": [
          11.0759376,
          60.7941652
        ]
      },
      "properties": {
        "name": "Trine Cecilie Kristiansen",
        "profession": "Tannpleier",
        "gender": "Kvinne",
        "age": "49 år",
        "specialization": null,
        "godkjenning": "Autorisasjon (2013)",
        "offentlig_avtale": null,
        "url": "https://www.legelisten.no/tannpleiere/83620-trine-cecilie-kristiansen",
        "address": "Østregate 23 2317 Hamar"
      }
    },
    {
      "type": "Feature",
      "geometry": {
        "type": "Point",
        "coordinates": [
          10.8111775,
          59.8740267
        ]
      },
      "properties": {
        "name": "Madelaine Elisabeth Nylænden",
        "profession": "Tannpleier",
        "gender": "Kvinne",
        "age": "37 år",
        "specialization": null,
        "godkjenning": "Autorisasjon (2013)",
        "offentlig_avtale": null,
        "url": "https://www.legelisten.no/tannpleiere/83627-madelaine-elisabeth-nylaenden",
        "address": "Cecilie Thoresensvei 19 1153 Oslo"
      }
    },
    {
      "type": "Feature",
      "geometry": {
        "type": "Point",
        "coordinates": [
          10.2019956,
          59.7448209
        ]
      },
      "properties": {
        "name": "Cathrine Thorshaug Fyrand",
        "profession": "Tannpleier",
        "gender": "Kvinne",
        "age": "35 år",
        "specialization": null,
        "godkjenning": "Autorisasjon (2013)",
        "offentlig_avtale": null,
        "url": "https://www.legelisten.no/tannpleiere/83628-cathrine-thorshaug-fyrand",
        "address": "Øvre Torggate 10 3017 Drammen"
      }
    },
    {
      "type": "Feature",
      "geometry": {
        "type": "Point",
        "coordinates": [
          10.4711271,
          59.273194
        ]
      },
      "properties": {
        "name": "Kristine Slorbak- Sundby Kjeldby",
        "profession": "Tannpleier",
        "gender": "Kvinne",
        "age": "39 år",
        "specialization": null,
        "godkjenning": "Autorisasjon (2013)",
        "offentlig_avtale": null,
        "url": "https://www.legelisten.no/tannpleiere/83634-kristine-slorbak-sundby-kjeldby",
        "address": "Valløveien 56B 3152 Tolvsrød"
      }
    },
    {
      "type": "Feature",
      "geometry": {
        "type": "Point",
        "coordinates": [
          5.1741326,
          59.7937287
        ]
      },
      "properties": {
        "name": "Inger Birkenes Hope",
        "profession": "Tannpleier",
        "gender": "Kvinne",
        "age": "34 år",
        "specialization": null,
        "godkjenning": "Autorisasjon (2013)",
        "offentlig_avtale": null,
        "url": "https://www.legelisten.no/tannpleiere/83637-inger-birkenes-hope",
        "address": "Stavlandsvegen 5 5430 Bremnes"
      }
    },
    {
      "type": "Feature",
      "geometry": {
        "type": "Point",
        "coordinates": [
          11.2960375,
          63.7455457
        ]
      },
      "properties": {
        "name": "Julie Rørvik",
        "profession": "Tannpleier",
        "gender": "Kvinne",
        "age": "34 år",
        "specialization": null,
        "godkjenning": "Autorisasjon (2013)",
        "offentlig_avtale": null,
        "url": "https://www.legelisten.no/tannpleiere/83645-julie-rorvik",
        "address": "Sjøgata 2 B 7600 Levanger"
      }
    },
    {
      "type": "Feature",
      "geometry": {
        "type": "Point",
        "coordinates": [
          5.2298768,
          60.3727876
        ]
      },
      "properties": {
        "name": "Randi Helen Hille",
        "profession": "Tannpleier",
        "gender": "Kvinne",
        "age": "61 år",
        "specialization": null,
        "godkjenning": "Autorisasjon (1991)",
        "offentlig_avtale": null,
        "url": "https://www.legelisten.no/tannpleiere/83654-randi-helen-hille",
        "address": "Gamle Kjøkkelvikveien 91 5178 Loddefjord"
      }
    },
    {
      "type": "Feature",
      "geometry": {
        "type": "Point",
        "coordinates": [
          5.7331481,
          58.8510455
        ]
      },
      "properties": {
        "name": "Målfrid Aanestad Lobekk",
        "profession": "Tannpleier",
        "gender": "Kvinne",
        "age": "58 år",
        "specialization": null,
        "godkjenning": "Autorisasjon (1967)",
        "offentlig_avtale": null,
        "url": "https://www.legelisten.no/tannpleiere/83656-malfrid-aanestad-lobekk",
        "address": "Langgata 3 4306 Sandnes"
      }
    },
    {
      "type": "Feature",
      "geometry": {
        "type": "Point",
        "coordinates": [
          10.46429,
          61.1146156
        ]
      },
      "properties": {
        "name": "Kristin Staum Floen",
        "profession": "Tannpleier",
        "gender": "Kvinne",
        "age": "62 år",
        "specialization": null,
        "godkjenning": "Autorisasjon (1991)",
        "offentlig_avtale": null,
        "url": "https://www.legelisten.no/tannpleiere/83670-kristin-staum-floen",
        "address": "Kirkegata 55 2609 Lillehammer"
      }
    },
    {
      "type": "Feature",
      "geometry": {
        "type": "Point",
        "coordinates": [
          5.3210994,
          60.3941156
        ]
      },
      "properties": {
        "name": "Siren Elisabeth Dale",
        "profession": "Tannpleier",
        "gender": "Kvinne",
        "age": "59 år",
        "specialization": null,
        "godkjenning": "Autorisasjon (1966)",
        "offentlig_avtale": null,
        "url": "https://www.legelisten.no/tannpleiere/83673-siren-elisabeth-dale",
        "address": "Valkendorfsgaten 5 5012 Bergen"
      }
    },
    {
      "type": "Feature",
      "geometry": {
        "type": "Point",
        "coordinates": [
          5.4032973,
          59.4177629
        ]
      },
      "properties": {
        "name": "Lise Birkeland",
        "profession": "Tannpleier",
        "gender": "Kvinne",
        "age": "60 år",
        "specialization": null,
        "godkjenning": "Autorisasjon (1987)",
        "offentlig_avtale": null,
        "url": "https://www.legelisten.no/tannpleiere/83686-lise-birkeland",
        "address": "Frakkagjerdveien 100 5563 Førresfjorden"
      }
    },
    {
      "type": "Feature",
      "geometry": {
        "type": "Point",
        "coordinates": [
          10.3877284,
          63.4302684
        ]
      },
      "properties": {
        "name": "Sissel Sæther",
        "profession": "Tannpleier",
        "gender": "Kvinne",
        "age": "62 år",
        "specialization": null,
        "godkjenning": "Autorisasjon (1986)",
        "offentlig_avtale": null,
        "url": "https://www.legelisten.no/tannpleiere/83689-sissel-saether",
        "address": "Kongens gate 49 7012 Trondheim"
      }
    },
    {
      "type": "Feature",
      "geometry": null,
      "properties": {
        "name": "Marianne Engum",
        "profession": "Tannpleier",
        "gender": "Kvinne",
        "age": "66 år",
        "specialization": null,
        "godkjenning": "Autorisasjon (1985)",
        "offentlig_avtale": null,
        "url": "https://www.legelisten.no/tannpleiere/83748-marianne-engum",
        "address": "Åsane Hagesenter 2. Etg, Åsamyrane 90 5116 Ulset"
      }
    },
    {
      "type": "Feature",
      "geometry": {
        "type": "Point",
        "coordinates": [
          10.2165948,
          59.1313095
        ]
      },
      "properties": {
        "name": "Kristi Marie Hilde",
        "profession": "Tannpleier",
        "gender": "Kvinne",
        "age": "62 år",
        "specialization": null,
        "godkjenning": "Autorisasjon (1985)",
        "offentlig_avtale": null,
        "url": "https://www.legelisten.no/tannpleiere/83757-kristi-marie-hilde",
        "address": "Thor Dahlsg 1-5, Oppg E 3201 Sandefjord"
      }
    },
    {
      "type": "Feature",
      "geometry": null,
      "properties": {
        "name": "Tove Runderheim Nerland",
        "profession": "Tannpleier",
        "gender": "Kvinne",
        "age": "60 år",
        "specialization": null,
        "godkjenning": "Autorisasjon (1987)",
        "offentlig_avtale": null,
        "url": "https://www.legelisten.no/tannpleiere/83765-tove-runderheim-nerland",
        "address": "gate 1 nr 107 6700 Måløy"
      }
    },
    {
      "type": "Feature",
      "geometry": {
        "type": "Point",
        "coordinates": [
          10.725136,
          59.9236199
        ]
      },
      "properties": {
        "name": "Mai Wenche Dagsgård Molland",
        "profession": "Tannpleier",
        "gender": "Kvinne",
        "age": "67 år",
        "specialization": null,
        "godkjenning": "Autorisasjon (1980)",
        "offentlig_avtale": null,
        "url": "https://www.legelisten.no/tannpleiere/83809-mai-wenche-dagsgard-molland",
        "address": "Hegdehaugsveien 36 0352 Oslo"
      }
    },
    {
      "type": "Feature",
      "geometry": {
        "type": "Point",
        "coordinates": [
          15.4148737,
          68.6936127
        ]
      },
      "properties": {
        "name": "Solveig Thomassen Veiesund",
        "profession": "Tannpleier",
        "gender": "Kvinne",
        "age": "64 år",
        "specialization": null,
        "godkjenning": "Autorisasjon (1985)",
        "offentlig_avtale": null,
        "url": "https://www.legelisten.no/tannpleiere/83917-solveig-thomassen-veiesund",
        "address": "Kjøpmannsgata 22 8400 Sortland"
      }
    },
    {
      "type": "Feature",
      "geometry": {
        "type": "Point",
        "coordinates": [
          5.1804436,
          60.3717892
        ]
      },
      "properties": {
        "name": "Hildegunn Skauge Jenssen",
        "profession": "Tannpleier",
        "gender": "Kvinne",
        "age": "69 år",
        "specialization": null,
        "godkjenning": "Autorisasjon (1980)",
        "offentlig_avtale": null,
        "url": "https://www.legelisten.no/tannpleiere/83967-hildegunn-skauge-jenssen",
        "address": "Drotningsvikveien 132 5179 Godvik"
      }
    },
    {
      "type": "Feature",
      "geometry": {
        "type": "Point",
        "coordinates": [
          5.6833915,
          58.9530884
        ]
      },
      "properties": {
        "name": "Mary Ann Vangsnes",
        "profession": "Tannpleier",
        "gender": "Kvinne",
        "age": "59 år",
        "specialization": null,
        "godkjenning": "Autorisasjon (1990)",
        "offentlig_avtale": null,
        "url": "https://www.legelisten.no/tannpleiere/84023-mary-ann-vangsnes",
        "address": "Madlamarkveien 2a 4041 Hafrsfjord"
      }
    },
    {
      "type": "Feature",
      "geometry": {
        "type": "Point",
        "coordinates": [
          11.1611183,
          59.9278642
        ]
      },
      "properties": {
        "name": "Grete Ellingsen",
        "profession": "Tannpleier",
        "gender": "Kvinne",
        "age": "62 år",
        "specialization": null,
        "godkjenning": "Autorisasjon (1990)",
        "offentlig_avtale": null,
        "url": "https://www.legelisten.no/tannpleiere/84057-grete-ellingsen",
        "address": "Gamle Fetvei 11 1900 Fetsund"
      }
    },
    {
      "type": "Feature",
      "geometry": {
        "type": "Point",
        "coordinates": [
          11.3866445,
          59.1193276
        ]
      },
      "properties": {
        "name": "Randi Fjeld Langebråten",
        "profession": "Tannpleier",
        "gender": "Kvinne",
        "age": "60 år",
        "specialization": null,
        "godkjenning": "Autorisasjon (1987)",
        "offentlig_avtale": null,
        "url": "https://www.legelisten.no/tannpleiere/84059-randi-fjeld-langebraten",
        "address": "Storgata 2A 1767 Halden"
      }
    },
    {
      "type": "Feature",
      "geometry": {
        "type": "Point",
        "coordinates": [
          11.1940355,
          60.7179132
        ]
      },
      "properties": {
        "name": "Kari Gulbrandsen",
        "profession": "Tannpleier",
        "gender": "Kvinne",
        "age": "63 år",
        "specialization": null,
        "godkjenning": "Autorisasjon (1990)",
        "offentlig_avtale": null,
        "url": "https://www.legelisten.no/tannpleiere/84063-kari-gulbrandsen",
        "address": "Storgata 4 2335 Stange"
      }
    },
    {
      "type": "Feature",
      "geometry": {
        "type": "Point",
        "coordinates": [
          10.7344436,
          59.9132216
        ]
      },
      "properties": {
        "name": "Sissel Hammerstad",
        "profession": "Tannpleier",
        "gender": "Kvinne",
        "age": "76 år",
        "specialization": null,
        "godkjenning": "Autorisasjon (1990)",
        "offentlig_avtale": null,
        "url": "https://www.legelisten.no/tannpleiere/84075-sissel-hammerstad",
        "address": "Fritjof Nansens Plass 5 0160 Oslo"
      }
    },
    {
      "type": "Feature",
      "geometry": {
        "type": "Point",
        "coordinates": [
          7.990464,
          58.1472204
        ]
      },
      "properties": {
        "name": "Anne Kari Jakobsen",
        "profession": "Tannpleier",
        "gender": "Kvinne",
        "age": "64 år",
        "specialization": null,
        "godkjenning": "Autorisasjon (1987)",
        "offentlig_avtale": null,
        "url": "https://www.legelisten.no/tannpleiere/84079-anne-kari-jakobsen",
        "address": "Markensgate 42 4612 Kristiansand S"
      }
    },
    {
      "type": "Feature",
      "geometry": {
        "type": "Point",
        "coordinates": [
          10.1952853,
          59.7427382
        ]
      },
      "properties": {
        "name": "Vibeke Maria Bryde Sørnes",
        "profession": "Tannpleier",
        "gender": "Kvinne",
        "age": "56 år",
        "specialization": null,
        "godkjenning": "Autorisasjon (1990)",
        "offentlig_avtale": null,
        "url": "https://www.legelisten.no/tannpleiere/84080-vibeke-maria-bryde-sornes",
        "address": "Grønland 40 3045 Drammen"
      }
    },
    {
      "type": "Feature",
      "geometry": {
        "type": "Point",
        "coordinates": [
          11.5595893,
          60.8895719
        ]
      },
      "properties": {
        "name": "Ingrid Lucia Kindlihagen Kjelland",
        "profession": "Tannpleier",
        "gender": "Kvinne",
        "age": "63 år",
        "specialization": null,
        "godkjenning": "Autorisasjon (1990)",
        "offentlig_avtale": null,
        "url": "https://www.legelisten.no/tannpleiere/84082-ingrid-lucia-kindlihagen-kjelland",
        "address": "Strandbygdvegen 54 2408 Elverum"
      }
    },
    {
      "type": "Feature",
      "geometry": {
        "type": "Point",
        "coordinates": [
          5.3535982,
          60.3191147
        ]
      },
      "properties": {
        "name": "Beate Drews Pettersen",
        "profession": "Tannpleier",
        "gender": "Kvinne",
        "age": "63 år",
        "specialization": null,
        "godkjenning": "Autorisasjon (1987)",
        "offentlig_avtale": null,
        "url": "https://www.legelisten.no/tannpleiere/84103-beate-drews-pettersen",
        "address": "Østre Nesttunvegen 2 5221 Nesttun"
      }
    },
    {
      "type": "Feature",
      "geometry": {
        "type": "Point",
        "coordinates": [
          11.4687764,
          60.1242841
        ]
      },
      "properties": {
        "name": "Torill Lisbeth Tørmoen",
        "profession": "Tannpleier",
        "gender": "Kvinne",
        "age": "56 år",
        "specialization": null,
        "godkjenning": "Autorisasjon (1990)",
        "offentlig_avtale": null,
        "url": "https://www.legelisten.no/tannpleiere/84128-torill-lisbeth-tormoen",
        "address": "Jernbanegata 18A 2150 Årnes"
      }
    },
    {
      "type": "Feature",
      "geometry": {
        "type": "Point",
        "coordinates": [
          11.4687764,
          60.1242841
        ]
      },
      "properties": {
        "name": "Camilla Elisabeth Johansson",
        "profession": "Tannpleier",
        "gender": "Kvinne",
        "age": "56 år",
        "specialization": null,
        "godkjenning": "Autorisasjon (1992)",
        "offentlig_avtale": null,
        "url": "https://www.legelisten.no/tannpleiere/84149-camilla-elisabeth-johansson",
        "address": "Jernbanegata 18A 2150 Årnes"
      }
    },
    {
      "type": "Feature",
      "geometry": {
        "type": "Point",
        "coordinates": [
          10.2203315,
          59.1311049
        ]
      },
      "properties": {
        "name": "Britt-Jorid Gregers",
        "profession": "Tannpleier",
        "gender": "Kvinne",
        "age": "55 år",
        "specialization": null,
        "godkjenning": "Autorisasjon (1993)",
        "offentlig_avtale": null,
        "url": "https://www.legelisten.no/tannpleiere/84174-britt-jorid-gregers",
        "address": "Aagaards Plass 1 3211 Sandefjord"
      }
    },
    {
      "type": "Feature",
      "geometry": {
        "type": "Point",
        "coordinates": [
          9.6518608,
          59.6688507
        ]
      },
      "properties": {
        "name": "Anne-Lise Hansen",
        "profession": "Tannpleier",
        "gender": "Kvinne",
        "age": "58 år",
        "specialization": null,
        "godkjenning": "Autorisasjon (1993)",
        "offentlig_avtale": null,
        "url": "https://www.legelisten.no/tannpleiere/84181-anne-lise-hansen",
        "address": "Karsches Gate 3 3611 Kongsberg"
      }
    },
    {
      "type": "Feature",
      "geometry": {
        "type": "Point",
        "coordinates": [
          10.4345713,
          59.8352395
        ]
      },
      "properties": {
        "name": "Line Simonsen",
        "profession": "Tannpleier",
        "gender": "Kvinne",
        "age": "54 år",
        "specialization": null,
        "godkjenning": "Autorisasjon (1993)",
        "offentlig_avtale": null,
        "url": "https://www.legelisten.no/tannpleiere/84189-line-simonsen",
        "address": "Strøket 5 1383 Asker"
      }
    },
    {
      "type": "Feature",
      "geometry": {
        "type": "Point",
        "coordinates": [
          10.6451627,
          59.8393481
        ]
      },
      "properties": {
        "name": "Runa Helen Nordby Amundsen",
        "profession": "Tannpleier",
        "gender": "Kvinne",
        "age": "61 år",
        "specialization": null,
        "godkjenning": "Autorisasjon (1993)",
        "offentlig_avtale": null,
        "url": "https://www.legelisten.no/tannpleiere/84191-runa-helen-nordby-amundsen",
        "address": "Håkonskastet 5 1450 Nesoddtangen"
      }
    },
    {
      "type": "Feature",
      "geometry": {
        "type": "Point",
        "coordinates": [
          10.7321738,
          59.9136066
        ]
      },
      "properties": {
        "name": "Wenche Elisabeth Sæther",
        "profession": "Tannpleier",
        "gender": "Kvinne",
        "age": "58 år",
        "specialization": null,
        "godkjenning": "Autorisasjon (1994)",
        "offentlig_avtale": null,
        "url": "https://www.legelisten.no/tannpleiere/84193-wenche-elisabeth-saether",
        "address": "Klingenberggata 5 0161 Oslo"
      }
    },
    {
      "type": "Feature",
      "geometry": {
        "type": "Point",
        "coordinates": [
          11.110136,
          59.2834082
        ]
      },
      "properties": {
        "name": "Hege Eilen Evje Odenbratt",
        "profession": "Tannpleier",
        "gender": "Kvinne",
        "age": "52 år",
        "specialization": null,
        "godkjenning": "Autorisasjon (1994)",
        "offentlig_avtale": null,
        "url": "https://www.legelisten.no/tannpleiere/84195-hege-eilen-evje-odenbratt",
        "address": "Torget 3 1707 Sarpsborg"
      }
    },
    {
      "type": "Feature",
      "geometry": {
        "type": "Point",
        "coordinates": [
          5.7311567,
          58.973067
        ]
      },
      "properties": {
        "name": "Inger Skjold Vistnes",
        "profession": "Tannpleier",
        "gender": "Kvinne",
        "age": "53 år",
        "specialization": null,
        "godkjenning": "Autorisasjon (1994)",
        "offentlig_avtale": null,
        "url": "https://www.legelisten.no/tannpleiere/84210-inger-skjold-vistnes",
        "address": "Nedre Holmegate 9A 4006 Stavanger"
      }
    },
    {
      "type": "Feature",
      "geometry": {
        "type": "Point",
        "coordinates": [
          10.6810449,
          59.4231247
        ]
      },
      "properties": {
        "name": "Vibeke Hauan Wangberg",
        "profession": "Tannpleier",
        "gender": "Kvinne",
        "age": "57 år",
        "specialization": null,
        "godkjenning": "Autorisasjon (1994)",
        "offentlig_avtale": null,
        "url": "https://www.legelisten.no/tannpleiere/84212-vibeke-hauan-wangberg",
        "address": "Rosenvingesvei 8, Lilleeng helsepark 1523 Moss"
      }
    },
    {
      "type": "Feature",
      "geometry": {
        "type": "Point",
        "coordinates": [
          10.3982729,
          63.4337045
        ]
      },
      "properties": {
        "name": "Laila Snekvik",
        "profession": "Tannpleier",
        "gender": "Kvinne",
        "age": "53 år",
        "specialization": null,
        "godkjenning": "Autorisasjon (1994)",
        "offentlig_avtale": null,
        "url": "https://www.legelisten.no/tannpleiere/84213-laila-snekvik",
        "address": "Olav Tryggvasons gate 24 7011 Trondheim"
      }
    },
    {
      "type": "Feature",
      "geometry": {
        "type": "Point",
        "coordinates": [
          7.4236414,
          58.0318107
        ]
      },
      "properties": {
        "name": "Oddveig Karlsen",
        "profession": "Tannpleier",
        "gender": "Kvinne",
        "age": "55 år",
        "specialization": null,
        "godkjenning": "Autorisasjon (1994)",
        "offentlig_avtale": null,
        "url": "https://www.legelisten.no/tannpleiere/84219-oddveig-karlsen",
        "address": "Leirvollen 1A 4513 Mandal"
      }
    },
    {
      "type": "Feature",
      "geometry": {
        "type": "Point",
        "coordinates": [
          10.7594742,
          59.9253911
        ]
      },
      "properties": {
        "name": "Hege Oldertrøen",
        "profession": "Tannpleier",
        "gender": "Kvinne",
        "age": "52 år",
        "specialization": null,
        "godkjenning": "Autorisasjon (1995)",
        "offentlig_avtale": null,
        "url": "https://www.legelisten.no/tannpleiere/84247-hege-oldertroen",
        "address": "Seilduksgata 17 0553 Oslo"
      }
    },
    {
      "type": "Feature",
      "geometry": {
        "type": "Point",
        "coordinates": [
          10.16148,
          59.7507026
        ]
      },
      "properties": {
        "name": "Trude Slyngstadli",
        "profession": "Tannpleier",
        "gender": "Kvinne",
        "age": "51 år",
        "specialization": null,
        "godkjenning": "Autorisasjon (1995)",
        "offentlig_avtale": null,
        "url": "https://www.legelisten.no/tannpleiere/84249-trude-slyngstadli",
        "address": "Landfalløya 105 3023 Drammen"
      }
    },
    {
      "type": "Feature",
      "geometry": {
        "type": "Point",
        "coordinates": [
          5.6833915,
          58.9530884
        ]
      },
      "properties": {
        "name": "Gro Solheim Tønnessen",
        "profession": "Tannpleier",
        "gender": "Kvinne",
        "age": "52 år",
        "specialization": null,
        "godkjenning": "Autorisasjon (1995)",
        "offentlig_avtale": null,
        "url": "https://www.legelisten.no/tannpleiere/84250-gro-solheim-tonnessen",
        "address": "Madlamarkveien 2a 4041 Hafrsfjord"
      }
    },
    {
      "type": "Feature",
      "geometry": {
        "type": "Point",
        "coordinates": [
          5.321436,
          60.3928098
        ]
      },
      "properties": {
        "name": "Nina Wibeche Kalhagen Bjerkvig",
        "profession": "Tannpleier",
        "gender": "Kvinne",
        "age": "68 år",
        "specialization": null,
        "godkjenning": "Autorisasjon (1995)",
        "offentlig_avtale": null,
        "url": "https://www.legelisten.no/tannpleiere/84254-nina-wibeche-kalhagen-bjerkvig",
        "address": "Markeveien 4C 5012 Bergen"
      }
    },
    {
      "type": "Feature",
      "geometry": {
        "type": "Point",
        "coordinates": [
          5.2652948,
          59.4148195
        ]
      },
      "properties": {
        "name": "Bente Johannessen Indrehus",
        "profession": "Tannpleier",
        "gender": "Kvinne",
        "age": "53 år",
        "specialization": null,
        "godkjenning": "Autorisasjon - Sykepleier (2001)Autorisasjon - Tannpleier (1995)",
        "offentlig_avtale": null,
        "url": "https://www.legelisten.no/tannpleiere/84264-bente-johannessen-indrehus",
        "address": "Strandgata 188 5525 Haugesund"
      }
    },
    {
      "type": "Feature",
      "geometry": {
        "type": "Point",
        "coordinates": [
          10.725136,
          59.9236199
        ]
      },
      "properties": {
        "name": "Ingrid Nordhus",
        "profession": "Tannpleier",
        "gender": "Kvinne",
        "age": "56 år",
        "specialization": null,
        "godkjenning": "Autorisasjon (1995)",
        "offentlig_avtale": null,
        "url": "https://www.legelisten.no/tannpleiere/84269-ingrid-nordhus",
        "address": "Hegdehaugsveien 36 0352 Oslo"
      }
    },
    {
      "type": "Feature",
      "geometry": {
        "type": "Point",
        "coordinates": [
          6.5436332,
          60.069245
        ]
      },
      "properties": {
        "name": "Marta Tokheim",
        "profession": "Tannpleier",
        "gender": "Kvinne",
        "age": "64 år",
        "specialization": null,
        "godkjenning": "Autorisasjon (1995)",
        "offentlig_avtale": null,
        "url": "https://www.legelisten.no/tannpleiere/84278-marta-tokheim",
        "address": "Bakkegata 14 5750 Odda"
      }
    },
    {
      "type": "Feature",
      "geometry": {
        "type": "Point",
        "coordinates": [
          10.5214593,
          59.8923323
        ]
      },
      "properties": {
        "name": "Camilla Bergø Fiamingo",
        "profession": "Tannpleier",
        "gender": "Kvinne",
        "age": "56 år",
        "specialization": null,
        "godkjenning": "Autorisasjon (1996)",
        "offentlig_avtale": null,
        "url": "https://www.legelisten.no/tannpleiere/84281-camilla-bergo-fiamingo",
        "address": "Løkketangen 12 A 1337 Sandvika"
      }
    },
    {
      "type": "Feature",
      "geometry": {
        "type": "Point",
        "coordinates": [
          5.6833915,
          58.9530884
        ]
      },
      "properties": {
        "name": "Nina Skaug",
        "profession": "Tannpleier",
        "gender": "Kvinne",
        "age": "56 år",
        "specialization": null,
        "godkjenning": "Autorisasjon (1996)",
        "offentlig_avtale": null,
        "url": "https://www.legelisten.no/tannpleiere/84284-nina-skaug",
        "address": "Madlamarkveien 2a 4041 Hafrsfjord"
      }
    },
    {
      "type": "Feature",
      "geometry": {
        "type": "Point",
        "coordinates": [
          10.2351485,
          59.1270109
        ]
      },
      "properties": {
        "name": "Eva Langsethagen",
        "profession": "Tannpleier",
        "gender": "Kvinne",
        "age": "50 år",
        "specialization": null,
        "godkjenning": "Autorisasjon (1996)",
        "offentlig_avtale": null,
        "url": "https://www.legelisten.no/tannpleiere/84292-eva-langsethagen",
        "address": "Kilgata 9 3217 Sandefjord"
      }
    },
    {
      "type": "Feature",
      "geometry": {
        "type": "Point",
        "coordinates": [
          5.9871781,
          61.9087402
        ]
      },
      "properties": {
        "name": "Cato Albrigtsen",
        "profession": "Tannpleier",
        "gender": "Mann",
        "age": "53 år",
        "specialization": null,
        "godkjenning": "Autorisasjon (1996)",
        "offentlig_avtale": null,
        "url": "https://www.legelisten.no/tannpleiere/84304-cato-albrigtsen",
        "address": "Eidsgata 45 6770 Nordfjordeid"
      }
    },
    {
      "type": "Feature",
      "geometry": {
        "type": "Point",
        "coordinates": [
          11.9991872,
          60.1904392
        ]
      },
      "properties": {
        "name": "Birgit Alice Huse Gulbrandsen",
        "profession": "Tannpleier",
        "gender": "Kvinne",
        "age": "52 år",
        "specialization": null,
        "godkjenning": "Autorisasjon (1996)",
        "offentlig_avtale": null,
        "url": "https://www.legelisten.no/tannpleiere/84306-birgit-alice-huse-gulbrandsen",
        "address": "Storgata 26 2212 Kongsvinger"
      }
    },
    {
      "type": "Feature",
      "geometry": {
        "type": "Point",
        "coordinates": [
          5.3240971,
          60.4651169
        ]
      },
      "properties": {
        "name": "Anita Langeteig",
        "profession": "Tannpleier",
        "gender": "Kvinne",
        "age": "63 år",
        "specialization": null,
        "godkjenning": "Autorisasjon (1996)",
        "offentlig_avtale": null,
        "url": "https://www.legelisten.no/tannpleiere/84331-anita-langeteig",
        "address": "Åsane Senter 37 5116 Ulset"
      }
    },
    {
      "type": "Feature",
      "geometry": {
        "type": "Point",
        "coordinates": [
          23.2347207,
          69.9606888
        ]
      },
      "properties": {
        "name": "Renate Marie Persen",
        "profession": "Tannpleier",
        "gender": "Kvinne",
        "age": "60 år",
        "specialization": null,
        "godkjenning": "Autorisasjon (1996)",
        "offentlig_avtale": null,
        "url": "https://www.legelisten.no/tannpleiere/84337-renate-marie-persen",
        "address": "Bossekopveien 8 9511 Alta"
      }
    },
    {
      "type": "Feature",
      "geometry": {
        "type": "Point",
        "coordinates": [
          10.2230791,
          59.1333889
        ]
      },
      "properties": {
        "name": "Vibeke Abrahamsen",
        "profession": "Tannpleier",
        "gender": "Kvinne",
        "age": "54 år",
        "specialization": null,
        "godkjenning": "Autorisasjon (1997)",
        "offentlig_avtale": null,
        "url": "https://www.legelisten.no/tannpleiere/84343-vibeke-abrahamsen",
        "address": "Landstadgate 25 3210 Sandefjord"
      }
    },
    {
      "type": "Feature",
      "geometry": {
        "type": "Point",
        "coordinates": [
          10.3992242,
          63.4343172
        ]
      },
      "properties": {
        "name": "Kirsten Jenssen",
        "profession": "Tannpleier",
        "gender": "Kvinne",
        "age": "53 år",
        "specialization": null,
        "godkjenning": "Autorisasjon (1997)",
        "offentlig_avtale": null,
        "url": "https://www.legelisten.no/tannpleiere/84347-kirsten-jenssen",
        "address": "Gjelvangveita 9 7010 Trondheim"
      }
    },
    {
      "type": "Feature",
      "geometry": {
        "type": "Point",
        "coordinates": [
          10.256924,
          60.1626668
        ]
      },
      "properties": {
        "name": "Hege Nordrum",
        "profession": "Tannpleier",
        "gender": "Kvinne",
        "age": "53 år",
        "specialization": null,
        "godkjenning": "Autorisasjon (1997)",
        "offentlig_avtale": null,
        "url": "https://www.legelisten.no/tannpleiere/84354-hege-nordrum",
        "address": "Sundgata 7 3510 Hønefoss"
      }
    },
    {
      "type": "Feature",
      "geometry": {
        "type": "Point",
        "coordinates": [
          10.8091271,
          59.9449953
        ]
      },
      "properties": {
        "name": "Lene Kristin Nyland",
        "profession": "Tannpleier",
        "gender": "Kvinne",
        "age": "51 år",
        "specialization": null,
        "godkjenning": "Autorisasjon (1997)",
        "offentlig_avtale": null,
        "url": "https://www.legelisten.no/tannpleiere/84355-lene-kristin-nyland",
        "address": "Årvollveien 17-19 0590 Oslo"
      }
    },
    {
      "type": "Feature",
      "geometry": {
        "type": "Point",
        "coordinates": [
          5.3469713,
          60.3626093
        ]
      },
      "properties": {
        "name": "Hazel Margrethe Eidem",
        "profession": "Tannpleier",
        "gender": "Kvinne",
        "age": "51 år",
        "specialization": null,
        "godkjenning": "Autorisasjon (1997)",
        "offentlig_avtale": null,
        "url": "https://www.legelisten.no/tannpleiere/84362-hazel-margrethe-eidem",
        "address": "Kanalveien 64 5068 Bergen"
      }
    },
    {
      "type": "Feature",
      "geometry": {
        "type": "Point",
        "coordinates": [
          5.4717863,
          60.1854167
        ]
      },
      "properties": {
        "name": "Cecilie Hagen",
        "profession": "Tannpleier",
        "gender": "Kvinne",
        "age": "51 år",
        "specialization": null,
        "godkjenning": "Autorisasjon (1997)",
        "offentlig_avtale": null,
        "url": "https://www.legelisten.no/tannpleiere/84363-cecilie-hagen",
        "address": "Brugata 28 5200 Os"
      }
    },
    {
      "type": "Feature",
      "geometry": {
        "type": "Point",
        "coordinates": [
          10.727497,
          59.9105443
        ]
      },
      "properties": {
        "name": "Inger Øverland",
        "profession": "Tannpleier",
        "gender": "Kvinne",
        "age": "52 år",
        "specialization": null,
        "godkjenning": "Autorisasjon (1997)",
        "offentlig_avtale": null,
        "url": "https://www.legelisten.no/tannpleiere/84373-inger-overland",
        "address": "Grundingen 6 0250 Oslo"
      }
    },
    {
      "type": "Feature",
      "geometry": {
        "type": "Point",
        "coordinates": [
          18.9515972,
          69.6473602
        ]
      },
      "properties": {
        "name": "Siv-Connie Wilhelmsen",
        "profession": "Tannpleier",
        "gender": "Kvinne",
        "age": "54 år",
        "specialization": null,
        "godkjenning": "Autorisasjon (1997)",
        "offentlig_avtale": null,
        "url": "https://www.legelisten.no/tannpleiere/84379-siv-connie-wilhelmsen",
        "address": "Grønnegata 32 9008 Tromsø"
      }
    },
    {
      "type": "Feature",
      "geometry": {
        "type": "Point",
        "coordinates": [
          9.6495681,
          59.6717964
        ]
      },
      "properties": {
        "name": "Lillian Anita Skattebo",
        "profession": "Tannpleier",
        "gender": "Kvinne",
        "age": "52 år",
        "specialization": null,
        "godkjenning": "Autorisasjon (1997)",
        "offentlig_avtale": null,
        "url": "https://www.legelisten.no/tannpleiere/84384-lillian-anita-skattebo",
        "address": "Herman Foss gate 4 3611 Kongsberg"
      }
    },
    {
      "type": "Feature",
      "geometry": {
        "type": "Point",
        "coordinates": [
          10.725136,
          59.9236199
        ]
      },
      "properties": {
        "name": "Mona Therese Larsen",
        "profession": "Tannpleier",
        "gender": "Kvinne",
        "age": "49 år",
        "specialization": null,
        "godkjenning": "Autorisasjon (1998)",
        "offentlig_avtale": null,
        "url": "https://www.legelisten.no/tannpleiere/84401-mona-therese-larsen",
        "address": "Hegdehaugsveien 36 0352 Oslo"
      }
    },
    {
      "type": "Feature",
      "geometry": {
        "type": "Point",
        "coordinates": [
          10.7594742,
          59.9253911
        ]
      },
      "properties": {
        "name": "Silje Sveberg",
        "profession": "Tannpleier",
        "gender": "Kvinne",
        "age": "51 år",
        "specialization": null,
        "godkjenning": "Autorisasjon (1998)",
        "offentlig_avtale": null,
        "url": "https://www.legelisten.no/tannpleiere/84405-silje-sveberg",
        "address": "Seilduksgata 17 0553 Oslo"
      }
    },
    {
      "type": "Feature",
      "geometry": {
        "type": "Point",
        "coordinates": [
          11.1106572,
          59.2830364
        ]
      },
      "properties": {
        "name": "Elin Rypdal",
        "profession": "Tannpleier",
        "gender": "Kvinne",
        "age": "48 år",
        "specialization": null,
        "godkjenning": "Autorisasjon (1998)",
        "offentlig_avtale": null,
        "url": "https://www.legelisten.no/tannpleiere/84421-elin-rypdal",
        "address": "Kirkegata 63 1721 Sarpsborg"
      }
    },
    {
      "type": "Feature",
      "geometry": {
        "type": "Point",
        "coordinates": [
          7.9944415,
          58.1482526
        ]
      },
      "properties": {
        "name": "Camilla Marie Kjetså",
        "profession": "Tannpleier",
        "gender": "Kvinne",
        "age": "46 år",
        "specialization": null,
        "godkjenning": "Autorisasjon - Tannpleier (2007)Autorisasjon (1999)",
        "offentlig_avtale": null,
        "url": "https://www.legelisten.no/tannpleiere/84438-camilla-marie-kjetsa",
        "address": "Festningsgata 39 4611 Kristiansand S"
      }
    },
    {
      "type": "Feature",
      "geometry": {
        "type": "Point",
        "coordinates": [
          10.3932984,
          63.4322298
        ]
      },
      "properties": {
        "name": "Mona Rønning",
        "profession": "Tannpleier",
        "gender": "Kvinne",
        "age": "53 år",
        "specialization": null,
        "godkjenning": "Autorisasjon (1999)",
        "offentlig_avtale": null,
        "url": "https://www.legelisten.no/tannpleiere/84456-mona-ronning",
        "address": "Munkegata 48 7011 Trondheim"
      }
    },
    {
      "type": "Feature",
      "geometry": {
        "type": "Point",
        "coordinates": [
          10.725136,
          59.9236199
        ]
      },
      "properties": {
        "name": "Ann Helen Strømner",
        "profession": "Tannpleier",
        "gender": "Kvinne",
        "age": "48 år",
        "specialization": null,
        "godkjenning": "Autorisasjon (1999)",
        "offentlig_avtale": null,
        "url": "https://www.legelisten.no/tannpleiere/84458-ann-helen-stromner",
        "address": "Hegdehaugsveien 36 0352 Oslo"
      }
    },
    {
      "type": "Feature",
      "geometry": {
        "type": "Point",
        "coordinates": [
          17.9975728,
          69.2304582
        ]
      },
      "properties": {
        "name": "Karine Alvestad",
        "profession": "Tannpleier",
        "gender": "Kvinne",
        "age": "51 år",
        "specialization": null,
        "godkjenning": "Autorisasjon (1999)",
        "offentlig_avtale": null,
        "url": "https://www.legelisten.no/tannpleiere/84462-karine-alvestad",
        "address": "Storgata 57 9300 Finnsnes"
      }
    },
    {
      "type": "Feature",
      "geometry": {
        "type": "Point",
        "coordinates": [
          7.7799122,
          63.1106221
        ]
      },
      "properties": {
        "name": "Cecilie Crilly-Rambjør",
        "profession": "Tannpleier",
        "gender": "Kvinne",
        "age": "45 år",
        "specialization": null,
        "godkjenning": "Autorisasjon - Tannpleier (2003)Autorisasjon (1999)",
        "offentlig_avtale": null,
        "url": "https://www.legelisten.no/tannpleiere/84476-cecilie-crilly-rambjor",
        "address": "Industriveien 17 6517 Kristiansund N"
      }
    },
    {
      "type": "Feature",
      "geometry": {
        "type": "Point",
        "coordinates": [
          10.9396896,
          60.8818411
        ]
      },
      "properties": {
        "name": "Marianne Berger",
        "profession": "Tannpleier",
        "gender": "Kvinne",
        "age": "48 år",
        "specialization": null,
        "godkjenning": "Autorisasjon (2000)",
        "offentlig_avtale": null,
        "url": "https://www.legelisten.no/tannpleiere/84486-marianne-berger",
        "address": "Nygata 9 2380 Brumunddal"
      }
    },
    {
      "type": "Feature",
      "geometry": {
        "type": "Point",
        "coordinates": [
          10.1780817,
          59.3048624
        ]
      },
      "properties": {
        "name": "Vera Fallingen Gravseth",
        "profession": "Tannpleier",
        "gender": "Kvinne",
        "age": "52 år",
        "specialization": null,
        "godkjenning": "Autorisasjon (2000)",
        "offentlig_avtale": null,
        "url": "https://www.legelisten.no/tannpleiere/84488-vera-fallingen-gravseth",
        "address": "Andebu Sentrum 23 3158 Andebu"
      }
    },
    {
      "type": "Feature",
      "geometry": {
        "type": "Point",
        "coordinates": [
          10.6363589,
          59.9176496
        ]
      },
      "properties": {
        "name": "Christina Håholm-Tischbein",
        "profession": "Tannpleier",
        "gender": "Kvinne",
        "age": "48 år",
        "specialization": null,
        "godkjenning": "Autorisasjon (2000)",
        "offentlig_avtale": null,
        "url": "https://www.legelisten.no/tannpleiere/84489-christina-haholm-tischbein",
        "address": "Lilleakerveien 16 0283 Oslo"
      }
    },
    {
      "type": "Feature",
      "geometry": {
        "type": "Point",
        "coordinates": [
          10.4555616,
          63.4361474
        ]
      },
      "properties": {
        "name": "Katrine Pedersen",
        "profession": "Tannpleier",
        "gender": "Kvinne",
        "age": "56 år",
        "specialization": null,
        "godkjenning": "Autorisasjon (2000)",
        "offentlig_avtale": null,
        "url": "https://www.legelisten.no/tannpleiere/84493-katrine-pedersen",
        "address": "Falkenborgveien 9, Sirkus shopping 7044 Trondheim"
      }
    },
    {
      "type": "Feature",
      "geometry": {
        "type": "Point",
        "coordinates": [
          7.7799122,
          63.1106221
        ]
      },
      "properties": {
        "name": "Anita Brakstad",
        "profession": "Tannpleier",
        "gender": "Kvinne",
        "age": "52 år",
        "specialization": null,
        "godkjenning": "Autorisasjon (2000)",
        "offentlig_avtale": null,
        "url": "https://www.legelisten.no/tannpleiere/84511-anita-brakstad",
        "address": "Industriveien 17 6517 Kristiansund N"
      }
    },
    {
      "type": "Feature",
      "geometry": {
        "type": "Point",
        "coordinates": [
          5.7332197,
          58.9163768
        ]
      },
      "properties": {
        "name": "Monica Palmér",
        "profession": "Tannpleier",
        "gender": "Kvinne",
        "age": "48 år",
        "specialization": null,
        "godkjenning": "Autorisasjon (2000)",
        "offentlig_avtale": null,
        "url": "https://www.legelisten.no/tannpleiere/84517-monica-palmer",
        "address": "Kanalpiren, Laberget 28 4020 Stavanger"
      }
    },
    {
      "type": "Feature",
      "geometry": {
        "type": "Point",
        "coordinates": [
          9.7435151,
          59.0127836
        ]
      },
      "properties": {
        "name": "Lisbet Johansen",
        "profession": "Tannpleier",
        "gender": "Kvinne",
        "age": "49 år",
        "specialization": null,
        "godkjenning": "Autorisasjon (2001)",
        "offentlig_avtale": null,
        "url": "https://www.legelisten.no/tannpleiere/84545-lisbet-johansen",
        "address": "Stathelleveien 33 3970 Langesund"
      }
    },
    {
      "type": "Feature",
      "geometry": {
        "type": "Point",
        "coordinates": [
          10.9560119,
          59.2034696
        ]
      },
      "properties": {
        "name": "Marion Kristin Torp",
        "profession": "Tannpleier",
        "gender": "Kvinne",
        "age": "47 år",
        "specialization": null,
        "godkjenning": "Autorisasjon (2001)",
        "offentlig_avtale": null,
        "url": "https://www.legelisten.no/tannpleiere/84550-marion-kristin-torp",
        "address": "Voldgata 10/11 1632 Gamle Fredrikstad"
      }
    },
    {
      "type": "Feature",
      "geometry": {
        "type": "Point",
        "coordinates": [
          10.6752345,
          59.9265245
        ]
      },
      "properties": {
        "name": "Elin Anthonisen",
        "profession": "Tannpleier",
        "gender": "Kvinne",
        "age": "51 år",
        "specialization": null,
        "godkjenning": "Autorisasjon (2001)",
        "offentlig_avtale": null,
        "url": "https://www.legelisten.no/tannpleiere/84557-elin-anthonisen",
        "address": "Hoffsveien 16 0275 Oslo"
      }
    },
    {
      "type": "Feature",
      "geometry": {
        "type": "Point",
        "coordinates": [
          5.1262458,
          60.3583721
        ]
      },
      "properties": {
        "name": "Stine Andreassen Hansen",
        "profession": "Tannpleier",
        "gender": "Kvinne",
        "age": "45 år",
        "specialization": null,
        "godkjenning": "Autorisasjon (2001)",
        "offentlig_avtale": null,
        "url": "https://www.legelisten.no/tannpleiere/84560-stine-andreassen-hansen",
        "address": "Sartorvegen 12 5353 Straume"
      }
    },
    {
      "type": "Feature",
      "geometry": {
        "type": "Point",
        "coordinates": [
          5.3240971,
          60.4651169
        ]
      },
      "properties": {
        "name": "Trude Knudsen Klem",
        "profession": "Tannpleier",
        "gender": "Kvinne",
        "age": "46 år",
        "specialization": null,
        "godkjenning": "Autorisasjon (2002)",
        "offentlig_avtale": null,
        "url": "https://www.legelisten.no/tannpleiere/84571-trude-knudsen-klem",
        "address": "Åsane Senter 37 5116 Ulset"
      }
    },
    {
      "type": "Feature",
      "geometry": {
        "type": "Point",
        "coordinates": [
          23.2347207,
          69.9606888
        ]
      },
      "properties": {
        "name": "Jill Knutsen",
        "profession": "Tannpleier",
        "gender": "Kvinne",
        "age": "49 år",
        "specialization": null,
        "godkjenning": "Autorisasjon (2002)",
        "offentlig_avtale": null,
        "url": "https://www.legelisten.no/tannpleiere/84577-jill-knutsen",
        "address": "Bossekopveien 8 9511 Alta"
      }
    },
    {
      "type": "Feature",
      "geometry": {
        "type": "Point",
        "coordinates": [
          6.5813613,
          61.0883447
        ]
      },
      "properties": {
        "name": "Line Pallesen Farnes",
        "profession": "Tannpleier",
        "gender": "Kvinne",
        "age": "46 år",
        "specialization": null,
        "godkjenning": "Autorisasjon (2002)",
        "offentlig_avtale": null,
        "url": "https://www.legelisten.no/tannpleiere/84585-line-pallesen-farnes",
        "address": "Sentrumsgata 34 6893 Vik i Sogn"
      }
    },
    {
      "type": "Feature",
      "geometry": {
        "type": "Point",
        "coordinates": [
          5.2349911,
          60.3631158
        ]
      },
      "properties": {
        "name": "Aina Helen Norheim Lie",
        "profession": "Tannpleier",
        "gender": "Kvinne",
        "age": "48 år",
        "specialization": null,
        "godkjenning": "Autorisasjon (2002)",
        "offentlig_avtale": null,
        "url": "https://www.legelisten.no/tannpleiere/84586-aina-helen-norheim-lie",
        "address": "Lyderhornsveien 353 5171 Loddefjord"
      }
    },
    {
      "type": "Feature",
      "geometry": {
        "type": "Point",
        "coordinates": [
          7.0934936,
          62.6224281
        ]
      },
      "properties": {
        "name": "Inger Riise Bolsønes",
        "profession": "Tannpleier",
        "gender": "Kvinne",
        "age": "45 år",
        "specialization": null,
        "godkjenning": "Autorisasjon (2002)",
        "offentlig_avtale": null,
        "url": "https://www.legelisten.no/tannpleiere/84602-inger-riise-bolsones",
        "address": "Sjøgata 34 6390 Vestnes"
      }
    },
    {
      "type": "Feature",
      "geometry": {
        "type": "Point",
        "coordinates": [
          10.6588323,
          59.4333797
        ]
      },
      "properties": {
        "name": "Malin Cecilie Helseth Haugen",
        "profession": "Tannpleier",
        "gender": "Kvinne",
        "age": "45 år",
        "specialization": null,
        "godkjenning": "Autorisasjon (2002)",
        "offentlig_avtale": null,
        "url": "https://www.legelisten.no/tannpleiere/84607-malin-cecilie-helseth-haugen",
        "address": "Kransen 16 1531 Moss"
      }
    },
    {
      "type": "Feature",
      "geometry": {
        "type": "Point",
        "coordinates": [
          10.4060674,
          59.2685199
        ]
      },
      "properties": {
        "name": "Hanne Elisabeth Steen",
        "profession": "Tannpleier",
        "gender": "Kvinne",
        "age": "45 år",
        "specialization": null,
        "godkjenning": "Autorisasjon (2002)",
        "offentlig_avtale": null,
        "url": "https://www.legelisten.no/tannpleiere/84608-hanne-elisabeth-steen",
        "address": "Øvre Langgate 50 3110 Tønsberg"
      }
    },
    {
      "type": "Feature",
      "geometry": {
        "type": "Point",
        "coordinates": [
          11.2471278,
          59.9883931
        ]
      },
      "properties": {
        "name": "Unn-Kristin Gaustad",
        "profession": "Tannpleier",
        "gender": "Kvinne",
        "age": "61 år",
        "specialization": null,
        "godkjenning": "Autorisasjon (2002)",
        "offentlig_avtale": null,
        "url": "https://www.legelisten.no/tannpleiere/84610-unn-kristin-gaustad",
        "address": "Gløtten 3 1920 Sørumsand"
      }
    },
    {
      "type": "Feature",
      "geometry": {
        "type": "Point",
        "coordinates": [
          10.6810449,
          59.4231247
        ]
      },
      "properties": {
        "name": "Nhung Nguyen",
        "profession": "Tannpleier",
        "gender": "Kvinne",
        "age": "48 år",
        "specialization": null,
        "godkjenning": "Autorisasjon (2002)",
        "offentlig_avtale": null,
        "url": "https://www.legelisten.no/tannpleiere/84622-nhung-nguyen",
        "address": "Rosenvingesvei 8, Lilleeng helsepark 1523 Moss"
      }
    },
    {
      "type": "Feature",
      "geometry": {
        "type": "Point",
        "coordinates": [
          10.2019956,
          59.7448209
        ]
      },
      "properties": {
        "name": "Ida Smedsgård Hetland",
        "profession": "Tannpleier",
        "gender": "Kvinne",
        "age": "47 år",
        "specialization": null,
        "godkjenning": "Autorisasjon - Tannpleier (2008)Autorisasjon - Tannhelsesekretær (2002)",
        "offentlig_avtale": null,
        "url": "https://www.legelisten.no/tannpleiere/84625-ida-smedsgard-hetland",
        "address": "Øvre Torggate 10 3017 Drammen"
      }
    },
    {
      "type": "Feature",
      "geometry": {
        "type": "Point",
        "coordinates": [
          10.8101517,
          59.860563
        ]
      },
      "properties": {
        "name": "Merita Ismailovska Reshidi",
        "profession": "Tannpleier",
        "gender": "Kvinne",
        "age": "44 år",
        "specialization": null,
        "godkjenning": "Autorisasjon (2003)",
        "offentlig_avtale": null,
        "url": "https://www.legelisten.no/tannpleiere/84638-merita-ismailovska-reshidi",
        "address": "Nordstrandveien 62 1164 Oslo"
      }
    },
    {
      "type": "Feature",
      "geometry": {
        "type": "Point",
        "coordinates": [
          10.6608389,
          59.8559217
        ]
      },
      "properties": {
        "name": "Ladan Nikkhah",
        "profession": "Tannpleier",
        "gender": "Kvinne",
        "age": "50 år",
        "specialization": null,
        "godkjenning": "Autorisasjon (2003)",
        "offentlig_avtale": null,
        "url": "https://www.legelisten.no/tannpleiere/84644-ladan-nikkhah",
        "address": "Vestveien 51 1452 Nesoddtangen"
      }
    },
    {
      "type": "Feature",
      "geometry": {
        "type": "Point",
        "coordinates": [
          7.9949832,
          58.1437292
        ]
      },
      "properties": {
        "name": "Stine Kvasnes Brekka",
        "profession": "Tannpleier",
        "gender": "Kvinne",
        "age": "41 år",
        "specialization": null,
        "godkjenning": "Autorisasjon - Tannpleier (2018)Autorisasjon - Tannhelsesekretær (2003)",
        "offentlig_avtale": null,
        "url": "https://www.legelisten.no/tannpleiere/84650-stine-kvasnes-brekka",
        "address": "Dronningensgate 4 4610 Kristiansand S"
      }
    },
    {
      "type": "Feature",
      "geometry": {
        "type": "Point",
        "coordinates": [
          5.3240971,
          60.4651169
        ]
      },
      "properties": {
        "name": "Alida Hodzic",
        "profession": "Tannpleier",
        "gender": "Kvinne",
        "age": "45 år",
        "specialization": null,
        "godkjenning": "Autorisasjon (2003)",
        "offentlig_avtale": null,
        "url": "https://www.legelisten.no/tannpleiere/84657-alida-hodzic",
        "address": "Åsane Senter 37 5116 Ulset"
      }
    },
    {
      "type": "Feature",
      "geometry": {
        "type": "Point",
        "coordinates": [
          5.2887323,
          60.5462435
        ]
      },
      "properties": {
        "name": "Evelyn Merethe Dale Askeland",
        "profession": "Tannpleier",
        "gender": "Kvinne",
        "age": "45 år",
        "specialization": null,
        "godkjenning": "Autorisasjon (2003)",
        "offentlig_avtale": null,
        "url": "https://www.legelisten.no/tannpleiere/84659-evelyn-merethe-dale-askeland",
        "address": "Kvassnesvegen 11 5914 Isdalstø"
      }
    },
    {
      "type": "Feature",
      "geometry": {
        "type": "Point",
        "coordinates": [
          10.588213,
          59.9162626
        ]
      },
      "properties": {
        "name": "Oddveig Hansen Markeset",
        "profession": "Tannpleier",
        "gender": "Kvinne",
        "age": "57 år",
        "specialization": null,
        "godkjenning": "Autorisasjon (1994)",
        "offentlig_avtale": null,
        "url": "https://www.legelisten.no/tannpleiere/84677-oddveig-hansen-markeset",
        "address": "Gamle Ringeriksvei 34 1318 Bekkestua"
      }
    },
    {
      "type": "Feature",
      "geometry": {
        "type": "Point",
        "coordinates": [
          10.3877284,
          63.4302684
        ]
      },
      "properties": {
        "name": "Johanna Oddgun I Gardastovu",
        "profession": "Tannpleier",
        "gender": "Kvinne",
        "age": "52 år",
        "specialization": null,
        "godkjenning": "Autorisasjon (2004)",
        "offentlig_avtale": null,
        "url": "https://www.legelisten.no/tannpleiere/84693-johanna-oddgun-i-gardastovu",
        "address": "Kongens gate 49 7012 Trondheim"
      }
    },
    {
      "type": "Feature",
      "geometry": {
        "type": "Point",
        "coordinates": [
          14.1373129,
          66.31036
        ]
      },
      "properties": {
        "name": "Jill Rakel Hjartøy",
        "profession": "Tannpleier",
        "gender": "Kvinne",
        "age": "48 år",
        "specialization": null,
        "godkjenning": "Autorisasjon (2004)",
        "offentlig_avtale": null,
        "url": "https://www.legelisten.no/tannpleiere/84700-jill-rakel-hjartoy",
        "address": "Nordahl Griegs Gate 6 8601 Mo i Rana"
      }
    },
    {
      "type": "Feature",
      "geometry": {
        "type": "Point",
        "coordinates": [
          11.168252,
          60.1453158
        ]
      },
      "properties": {
        "name": "Roy Anders Steinbakken Myrvold",
        "profession": "Tannpleier",
        "gender": "Mann",
        "age": "46 år",
        "specialization": null,
        "godkjenning": "Autorisasjon (2004)",
        "offentlig_avtale": null,
        "url": "https://www.legelisten.no/tannpleiere/84706-roy-anders-steinbakken-myrvold",
        "address": "Stallvegen 4 2050 Jessheim"
      }
    },
    {
      "type": "Feature",
      "geometry": {
        "type": "Point",
        "coordinates": [
          18.9538538,
          69.6511633
        ]
      },
      "properties": {
        "name": "Elena Olegovna Evensen",
        "profession": "Tannpleier",
        "gender": "Kvinne",
        "age": "47 år",
        "specialization": null,
        "godkjenning": "Autorisasjon - Tannpleier (2014)Autorisasjon (2004)",
        "offentlig_avtale": null,
        "url": "https://www.legelisten.no/tannpleiere/84726-elena-olegovna-evensen",
        "address": "Vestregata 42 9008 Tromsø"
      }
    },
    {
      "type": "Feature",
      "geometry": {
        "type": "Point",
        "coordinates": [
          18.9548514,
          69.6502967
        ]
      },
      "properties": {
        "name": "Anita Yvonne Wiik-Andersen",
        "profession": "Tannpleier",
        "gender": "Kvinne",
        "age": "50 år",
        "specialization": null,
        "godkjenning": "Autorisasjon (2005)",
        "offentlig_avtale": null,
        "url": "https://www.legelisten.no/tannpleiere/84736-anita-yvonne-wiik-andersen",
        "address": "Grønnegata 86-88 9008 Tromsø"
      }
    },
    {
      "type": "Feature",
      "geometry": {
        "type": "Point",
        "coordinates": [
          5.6416427,
          58.6647929
        ]
      },
      "properties": {
        "name": "Marjana Novakovic Pettersen",
        "profession": "Tannpleier",
        "gender": "Kvinne",
        "age": "48 år",
        "specialization": null,
        "godkjenning": "Autorisasjon (2005)",
        "offentlig_avtale": null,
        "url": "https://www.legelisten.no/tannpleiere/84740-marjana-novakovic-pettersen",
        "address": "Opstadveien 12 B 4365 Nærbø"
      }
    },
    {
      "type": "Feature",
      "geometry": {
        "type": "Point",
        "coordinates": [
          10.6914552,
          60.7960462
        ]
      },
      "properties": {
        "name": "Evelyn Kamilla Nilsen",
        "profession": "Tannpleier",
        "gender": "Kvinne",
        "age": "55 år",
        "specialization": null,
        "godkjenning": "Autorisasjon (2005)",
        "offentlig_avtale": null,
        "url": "https://www.legelisten.no/tannpleiere/84741-evelyn-kamilla-nilsen",
        "address": "Hunnsvegen 5 2821 Gjøvik"
      }
    },
    {
      "type": "Feature",
      "geometry": {
        "type": "Point",
        "coordinates": [
          14.4002583,
          67.2853817
        ]
      },
      "properties": {
        "name": "Camilla Adolfsen",
        "profession": "Tannpleier",
        "gender": "Kvinne",
        "age": "49 år",
        "specialization": null,
        "godkjenning": "Autorisasjon (2006)",
        "offentlig_avtale": null,
        "url": "https://www.legelisten.no/tannpleiere/84764-camilla-adolfsen",
        "address": "Dronningens Gate 102 8006 Bodø"
      }
    },
    {
      "type": "Feature",
      "geometry": {
        "type": "Point",
        "coordinates": [
          5.321436,
          60.3928098
        ]
      },
      "properties": {
        "name": "Elizabeth Sannes Øvrebø",
        "profession": "Tannpleier",
        "gender": "Kvinne",
        "age": "44 år",
        "specialization": null,
        "godkjenning": "Autorisasjon (2006)",
        "offentlig_avtale": null,
        "url": "https://www.legelisten.no/tannpleiere/84773-elizabeth-sannes-ovrebo",
        "address": "Markeveien 4C 5012 Bergen"
      }
    },
    {
      "type": "Feature",
      "geometry": {
        "type": "Point",
        "coordinates": [
          5.0628257,
          60.8063757
        ]
      },
      "properties": {
        "name": "Kari Anne Kleiveland",
        "profession": "Tannpleier",
        "gender": "Kvinne",
        "age": "48 år",
        "specialization": null,
        "godkjenning": "Autorisasjon (2006)",
        "offentlig_avtale": null,
        "url": "https://www.legelisten.no/tannpleiere/84777-kari-anne-kleiveland",
        "address": "Industribygg Litlås 5954 Mongstad"
      }
    },
    {
      "type": "Feature",
      "geometry": {
        "type": "Point",
        "coordinates": [
          10.7580827,
          59.9535397
        ]
      },
      "properties": {
        "name": "Saira Anwar",
        "profession": "Tannpleier",
        "gender": "Kvinne",
        "age": "39 år",
        "specialization": null,
        "godkjenning": "Autorisasjon - Tannpleier (2014)Autorisasjon - Tannhelsesekretær (2006)",
        "offentlig_avtale": null,
        "url": "https://www.legelisten.no/tannpleiere/84785-saira-anwar",
        "address": "Bergrådveien 13 0873 Oslo"
      }
    },
    {
      "type": "Feature",
      "geometry": {
        "type": "Point",
        "coordinates": [
          10.456105,
          63.4368584
        ]
      },
      "properties": {
        "name": "Brit Randi Holme",
        "profession": "Tannpleier",
        "gender": "Kvinne",
        "age": "49 år",
        "specialization": null,
        "godkjenning": "Autorisasjon (2006)",
        "offentlig_avtale": null,
        "url": "https://www.legelisten.no/tannpleiere/84787-brit-randi-holme",
        "address": "Peder Falcks vei 3 7044 Trondheim"
      }
    },
    {
      "type": "Feature",
      "geometry": {
        "type": "Point",
        "coordinates": [
          10.5248395,
          59.8912873
        ]
      },
      "properties": {
        "name": "Anahita Parsa",
        "profession": "Tannpleier",
        "gender": "Kvinne",
        "age": "45 år",
        "specialization": null,
        "godkjenning": "Autorisasjon (2006)",
        "offentlig_avtale": null,
        "url": "https://www.legelisten.no/tannpleiere/84794-anahita-parsa",
        "address": "Rådmann Halmrasts Vei 10 1337 Sandvika"
      }
    },
    {
      "type": "Feature",
      "geometry": {
        "type": "Point",
        "coordinates": [
          14.4175304,
          67.2789223
        ]
      },
      "properties": {
        "name": "Hilde Cathrin Hansen",
        "profession": "Tannpleier",
        "gender": "Kvinne",
        "age": "47 år",
        "specialization": null,
        "godkjenning": "Autorisasjon (2006)",
        "offentlig_avtale": null,
        "url": "https://www.legelisten.no/tannpleiere/84795-hilde-cathrin-hansen",
        "address": "City Nord Stormyra 8008 Bodø"
      }
    },
    {
      "type": "Feature",
      "geometry": {
        "type": "Point",
        "coordinates": [
          10.9063655,
          59.9624689
        ]
      },
      "properties": {
        "name": "Julie Anette Sørum",
        "profession": "Tannpleier",
        "gender": "Kvinne",
        "age": "44 år",
        "specialization": null,
        "godkjenning": "Autorisasjon (2006)",
        "offentlig_avtale": null,
        "url": "https://www.legelisten.no/tannpleiere/84800-julie-anette-sorum",
        "address": "Nedre Rommen 5c 0988 Oslo"
      }
    },
    {
      "type": "Feature",
      "geometry": {
        "type": "Point",
        "coordinates": [
          18.9589089,
          69.6504473
        ]
      },
      "properties": {
        "name": "Sondre Andreassen",
        "profession": "Tannpleier",
        "gender": "Mann",
        "age": "45 år",
        "specialization": null,
        "godkjenning": "Autorisasjon (2006)",
        "offentlig_avtale": null,
        "url": "https://www.legelisten.no/tannpleiere/84803-sondre-andreassen",
        "address": "Sjøgata 31-33, Helsehuset 9008 Tromsø"
      }
    },
    {
      "type": "Feature",
      "geometry": {
        "type": "Point",
        "coordinates": [
          14.3770184,
          67.2830416
        ]
      },
      "properties": {
        "name": "Marie Elisabeth Fische",
        "profession": "Tannpleier",
        "gender": "Kvinne",
        "age": "46 år",
        "specialization": null,
        "godkjenning": "Autorisasjon (2007)",
        "offentlig_avtale": null,
        "url": "https://www.legelisten.no/tannpleiere/84817-marie-elisabeth-fische",
        "address": "Sandgata 5a 8006 Bodø"
      }
    },
    {
      "type": "Feature",
      "geometry": {
        "type": "Point",
        "coordinates": [
          5.7332197,
          58.9163768
        ]
      },
      "properties": {
        "name": "May Linn Phan Aspen",
        "profession": "Tannpleier",
        "gender": "Kvinne",
        "age": "40 år",
        "specialization": null,
        "godkjenning": "Autorisasjon (2007)",
        "offentlig_avtale": null,
        "url": "https://www.legelisten.no/tannpleiere/84826-may-linn-phan-aspen",
        "address": "Kanalpiren, Laberget 28 4020 Stavanger"
      }
    },
    {
      "type": "Feature",
      "geometry": {
        "type": "Point",
        "coordinates": [
          5.1262106,
          60.3544665
        ]
      },
      "properties": {
        "name": "Karethe Opitz Mihai",
        "profession": "Tannpleier",
        "gender": "Kvinne",
        "age": "41 år",
        "specialization": null,
        "godkjenning": "Autorisasjon (2007)",
        "offentlig_avtale": null,
        "url": "https://www.legelisten.no/tannpleiere/84828-karethe-opitz-mihai",
        "address": "Smålonane 2 5353 Straume"
      }
    },
    {
      "type": "Feature",
      "geometry": {
        "type": "Point",
        "coordinates": [
          5.3210994,
          60.3941156
        ]
      },
      "properties": {
        "name": "Karen Margrethe Krantz",
        "profession": "Tannpleier",
        "gender": "Kvinne",
        "age": "47 år",
        "specialization": null,
        "godkjenning": "Autorisasjon (2007)",
        "offentlig_avtale": null,
        "url": "https://www.legelisten.no/tannpleiere/84833-karen-margrethe-krantz",
        "address": "Valkendorfsgaten 5 5012 Bergen"
      }
    },
    {
      "type": "Feature",
      "geometry": {
        "type": "Point",
        "coordinates": [
          5.3238447,
          60.3939824
        ]
      },
      "properties": {
        "name": "Tone Hølland",
        "profession": "Tannpleier",
        "gender": "Kvinne",
        "age": "42 år",
        "specialization": null,
        "godkjenning": "Autorisasjon (2007)",
        "offentlig_avtale": null,
        "url": "https://www.legelisten.no/tannpleiere/84834-tone-holland",
        "address": "Strandgaten 5 5013 Bergen"
      }
    },
    {
      "type": "Feature",
      "geometry": {
        "type": "Point",
        "coordinates": [
          10.9396896,
          60.8818411
        ]
      },
      "properties": {
        "name": "Ragnhild Aakerøy",
        "profession": "Tannpleier",
        "gender": "Kvinne",
        "age": "41 år",
        "specialization": null,
        "godkjenning": "Autorisasjon (2007)",
        "offentlig_avtale": null,
        "url": "https://www.legelisten.no/tannpleiere/84840-ragnhild-aakeroy",
        "address": "Nygata 9 2380 Brumunddal"
      }
    },
    {
      "type": "Feature",
      "geometry": {
        "type": "Point",
        "coordinates": [
          10.7805145,
          59.9340742
        ]
      },
      "properties": {
        "name": "Javeria Khalil",
        "profession": "Tannpleier",
        "gender": "Kvinne",
        "age": "40 år",
        "specialization": null,
        "godkjenning": "Autorisasjon (2007)",
        "offentlig_avtale": null,
        "url": "https://www.legelisten.no/tannpleiere/84849-javeria-khalil",
        "address": "Sinsenterrassen 9 0574 Oslo"
      }
    },
    {
      "type": "Feature",
      "geometry": {
        "type": "Point",
        "coordinates": [
          10.7516105,
          59.6037506
        ]
      },
      "properties": {
        "name": "Nina Torp Kjuus",
        "profession": "Tannpleier",
        "gender": "Kvinne",
        "age": "41 år",
        "specialization": null,
        "godkjenning": "Autorisasjon (2007)",
        "offentlig_avtale": null,
        "url": "https://www.legelisten.no/tannpleiere/84853-nina-torp-kjuus",
        "address": "Rådhusplassen 29, 3 etg. 1430 Ås"
      }
    },
    {
      "type": "Feature",
      "geometry": {
        "type": "Point",
        "coordinates": [
          5.6833915,
          58.9530884
        ]
      },
      "properties": {
        "name": "Lene Stangeland",
        "profession": "Tannpleier",
        "gender": "Kvinne",
        "age": "45 år",
        "specialization": null,
        "godkjenning": "Autorisasjon (2007)",
        "offentlig_avtale": null,
        "url": "https://www.legelisten.no/tannpleiere/84854-lene-stangeland",
        "address": "Madlamarkveien 2a 4041 Hafrsfjord"
      }
    },
    {
      "type": "Feature",
      "geometry": {
        "type": "Point",
        "coordinates": [
          10.7580827,
          59.9535397
        ]
      },
      "properties": {
        "name": "Åshild Selsås",
        "profession": "Tannpleier",
        "gender": "Kvinne",
        "age": "40 år",
        "specialization": null,
        "godkjenning": "Autorisasjon (2007)",
        "offentlig_avtale": null,
        "url": "https://www.legelisten.no/tannpleiere/84858-ashild-selsas",
        "address": "Bergrådveien 13 0873 Oslo"
      }
    },
    {
      "type": "Feature",
      "geometry": null,
      "properties": {
        "name": "Marianne Tabita Solstad",
        "profession": "Tannpleier",
        "gender": "Kvinne",
        "age": "49 år",
        "specialization": null,
        "godkjenning": "Autorisasjon - Tannpleier (2012)Autorisasjon - Tannhelsesekretær (2008)",
        "offentlig_avtale": null,
        "url": "https://www.legelisten.no/tannpleiere/84865-marianne-tabita-solstad",
        "address": "Sentrumsveien 4 1400 Ski"
      }
    },
    {
      "type": "Feature",
      "geometry": {
        "type": "Point",
        "coordinates": [
          6.1581713,
          62.4717372
        ]
      },
      "properties": {
        "name": "Simona Masiotiene",
        "profession": "Tannpleier",
        "gender": "Kvinne",
        "age": "37 år",
        "specialization": null,
        "godkjenning": "Autorisasjon - Tannlege (2015)Autorisasjon - Tannpleier (2014)",
        "offentlig_avtale": null,
        "url": "https://www.legelisten.no/tannpleiere/84877-simona-masiotiene",
        "address": "Keiser Wilhelms Gate 25 6003 Ålesund"
      }
    },
    {
      "type": "Feature",
      "geometry": {
        "type": "Point",
        "coordinates": [
          10.8101517,
          59.860563
        ]
      },
      "properties": {
        "name": "Gamze Simsek",
        "profession": "Tannpleier",
        "gender": "Kvinne",
        "age": "34 år",
        "specialization": null,
        "godkjenning": "Autorisasjon (2014)",
        "offentlig_avtale": null,
        "url": "https://www.legelisten.no/tannpleiere/84887-gamze-simsek",
        "address": "Nordstrandveien 62 1164 Oslo"
      }
    },
    {
      "type": "Feature",
      "geometry": {
        "type": "Point",
        "coordinates": [
          10.6142924,
          60.7276021
        ]
      },
      "properties": {
        "name": "Elin Alm Bjerregård",
        "profession": "Tannpleier",
        "gender": "Kvinne",
        "age": "47 år",
        "specialization": null,
        "godkjenning": "Autorisasjon (2014)",
        "offentlig_avtale": null,
        "url": "https://www.legelisten.no/tannpleiere/84891-elin-alm-bjerregard",
        "address": "Storgata 41 2830 Raufoss"
      }
    },
    {
      "type": "Feature",
      "geometry": {
        "type": "Point",
        "coordinates": [
          10.1952853,
          59.7427382
        ]
      },
      "properties": {
        "name": "Linda Hanstad",
        "profession": "Tannpleier",
        "gender": "Kvinne",
        "age": "34 år",
        "specialization": null,
        "godkjenning": "Autorisasjon (2014)",
        "offentlig_avtale": null,
        "url": "https://www.legelisten.no/tannpleiere/84896-linda-hanstad",
        "address": "Grønland 40 3045 Drammen"
      }
    },
    {
      "type": "Feature",
      "geometry": {
        "type": "Point",
        "coordinates": [
          17.4293364,
          68.439453
        ]
      },
      "properties": {
        "name": "Elisabeth Anett Ødegaard",
        "profession": "Tannpleier",
        "gender": "Kvinne",
        "age": "34 år",
        "specialization": null,
        "godkjenning": "Autorisasjon (2014)",
        "offentlig_avtale": null,
        "url": "https://www.legelisten.no/tannpleiere/84906-elisabeth-anett-odegaard",
        "address": "Kongens Gate 51 8514 Narvik"
      }
    },
    {
      "type": "Feature",
      "geometry": {
        "type": "Point",
        "coordinates": [
          10.8363007,
          59.7198258
        ]
      },
      "properties": {
        "name": "Feride Memedi",
        "profession": "Tannpleier",
        "gender": "Kvinne",
        "age": "30 år",
        "specialization": null,
        "godkjenning": "Autorisasjon - Tannpleier (2018)Autorisasjon - Tannhelsesekretær (2014)",
        "offentlig_avtale": null,
        "url": "https://www.legelisten.no/tannpleiere/84915-feride-memedi",
        "address": "Jernbaneveien 4 1400 Ski"
      }
    },
    {
      "type": "Feature",
      "geometry": {
        "type": "Point",
        "coordinates": [
          10.6810449,
          59.4231247
        ]
      },
      "properties": {
        "name": "Klaudia Katarzyna Krakowiak",
        "profession": "Tannpleier",
        "gender": "Kvinne",
        "age": "30 år",
        "specialization": null,
        "godkjenning": "Autorisasjon - Tannpleier (2019)Autorisasjon - Tannhelsesekretær (2014)",
        "offentlig_avtale": null,
        "url": "https://www.legelisten.no/tannpleiere/84916-klaudia-katarzyna-krakowiak",
        "address": "Rosenvingesvei 8, Lilleeng helsepark 1523 Moss"
      }
    },
    {
      "type": "Feature",
      "geometry": {
        "type": "Point",
        "coordinates": [
          5.8570232,
          61.4530036
        ]
      },
      "properties": {
        "name": "Gunn Helen Kleppe Frøholm",
        "profession": "Tannpleier",
        "gender": "Kvinne",
        "age": "33 år",
        "specialization": null,
        "godkjenning": "Autorisasjon (2014)",
        "offentlig_avtale": null,
        "url": "https://www.legelisten.no/tannpleiere/84919-gunn-helen-kleppe-froholm",
        "address": "Hafstadvegen 27 6800 Førde"
      }
    },
    {
      "type": "Feature",
      "geometry": {
        "type": "Point",
        "coordinates": [
          5.3499199,
          60.310526
        ]
      },
      "properties": {
        "name": "Rebekka Haveland",
        "profession": "Tannpleier",
        "gender": "Kvinne",
        "age": "34 år",
        "specialization": null,
        "godkjenning": "Autorisasjon (2014)",
        "offentlig_avtale": null,
        "url": "https://www.legelisten.no/tannpleiere/84920-rebekka-haveland",
        "address": "Fanavegen 13 5221 Nesttun"
      }
    },
    {
      "type": "Feature",
      "geometry": {
        "type": "Point",
        "coordinates": [
          16.5437177,
          68.7995696
        ]
      },
      "properties": {
        "name": "Tone Hokland Nicholas",
        "profession": "Tannpleier",
        "gender": "Kvinne",
        "age": "37 år",
        "specialization": null,
        "godkjenning": "Autorisasjon (2014)",
        "offentlig_avtale": null,
        "url": "https://www.legelisten.no/tannpleiere/84922-tone-hokland-nicholas",
        "address": "Torvet 1b 9405 Harstad"
      }
    },
    {
      "type": "Feature",
      "geometry": {
        "type": "Point",
        "coordinates": [
          5.3240971,
          60.4651169
        ]
      },
      "properties": {
        "name": "Camilla Knutsen",
        "profession": "Tannpleier",
        "gender": "Kvinne",
        "age": "36 år",
        "specialization": null,
        "godkjenning": "Autorisasjon (2014)",
        "offentlig_avtale": null,
        "url": "https://www.legelisten.no/tannpleiere/84925-camilla-knutsen",
        "address": "Åsane Senter 37 5116 Ulset"
      }
    },
    {
      "type": "Feature",
      "geometry": {
        "type": "Point",
        "coordinates": [
          5.7332197,
          58.9163768
        ]
      },
      "properties": {
        "name": "Ane-Mari Igland Naustdal",
        "profession": "Tannpleier",
        "gender": "Kvinne",
        "age": "35 år",
        "specialization": null,
        "godkjenning": "Autorisasjon (2014)",
        "offentlig_avtale": null,
        "url": "https://www.legelisten.no/tannpleiere/84926-ane-mari-igland-naustdal",
        "address": "Kanalpiren, Laberget 28 4020 Stavanger"
      }
    },
    {
      "type": "Feature",
      "geometry": {
        "type": "Point",
        "coordinates": [
          6.1581713,
          62.4717372
        ]
      },
      "properties": {
        "name": "Zin Moe Thu Aung",
        "profession": "Tannpleier",
        "gender": "Kvinne",
        "age": "36 år",
        "specialization": null,
        "godkjenning": "Autorisasjon (2015)",
        "offentlig_avtale": null,
        "url": "https://www.legelisten.no/tannpleiere/84953-zin-moe-thu-aung",
        "address": "Keiser Wilhelms Gate 25 6003 Ålesund"
      }
    },
    {
      "type": "Feature",
      "geometry": {
        "type": "Point",
        "coordinates": [
          10.9373814,
          59.2147832
        ]
      },
      "properties": {
        "name": "Carina Borgen",
        "profession": "Tannpleier",
        "gender": "Kvinne",
        "age": "42 år",
        "specialization": null,
        "godkjenning": "Autorisasjon (2015)",
        "offentlig_avtale": null,
        "url": "https://www.legelisten.no/tannpleiere/84954-carina-borgen",
        "address": "Glemmengata 8 1608 Fredrikstad"
      }
    },
    {
      "type": "Feature",
      "geometry": {
        "type": "Point",
        "coordinates": [
          11.1940355,
          60.7179132
        ]
      },
      "properties": {
        "name": "Nina Fossengen Diesen",
        "profession": "Tannpleier",
        "gender": "Kvinne",
        "age": "34 år",
        "specialization": null,
        "godkjenning": "Autorisasjon (2015)",
        "offentlig_avtale": null,
        "url": "https://www.legelisten.no/tannpleiere/84957-nina-fossengen-diesen",
        "address": "Storgata 4 2335 Stange"
      }
    },
    {
      "type": "Feature",
      "geometry": {
        "type": "Point",
        "coordinates": [
          10.8347266,
          59.9007164
        ]
      },
      "properties": {
        "name": "Sarah Pallani",
        "profession": "Tannpleier",
        "gender": "Kvinne",
        "age": "32 år",
        "specialization": null,
        "godkjenning": "Autorisasjon (2015)",
        "offentlig_avtale": null,
        "url": "https://www.legelisten.no/tannpleiere/84960-sarah-pallani",
        "address": "Haakon Tvetersvei 8 0682 Oslo"
      }
    },
    {
      "type": "Feature",
      "geometry": {
        "type": "Point",
        "coordinates": [
          11.07338,
          60.7917563
        ]
      },
      "properties": {
        "name": "Janja Petkovic",
        "profession": "Tannpleier",
        "gender": "Kvinne",
        "age": "38 år",
        "specialization": null,
        "godkjenning": "Autorisasjon (2015)",
        "offentlig_avtale": null,
        "url": "https://www.legelisten.no/tannpleiere/84961-janja-petkovic",
        "address": "Lille Strandgate 3 2317 Hamar"
      }
    },
    {
      "type": "Feature",
      "geometry": {
        "type": "Point",
        "coordinates": [
          10.8433039,
          59.8752279
        ]
      },
      "properties": {
        "name": "Donia Meziane",
        "profession": "Tannpleier",
        "gender": "Kvinne",
        "age": "43 år",
        "specialization": null,
        "godkjenning": "Autorisasjon (2015)",
        "offentlig_avtale": null,
        "url": "https://www.legelisten.no/tannpleiere/84969-donia-meziane",
        "address": "Stallerudveien 103 0693 Oslo"
      }
    },
    {
      "type": "Feature",
      "geometry": {
        "type": "Point",
        "coordinates": [
          10.7595852,
          59.9133506
        ]
      },
      "properties": {
        "name": "Ardita Neziri",
        "profession": "Tannpleier",
        "gender": "Kvinne",
        "age": "32 år",
        "specialization": null,
        "godkjenning": "Autorisasjon (2015)",
        "offentlig_avtale": null,
        "url": "https://www.legelisten.no/tannpleiere/84971-ardita-neziri",
        "address": "Grønland 4 0188 Oslo"
      }
    },
    {
      "type": "Feature",
      "geometry": {
        "type": "Point",
        "coordinates": [
          16.5437177,
          68.7995696
        ]
      },
      "properties": {
        "name": "Elisabeth Strand Fredriksen",
        "profession": "Tannpleier",
        "gender": "Kvinne",
        "age": "37 år",
        "specialization": null,
        "godkjenning": "Autorisasjon (2015)",
        "offentlig_avtale": null,
        "url": "https://www.legelisten.no/tannpleiere/84982-elisabeth-strand-fredriksen",
        "address": "Torvet 1b 9405 Harstad"
      }
    },
    {
      "type": "Feature",
      "geometry": {
        "type": "Point",
        "coordinates": [
          18.9515972,
          69.6473602
        ]
      },
      "properties": {
        "name": "Nora Schjølberg Meyer",
        "profession": "Tannpleier",
        "gender": "Kvinne",
        "age": "36 år",
        "specialization": null,
        "godkjenning": "Autorisasjon (2015)",
        "offentlig_avtale": null,
        "url": "https://www.legelisten.no/tannpleiere/84988-nora-schjolberg-meyer",
        "address": "Grønnegata 32 9008 Tromsø"
      }
    },
    {
      "type": "Feature",
      "geometry": {
        "type": "Point",
        "coordinates": [
          7.9899829,
          58.1456766
        ]
      },
      "properties": {
        "name": "Janita Vian Klouman",
        "profession": "Tannpleier",
        "gender": "Kvinne",
        "age": "33 år",
        "specialization": null,
        "godkjenning": "Autorisasjon (2015)",
        "offentlig_avtale": null,
        "url": "https://www.legelisten.no/tannpleiere/84989-janita-vian-klouman",
        "address": "Skippergata 1B 4611 Kristiansand S"
      }
    },
    {
      "type": "Feature",
      "geometry": {
        "type": "Point",
        "coordinates": [
          18.9515972,
          69.6473602
        ]
      },
      "properties": {
        "name": "Barbro Zakariassen",
        "profession": "Tannpleier",
        "gender": "Kvinne",
        "age": "36 år",
        "specialization": null,
        "godkjenning": "Autorisasjon (2015)",
        "offentlig_avtale": null,
        "url": "https://www.legelisten.no/tannpleiere/84990-barbro-zakariassen",
        "address": "Grønnegata 32 9008 Tromsø"
      }
    },
    {
      "type": "Feature",
      "geometry": {
        "type": "Point",
        "coordinates": [
          6.3486911,
          62.4642864
        ]
      },
      "properties": {
        "name": "Lena Kristin Barstad",
        "profession": "Tannpleier",
        "gender": "Kvinne",
        "age": "33 år",
        "specialization": null,
        "godkjenning": "Autorisasjon (2015)",
        "offentlig_avtale": null,
        "url": "https://www.legelisten.no/tannpleiere/84995-lena-kristin-barstad",
        "address": "Langelandsveien 17 6010 Ålesund"
      }
    },
    {
      "type": "Feature",
      "geometry": {
        "type": "Point",
        "coordinates": [
          5.321436,
          60.3928098
        ]
      },
      "properties": {
        "name": "Ragnhild Aase Jensen-Jacobsen",
        "profession": "Tannpleier",
        "gender": "Kvinne",
        "age": "45 år",
        "specialization": null,
        "godkjenning": "Autorisasjon (2015)",
        "offentlig_avtale": null,
        "url": "https://www.legelisten.no/tannpleiere/84999-ragnhild-aase-jensen-jacobsen",
        "address": "Markeveien 4C 5012 Bergen"
      }
    },
    {
      "type": "Feature",
      "geometry": {
        "type": "Point",
        "coordinates": [
          5.1262106,
          60.3544665
        ]
      },
      "properties": {
        "name": "Kristiane Opitz Andersen",
        "profession": "Tannpleier",
        "gender": "Kvinne",
        "age": "34 år",
        "specialization": null,
        "godkjenning": "Autorisasjon (2015)",
        "offentlig_avtale": null,
        "url": "https://www.legelisten.no/tannpleiere/85008-kristiane-opitz-andersen",
        "address": "Smålonane 2 5353 Straume"
      }
    },
    {
      "type": "Feature",
      "geometry": {
        "type": "Point",
        "coordinates": [
          10.2201767,
          59.1319628
        ]
      },
      "properties": {
        "name": "Minna Aurora Vale Sæter",
        "profession": "Tannpleier",
        "gender": "Kvinne",
        "age": "32 år",
        "specialization": null,
        "godkjenning": "Autorisasjon (2015)",
        "offentlig_avtale": null,
        "url": "https://www.legelisten.no/tannpleiere/85011-minna-aurora-vale-saeter",
        "address": "Dronningens gate 12 3211 Sandefjord"
      }
    },
    {
      "type": "Feature",
      "geometry": {
        "type": "Point",
        "coordinates": [
          6.0009442,
          58.4506718
        ]
      },
      "properties": {
        "name": "Livia Thengs",
        "profession": "Tannpleier",
        "gender": "Kvinne",
        "age": "32 år",
        "specialization": null,
        "godkjenning": "Autorisasjon (2015)",
        "offentlig_avtale": null,
        "url": "https://www.legelisten.no/tannpleiere/85012-livia-thengs",
        "address": "Johan Feyers gate 12 4370 Egersund"
      }
    },
    {
      "type": "Feature",
      "geometry": {
        "type": "Point",
        "coordinates": [
          10.2027646,
          59.7374737
        ]
      },
      "properties": {
        "name": "Lama Abu Rayya",
        "profession": "Tannpleier",
        "gender": "Kvinne",
        "age": "29 år",
        "specialization": null,
        "godkjenning": "Autorisasjon - Tannpleier (2021)Autorisasjon (2015)",
        "offentlig_avtale": null,
        "url": "https://www.legelisten.no/tannpleiere/85016-lama-abu-rayya",
        "address": "Bjørnstjerne Bjørnsonsgate 21 3044 Drammen"
      }
    },
    {
      "type": "Feature",
      "geometry": {
        "type": "Point",
        "coordinates": [
          10.7186932,
          59.9150855
        ]
      },
      "properties": {
        "name": "Ugne Ragauskiene",
        "profession": "Tannpleier",
        "gender": "Kvinne",
        "age": "34 år",
        "specialization": null,
        "godkjenning": "Autorisasjon - Tannpleier (2017)Autorisasjon - Tannhelsesekretær (2015)",
        "offentlig_avtale": null,
        "url": "https://www.legelisten.no/tannpleiere/85017-ugne-ragauskiene",
        "address": "Sommerrogt. 13-15 0255 Oslo"
      }
    },
    {
      "type": "Feature",
      "geometry": {
        "type": "Point",
        "coordinates": [
          18.9515972,
          69.6473602
        ]
      },
      "properties": {
        "name": "Malin Olaisen Strand",
        "profession": "Tannpleier",
        "gender": "Kvinne",
        "age": "34 år",
        "specialization": null,
        "godkjenning": "Autorisasjon (2016)",
        "offentlig_avtale": null,
        "url": "https://www.legelisten.no/tannpleiere/85034-malin-olaisen-strand",
        "address": "Grønnegata 32 9008 Tromsø"
      }
    },
    {
      "type": "Feature",
      "geometry": {
        "type": "Point",
        "coordinates": [
          10.4338053,
          59.8357435
        ]
      },
      "properties": {
        "name": "Marie Therese Løvgren",
        "profession": "Tannpleier",
        "gender": "Kvinne",
        "age": "38 år",
        "specialization": null,
        "godkjenning": "Autorisasjon (2016)",
        "offentlig_avtale": null,
        "url": "https://www.legelisten.no/tannpleiere/85044-marie-therese-lovgren",
        "address": "Strøket 9 1383 Asker"
      }
    },
    {
      "type": "Feature",
      "geometry": {
        "type": "Point",
        "coordinates": [
          10.7580827,
          59.9535397
        ]
      },
      "properties": {
        "name": "Nilani Edwin",
        "profession": "Tannpleier",
        "gender": "Kvinne",
        "age": "33 år",
        "specialization": null,
        "godkjenning": "Autorisasjon (2016)",
        "offentlig_avtale": null,
        "url": "https://www.legelisten.no/tannpleiere/85045-nilani-edwin",
        "address": "Bergrådveien 13 0873 Oslo"
      }
    },
    {
      "type": "Feature",
      "geometry": {
        "type": "Point",
        "coordinates": [
          9.7435151,
          59.0127836
        ]
      },
      "properties": {
        "name": "Elise Meland",
        "profession": "Tannpleier",
        "gender": "Kvinne",
        "age": "32 år",
        "specialization": null,
        "godkjenning": "Autorisasjon (2016)",
        "offentlig_avtale": null,
        "url": "https://www.legelisten.no/tannpleiere/85046-elise-meland",
        "address": "Stathelleveien 33 3970 Langesund"
      }
    },
    {
      "type": "Feature",
      "geometry": {
        "type": "Point",
        "coordinates": [
          10.6083254,
          60.7262857
        ]
      },
      "properties": {
        "name": "Lone Martinsen Kopperud",
        "profession": "Tannpleier",
        "gender": "Kvinne",
        "age": "39 år",
        "specialization": null,
        "godkjenning": "Autorisasjon (2016)",
        "offentlig_avtale": null,
        "url": "https://www.legelisten.no/tannpleiere/85050-lone-martinsen-kopperud",
        "address": "Nysethveien 7 2830 Raufoss"
      }
    },
    {
      "type": "Feature",
      "geometry": {
        "type": "Point",
        "coordinates": [
          10.9541359,
          59.9270436
        ]
      },
      "properties": {
        "name": "Sima Pakatchi",
        "profession": "Tannpleier",
        "gender": "Kvinne",
        "age": "34 år",
        "specialization": null,
        "godkjenning": "Autorisasjon (2016)",
        "offentlig_avtale": null,
        "url": "https://www.legelisten.no/tannpleiere/85053-sima-pakatchi",
        "address": "Skårersletta 10 1473 Lørenskog"
      }
    },
    {
      "type": "Feature",
      "geometry": {
        "type": "Point",
        "coordinates": [
          10.7594742,
          59.9253911
        ]
      },
      "properties": {
        "name": "Farhat Kazmi",
        "profession": "Tannpleier",
        "gender": "Kvinne",
        "age": "50 år",
        "specialization": null,
        "godkjenning": "Autorisasjon (2016)",
        "offentlig_avtale": null,
        "url": "https://www.legelisten.no/tannpleiere/85054-farhat-kazmi",
        "address": "Seilduksgata 17 0553 Oslo"
      }
    },
    {
      "type": "Feature",
      "geometry": {
        "type": "Point",
        "coordinates": [
          10.588213,
          59.9162626
        ]
      },
      "properties": {
        "name": "Kaja Aas Lindberg",
        "profession": "Tannpleier",
        "gender": "Kvinne",
        "age": "35 år",
        "specialization": null,
        "godkjenning": "Autorisasjon (2016)",
        "offentlig_avtale": null,
        "url": "https://www.legelisten.no/tannpleiere/85056-kaja-aas-lindberg",
        "address": "Gamle Ringeriksvei 34 1318 Bekkestua"
      }
    },
    {
      "type": "Feature",
      "geometry": {
        "type": "Point",
        "coordinates": [
          10.8363007,
          59.7198258
        ]
      },
      "properties": {
        "name": "Elham Soltani",
        "profession": "Tannpleier",
        "gender": "Kvinne",
        "age": "44 år",
        "specialization": null,
        "godkjenning": "Autorisasjon (2016)",
        "offentlig_avtale": null,
        "url": "https://www.legelisten.no/tannpleiere/85058-elham-soltani",
        "address": "Jernbaneveien 4 1400 Ski"
      }
    },
    {
      "type": "Feature",
      "geometry": {
        "type": "Point",
        "coordinates": [
          10.8216052,
          59.9034898
        ]
      },
      "properties": {
        "name": "Kine Fossmo",
        "profession": "Tannpleier",
        "gender": "Kvinne",
        "age": "34 år",
        "specialization": null,
        "godkjenning": "Autorisasjon (2016)",
        "offentlig_avtale": null,
        "url": "https://www.legelisten.no/tannpleiere/85064-kine-fossmo",
        "address": "Østensjøveien 79 0667 Oslo"
      }
    },
    {
      "type": "Feature",
      "geometry": {
        "type": "Point",
        "coordinates": [
          10.7493635,
          59.9128165
        ]
      },
      "properties": {
        "name": "Line Øyen Sølvskudt",
        "profession": "Tannpleier",
        "gender": "Kvinne",
        "age": "33 år",
        "specialization": null,
        "godkjenning": "Autorisasjon - Tannpleier (2020)Autorisasjon - Ergoterapeut (2016)",
        "offentlig_avtale": null,
        "url": "https://www.legelisten.no/tannpleiere/85068-line-oyen-solvskudt",
        "address": "Skippergata 33, 2 etg 0154 Oslo"
      }
    },
    {
      "type": "Feature",
      "geometry": {
        "type": "Point",
        "coordinates": [
          5.1926064,
          60.427029
        ]
      },
      "properties": {
        "name": "Hilde Celine Heimdal Thorsen",
        "profession": "Tannpleier",
        "gender": "Kvinne",
        "age": "31 år",
        "specialization": null,
        "godkjenning": "Autorisasjon (2016)",
        "offentlig_avtale": null,
        "url": "https://www.legelisten.no/tannpleiere/85083-hilde-celine-heimdal-thorsen",
        "address": "Juvikflaten 14a 5008 Bergen"
      }
    },
    {
      "type": "Feature",
      "geometry": {
        "type": "Point",
        "coordinates": [
          10.7580827,
          59.9535397
        ]
      },
      "properties": {
        "name": "Lulwa Ayoub",
        "profession": "Tannpleier",
        "gender": "Kvinne",
        "age": "31 år",
        "specialization": null,
        "godkjenning": "Autorisasjon - Tannpleier (2021)Autorisasjon - Tannhelsesekretær (2016)",
        "offentlig_avtale": null,
        "url": "https://www.legelisten.no/tannpleiere/85086-lulwa-ayoub",
        "address": "Bergrådveien 13 0873 Oslo"
      }
    },
    {
      "type": "Feature",
      "geometry": {
        "type": "Point",
        "coordinates": [
          10.6487228,
          59.9416367
        ]
      },
      "properties": {
        "name": "Marianne Hagerup Kildalsen",
        "profession": "Tannpleier",
        "gender": "Kvinne",
        "age": "34 år",
        "specialization": null,
        "godkjenning": "Autorisasjon (2016)",
        "offentlig_avtale": null,
        "url": "https://www.legelisten.no/tannpleiere/85091-marianne-hagerup-kildalsen",
        "address": "Aslakveien 17 A 0753 Oslo"
      }
    },
    {
      "type": "Feature",
      "geometry": {
        "type": "Point",
        "coordinates": [
          11.170314,
          60.2861249
        ]
      },
      "properties": {
        "name": "Rania Georgees Poless",
        "profession": "Tannpleier",
        "gender": "Kvinne",
        "age": "32 år",
        "specialization": null,
        "godkjenning": "Autorisasjon - Tannpleier (2022)Autorisasjon - Tannhelsesekretær (2016)",
        "offentlig_avtale": null,
        "url": "https://www.legelisten.no/tannpleiere/85092-rania-georgees-poless",
        "address": "Trondheimsveien 266 2070 Råholt"
      }
    },
    {
      "type": "Feature",
      "geometry": {
        "type": "Point",
        "coordinates": [
          10.696319,
          60.7853523
        ]
      },
      "properties": {
        "name": "Gina Alvilde Haugrav Abrahamsen",
        "profession": "Tannpleier",
        "gender": "Kvinne",
        "age": "39 år",
        "specialization": null,
        "godkjenning": "Autorisasjon (2016)",
        "offentlig_avtale": null,
        "url": "https://www.legelisten.no/tannpleiere/85093-gina-alvilde-haugrav-abrahamsen",
        "address": "Kasper Andresens veg 7B 2816 Gjøvik"
      }
    },
    {
      "type": "Feature",
      "geometry": {
        "type": "Point",
        "coordinates": [
          10.8363007,
          59.7198258
        ]
      },
      "properties": {
        "name": "Gjila Memedi-Xani",
        "profession": "Tannpleier",
        "gender": "Kvinne",
        "age": "28 år",
        "specialization": null,
        "godkjenning": "Autorisasjon - Tannpleier (2020)Autorisasjon - Tannhelsesekretær (2016)",
        "offentlig_avtale": null,
        "url": "https://www.legelisten.no/tannpleiere/85095-gjila-memedi-xani",
        "address": "Jernbaneveien 4 1400 Ski"
      }
    },
    {
      "type": "Feature",
      "geometry": {
        "type": "Point",
        "coordinates": [
          10.8100193,
          60.6748215
        ]
      },
      "properties": {
        "name": "Regine Stokke Borgersen",
        "profession": "Tannpleier",
        "gender": "Kvinne",
        "age": "33 år",
        "specialization": null,
        "godkjenning": "Autorisasjon - Tannpleier (2020)Autorisasjon - Helsesekretær (2017)",
        "offentlig_avtale": null,
        "url": "https://www.legelisten.no/tannpleiere/85096-regine-stokke-borgersen",
        "address": "Vallevegen 14 2850 Lena"
      }
    },
    {
      "type": "Feature",
      "geometry": {
        "type": "Point",
        "coordinates": [
          18.9538538,
          69.6511633
        ]
      },
      "properties": {
        "name": "Veronica Eide Liljedahl",
        "profession": "Tannpleier",
        "gender": "Kvinne",
        "age": "33 år",
        "specialization": null,
        "godkjenning": "Autorisasjon (2017)",
        "offentlig_avtale": null,
        "url": "https://www.legelisten.no/tannpleiere/85113-veronica-eide-liljedahl",
        "address": "Vestregata 42 9008 Tromsø"
      }
    },
    {
      "type": "Feature",
      "geometry": {
        "type": "Point",
        "coordinates": [
          14.1373129,
          66.31036
        ]
      },
      "properties": {
        "name": "Nora Westgaard Salamonsen",
        "profession": "Tannpleier",
        "gender": "Kvinne",
        "age": "30 år",
        "specialization": null,
        "godkjenning": "Autorisasjon (2017)",
        "offentlig_avtale": null,
        "url": "https://www.legelisten.no/tannpleiere/85120-nora-westgaard-salamonsen",
        "address": "Nordahl Griegs Gate 6 8601 Mo i Rana"
      }
    },
    {
      "type": "Feature",
      "geometry": {
        "type": "Point",
        "coordinates": [
          5.3535982,
          60.3191147
        ]
      },
      "properties": {
        "name": "Martyna Anna Rzymska",
        "profession": "Tannpleier",
        "gender": "Kvinne",
        "age": "28 år",
        "specialization": null,
        "godkjenning": "Autorisasjon - Tannpleier (2021)Autorisasjon - Tannhelsesekretær (2017)",
        "offentlig_avtale": null,
        "url": "https://www.legelisten.no/tannpleiere/85121-martyna-anna-rzymska",
        "address": "Østre Nesttunvegen 2 5221 Nesttun"
      }
    },
    {
      "type": "Feature",
      "geometry": {
        "type": "Point",
        "coordinates": [
          10.354682,
          63.3504178
        ]
      },
      "properties": {
        "name": "Linn Irene Frengen",
        "profession": "Tannpleier",
        "gender": "Kvinne",
        "age": "30 år",
        "specialization": null,
        "godkjenning": "Autorisasjon (2017)",
        "offentlig_avtale": null,
        "url": "https://www.legelisten.no/tannpleiere/85123-linn-irene-frengen",
        "address": "Anne Ekrens veg 6 7080 Heimdal"
      }
    },
    {
      "type": "Feature",
      "geometry": {
        "type": "Point",
        "coordinates": [
          10.6588323,
          59.4333797
        ]
      },
      "properties": {
        "name": "Mahesh Thapa",
        "profession": "Tannpleier",
        "gender": "Mann",
        "age": "39 år",
        "specialization": null,
        "godkjenning": "Autorisasjon (2017)",
        "offentlig_avtale": null,
        "url": "https://www.legelisten.no/tannpleiere/85128-mahesh-thapa",
        "address": "Kransen 16 1531 Moss"
      }
    },
    {
      "type": "Feature",
      "geometry": {
        "type": "Point",
        "coordinates": [
          10.6915325,
          60.8002567
        ]
      },
      "properties": {
        "name": "Håvard Normann Hanssen",
        "profession": "Tannpleier",
        "gender": "Mann",
        "age": "51 år",
        "specialization": null,
        "godkjenning": "Autorisasjon (2017)",
        "offentlig_avtale": null,
        "url": "https://www.legelisten.no/tannpleiere/85129-havard-normann-hanssen",
        "address": "Welhavens Gate 1 2821 Gjøvik"
      }
    },
    {
      "type": "Feature",
      "geometry": {
        "type": "Point",
        "coordinates": [
          5.3469713,
          60.3626093
        ]
      },
      "properties": {
        "name": "Ida Elise Kornerud",
        "profession": "Tannpleier",
        "gender": "Kvinne",
        "age": "31 år",
        "specialization": null,
        "godkjenning": "Autorisasjon (2017)",
        "offentlig_avtale": null,
        "url": "https://www.legelisten.no/tannpleiere/85131-ida-elise-kornerud",
        "address": "Kanalveien 64 5068 Bergen"
      }
    },
    {
      "type": "Feature",
      "geometry": {
        "type": "Point",
        "coordinates": [
          5.2963407,
          60.3863533
        ]
      },
      "properties": {
        "name": "Malin Haugerød Milde",
        "profession": "Tannpleier",
        "gender": "Kvinne",
        "age": "30 år",
        "specialization": null,
        "godkjenning": "Autorisasjon (2017)",
        "offentlig_avtale": null,
        "url": "https://www.legelisten.no/tannpleiere/85134-malin-haugerod-milde",
        "address": "Kringsjåveien 31, 5162 Laksevåg 5162 Laksevåg"
      }
    },
    {
      "type": "Feature",
      "geometry": {
        "type": "Point",
        "coordinates": [
          10.7195463,
          59.9276445
        ]
      },
      "properties": {
        "name": "Vy Thanh Huynh",
        "profession": "Tannpleier",
        "gender": "Mann",
        "age": "37 år",
        "specialization": null,
        "godkjenning": "Autorisasjon (2017)",
        "offentlig_avtale": null,
        "url": "https://www.legelisten.no/tannpleiere/85136-vy-thanh-huynh",
        "address": "Bogstadveien 43A 0366 Oslo"
      }
    },
    {
      "type": "Feature",
      "geometry": {
        "type": "Point",
        "coordinates": [
          11.1611183,
          59.9278642
        ]
      },
      "properties": {
        "name": "Ida Rygh Nordgård",
        "profession": "Tannpleier",
        "gender": "Kvinne",
        "age": "33 år",
        "specialization": null,
        "godkjenning": "Autorisasjon (2017)",
        "offentlig_avtale": null,
        "url": "https://www.legelisten.no/tannpleiere/85138-ida-rygh-nordgard",
        "address": "Gamle Fetvei 11 1900 Fetsund"
      }
    },
    {
      "type": "Feature",
      "geometry": {
        "type": "Point",
        "coordinates": [
          10.7658526,
          59.9491031
        ]
      },
      "properties": {
        "name": "Visithira Sandrababu",
        "profession": "Tannpleier",
        "gender": "Kvinne",
        "age": "27 år",
        "specialization": null,
        "godkjenning": "Autorisasjon - Tannpleier (2023)Autorisasjon - Tannhelsesekretær (2017)",
        "offentlig_avtale": null,
        "url": "https://www.legelisten.no/tannpleiere/85139-visithira-sandrababu",
        "address": "Nydalsveien 33 0484 Oslo"
      }
    },
    {
      "type": "Feature",
      "geometry": {
        "type": "Point",
        "coordinates": [
          10.7594742,
          59.9253911
        ]
      },
      "properties": {
        "name": "Nora Zamani",
        "profession": "Tannpleier",
        "gender": "Kvinne",
        "age": "30 år",
        "specialization": null,
        "godkjenning": "Autorisasjon (2017)",
        "offentlig_avtale": null,
        "url": "https://www.legelisten.no/tannpleiere/85151-nora-zamani",
        "address": "Seilduksgata 17 0553 Oslo"
      }
    },
    {
      "type": "Feature",
      "geometry": {
        "type": "Point",
        "coordinates": [
          10.9283692,
          59.9725063
        ]
      },
      "properties": {
        "name": "Samrawit Tsegaye Haileselassie",
        "profession": "Tannpleier",
        "gender": "Kvinne",
        "age": "32 år",
        "specialization": null,
        "godkjenning": "Autorisasjon (2017)",
        "offentlig_avtale": null,
        "url": "https://www.legelisten.no/tannpleiere/85152-samrawit-tsegaye-haileselassie",
        "address": "Vestlisvingen 188 0969 Oslo"
      }
    },
    {
      "type": "Feature",
      "geometry": {
        "type": "Point",
        "coordinates": [
          10.3866266,
          63.4305025
        ]
      },
      "properties": {
        "name": "Anja Moe Johansen",
        "profession": "Tannpleier",
        "gender": "Kvinne",
        "age": "31 år",
        "specialization": null,
        "godkjenning": "Autorisasjon (2017)",
        "offentlig_avtale": null,
        "url": "https://www.legelisten.no/tannpleiere/85168-anja-moe-johansen",
        "address": "Kongens Gate 60 7012 Trondheim"
      }
    },
    {
      "type": "Feature",
      "geometry": {
        "type": "Point",
        "coordinates": [
          10.4631016,
          61.1169016
        ]
      },
      "properties": {
        "name": "Jenny Kaixin Deng",
        "profession": "Tannpleier",
        "gender": "Kvinne",
        "age": "29 år",
        "specialization": null,
        "godkjenning": "Autorisasjon (2018)",
        "offentlig_avtale": null,
        "url": "https://www.legelisten.no/tannpleiere/85178-jenny-kaixin-deng",
        "address": "Nymosvingen 6 2609 Lillehammer"
      }
    },
    {
      "type": "Feature",
      "geometry": {
        "type": "Point",
        "coordinates": [
          10.4628371,
          61.116505
        ]
      },
      "properties": {
        "name": "Mehdi Hashemi",
        "profession": "Tannpleier",
        "gender": "Mann",
        "age": "28 år",
        "specialization": null,
        "godkjenning": "Autorisasjon (2018)",
        "offentlig_avtale": null,
        "url": "https://www.legelisten.no/tannpleiere/85180-mehdi-hashemi",
        "address": "Kirkegata 77 2609 Lillehammer"
      }
    },
    {
      "type": "Feature",
      "geometry": {
        "type": "Point",
        "coordinates": [
          10.2245072,
          59.1300265
        ]
      },
      "properties": {
        "name": "Hannah Beisland Hansen",
        "profession": "Tannpleier",
        "gender": "Kvinne",
        "age": "29 år",
        "specialization": null,
        "godkjenning": "Autorisasjon (2018)",
        "offentlig_avtale": null,
        "url": "https://www.legelisten.no/tannpleiere/85182-hannah-beisland-hansen",
        "address": "Torget 1A 3210 Sandefjord"
      }
    },
    {
      "type": "Feature",
      "geometry": {
        "type": "Point",
        "coordinates": [
          10.4345034,
          59.8343018
        ]
      },
      "properties": {
        "name": "Martyna Janusevice",
        "profession": "Tannpleier",
        "gender": "Kvinne",
        "age": "36 år",
        "specialization": null,
        "godkjenning": "Autorisasjon - Tannhelsesekretær (2018)Autorisasjon - Tannpleier (2018)",
        "offentlig_avtale": null,
        "url": "https://www.legelisten.no/tannpleiere/85184-martyna-janusevice",
        "address": "Torvveien 7 1383 Asker"
      }
    },
    {
      "type": "Feature",
      "geometry": {
        "type": "Point",
        "coordinates": [
          10.4555616,
          63.4361474
        ]
      },
      "properties": {
        "name": "Stine Mari Zahl Pedersen",
        "profession": "Tannpleier",
        "gender": "Kvinne",
        "age": "34 år",
        "specialization": null,
        "godkjenning": "Autorisasjon (2018)",
        "offentlig_avtale": null,
        "url": "https://www.legelisten.no/tannpleiere/85188-stine-mari-zahl-pedersen",
        "address": "Falkenborgveien 9, Sirkus shopping 7044 Trondheim"
      }
    },
    {
      "type": "Feature",
      "geometry": {
        "type": "Point",
        "coordinates": [
          10.9271994,
          59.211707
        ]
      },
      "properties": {
        "name": "Katarzyna Weronika Bialon",
        "profession": "Tannpleier",
        "gender": "Kvinne",
        "age": "27 år",
        "specialization": null,
        "godkjenning": "Autorisasjon - Tannpleier (2023)Autorisasjon - Tannhelsesekretær (2018)",
        "offentlig_avtale": null,
        "url": "https://www.legelisten.no/tannpleiere/85189-katarzyna-weronika-bialon",
        "address": "Jens Wilhelmsens gate 1 1671 Kråkerøy"
      }
    },
    {
      "type": "Feature",
      "geometry": {
        "type": "Point",
        "coordinates": [
          11.1940355,
          60.7179132
        ]
      },
      "properties": {
        "name": "Daniela Zboncakova",
        "profession": "Tannpleier",
        "gender": "Kvinne",
        "age": "34 år",
        "specialization": null,
        "godkjenning": "Autorisasjon (2018)",
        "offentlig_avtale": null,
        "url": "https://www.legelisten.no/tannpleiere/85193-daniela-zboncakova",
        "address": "Storgata 4 2335 Stange"
      }
    },
    {
      "type": "Feature",
      "geometry": {
        "type": "Point",
        "coordinates": [
          10.7306142,
          59.9134684
        ]
      },
      "properties": {
        "name": "Hanan Ahmed Hassan",
        "profession": "Tannpleier",
        "gender": "Kvinne",
        "age": "28 år",
        "specialization": null,
        "godkjenning": "Autorisasjon (2018)",
        "offentlig_avtale": null,
        "url": "https://www.legelisten.no/tannpleiere/85197-hanan-ahmed-hassan",
        "address": "Haakon VIIs gate 6 0161 Oslo"
      }
    },
    {
      "type": "Feature",
      "geometry": {
        "type": "Point",
        "coordinates": [
          5.321436,
          60.3928098
        ]
      },
      "properties": {
        "name": "Tonje Mariell Tran",
        "profession": "Tannpleier",
        "gender": "Kvinne",
        "age": "33 år",
        "specialization": null,
        "godkjenning": "Autorisasjon (2018)",
        "offentlig_avtale": null,
        "url": "https://www.legelisten.no/tannpleiere/85212-tonje-mariell-tran",
        "address": "Markeveien 4C 5012 Bergen"
      }
    },
    {
      "type": "Feature",
      "geometry": null,
      "properties": {
        "name": "Alaa Kareem Mohammed",
        "profession": "Tannpleier",
        "gender": "Kvinne",
        "age": "35 år",
        "specialization": null,
        "godkjenning": "Autorisasjon (2018)",
        "offentlig_avtale": null,
        "url": "https://www.legelisten.no/tannpleiere/85217-alaa-kareem-mohammed"
      }
    },
    {
      "type": "Feature",
      "geometry": {
        "type": "Point",
        "coordinates": [
          5.1262106,
          60.3544665
        ]
      },
      "properties": {
        "name": "Mona Helen Olson Strømmen",
        "profession": "Tannpleier",
        "gender": "Kvinne",
        "age": "31 år",
        "specialization": null,
        "godkjenning": "Autorisasjon (2018)",
        "offentlig_avtale": null,
        "url": "https://www.legelisten.no/tannpleiere/85219-mona-helen-olson-strommen",
        "address": "Smålonane 2 5353 Straume"
      }
    },
    {
      "type": "Feature",
      "geometry": {
        "type": "Point",
        "coordinates": [
          10.676607,
          59.4214665
        ]
      },
      "properties": {
        "name": "Kashin Mehdi Sadik",
        "profession": "Tannpleier",
        "gender": "Kvinne",
        "age": "32 år",
        "specialization": null,
        "godkjenning": "Autorisasjon (2018)",
        "offentlig_avtale": null,
        "url": "https://www.legelisten.no/tannpleiere/85229-kashin-mehdi-sadik",
        "address": "Rabekkgata 2A 1523 Moss"
      }
    },
    {
      "type": "Feature",
      "geometry": {
        "type": "Point",
        "coordinates": [
          18.9548514,
          69.6502967
        ]
      },
      "properties": {
        "name": "Iida Maria Stiina Outila",
        "profession": "Tannpleier",
        "gender": "Kvinne",
        "age": "32 år",
        "specialization": null,
        "godkjenning": "Autorisasjon (2019)",
        "offentlig_avtale": null,
        "url": "https://www.legelisten.no/tannpleiere/85242-iida-maria-stiina-outila",
        "address": "Grønnegata 86-88 9008 Tromsø"
      }
    },
    {
      "type": "Feature",
      "geometry": {
        "type": "Point",
        "coordinates": [
          10.588213,
          59.9162626
        ]
      },
      "properties": {
        "name": "Karen Natalie Vaquerizas Foster",
        "profession": "Tannpleier",
        "gender": "Kvinne",
        "age": "43 år",
        "specialization": null,
        "godkjenning": "Autorisasjon (2019)",
        "offentlig_avtale": null,
        "url": "https://www.legelisten.no/tannpleiere/85256-karen-natalie-vaquerizas-foster",
        "address": "Gamle Ringeriksvei 34 1318 Bekkestua"
      }
    },
    {
      "type": "Feature",
      "geometry": {
        "type": "Point",
        "coordinates": [
          10.9396896,
          60.8818411
        ]
      },
      "properties": {
        "name": "Ida Sveum",
        "profession": "Tannpleier",
        "gender": "Kvinne",
        "age": "42 år",
        "specialization": null,
        "godkjenning": "Autorisasjon (2019)",
        "offentlig_avtale": null,
        "url": "https://www.legelisten.no/tannpleiere/85257-ida-sveum",
        "address": "Nygata 9 2380 Brumunddal"
      }
    },
    {
      "type": "Feature",
      "geometry": {
        "type": "Point",
        "coordinates": [
          11.0799913,
          60.7961733
        ]
      },
      "properties": {
        "name": "Jette Varming Aabakken",
        "profession": "Tannpleier",
        "gender": "Kvinne",
        "age": "58 år",
        "specialization": null,
        "godkjenning": "Autorisasjon (2019)",
        "offentlig_avtale": null,
        "url": "https://www.legelisten.no/tannpleiere/85268-jette-varming-aabakken",
        "address": "Vangsveien 62 2317 Hamar"
      }
    },
    {
      "type": "Feature",
      "geometry": {
        "type": "Point",
        "coordinates": [
          10.7183085,
          59.9284569
        ]
      },
      "properties": {
        "name": "Ingrid Opheim Grendstad",
        "profession": "Tannpleier",
        "gender": "Kvinne",
        "age": "33 år",
        "specialization": null,
        "godkjenning": "Autorisasjon (2019)",
        "offentlig_avtale": null,
        "url": "https://www.legelisten.no/tannpleiere/85269-ingrid-opheim-grendstad",
        "address": "Valkyriegata 5 0366 Oslo"
      }
    },
    {
      "type": "Feature",
      "geometry": {
        "type": "Point",
        "coordinates": [
          18.9515972,
          69.6473602
        ]
      },
      "properties": {
        "name": "Carina Tårn Hansen",
        "profession": "Tannpleier",
        "gender": "Kvinne",
        "age": "33 år",
        "specialization": null,
        "godkjenning": "Autorisasjon (2019)",
        "offentlig_avtale": null,
        "url": "https://www.legelisten.no/tannpleiere/85273-carina-tarn-hansen",
        "address": "Grønnegata 32 9008 Tromsø"
      }
    },
    {
      "type": "Feature",
      "geometry": {
        "type": "Point",
        "coordinates": [
          18.9515972,
          69.6473602
        ]
      },
      "properties": {
        "name": "Frida Moen Myrmo",
        "profession": "Tannpleier",
        "gender": "Kvinne",
        "age": "30 år",
        "specialization": null,
        "godkjenning": "Autorisasjon (2019)",
        "offentlig_avtale": null,
        "url": "https://www.legelisten.no/tannpleiere/85275-frida-moen-myrmo",
        "address": "Grønnegata 32 9008 Tromsø"
      }
    },
    {
      "type": "Feature",
      "geometry": {
        "type": "Point",
        "coordinates": [
          10.621059,
          59.9073107
        ]
      },
      "properties": {
        "name": "Irmelina Nilsen",
        "profession": "Tannpleier",
        "gender": "Kvinne",
        "age": "29 år",
        "specialization": null,
        "godkjenning": "Autorisasjon (2019)",
        "offentlig_avtale": null,
        "url": "https://www.legelisten.no/tannpleiere/85282-irmelina-nilsen",
        "address": "Kilenveien 45 1366 Lysaker"
      }
    },
    {
      "type": "Feature",
      "geometry": {
        "type": "Point",
        "coordinates": [
          5.3318085,
          60.3892386
        ]
      },
      "properties": {
        "name": "Henriette Melbye Dingsør",
        "profession": "Tannpleier",
        "gender": "Kvinne",
        "age": "33 år",
        "specialization": null,
        "godkjenning": "Autorisasjon (2019)",
        "offentlig_avtale": null,
        "url": "https://www.legelisten.no/tannpleiere/85285-henriette-melbye-dingsor",
        "address": "Strømgaten 8 5015 Bergen"
      }
    },
    {
      "type": "Feature",
      "geometry": {
        "type": "Point",
        "coordinates": [
          5.1262458,
          60.3583721
        ]
      },
      "properties": {
        "name": "Linda Fjellanger",
        "profession": "Tannpleier",
        "gender": "Kvinne",
        "age": "40 år",
        "specialization": null,
        "godkjenning": "Autorisasjon (2019)",
        "offentlig_avtale": null,
        "url": "https://www.legelisten.no/tannpleiere/85286-linda-fjellanger",
        "address": "Sartorvegen 12 5353 Straume"
      }
    },
    {
      "type": "Feature",
      "geometry": {
        "type": "Point",
        "coordinates": [
          10.4593493,
          63.4349651
        ]
      },
      "properties": {
        "name": "Susanne Aagesen Sævik",
        "profession": "Tannpleier",
        "gender": "Kvinne",
        "age": "29 år",
        "specialization": null,
        "godkjenning": "Autorisasjon (2019)",
        "offentlig_avtale": null,
        "url": "https://www.legelisten.no/tannpleiere/85291-susanne-aagesen-saevik",
        "address": "Falkenborgvegen 35C, 2. etasje 7044 Trondheim"
      }
    },
    {
      "type": "Feature",
      "geometry": {
        "type": "Point",
        "coordinates": [
          5.1926064,
          60.427029
        ]
      },
      "properties": {
        "name": "Ingrid Vikestad",
        "profession": "Tannpleier",
        "gender": "Kvinne",
        "age": "32 år",
        "specialization": null,
        "godkjenning": "Autorisasjon (2019)",
        "offentlig_avtale": null,
        "url": "https://www.legelisten.no/tannpleiere/85294-ingrid-vikestad",
        "address": "Juvikflaten 14a 5008 Bergen"
      }
    },
    {
      "type": "Feature",
      "geometry": {
        "type": "Point",
        "coordinates": [
          6.3527647,
          62.4655697
        ]
      },
      "properties": {
        "name": "Sondre Helle Brekke",
        "profession": "Tannpleier",
        "gender": "Mann",
        "age": "30 år",
        "specialization": null,
        "godkjenning": "Autorisasjon (2019)",
        "offentlig_avtale": null,
        "url": "https://www.legelisten.no/tannpleiere/85299-sondre-helle-brekke",
        "address": "Langelandsveien 35 6010 Ålesund"
      }
    },
    {
      "type": "Feature",
      "geometry": {
        "type": "Point",
        "coordinates": [
          10.3023367,
          59.2214972
        ]
      },
      "properties": {
        "name": "Pernille Nygård Hansen",
        "profession": "Tannpleier",
        "gender": "Kvinne",
        "age": "35 år",
        "specialization": null,
        "godkjenning": "Autorisasjon (2019)",
        "offentlig_avtale": null,
        "url": "https://www.legelisten.no/tannpleiere/85300-pernille-nygard-hansen",
        "address": "Frederik Stangsgt. 1 3160 Stokke"
      }
    },
    {
      "type": "Feature",
      "geometry": null,
      "properties": {
        "name": "Line Benedikte Steiro Bråten",
        "profession": "Tannpleier",
        "gender": "Kvinne",
        "age": "29 år",
        "specialization": null,
        "godkjenning": "Autorisasjon (2019)",
        "offentlig_avtale": null,
        "url": "https://www.legelisten.no/tannpleiere/85304-line-benedikte-steiro-braten"
      }
    },
    {
      "type": "Feature",
      "geometry": {
        "type": "Point",
        "coordinates": [
          16.5425266,
          68.798477
        ]
      },
      "properties": {
        "name": "Sofie Regine Nilsen",
        "profession": "Tannpleier",
        "gender": "Kvinne",
        "age": "29 år",
        "specialization": null,
        "godkjenning": "Autorisasjon (2019)",
        "offentlig_avtale": null,
        "url": "https://www.legelisten.no/tannpleiere/85306-sofie-regine-nilsen",
        "address": "Storgata 9 9405 Harstad"
      }
    },
    {
      "type": "Feature",
      "geometry": {
        "type": "Point",
        "coordinates": [
          5.1262458,
          60.3583721
        ]
      },
      "properties": {
        "name": "Gabriele Antanaviciute",
        "profession": "Tannpleier",
        "gender": "Kvinne",
        "age": "28 år",
        "specialization": null,
        "godkjenning": "Autorisasjon (2019)",
        "offentlig_avtale": null,
        "url": "https://www.legelisten.no/tannpleiere/85310-gabriele-antanaviciute",
        "address": "Sartorvegen 12 5353 Straume"
      }
    },
    {
      "type": "Feature",
      "geometry": {
        "type": "Point",
        "coordinates": [
          10.5214593,
          59.8923323
        ]
      },
      "properties": {
        "name": "Christine Hauge",
        "profession": "Tannpleier",
        "gender": "Kvinne",
        "age": "64 år",
        "specialization": null,
        "godkjenning": "Autorisasjon (2020)",
        "offentlig_avtale": null,
        "url": "https://www.legelisten.no/tannpleiere/85320-christine-hauge",
        "address": "Løkketangen 12 A 1337 Sandvika"
      }
    },
    {
      "type": "Feature",
      "geometry": {
        "type": "Point",
        "coordinates": [
          11.0510772,
          59.9583388
        ]
      },
      "properties": {
        "name": "Ida Kristine Stray Eide",
        "profession": "Tannpleier",
        "gender": "Kvinne",
        "age": "31 år",
        "specialization": null,
        "godkjenning": "Autorisasjon (2020)",
        "offentlig_avtale": null,
        "url": "https://www.legelisten.no/tannpleiere/85331-ida-kristine-stray-eide",
        "address": "Stortorget 20 2000 Lillestrøm"
      }
    },
    {
      "type": "Feature",
      "geometry": {
        "type": "Point",
        "coordinates": [
          10.223784,
          59.1334541
        ]
      },
      "properties": {
        "name": "Sofie Berg Nordfjeldmark",
        "profession": "Tannpleier",
        "gender": "Kvinne",
        "age": "29 år",
        "specialization": null,
        "godkjenning": "Autorisasjon (2020)",
        "offentlig_avtale": null,
        "url": "https://www.legelisten.no/tannpleiere/85332-sofie-berg-nordfjeldmark",
        "address": "Jernbanealleen 35 3210 Sandefjord"
      }
    },
    {
      "type": "Feature",
      "geometry": {
        "type": "Point",
        "coordinates": [
          9.844035,
          63.2975903
        ]
      },
      "properties": {
        "name": "Vera Mitkina",
        "profession": "Tannpleier",
        "gender": "Kvinne",
        "age": "61 år",
        "specialization": null,
        "godkjenning": "Autorisasjon - Tannpleier (2023)Autorisasjon - Tannhelsesekretær (2020)",
        "offentlig_avtale": null,
        "url": "https://www.legelisten.no/tannpleiere/85340-vera-mitkina",
        "address": "Orkdalsveien 113 7300 Orkanger"
      }
    },
    {
      "type": "Feature",
      "geometry": {
        "type": "Point",
        "coordinates": [
          10.7151642,
          59.9292384
        ]
      },
      "properties": {
        "name": "Jorid Anna Kongsvoll",
        "profession": "Tannpleier",
        "gender": "Kvinne",
        "age": "28 år",
        "specialization": null,
        "godkjenning": "Autorisasjon (2020)",
        "offentlig_avtale": null,
        "url": "https://www.legelisten.no/tannpleiere/85341-jorid-anna-kongsvoll",
        "address": "Kirkeveien 64A 0364 Oslo"
      }
    },
    {
      "type": "Feature",
      "geometry": {
        "type": "Point",
        "coordinates": [
          18.9515972,
          69.6473602
        ]
      },
      "properties": {
        "name": "Fanny Maria Lindholm",
        "profession": "Tannpleier",
        "gender": "Kvinne",
        "age": "29 år",
        "specialization": null,
        "godkjenning": "Autorisasjon (2020)",
        "offentlig_avtale": null,
        "url": "https://www.legelisten.no/tannpleiere/85343-fanny-maria-lindholm",
        "address": "Grønnegata 32 9008 Tromsø"
      }
    },
    {
      "type": "Feature",
      "geometry": {
        "type": "Point",
        "coordinates": [
          11.4672122,
          60.1211063
        ]
      },
      "properties": {
        "name": "Yosra El Bakri",
        "profession": "Tannpleier",
        "gender": "Kvinne",
        "age": "24 år",
        "specialization": null,
        "godkjenning": "Autorisasjon - Tannpleier (2024)Autorisasjon - Tannhelsesekretær (2020)",
        "offentlig_avtale": null,
        "url": "https://www.legelisten.no/tannpleiere/85345-yosra-el-bakri",
        "address": "Seterstøavegen 2A 2150 Årnes"
      }
    },
    {
      "type": "Feature",
      "geometry": {
        "type": "Point",
        "coordinates": [
          11.072605,
          60.793891
        ]
      },
      "properties": {
        "name": "Kristin Varegg Fjøsne-Eide",
        "profession": "Tannpleier",
        "gender": "Kvinne",
        "age": "38 år",
        "specialization": null,
        "godkjenning": "Autorisasjon (2020)",
        "offentlig_avtale": null,
        "url": "https://www.legelisten.no/tannpleiere/85348-kristin-varegg-fjosne-eide",
        "address": "Torggata 44 2317 Hamar"
      }
    },
    {
      "type": "Feature",
      "geometry": {
        "type": "Point",
        "coordinates": [
          9.6495681,
          59.6717964
        ]
      },
      "properties": {
        "name": "Lydia Budak",
        "profession": "Tannpleier",
        "gender": "Kvinne",
        "age": "32 år",
        "specialization": null,
        "godkjenning": "Autorisasjon (2020)",
        "offentlig_avtale": null,
        "url": "https://www.legelisten.no/tannpleiere/85353-lydia-budak",
        "address": "Herman Foss gate 4 3611 Kongsberg"
      }
    },
    {
      "type": "Feature",
      "geometry": {
        "type": "Point",
        "coordinates": [
          10.6373378,
          59.9124013
        ]
      },
      "properties": {
        "name": "Anja Michelle Prytz Rydjord",
        "profession": "Tannpleier",
        "gender": "Kvinne",
        "age": "35 år",
        "specialization": null,
        "godkjenning": "Autorisasjon (2020)",
        "offentlig_avtale": null,
        "url": "https://www.legelisten.no/tannpleiere/85357-anja-michelle-prytz-rydjord",
        "address": "Lysaker torg 5 1366 Lysaker"
      }
    },
    {
      "type": "Feature",
      "geometry": {
        "type": "Point",
        "coordinates": [
          10.7733339,
          59.9479885
        ]
      },
      "properties": {
        "name": "Aisha Afzal",
        "profession": "Tannpleier",
        "gender": "Kvinne",
        "age": "27 år",
        "specialization": null,
        "godkjenning": "Autorisasjon (2020)",
        "offentlig_avtale": null,
        "url": "https://www.legelisten.no/tannpleiere/85358-aisha-afzal",
        "address": "Nydalen allé 71 0485 Oslo"
      }
    },
    {
      "type": "Feature",
      "geometry": {
        "type": "Point",
        "coordinates": [
          10.7493635,
          59.9128165
        ]
      },
      "properties": {
        "name": "Juan Chen Sonnevelt",
        "profession": "Tannpleier",
        "gender": "Kvinne",
        "age": "38 år",
        "specialization": null,
        "godkjenning": "Autorisasjon (2020)",
        "offentlig_avtale": null,
        "url": "https://www.legelisten.no/tannpleiere/85361-juan-chen-sonnevelt",
        "address": "Skippergata 33, 2 etg 0154 Oslo"
      }
    },
    {
      "type": "Feature",
      "geometry": {
        "type": "Point",
        "coordinates": [
          10.2049437,
          59.7429612
        ]
      },
      "properties": {
        "name": "Marte Nygård",
        "profession": "Tannpleier",
        "gender": "Kvinne",
        "age": "33 år",
        "specialization": null,
        "godkjenning": "Autorisasjon (2020)",
        "offentlig_avtale": null,
        "url": "https://www.legelisten.no/tannpleiere/85362-marte-nygard",
        "address": "Bragernes Torg 13 3017 Drammen"
      }
    },
    {
      "type": "Feature",
      "geometry": {
        "type": "Point",
        "coordinates": [
          5.3240971,
          60.4651169
        ]
      },
      "properties": {
        "name": "Annike Pahr",
        "profession": "Tannpleier",
        "gender": "Kvinne",
        "age": "38 år",
        "specialization": null,
        "godkjenning": "Autorisasjon (2020)",
        "offentlig_avtale": null,
        "url": "https://www.legelisten.no/tannpleiere/85373-annike-pahr",
        "address": "Åsane Senter 37 5116 Ulset"
      }
    },
    {
      "type": "Feature",
      "geometry": {
        "type": "Point",
        "coordinates": [
          11.3866445,
          59.1193276
        ]
      },
      "properties": {
        "name": "Marziyeh Karimi",
        "profession": "Tannpleier",
        "gender": "Kvinne",
        "age": "34 år",
        "specialization": null,
        "godkjenning": "Autorisasjon (2020)",
        "offentlig_avtale": null,
        "url": "https://www.legelisten.no/tannpleiere/85394-marziyeh-karimi",
        "address": "Storgata 2A 1767 Halden"
      }
    },
    {
      "type": "Feature",
      "geometry": {
        "type": "Point",
        "coordinates": [
          10.6373378,
          59.9124013
        ]
      },
      "properties": {
        "name": "Frida Hammergren Grossmann",
        "profession": "Tannpleier",
        "gender": "Kvinne",
        "age": "29 år",
        "specialization": null,
        "godkjenning": "Autorisasjon (2021)",
        "offentlig_avtale": null,
        "url": "https://www.legelisten.no/tannpleiere/85407-frida-hammergren-grossmann",
        "address": "Lysaker torg 5 1366 Lysaker"
      }
    },
    {
      "type": "Feature",
      "geometry": {
        "type": "Point",
        "coordinates": [
          10.053891,
          59.7589086
        ]
      },
      "properties": {
        "name": "Malin Elisabeth Vannebo",
        "profession": "Tannpleier",
        "gender": "Kvinne",
        "age": "27 år",
        "specialization": null,
        "godkjenning": "Autorisasjon (2021)",
        "offentlig_avtale": null,
        "url": "https://www.legelisten.no/tannpleiere/85409-malin-elisabeth-vannebo",
        "address": "Gamle Riksvei 162A 3058 Solbergmoen"
      }
    },
    {
      "type": "Feature",
      "geometry": {
        "type": "Point",
        "coordinates": [
          10.9396896,
          60.8818411
        ]
      },
      "properties": {
        "name": "Gina Engeland Kilmark",
        "profession": "Tannpleier",
        "gender": "Kvinne",
        "age": "27 år",
        "specialization": null,
        "godkjenning": "Autorisasjon (2021)",
        "offentlig_avtale": null,
        "url": "https://www.legelisten.no/tannpleiere/85415-gina-engeland-kilmark",
        "address": "Nygata 9 2380 Brumunddal"
      }
    },
    {
      "type": "Feature",
      "geometry": {
        "type": "Point",
        "coordinates": [
          10.7281872,
          59.9223239
        ]
      },
      "properties": {
        "name": "Fatima Al-Askari",
        "profession": "Tannpleier",
        "gender": "Kvinne",
        "age": "28 år",
        "specialization": null,
        "godkjenning": "Autorisasjon (2021)",
        "offentlig_avtale": null,
        "url": "https://www.legelisten.no/tannpleiere/85431-fatima-al-askari",
        "address": "Oscars gate 20 0352 Oslo"
      }
    },
    {
      "type": "Feature",
      "geometry": {
        "type": "Point",
        "coordinates": [
          10.4954985,
          63.4284682
        ]
      },
      "properties": {
        "name": "Giamy Vu Haarberg",
        "profession": "Tannpleier",
        "gender": "Kvinne",
        "age": "26 år",
        "specialization": null,
        "godkjenning": "Autorisasjon (2021)",
        "offentlig_avtale": null,
        "url": "https://www.legelisten.no/tannpleiere/85435-giamy-vu-haarberg",
        "address": "Jakobslivegen 1 7058 Jakobsli"
      }
    },
    {
      "type": "Feature",
      "geometry": {
        "type": "Point",
        "coordinates": [
          5.2349911,
          60.3631158
        ]
      },
      "properties": {
        "name": "Ngoc Anh-Camilla Nguyen",
        "profession": "Tannpleier",
        "gender": "Kvinne",
        "age": "26 år",
        "specialization": null,
        "godkjenning": "Autorisasjon (2021)",
        "offentlig_avtale": null,
        "url": "https://www.legelisten.no/tannpleiere/85441-ngoc-anh-camilla-nguyen",
        "address": "Lyderhornsveien 353 5171 Loddefjord"
      }
    },
    {
      "type": "Feature",
      "geometry": null,
      "properties": {
        "name": "Benedicte Wichstrøm Kilde",
        "profession": "Tannpleier",
        "gender": "Kvinne",
        "age": "27 år",
        "specialization": null,
        "godkjenning": "Autorisasjon (2021)",
        "offentlig_avtale": null,
        "url": "https://www.legelisten.no/tannpleiere/85444-benedicte-wichstrom-kilde"
      }
    },
    {
      "type": "Feature",
      "geometry": {
        "type": "Point",
        "coordinates": [
          5.3469713,
          60.3626093
        ]
      },
      "properties": {
        "name": "Malin Bergman Nilsson",
        "profession": "Tannpleier",
        "gender": "Kvinne",
        "age": "26 år",
        "specialization": null,
        "godkjenning": "Autorisasjon (2021)",
        "offentlig_avtale": null,
        "url": "https://www.legelisten.no/tannpleiere/85449-malin-bergman-nilsson",
        "address": "Kanalveien 64 5068 Bergen"
      }
    },
    {
      "type": "Feature",
      "geometry": {
        "type": "Point",
        "coordinates": [
          10.8101517,
          59.860563
        ]
      },
      "properties": {
        "name": "Oda Nordberg",
        "profession": "Tannpleier",
        "gender": "Kvinne",
        "age": "31 år",
        "specialization": null,
        "godkjenning": "Autorisasjon (2021)",
        "offentlig_avtale": null,
        "url": "https://www.legelisten.no/tannpleiere/85450-oda-nordberg",
        "address": "Nordstrandveien 62 1164 Oslo"
      }
    },
    {
      "type": "Feature",
      "geometry": {
        "type": "Point",
        "coordinates": [
          10.6373378,
          59.9124013
        ]
      },
      "properties": {
        "name": "Amanda Tofte",
        "profession": "Tannpleier",
        "gender": "Kvinne",
        "age": "27 år",
        "specialization": null,
        "godkjenning": "Autorisasjon (2021)",
        "offentlig_avtale": null,
        "url": "https://www.legelisten.no/tannpleiere/85456-amanda-tofte",
        "address": "Lysaker torg 5 1366 Lysaker"
      }
    },
    {
      "type": "Feature",
      "geometry": {
        "type": "Point",
        "coordinates": [
          6.1581713,
          62.4717372
        ]
      },
      "properties": {
        "name": "Aniko Nagy",
        "profession": "Tannpleier",
        "gender": "Kvinne",
        "age": "38 år",
        "specialization": null,
        "godkjenning": "Autorisasjon (2021)",
        "offentlig_avtale": null,
        "url": "https://www.legelisten.no/tannpleiere/85457-aniko-nagy",
        "address": "Keiser Wilhelms Gate 25 6003 Ålesund"
      }
    },
    {
      "type": "Feature",
      "geometry": {
        "type": "Point",
        "coordinates": [
          5.2837364,
          60.2927262
        ]
      },
      "properties": {
        "name": "Zukhra Bagaudinovna Medova",
        "profession": "Tannpleier",
        "gender": "Kvinne",
        "age": "31 år",
        "specialization": null,
        "godkjenning": "Autorisasjon (2021)",
        "offentlig_avtale": null,
        "url": "https://www.legelisten.no/tannpleiere/85459-zukhra-bagaudinovna-medova",
        "address": "Sandslihaugen 10 5254 Sandsli"
      }
    },
    {
      "type": "Feature",
      "geometry": {
        "type": "Point",
        "coordinates": [
          5.2349911,
          60.3631158
        ]
      },
      "properties": {
        "name": "Malin Rundereim Haukaas",
        "profession": "Tannpleier",
        "gender": "Kvinne",
        "age": "26 år",
        "specialization": null,
        "godkjenning": "Autorisasjon (2021)",
        "offentlig_avtale": null,
        "url": "https://www.legelisten.no/tannpleiere/85460-malin-rundereim-haukaas",
        "address": "Lyderhornsveien 353 5171 Loddefjord"
      }
    },
    {
      "type": "Feature",
      "geometry": {
        "type": "Point",
        "coordinates": [
          10.189619,
          59.7475738
        ]
      },
      "properties": {
        "name": "Cornelia Duyen Huynh",
        "profession": "Tannpleier",
        "gender": "Kvinne",
        "age": "29 år",
        "specialization": null,
        "godkjenning": "Autorisasjon (2022)",
        "offentlig_avtale": null,
        "url": "https://www.legelisten.no/tannpleiere/85470-cornelia-duyen-huynh",
        "address": "Rosenkrantzgt. 17 3018 Drammen"
      }
    },
    {
      "type": "Feature",
      "geometry": {
        "type": "Point",
        "coordinates": [
          10.2739324,
          63.2896856
        ]
      },
      "properties": {
        "name": "Gudrun Storsveen Sæta",
        "profession": "Tannpleier",
        "gender": "Kvinne",
        "age": "27 år",
        "specialization": null,
        "godkjenning": "Autorisasjon (2022)",
        "offentlig_avtale": null,
        "url": "https://www.legelisten.no/tannpleiere/85484-gudrun-storsveen-saeta",
        "address": "Melhusveien 451 7224 Melhus"
      }
    },
    {
      "type": "Feature",
      "geometry": {
        "type": "Point",
        "coordinates": [
          10.7733339,
          59.9479885
        ]
      },
      "properties": {
        "name": "Sathusha Kunarasalingam",
        "profession": "Tannpleier",
        "gender": "Kvinne",
        "age": "27 år",
        "specialization": null,
        "godkjenning": "Autorisasjon (2022)",
        "offentlig_avtale": null,
        "url": "https://www.legelisten.no/tannpleiere/85489-sathusha-kunarasalingam",
        "address": "Nydalen allé 71 0485 Oslo"
      }
    },
    {
      "type": "Feature",
      "geometry": null,
      "properties": {
        "name": "Elinar Arifova Etemova",
        "profession": "Tannpleier",
        "gender": "Kvinne",
        "age": "27 år",
        "specialization": null,
        "godkjenning": "Autorisasjon (2022)",
        "offentlig_avtale": null,
        "url": "https://www.legelisten.no/tannpleiere/85494-elinar-arifova-etemova",
        "address": "Sentrumsveien 4 1400 Ski"
      }
    },
    {
      "type": "Feature",
      "geometry": {
        "type": "Point",
        "coordinates": [
          10.588213,
          59.9162626
        ]
      },
      "properties": {
        "name": "Karen Elisabeth Hoddø Hesthammer",
        "profession": "Tannpleier",
        "gender": "Kvinne",
        "age": "31 år",
        "specialization": null,
        "godkjenning": "Autorisasjon (2022)",
        "offentlig_avtale": null,
        "url": "https://www.legelisten.no/tannpleiere/85498-karen-elisabeth-hoddo-hesthammer",
        "address": "Gamle Ringeriksvei 34 1318 Bekkestua"
      }
    },
    {
      "type": "Feature",
      "geometry": {
        "type": "Point",
        "coordinates": [
          10.7412964,
          59.9138211
        ]
      },
      "properties": {
        "name": "Gabija Pasakarnyte",
        "profession": "Tannpleier",
        "gender": "Kvinne",
        "age": "25 år",
        "specialization": null,
        "godkjenning": "Autorisasjon (2022)",
        "offentlig_avtale": null,
        "url": "https://www.legelisten.no/tannpleiere/85500-gabija-pasakarnyte",
        "address": "Lille Grensen 5 0159 Oslo"
      }
    },
    {
      "type": "Feature",
      "geometry": {
        "type": "Point",
        "coordinates": [
          16.5602781,
          68.7617313
        ]
      },
      "properties": {
        "name": "Juni Andrine Hamnli",
        "profession": "Tannpleier",
        "gender": "Kvinne",
        "age": "25 år",
        "specialization": null,
        "godkjenning": "Autorisasjon (2022)",
        "offentlig_avtale": null,
        "url": "https://www.legelisten.no/tannpleiere/85505-juni-andrine-hamnli",
        "address": "Strandåkeren 21 9414 Harstad"
      }
    },
    {
      "type": "Feature",
      "geometry": null,
      "properties": {
        "name": "Emmeline Hansen",
        "profession": "Tannpleier",
        "gender": "Kvinne",
        "age": "31 år",
        "specialization": null,
        "godkjenning": "Autorisasjon (2022)",
        "offentlig_avtale": null,
        "url": "https://www.legelisten.no/tannpleiere/85509-emmeline-hansen"
      }
    },
    {
      "type": "Feature",
      "geometry": {
        "type": "Point",
        "coordinates": [
          10.9541359,
          59.9270436
        ]
      },
      "properties": {
        "name": "My Linh Truong Tran",
        "profession": "Tannpleier",
        "gender": "Kvinne",
        "age": "26 år",
        "specialization": null,
        "godkjenning": "Autorisasjon (2022)",
        "offentlig_avtale": null,
        "url": "https://www.legelisten.no/tannpleiere/85515-my-linh-truong-tran",
        "address": "Skårersletta 10 1473 Lørenskog"
      }
    },
    {
      "type": "Feature",
      "geometry": {
        "type": "Point",
        "coordinates": [
          5.5017202,
          59.7809311
        ]
      },
      "properties": {
        "name": "Aurora Lyngvær",
        "profession": "Tannpleier",
        "gender": "Kvinne",
        "age": "29 år",
        "specialization": null,
        "godkjenning": "Autorisasjon (2022)",
        "offentlig_avtale": null,
        "url": "https://www.legelisten.no/tannpleiere/85519-aurora-lyngvaer",
        "address": "Borggata 9 5417 Stord"
      }
    },
    {
      "type": "Feature",
      "geometry": {
        "type": "Point",
        "coordinates": [
          5.3240971,
          60.4651169
        ]
      },
      "properties": {
        "name": "Therese Melieva",
        "profession": "Tannpleier",
        "gender": "Kvinne",
        "age": "29 år",
        "specialization": null,
        "godkjenning": "Autorisasjon (2022)",
        "offentlig_avtale": null,
        "url": "https://www.legelisten.no/tannpleiere/85521-therese-melieva",
        "address": "Åsane Senter 37 5116 Ulset"
      }
    },
    {
      "type": "Feature",
      "geometry": {
        "type": "Point",
        "coordinates": [
          5.8162393,
          62.278959
        ]
      },
      "properties": {
        "name": "Ingrid Elisabet Myking",
        "profession": "Tannpleier",
        "gender": "Kvinne",
        "age": "37 år",
        "specialization": null,
        "godkjenning": "Autorisasjon (2022)",
        "offentlig_avtale": null,
        "url": "https://www.legelisten.no/tannpleiere/85524-ingrid-elisabet-myking",
        "address": "Industrivegen 19 6080 Gurskøy"
      }
    },
    {
      "type": "Feature",
      "geometry": {
        "type": "Point",
        "coordinates": [
          5.3535982,
          60.3191147
        ]
      },
      "properties": {
        "name": "Rebekka Kristine Kirketeig",
        "profession": "Tannpleier",
        "gender": "Kvinne",
        "age": "28 år",
        "specialization": null,
        "godkjenning": "Autorisasjon (2022)",
        "offentlig_avtale": null,
        "url": "https://www.legelisten.no/tannpleiere/85532-rebekka-kristine-kirketeig",
        "address": "Østre Nesttunvegen 2 5221 Nesttun"
      }
    },
    {
      "type": "Feature",
      "geometry": {
        "type": "Point",
        "coordinates": [
          6.1581713,
          62.4717372
        ]
      },
      "properties": {
        "name": "Sara Habtegebriel Siyom",
        "profession": "Tannpleier",
        "gender": "Kvinne",
        "age": "25 år",
        "specialization": null,
        "godkjenning": "Autorisasjon (2022)",
        "offentlig_avtale": null,
        "url": "https://www.legelisten.no/tannpleiere/85534-sara-habtegebriel-siyom",
        "address": "Keiser Wilhelms Gate 25 6003 Ålesund"
      }
    },
    {
      "type": "Feature",
      "geometry": {
        "type": "Point",
        "coordinates": [
          11.07338,
          60.7917563
        ]
      },
      "properties": {
        "name": "Moa Amanda Fredriksson",
        "profession": "Tannpleier",
        "gender": "Kvinne",
        "age": "34 år",
        "specialization": null,
        "godkjenning": "Autorisasjon (2022)",
        "offentlig_avtale": null,
        "url": "https://www.legelisten.no/tannpleiere/85535-moa-amanda-fredriksson",
        "address": "Lille Strandgate 3 2317 Hamar"
      }
    },
    {
      "type": "Feature",
      "geometry": {
        "type": "Point",
        "coordinates": [
          10.7225226,
          59.9150012
        ]
      },
      "properties": {
        "name": "Hafsa Musse Mahamed Hassan",
        "profession": "Tannpleier",
        "gender": "Kvinne",
        "age": "28 år",
        "specialization": null,
        "godkjenning": "Autorisasjon (2022)",
        "offentlig_avtale": null,
        "url": "https://www.legelisten.no/tannpleiere/85543-hafsa-musse-mahamed-hassan",
        "address": "Parkveien 60 0254 Oslo"
      }
    },
    {
      "type": "Feature",
      "geometry": {
        "type": "Point",
        "coordinates": [
          5.321436,
          60.3928098
        ]
      },
      "properties": {
        "name": "Ane Bøthun Leganger",
        "profession": "Tannpleier",
        "gender": "Kvinne",
        "age": "35 år",
        "specialization": null,
        "godkjenning": "Autorisasjon (2023)",
        "offentlig_avtale": null,
        "url": "https://www.legelisten.no/tannpleiere/85546-ane-bothun-leganger",
        "address": "Markeveien 4C 5012 Bergen"
      }
    },
    {
      "type": "Feature",
      "geometry": {
        "type": "Point",
        "coordinates": [
          18.9589089,
          69.6504473
        ]
      },
      "properties": {
        "name": "Elin Betten",
        "profession": "Tannpleier",
        "gender": "Kvinne",
        "age": "26 år",
        "specialization": null,
        "godkjenning": "Autorisasjon (2023)",
        "offentlig_avtale": null,
        "url": "https://www.legelisten.no/tannpleiere/85558-elin-betten",
        "address": "Sjøgata 31-33, Helsehuset 9008 Tromsø"
      }
    },
    {
      "type": "Feature",
      "geometry": {
        "type": "Point",
        "coordinates": [
          10.842591,
          59.8674194
        ]
      },
      "properties": {
        "name": "Celin Riis",
        "profession": "Tannpleier",
        "gender": "Kvinne",
        "age": "24 år",
        "specialization": null,
        "godkjenning": "Autorisasjon (2023)",
        "offentlig_avtale": null,
        "url": "https://www.legelisten.no/tannpleiere/85576-celin-riis",
        "address": "Olaf Helsets vei 5 0694 Oslo"
      }
    },
    {
      "type": "Feature",
      "geometry": {
        "type": "Point",
        "coordinates": [
          5.2618608,
          59.1492511
        ]
      },
      "properties": {
        "name": "Malin Bårdsen",
        "profession": "Tannpleier",
        "gender": "Kvinne",
        "age": "26 år",
        "specialization": null,
        "godkjenning": "Autorisasjon (2023)",
        "offentlig_avtale": null,
        "url": "https://www.legelisten.no/tannpleiere/85587-malin-bardsen",
        "address": "Havnafjellet 1 4280 Skudeneshavn"
      }
    },
    {
      "type": "Feature",
      "geometry": {
        "type": "Point",
        "coordinates": [
          10.4555616,
          63.4361474
        ]
      },
      "properties": {
        "name": "Charlotte Olsen",
        "profession": "Tannpleier",
        "gender": "Kvinne",
        "age": "29 år",
        "specialization": null,
        "godkjenning": "Autorisasjon (2023)",
        "offentlig_avtale": null,
        "url": "https://www.legelisten.no/tannpleiere/85588-charlotte-olsen",
        "address": "Falkenborgveien 9, Sirkus shopping 7044 Trondheim"
      }
    },
    {
      "type": "Feature",
      "geometry": {
        "type": "Point",
        "coordinates": [
          5.3535982,
          60.3191147
        ]
      },
      "properties": {
        "name": "Martine Hauge Ludvigsen",
        "profession": "Tannpleier",
        "gender": "Kvinne",
        "age": "27 år",
        "specialization": null,
        "godkjenning": "Autorisasjon (2023)",
        "offentlig_avtale": null,
        "url": "https://www.legelisten.no/tannpleiere/85591-martine-hauge-ludvigsen",
        "address": "Østre Nesttunvegen 2 5221 Nesttun"
      }
    },
    {
      "type": "Feature",
      "geometry": {
        "type": "Point",
        "coordinates": [
          10.2739324,
          63.2896856
        ]
      },
      "properties": {
        "name": "Amalie Valskrå Toresen",
        "profession": "Tannpleier",
        "gender": "Kvinne",
        "age": "29 år",
        "specialization": null,
        "godkjenning": "Autorisasjon - Tannpleier (2023)Autorisasjon (2023)",
        "offentlig_avtale": null,
        "url": "https://www.legelisten.no/tannpleiere/85614-amalie-valskra-toresen",
        "address": "Melhusveien 451 7224 Melhus"
      }
    },
    {
      "type": "Feature",
      "geometry": {
        "type": "Point",
        "coordinates": [
          11.9982056,
          60.1922949
        ]
      },
      "properties": {
        "name": "Estera Katarzyna Jonca",
        "profession": "Tannpleier",
        "gender": "Kvinne",
        "age": "37 år",
        "specialization": null,
        "godkjenning": "Autorisasjon (2024)",
        "offentlig_avtale": null,
        "url": "https://www.legelisten.no/tannpleiere/85628-estera-katarzyna-jonca",
        "address": "Parkveien 7 2202 Kongsvinger"
      }
    },
    {
      "type": "Feature",
      "geometry": {
        "type": "Point",
        "coordinates": [
          10.2205004,
          59.1310595
        ]
      },
      "properties": {
        "name": "Dina Marie Henriksen",
        "profession": "Tannpleier",
        "gender": "Kvinne",
        "age": "29 år",
        "specialization": null,
        "godkjenning": "Autorisasjon (2024)",
        "offentlig_avtale": null,
        "url": "https://www.legelisten.no/tannpleiere/85636-dina-marie-henriksen",
        "address": "Aagaardsplass 1 3211 Sandefjord"
      }
    },
    {
      "type": "Feature",
      "geometry": {
        "type": "Point",
        "coordinates": [
          11.07338,
          60.7917563
        ]
      },
      "properties": {
        "name": "Ingrid Roen Landvik",
        "profession": "Tannpleier",
        "gender": "Kvinne",
        "age": "28 år",
        "specialization": null,
        "godkjenning": "Autorisasjon (2024)",
        "offentlig_avtale": null,
        "url": "https://www.legelisten.no/tannpleiere/85640-ingrid-roen-landvik",
        "address": "Lille Strandgate 3 2317 Hamar"
      }
    },
    {
      "type": "Feature",
      "geometry": {
        "type": "Point",
        "coordinates": [
          15.4148737,
          68.6936127
        ]
      },
      "properties": {
        "name": "Erlend Mikkelsen",
        "profession": "Tannpleier",
        "gender": "Mann",
        "age": "28 år",
        "specialization": null,
        "godkjenning": "Autorisasjon (2024)",
        "offentlig_avtale": null,
        "url": "https://www.legelisten.no/tannpleiere/85646-erlend-mikkelsen",
        "address": "Kjøpmannsgata 22 8400 Sortland"
      }
    },
    {
      "type": "Feature",
      "geometry": {
        "type": "Point",
        "coordinates": [
          16.5437177,
          68.7995696
        ]
      },
      "properties": {
        "name": "Nicoline Pedersen",
        "profession": "Tannpleier",
        "gender": "Kvinne",
        "age": "26 år",
        "specialization": null,
        "godkjenning": "Autorisasjon (2024)",
        "offentlig_avtale": null,
        "url": "https://www.legelisten.no/tannpleiere/85652-nicoline-pedersen",
        "address": "Torvet 1b 9405 Harstad"
      }
    },
    {
      "type": "Feature",
      "geometry": {
        "type": "Point",
        "coordinates": [
          10.3865829,
          63.4318949
        ]
      },
      "properties": {
        "name": "Emelie Myrvold",
        "profession": "Tannpleier",
        "gender": "Kvinne",
        "age": "23 år",
        "specialization": null,
        "godkjenning": "Autorisasjon (2024)",
        "offentlig_avtale": null,
        "url": "https://www.legelisten.no/tannpleiere/85654-emelie-myrvold",
        "address": "Sandgata 26A 7012 Trondheim"
      }
    },
    {
      "type": "Feature",
      "geometry": {
        "type": "Point",
        "coordinates": [
          11.0295379,
          59.9858465
        ]
      },
      "properties": {
        "name": "Alexandra Sasha Paz",
        "profession": "Tannpleier",
        "gender": "Kvinne",
        "age": "23 år",
        "specialization": null,
        "godkjenning": "Autorisasjon (2024)",
        "offentlig_avtale": null,
        "url": "https://www.legelisten.no/tannpleiere/85659-alexandra-sasha-paz",
        "address": "Lensmann Klevs vei 13 2019 Skedsmokorset"
      }
    },
    {
      "type": "Feature",
      "geometry": {
        "type": "Point",
        "coordinates": [
          10.1579766,
          59.7425313
        ]
      },
      "properties": {
        "name": "Tamara Taszity",
        "profession": "Tannpleier",
        "gender": "Kvinne",
        "age": "24 år",
        "specialization": null,
        "godkjenning": "Autorisasjon (2024)",
        "offentlig_avtale": null,
        "url": "https://www.legelisten.no/tannpleiere/85673-tamara-taszity",
        "address": "Guldlisten 35 3048 Drammen"
      }
    },
    {
      "type": "Feature",
      "geometry": {
        "type": "Point",
        "coordinates": [
          8.7515885,
          58.4584688
        ]
      },
      "properties": {
        "name": "Kristine Louise Berntzen Halvorsen",
        "profession": "Tannpleier",
        "gender": "Kvinne",
        "age": "25 år",
        "specialization": null,
        "godkjenning": "Autorisasjon (2024)",
        "offentlig_avtale": null,
        "url": "https://www.legelisten.no/tannpleiere/85675-kristine-louise-berntzen-halvorsen",
        "address": "Strømsbusletta 7b 4847 Arendal"
      }
    },
    {
      "type": "Feature",
      "geometry": {
        "type": "Point",
        "coordinates": [
          10.7414666,
          59.9240772
        ]
      },
      "properties": {
        "name": "Ellen Hodt Smith",
        "profession": "Tannpleier",
        "gender": "Kvinne",
        "age": "61 år",
        "specialization": null,
        "godkjenning": "Autorisasjon (2024)",
        "offentlig_avtale": null,
        "url": "https://www.legelisten.no/tannpleiere/85680-ellen-hodt-smith",
        "address": "Waldemar Thranes Gate 5 0171 Oslo"
      }
    },
    {
      "type": "Feature",
      "geometry": {
        "type": "Point",
        "coordinates": [
          5.5012433,
          59.7807738
        ]
      },
      "properties": {
        "name": "Mariel Warberg",
        "profession": "Tannpleier",
        "gender": "Kvinne",
        "age": "24 år",
        "specialization": null,
        "godkjenning": "Autorisasjon (2024)",
        "offentlig_avtale": null,
        "url": "https://www.legelisten.no/tannpleiere/85681-mariel-warberg",
        "address": "Borggata 5 5417 Stord"
      }
    },
    {
      "type": "Feature",
      "geometry": {
        "type": "Point",
        "coordinates": [
          5.2907714,
          60.5461716
        ]
      },
      "properties": {
        "name": "Veena Michelle Bajwa",
        "profession": "Tannpleier",
        "gender": "Kvinne",
        "age": "23 år",
        "specialization": null,
        "godkjenning": "Autorisasjon (2024)",
        "offentlig_avtale": null,
        "url": "https://www.legelisten.no/tannpleiere/85682-veena-michelle-bajwa",
        "address": "Kvassnesvegen 42 5914 Isdalstø"
      }
    },
    {
      "type": "Feature",
      "geometry": {
        "type": "Point",
        "coordinates": [
          10.3920927,
          63.4293483
        ]
      },
      "properties": {
        "name": "Ann-Dewi Cantik Torgersen",
        "profession": "Tannpleier",
        "gender": "Kvinne",
        "age": "23 år",
        "specialization": null,
        "godkjenning": "Autorisasjon (2024)",
        "offentlig_avtale": null,
        "url": "https://www.legelisten.no/tannpleiere/85683-ann-dewi-cantik-torgersen",
        "address": "Trenerys Gate 8, 3. etg 7042 Trondheim"
      }
    }
  ]
}