address,icon,lat,lon,name,offentlig_avtale,source_url
"Grensev. 99, 0663 Oslo",delete-alt,59.916811632424626,10.807186162408135,Apomed,,https://www.felleskatalogen.no/medisin/apotek/Oslo/apomed-gamle-oslo
"Aksdal Senter, Aksdalv., Postboks 143, 5575 Aksdal",delete-alt,59.42274136058922,5.4362917447592904,Apotek 1 Aksdal,,https://www.felleskatalogen.no/medisin/apotek/TysvaEr/apotek-1-aksdal-tysvaer
"Markv. 14, 9510 Alta",delete-alt,69.96774334204294,23.26608764742217,Apotek 1 Alta,,https://www.felleskatalogen.no/medisin/apotek/Alta/apotek-1-alta-alta
"Amanda Storsenter, Longhammarv. 27, 5536 Haugesund",delete-alt,59.39890018586513,5.327505075823325,Apotek 1 Amanda,,https://www.felleskatalogen.no/medisin/apotek/Haugesund/apotek-1-amanda-haugesund
"Amfi Voss, Hardangerv. 25, 5705 Voss",delete-alt,60.62789508487944,6.4323904677443,Apotek 1 Amfi Voss,,https://www.felleskatalogen.no/medisin/apotek/Voss/apotek-1-amfi-voss-voss
"Østre Strandg. 76 B, 4608 Kristiansand",delete-alt,58.14373009692004,8.006918717407524,Apotek 1 Aquarama,,https://www.felleskatalogen.no/medisin/apotek/Kristiansand/apotek-1-aquarama-kristiansand
"Arken Senter Steen & Strøm, Åsane Senter 39, 5116 Ulset",delete-alt,60.46597312419184,5.316216176806342,Apotek 1 Arken,,https://www.felleskatalogen.no/medisin/apotek/Bergen/apotek-1-arken-bergen
"Indre Arna-v. 175, 5261 Indre Arna",delete-alt,60.42222104006632,5.46229521945092,Apotek 1 Arna,,https://www.felleskatalogen.no/medisin/apotek/Indre_Arna/apotek-1-arna-indre-arna
"Strøket 9, Postboks 8, 1371 Asker",delete-alt,59.83841741780455,10.435517868623343,Apotek 1 Asker,,https://www.felleskatalogen.no/medisin/apotek/Asker/apotek-1-asker-asker
"Eidsbergv. 7, Postboks 613, 1833 Askim",delete-alt,59.58374150994022,11.172999524914283,Apotek 1 Askim,,https://www.felleskatalogen.no/medisin/apotek/Askim/apotek-1-askim-askim
"Amfi Askøy, Kleppev. 110, 5308 Kleppestø",delete-alt,60.42183865809207,5.20188018812951,Apotek 1 Askøy,,https://www.felleskatalogen.no/medisin/apotek/KleppestoE/apotek-1-askoey-kleppestoe
"Holmedalen 2 C, 5300 Kleppestø",delete-alt,60.404935998163374,5.2133223027564135,Apotek 1 Askøybroen,,https://www.felleskatalogen.no/medisin/apotek/KleppestoE/apotek-1-askoeybroen-kleppestoe
"Senterv. 7, 1929 Auli",delete-alt,60.03766986650553,11.346659858619807,Apotek 1 Auli,,https://www.felleskatalogen.no/medisin/apotek/Auli/apotek-1-auli-auli
"Birkelandsv. 2, 5392 Storebø",delete-alt,60.096139384868636,5.223709599628384,Apotek 1 Austevoll,,https://www.felleskatalogen.no/medisin/apotek/Austevoll/apotek-1-austevoll-austevoll
"Mastrevik Torg, Postboks 25 Mastrevik Torg, 5941 Austrheim",delete-alt,60.781446790177256,4.930942610888343,Apotek 1 Austrheim,,https://www.felleskatalogen.no/medisin/apotek/Austrheim/apotek-1-austrheim-austrheim
"Kong Augvaldsv. 6, 4262 Avaldsnes",delete-alt,59.35360313467362,5.277516391057841,Apotek 1 Avaldsnes,,https://www.felleskatalogen.no/medisin/apotek/Avaldsnes/apotek-1-avaldsnes-avaldsnes
"Averøyv. 24, 6530 Averøy",delete-alt,63.05313513635504,7.625982405910883,Apotek 1 Averøy,,https://www.felleskatalogen.no/medisin/apotek/AveroEy/apotek-1-averoey-averoey
"Sentrumsv. 22, 9040 Nordkjosbotn",delete-alt,69.21517568332386,19.56491361415289,Apotek 1 Balsfjord,,https://www.felleskatalogen.no/medisin/apotek/Nordkjosbotn/apotek-1-balsfjord-nordkjosbotn
"Gammelv. 8, Postboks 180, 9365 Bardu",delete-alt,68.85883658101923,18.338147633674645,Apotek 1 Bardu,,https://www.felleskatalogen.no/medisin/apotek/Bardu/apotek-1-bardu-bardu
"Begby Senter, Olav Kyrresv. 2, 1639 Gamle Fredrikstad",delete-alt,59.2173853299238,11.000847671712913,Apotek 1 Begby,,https://www.felleskatalogen.no/medisin/apotek/Fredrikstad/apotek-1-begby-fredrikstad
"Gamle Ringeriksv. 36, 1357 Bekkestua",delete-alt,59.91944889125299,10.585297111524987,Apotek 1 Bekkestua,,https://www.felleskatalogen.no/medisin/apotek/Bekkestua/apotek-1-bekkestua-bekkestua
"Strømg. 8, 5015 Bergen",delete-alt,60.389663634296134,5.324395096122526,Apotek 1 Bergen Storsenter,,https://www.felleskatalogen.no/medisin/apotek/Bergen/apotek-1-bergen-storsenter-bergen
"Bolagsg. 1, Postboks 1012, 8518 Narvik",delete-alt,68.43708977640965,17.422010463310123,Apotek 1 Bien - Narvik,,https://www.felleskatalogen.no/medisin/apotek/Narvik/apotek-1-bien-narvik-narvik
"Lietorget, Lieg. 10, 3717 Skien",delete-alt,59.20995518101639,9.60830275550679,Apotek 1 Bien - Skien,,https://www.felleskatalogen.no/medisin/apotek/Skien/apotek-1-bien-skien-skien
"Dalsbergstien 19, 0167 Oslo",delete-alt,59.921216393950054,10.730363157669641,Apotek 1 Bislett,,https://www.felleskatalogen.no/medisin/apotek/Oslo/apotek-1-bislett-st-hanshaugen
"Sverdrupsg. 23, 4007 Stavanger",delete-alt,58.969525915667205,5.717535119036991,Apotek 1 Bjergsted,,https://www.felleskatalogen.no/medisin/apotek/Stavanger/apotek-1-bjergsted-stavanger
"Rykenev. 109, 4824 Bjorbekk",delete-alt,58.439238417874925,8.704667280507165,Apotek 1 Bjorbekk,,https://www.felleskatalogen.no/medisin/apotek/Arendal/apotek-1-bjorbekk-arendal
"Bjugntorget, Sentrumsv. 6, Postboks 158, 7159 Bjugn",delete-alt,63.76943889645751,9.812597101678229,Apotek 1 Bjugn,,https://www.felleskatalogen.no/medisin/apotek/Bjugn/apotek-1-bjugn-bjugn
"Bjørkelangen Torg, Bjørkev. 22, 1940 Bjørkelangen",delete-alt,59.88744597032711,11.56767426164867,Apotek 1 Bjørkelangen,,https://www.felleskatalogen.no/medisin/apotek/BjoErkelangen/apotek-1-bjoerkelangen-bjoerkelangen
"Bjørndalssletta 13, 4633 Kristiansand",delete-alt,58.16027422824863,8.0140258655888,Apotek 1 Bjørndalssletta,,https://www.felleskatalogen.no/medisin/apotek/Kristiansand/apotek-1-bjoerndalssletta-kristiansand
"Roald Amundsensg. 28, Postboks 25, 1701 Sarpsborg",delete-alt,59.28418174243237,11.101381714044544,Apotek 1 Bjørnen - Sarpsborg,,https://www.felleskatalogen.no/medisin/apotek/Sarpsborg/apotek-1-bjoernen-sarpsborg-sarpsborg
"Rostockg. 130, 0194 Oslo",delete-alt,59.90864959367069,10.753369390445137,Apotek 1 Bjørvika,,https://www.felleskatalogen.no/medisin/apotek/Oslo/apotek-1-bjoervika-sentrum
"Blindheimshaugen 9, 6012 Ålesund",delete-alt,62.44016828351133,6.364177231117537,Apotek 1 Blindheim,,https://www.felleskatalogen.no/medisin/apotek/AAlesund/apotek-1-blindheim-aalesund
"Sjøg. 30, 8400 Sortland",delete-alt,68.6875024074206,15.411974244391633,Apotek 1 Blåbyen,,https://www.felleskatalogen.no/medisin/apotek/Sortland/apotek-1-blaabyen-sortland
"Brandtenborgg. 1, 3012 Drammen",delete-alt,59.73987277670611,10.2245403829384,Apotek 1 Brakerøya,,https://www.felleskatalogen.no/medisin/apotek/Drammen/apotek-1-brakeroeya-drammen
"Parkv. 2, 2760 Brandbu",delete-alt,60.42001055670595,10.505378013818975,Apotek 1 Brandbu,,https://www.felleskatalogen.no/medisin/apotek/Brandbu/apotek-1-brandbu-brandbu
"HSD Handelssenteret Ditt, Svortlandsv. 79, 5430 Bremnes",delete-alt,59.79403590161019,5.177841238505998,Apotek 1 Bremnes,,https://www.felleskatalogen.no/medisin/apotek/BoEmlo/apotek-1-bremnes-boemlo
"Brokelandsheia 23, 4993 Sundebru",delete-alt,58.820802097269926,9.077018024951201,Apotek 1 Brokelandsheia,,https://www.felleskatalogen.no/medisin/apotek/Sundebru/apotek-1-brokelandsheia-sundebru
"Brotorvet Senter, Gangv. 10, 3960 Stathelle",delete-alt,59.04356895905743,9.698597589118517,Apotek 1 Brotorvet,,https://www.felleskatalogen.no/medisin/apotek/Stathelle/apotek-1-brotorvet-stathelle
"Ganddalsg. 1, 4306 Sandnes",delete-alt,58.84338442673284,5.730250122194241,Apotek 1 Brueland,,https://www.felleskatalogen.no/medisin/apotek/Sandnes/apotek-1-brueland-sandnes
"Kronborgv. 34, 6813 Førde",delete-alt,61.44774065195766,5.884996607160988,Apotek 1 Brulandsvellene,,https://www.felleskatalogen.no/medisin/apotek/FoErde/apotek-1-brulandsvellene-foerde
"Mølla Storsenter, Brug. 16, Postboks 44, 2381 Brumunddal",delete-alt,60.880834411653915,10.93880914849072,Apotek 1 Brumunddal,,https://www.felleskatalogen.no/medisin/apotek/Brumunddal/apotek-1-brumunddal-brumunddal
"Østensjøv. 79, Postboks 10 Bryn, 0611 Oslo",delete-alt,59.904056230051026,10.81295230063002,Apotek 1 Bryn,,https://www.felleskatalogen.no/medisin/apotek/Oslo/apotek-1-bryn-bryn
"Brav. 55, 1782 Halden",delete-alt,59.140057889134404,11.372120678300849,Apotek 1 Brødløs Halden,,https://www.felleskatalogen.no/medisin/apotek/Halden/apotek-1-broedloes-halden-halden
"Storg. 74-76, Postboks 104, 8901 Brønnøysund",delete-alt,65.47430373637542,12.218404589063098,Apotek 1 Brønnøy,,https://www.felleskatalogen.no/medisin/apotek/BroEnnoEysund/apotek-1-broennoey-broennoeysund
"Sandsg. 20, 3055 Krokstadelva",delete-alt,59.755325239367735,9.997907215702066,Apotek 1 Buskerud Storsenter,,https://www.felleskatalogen.no/medisin/apotek/Krokstadelva/apotek-1-buskerud-storsenter-krokstadelva
"Salto Bysenteret, Rikard Kaarbøs plass 1, 9405 Harstad",delete-alt,68.80247525798968,16.549608778225906,Apotek 1 Bysenteret,,https://www.felleskatalogen.no/medisin/apotek/Harstad/apotek-1-bysenteret-harstad
"Bøg. 44, 3800 Bø i Telemark",delete-alt,59.40964219878409,9.06374937262806,Apotek 1 Bø,,https://www.felleskatalogen.no/medisin/apotek/BoE_i_Telemark/apotek-1-boe-boe-i-telemark
"Bømlo Storsenter, Bankbrekko 6, 5430 Bremnes",delete-alt,59.79724309771102,5.168948653787672,Apotek 1 Bømlo,,https://www.felleskatalogen.no/medisin/apotek/BoEmlo/apotek-1-boemlo-boemlo
"Haslev. 10, 0571 Oslo",delete-alt,59.92382825106167,10.781972484153403,Apotek 1 Carl Berner,,https://www.felleskatalogen.no/medisin/apotek/Oslo/apotek-1-carl-berner-carl-berner
"Trondheimsv. 127, 0565 Oslo",delete-alt,59.92381445828313,10.778910060189983,Apotek 1 Carl Berner Torg,,https://www.felleskatalogen.no/medisin/apotek/Oslo/apotek-1-carl-berner-torg-carl-berner
"Stormyra, 8008 Bodø",delete-alt,67.27790435618365,14.416217717137844,Apotek 1 City Nord,,https://www.felleskatalogen.no/medisin/apotek/BodoE/apotek-1-city-nord-bodoe
"Østre Rosten 28, 7075 Tiller",delete-alt,63.36455559360337,10.381404952035014,Apotek 1 City Syd,,https://www.felleskatalogen.no/medisin/apotek/Trondheim/apotek-1-city-syd-trondheim
"Digerneset Næringspark, 6260 Skodje",delete-alt,62.49094815718405,6.610914479077864,Apotek 1 Digerneset,,https://www.felleskatalogen.no/medisin/apotek/Skodje/apotek-1-digerneset-skodje
"Jernbaneg. 1, 2870 Dokka",delete-alt,60.83195460976932,10.068370613231366,Apotek 1 Dokka,,https://www.felleskatalogen.no/medisin/apotek/Dokka/apotek-1-dokka-dokka
"Sentralplassen 1 A, 2660 Dombås",delete-alt,62.07817190488199,9.126981626366627,Apotek 1 Dombås,,https://www.felleskatalogen.no/medisin/apotek/DombaAs/apotek-1-dombaas-dombaas
"Kåsmyra, Drangedalsv. 3285, 3750 Drangedal",delete-alt,59.08747167654261,9.062607686171862,Apotek 1 Drangedal,,https://www.felleskatalogen.no/medisin/apotek/Drangedal/apotek-1-drangedal-drangedal
"Drøbak City Handlesenter, Holterv. 3, Postboks 1085, 1442 Drøbak",delete-alt,59.67494060940639,10.651580482342924,Apotek 1 Drøbak City,,https://www.felleskatalogen.no/medisin/apotek/DroEbak/apotek-1-droebak-city-droebak
"Wienerbrødskjæringa 1, 1440 Drøbak",delete-alt,59.665371530530415,10.631038752609168,Apotek 1 Drøbak sentrum,,https://www.felleskatalogen.no/medisin/apotek/DroEbak/apotek-1-droebak-sentrum-droebak
"Dusavikv. 281 A, 4029 Stavanger",delete-alt,58.99320708562823,5.685301109275517,Apotek 1 Dusavik,,https://www.felleskatalogen.no/medisin/apotek/Stavanger/apotek-1-dusavik-stavanger
"Dvergsnesv. 180, 4639 Kristiansand S",delete-alt,58.13502845441981,8.076916791872994,Apotek 1 Dvergsnes,,https://www.felleskatalogen.no/medisin/apotek/Kristiansand/apotek-1-dvergsnes-kristiansand
"Eikunda Senteret, Fabrikkg. 2, 4370 Egersund",delete-alt,58.448924157868376,6.002749936203319,Apotek 1 Egersund,,https://www.felleskatalogen.no/medisin/apotek/Egersund/apotek-1-egersund-egersund
"Vormav. 25, 2080 Eidsvoll",delete-alt,60.329421701549826,11.252506558243146,Apotek 1 Eidsvoll,,https://www.felleskatalogen.no/medisin/apotek/Eidsvoll/apotek-1-eidsvoll-eidsvoll
"Nyv. 1, 2070 Råholt",delete-alt,60.287548198499216,11.17129136336457,Apotek 1 Eidsvoll Verk,,https://www.felleskatalogen.no/medisin/apotek/RaAholt/apotek-1-eidsvoll-verk-raaholt
"Rødhettev. 1 A, 3122 Tønsberg",delete-alt,59.293189634540205,10.414231593244482,Apotek 1 Eik,,https://www.felleskatalogen.no/medisin/apotek/ToEnsberg/apotek-1-eik-toensberg
"Eiker kjøpesenter, Prestebråtan 6, 3300 Hokksund",delete-alt,59.762848424358644,9.907382154565054,Apotek 1 Eiker Senter,,https://www.felleskatalogen.no/medisin/apotek/Hokksund/apotek-1-eiker-senter-hokksund
"Barbrov. 7, 3511 Hønefoss",delete-alt,60.154722428302414,10.252219035781383,Apotek 1 Eikli,,https://www.felleskatalogen.no/medisin/apotek/HoEnefoss/apotek-1-eikli-hoenefoss
"Niels Leuchs v. 50, 1359 Eiksmarka",delete-alt,59.947514962341025,10.622136954561302,Apotek 1 Eiksmarka,,https://www.felleskatalogen.no/medisin/apotek/BaErum/apotek-1-eiksmarka-baerum
"Haakon VII´s g. 9, 7041 Trondheim",delete-alt,63.443287795078064,10.440701259216919,Apotek 1 Elefanten Lade,,https://www.felleskatalogen.no/medisin/apotek/Trondheim/apotek-1-elefanten-lade-trondheim
"Amfi Elverum, Torgg. 2, 2408 Elverum",delete-alt,60.89032889693314,11.559496304304385,Apotek 1 Elverum,,https://www.felleskatalogen.no/medisin/apotek/Elverum/apotek-1-elverum-elverum
"Gladengv. 4, 0661 Oslo",delete-alt,59.91540684779242,10.796546551321788,Apotek 1 Ensjø,,https://www.felleskatalogen.no/medisin/apotek/Oslo/apotek-1-ensjoe-ensjoe
"Magnus Barfots v. 9 A, 4633 Kristiansand",delete-alt,58.17349567733231,8.0379175494249,Apotek 1 Fagerholt,,https://www.felleskatalogen.no/medisin/apotek/Kristiansand/apotek-1-fagerholt-kristiansand
"Orkdalsv. 547, 7320 Fannrem",delete-alt,63.26985634072125,9.816887016921518,Apotek 1 Fannrem,,https://www.felleskatalogen.no/medisin/apotek/Fannrem/apotek-1-fannrem-fannrem
"Vestersiden 1, 4550 Farsund",delete-alt,58.099573091994024,6.803338969038469,Apotek 1 Farsund,,https://www.felleskatalogen.no/medisin/apotek/Farsund/apotek-1-farsund-farsund
"Amfi Fauske Senter, Sjøg. 74, 8200 Fauske",delete-alt,67.2569732838383,15.391496704198987,Apotek 1 Fauske,,https://www.felleskatalogen.no/medisin/apotek/Fauske/apotek-1-fauske-fauske
"Fevik Senter, Feviktoppen 25, Postboks 53, 4889 Fevik",delete-alt,58.38109965540688,8.673567538153407,Apotek 1 Fevik,,https://www.felleskatalogen.no/medisin/apotek/Fevik/apotek-1-fevik-fevik
"Storg. 18, Postboks 394, 9305 Finnsnes",delete-alt,69.23386026724091,17.985934270192956,Apotek 1 Finnsnes,,https://www.felleskatalogen.no/medisin/apotek/Finnsnes/apotek-1-finnsnes-finnsnes
"Fjellhamar Torg, Haneborgv. 91, 1472 Fjellhamar",delete-alt,59.93751839612874,10.975512755135215,Apotek 1 Fjellhamar,,https://www.felleskatalogen.no/medisin/apotek/Fjellhamar/apotek-1-fjellhamar-fjellhamar
"Kjensliv. 1, 1911 Flateby",delete-alt,59.83108916245324,11.129820122019924,Apotek 1 Flateby,,https://www.felleskatalogen.no/medisin/apotek/Flateby/apotek-1-flateby-flateby
"Lundsen Senter, Brog. 13, Postboks 17, 4401 Flekkefjord",delete-alt,58.30035282722659,6.664220145799997,Apotek 1 Flekkefjord,,https://www.felleskatalogen.no/medisin/apotek/Flekkefjord/apotek-1-flekkefjord-flekkefjord
"Kaffeg. 9, 2270 Flisa",delete-alt,60.6139218003912,12.005117969591819,Apotek 1 Flisa,,https://www.felleskatalogen.no/medisin/apotek/Flisa/apotek-1-flisa-flisa
"Amfi Os, Prestegardskogen 2, 5210 Os",delete-alt,60.203505598551345,5.454078639673334,Apotek 1 Flåten,,https://www.felleskatalogen.no/medisin/apotek/Os/apotek-1-flaaten-os
"Fokserødv. 23, 3241 Sandefjord",delete-alt,59.17838271985225,10.216181473043143,Apotek 1 Fokserød,,https://www.felleskatalogen.no/medisin/apotek/Sandefjord/apotek-1-fokseroed-sandefjord
"Fornebu S, Snarøyv. 55, Postboks 1004 Fornebulandet, 1307 Fornebu",delete-alt,59.89214852163701,10.617419825285188,Apotek 1 Fornebu,,https://www.felleskatalogen.no/medisin/apotek/Fornebu/apotek-1-fornebu-fornebu
"Petroleums. 6, 4033 Stavanger",delete-alt,58.89165546622285,5.716725386902591,Apotek 1 Forus,,https://www.felleskatalogen.no/medisin/apotek/Stavanger/apotek-1-forus-stavanger
"Frakkagjerdv. 121, 5563 Førdesfjorden",delete-alt,59.4153703904444,5.400337041104176,Apotek 1 Frakkagjerd,,https://www.felleskatalogen.no/medisin/apotek/TysvaEr/apotek-1-frakkagjerd-tysvaer
"Torvgården, Vognmannsg. 5, 3187 Horten",delete-alt,59.41842223937385,10.485427807024092,Apotek 1 Fram Horten,,https://www.felleskatalogen.no/medisin/apotek/Horten/apotek-1-fram-horten-horten
"Frognerv. 40, 0266 Oslo",delete-alt,59.91915267980227,10.710978996600026,Apotek 1 Frogner,,https://www.felleskatalogen.no/medisin/apotek/Oslo/apotek-1-frogner-frogner
"Krags g. 124, 4950 Risør",delete-alt,58.72216759649158,9.21501222783736,Apotek 1 Frydendal Risør,,https://www.felleskatalogen.no/medisin/apotek/RisoEr/apotek-1-frydendal-risoer-risoer
"Rådhusg. 12, 7260 Sistranda",delete-alt,63.7255013837415,8.829955093640732,Apotek 1 Frøya,,https://www.felleskatalogen.no/medisin/apotek/FroEya/apotek-1-froeya-froeya
"Morkamyra 4, 6105 Volda",delete-alt,62.17675739179358,6.046250963363274,Apotek 1 Furene,,https://www.felleskatalogen.no/medisin/apotek/Volda/apotek-1-furene-volda
"Furnesv. 56, 2380 Brumunddal",delete-alt,60.87909375456486,10.954438889293362,Apotek 1 Furnesvegen Brumunddal,,https://www.felleskatalogen.no/medisin/apotek/Brumunddal/apotek-1-furnesvegen-brumunddal-brumunddal
"Hjalmar Brantings v. 2, 5143 Fyllingsdalen",delete-alt,60.34660300346722,5.280755104382736,Apotek 1 Fyllingsdalen Knudsenkvartalet,,https://www.felleskatalogen.no/medisin/apotek/Fyllingsdalen/apotek-1-fyllingsdalen-knudsenkvartalet-fyllingsdalen
"Storehagen 9, Postboks 98, 6801 Førde",delete-alt,61.452972586640186,5.849958637017464,Apotek 1 Førde,,https://www.felleskatalogen.no/medisin/apotek/FoErde/apotek-1-foerde-foerde
"Galleriet, Torgallmenningen 8, 5014 Bergen",delete-alt,60.39685362924537,5.325301857332156,Apotek 1 Galleriet,,https://www.felleskatalogen.no/medisin/apotek/Bergen/apotek-1-galleriet-bergen
"Gard Senter, Nygårdsv. 6, Postboks 1356, 5507 Haugesund",delete-alt,59.428551170313355,5.256703979260245,Apotek 1 Gard,,https://www.felleskatalogen.no/medisin/apotek/Haugesund/apotek-1-gard-haugesund
"Vestringsv. 14, 2651 Østre Gausdal",delete-alt,61.22560434822381,10.211478479132902,Apotek 1 Gausdal,,https://www.felleskatalogen.no/medisin/apotek/Gausdal/apotek-1-gausdal-gausdal
"Valderøyv. 1166, 6050 Valderøy",delete-alt,62.4964355988359,6.1124369095607625,Apotek 1 Giske,,https://www.felleskatalogen.no/medisin/apotek/ValderoEy/apotek-1-giske-valderoey
"Smieg. 3, Postboks 115, 2711 Gran",delete-alt,60.35324946795956,10.572740578070402,Apotek 1 Gran,,https://www.felleskatalogen.no/medisin/apotek/Gran/apotek-1-gran-gran
"Storv. 81, Postboks 1, 1621 Gressvik",delete-alt,59.21923758828515,10.900127511473112,Apotek 1 Gressvik,,https://www.felleskatalogen.no/medisin/apotek/Fredrikstad/apotek-1-gressvik-fredrikstad
"Greverud Kjøpesenter, Flåtestadv. 3, 1415 Oppegård",delete-alt,59.77780097354085,10.80540230166672,Apotek 1 Greverud,,https://www.felleskatalogen.no/medisin/apotek/OppegaArd/apotek-1-greverud-oppegaard
"Tamburv. 9, Postboks 2, 1720 Greåker",delete-alt,59.26624158501735,11.038735285093146,Apotek 1 Greåker,,https://www.felleskatalogen.no/medisin/apotek/GreaAker/apotek-1-greaaker-greaaker
"Grim Torv 3 A, 4616 Kristiansand",delete-alt,58.15076202852073,7.9649434815639575,Apotek 1 Grim,,https://www.felleskatalogen.no/medisin/apotek/Kristiansand/apotek-1-grim-kristiansand
"Odden 1D, 4876 Grimstad",delete-alt,58.340288378718654,8.595687504141354,Apotek 1 Grimstad,,https://www.felleskatalogen.no/medisin/apotek/Grimstad/apotek-1-grimstad-grimstad
"Grong Kjøpesenter, Granv. 17, 7870 Grong",delete-alt,64.46650533957303,12.307545617680901,Apotek 1 Grong,,https://www.felleskatalogen.no/medisin/apotek/Grong/apotek-1-grong-grong
"Romsåsv. 4, 0962 Oslo",delete-alt,59.96424023432435,10.884765858603634,Apotek 1 Grorud,,https://www.felleskatalogen.no/medisin/apotek/Oslo/apotek-1-grorud-grorud
"Porsgrunnv. 50, 3733 Skien",delete-alt,59.18307554249544,9.615050150926328,Apotek 1 Gråtenmoen,,https://www.felleskatalogen.no/medisin/apotek/Skien/apotek-1-graatenmoen-skien
"Grønland 23, 0188 Oslo",delete-alt,59.91642869281634,10.763707590300656,Apotek 1 Grønland,,https://www.felleskatalogen.no/medisin/apotek/Oslo/apotek-1-groenland-groenland
"Klyvev. 25, 3740 Skien",delete-alt,59.15237710924281,9.628019286245298,Apotek 1 GS,,https://www.felleskatalogen.no/medisin/apotek/Skien/apotek-1-gs-skien
"Guldlisten 35, 3048 Drammen",delete-alt,59.74578692588434,10.152124569833942,Apotek 1 Guldlisten,,https://www.felleskatalogen.no/medisin/apotek/Drammen/apotek-1-guldlisten-drammen
"Nyhusv. 14, Postboks 1883 Gulset, 3703 Skien",delete-alt,59.21928413329576,9.563281266886579,Apotek 1 Gulset,,https://www.felleskatalogen.no/medisin/apotek/Skien/apotek-1-gulset-skien
"Guldlisten 35, 3048 Drammen",delete-alt,59.74161378902243,10.163679949795384,Apotek 1 Gulskogen,,https://www.felleskatalogen.no/medisin/apotek/Drammen/apotek-1-gulskogen-drammen
"Gunerius Shopping, Storg. 32, 0184 Oslo",delete-alt,59.9122743821661,10.75165390746888,Apotek 1 Gunerius,,https://www.felleskatalogen.no/medisin/apotek/Oslo/apotek-1-gunerius-sentrum
"Hagaløkkv. 7, 1383 Asker",delete-alt,59.83116444618143,10.429556721814858,Apotek 1 Hagaløkka - Asker,,https://www.felleskatalogen.no/medisin/apotek/Asker/apotek-1-hagaloekka-asker-asker
"Hagansenteret, Hellinga 8 B, 1481 Hagan",delete-alt,60.001618931119125,10.923700688144269,Apotek 1 Hagan,,https://www.felleskatalogen.no/medisin/apotek/Hagan/apotek-1-hagan-hagan
"Leira 5, 8665 Mosjøen",delete-alt,65.86447058331588,13.1989345996073,Apotek 1 Halsøy,,https://www.felleskatalogen.no/medisin/apotek/MosjoEen/apotek-1-halsoey-mosjoeen
"CC Stadion, Vangsv. 62, 2317 Hamar",delete-alt,60.79891006652714,11.091620663202576,Apotek 1 Hamar Stadion,,https://www.felleskatalogen.no/medisin/apotek/Hamar/apotek-1-hamar-stadion-hamar
"Strandg. 8, Postboks 374, 9600 Hammerfest",delete-alt,70.6598441833477,23.686430743190122,Apotek 1 Hammerfest,,https://www.felleskatalogen.no/medisin/apotek/Hammerfest/apotek-1-hammerfest-hammerfest
"Hanamyrv. 2, 4328 Sandnes",delete-alt,58.85785421715521,5.778934305088102,Apotek 1 Hana,,https://www.felleskatalogen.no/medisin/apotek/Sandnes/apotek-1-hana-sandnes
"Fauske Handelspark, Terminalv. 6, 8208 Fauske",delete-alt,67.26863715087077,15.400539114259928,Apotek 1 Handelsparken Fauske,,https://www.felleskatalogen.no/medisin/apotek/Fauske/apotek-1-handelsparken-fauske-fauske
"Alleen Senter, Fibov. 1, 4580 Lyngdal",delete-alt,58.15931789993933,7.108069607713907,Apotek 1 Handelsparken Lyngdal,,https://www.felleskatalogen.no/medisin/apotek/Lyngdal/apotek-1-handelsparken-lyngdal-lyngdal
"Harbitzalléen 3-7, 0275 Oslo",delete-alt,59.92426626787074,10.679696573388068,Apotek 1 Harbitz Torg,,https://www.felleskatalogen.no/medisin/apotek/Oslo/apotek-1-harbitz-torg-skoeyen
"Langsæv. 5, 4846 Arendal",delete-alt,58.47310740124656,8.751816669384604,Apotek 1 Harebakken,,https://www.felleskatalogen.no/medisin/apotek/Arendal/apotek-1-harebakken-arendal
"Kjøpmannsg., Postboks 144, 6069 Hareid",delete-alt,62.37355174517674,6.024120759499776,Apotek 1 Hareid,,https://www.felleskatalogen.no/medisin/apotek/Hareid/apotek-1-hareid-hareid
"Furuv. 2, 2743 Harestua",delete-alt,60.203476661593776,10.71564837715426,Apotek 1 Harestua,,https://www.felleskatalogen.no/medisin/apotek/Harestua/apotek-1-harestua-harestua
"Garver Ytteborgsv. 98, 0977 Oslo",delete-alt,59.9555600475657,10.912706435640999,Apotek 1 Haugenstua,,https://www.felleskatalogen.no/medisin/apotek/Oslo/apotek-1-haugenstua-haugenstua
"Heiane Storsenter, Ringv. 44, 5412 Stord",delete-alt,59.766843284831324,5.453700637407885,Apotek 1 Heiane,,https://www.felleskatalogen.no/medisin/apotek/Stord/apotek-1-heiane-stord
"Torgg. 2, 4365 Nærbø",delete-alt,58.66663809336244,5.647914698520707,Apotek 1 Heilo,,https://www.felleskatalogen.no/medisin/apotek/NaErboE/apotek-1-heilo-naerboe
"Søbstadv. 14, 7088 Heimdal",delete-alt,63.35788109498083,10.361293492226379,Apotek 1 Heimdal,,https://www.felleskatalogen.no/medisin/apotek/Trondheim/apotek-1-heimdal-trondheim
"Jens Wilhelmsensg. 1, 1671 Kråkerøy",delete-alt,59.2123203657581,10.924295331019247,Apotek 1 Helsehuset Fredrikstad,,https://www.felleskatalogen.no/medisin/apotek/Fredrikstad/apotek-1-helsehuset-fredrikstad-fredrikstad
"Eggesbøv. 20, 6092 Fosnavåg",delete-alt,62.3248448817449,5.649216634011492,Apotek 1 Herøy,,https://www.felleskatalogen.no/medisin/apotek/FosnavaAg/apotek-1-heroey-fosnavaag
"Boganesv. 10-12-14, 4020 Stavanger",delete-alt,58.916780012957396,5.725298723942197,Apotek 1 Hinna,,https://www.felleskatalogen.no/medisin/apotek/Stavanger/apotek-1-hinna-stavanger
"Stortorvet 1, 1607 Fredrikstad",delete-alt,59.21525329412913,10.929145945320847,Apotek 1 Hjorten - Fredrikstad,,https://www.felleskatalogen.no/medisin/apotek/Fredrikstad/apotek-1-hjorten-fredrikstad-fredrikstad
"Amfi Madla, Madlakrossen 9, 4042 Hafrsfjord",delete-alt,58.94807227460214,5.677441843828795,Apotek 1 Hjorten - Stavanger,,https://www.felleskatalogen.no/medisin/apotek/Stavanger/apotek-1-hjorten-stavanger-stavanger
"Vogellund 6, 1394 Nesbru",delete-alt,59.85381917061604,10.494611222561392,Apotek 1 Holmen,,https://www.felleskatalogen.no/medisin/apotek/Asker/apotek-1-holmen-asker
"Hvittingfossv. 123, 3085 Holmestrand",delete-alt,59.49243232827776,10.300495746117525,Apotek 1 Holmestrand,,https://www.felleskatalogen.no/medisin/apotek/Holmestrand/apotek-1-holmestrand-holmestrand
"Holmlia Senter v. 9, 1255 Oslo",delete-alt,59.83118223459598,10.79099675584355,Apotek 1 Holmlia,,https://www.felleskatalogen.no/medisin/apotek/Oslo/apotek-1-holmlia-holmlia
"Prost Stabelsv. 6, 2019 Skedsmokorset",delete-alt,59.990386966598535,11.022411804800674,Apotek 1 Holt Vestvollen,,https://www.felleskatalogen.no/medisin/apotek/Skedsmokorset/apotek-1-holt-vestvollen-skedsmokorset
"Holtanløkka 1, 3188 Horten",delete-alt,59.4142294345403,10.467857929807833,Apotek 1 Holtanløkka,,https://www.felleskatalogen.no/medisin/apotek/Horten/apotek-1-holtanloekka-horten
"Kongsv. 104, 1177 Oslo",delete-alt,59.88414642859793,10.783266368939449,Apotek 1 Holtet,,https://www.felleskatalogen.no/medisin/apotek/Oslo/apotek-1-holtet-holtet
"Storg. 14, 9750 Honningsvåg",delete-alt,70.97892420324378,25.979107839094127,Apotek 1 Honningsvåg,,https://www.felleskatalogen.no/medisin/apotek/HonningsvaAg/apotek-1-honningsvaag-honningsvaag
"Myrdalsv. 2, 5130 Nyborg",delete-alt,60.469553076247685,5.33007615407931,Apotek 1 Horisont,,https://www.felleskatalogen.no/medisin/apotek/Bergen/apotek-1-horisont-bergen
"Granåsen 18, 1362 Hosle",delete-alt,59.93915321685812,10.588975180248289,Apotek 1 Hosle,,https://www.felleskatalogen.no/medisin/apotek/Hosle/apotek-1-hosle-hosle
"Hovlandsv. 3, 2860 Hov",delete-alt,60.69497776039662,10.353458989777963,Apotek 1 Hov,,https://www.felleskatalogen.no/medisin/apotek/Hov/apotek-1-hov-hov
"Augestadv. 7, Postboks 7, 3939 Porsgrunn",delete-alt,59.15004837914781,9.667128043634273,Apotek 1 Hovenga,,https://www.felleskatalogen.no/medisin/apotek/Porsgrunn/apotek-1-hovenga-porsgrunn
"Restaurationsv. 2, 4085 Hundvåg",delete-alt,58.99703188021035,5.731793274644664,Apotek 1 Hundvåg,,https://www.felleskatalogen.no/medisin/apotek/HundvaAg/apotek-1-hundvaag-hundvaag
"Hvaltorvet senter, Torget 7, 3210 Sandefjord",delete-alt,59.12655712017455,10.224174877618154,Apotek 1 Hvalen - Sandefjord,,https://www.felleskatalogen.no/medisin/apotek/Sandefjord/apotek-1-hvalen-sandefjord-sandefjord
"Farmandstorvet, Fayesg. 7, 3110 Tønsberg",delete-alt,59.271479795369665,10.41109740200578,Apotek 1 Hvalen - Tønsberg,,https://www.felleskatalogen.no/medisin/apotek/ToEnsberg/apotek-1-hvalen-toensberg-toensberg
"Norderhaugv. 16, 1684 Vesterøy",delete-alt,59.10679144550471,10.909429794958855,Apotek 1 Hvaler,,https://www.felleskatalogen.no/medisin/apotek/Hvaler/apotek-1-hvaler-hvaler
"Hvaltorvet Kjøpesenter, Torget 7, 3210 Sandefjord",delete-alt,59.12674672488212,10.222509573328923,Apotek 1 Hvaltorvet,,https://www.felleskatalogen.no/medisin/apotek/Sandefjord/apotek-1-hvaltorvet-sandefjord
"Hegdehaugsv. 35, 0352 Oslo",delete-alt,59.92231066301185,10.734075464296225,Apotek 1 Hygiea - Oslo,,https://www.felleskatalogen.no/medisin/apotek/Oslo/apotek-1-hygiea-oslo-homansbyen
"Torgterrassen, Kirkeg. 2, 4006 Stavanger",delete-alt,58.96820433903314,5.739659846152992,Apotek 1 Hygiea - Stavanger,,https://www.felleskatalogen.no/medisin/apotek/Stavanger/apotek-1-hygiea-stavanger-stavanger
"Kuben Senter, Kong Ringsg. 1, 3510 Hønefoss",delete-alt,60.16800882559888,10.24897022370959,Apotek 1 Hønefoss,,https://www.felleskatalogen.no/medisin/apotek/HoEnefoss/apotek-1-hoenefoss-hoenefoss
"Hegnasletta 5, 3217 Sandefjord",delete-alt,59.12628264848239,10.238178124563843,Apotek 1 Indre Havn,,https://www.felleskatalogen.no/medisin/apotek/Sandefjord/apotek-1-indre-havn-sandefjord
"Sandviksv. 176, 1337 Sandvika",delete-alt,59.88880348071473,10.512874790906292,Apotek 1 Inforama Sandvika,,https://www.felleskatalogen.no/medisin/apotek/Sandvika/apotek-1-inforama-sandvika-sandvika
"Bark Silas v. 8, 4876 Grimstad",delete-alt,58.338052072365656,8.584360640642588,Apotek 1 Interiørgården,,https://www.felleskatalogen.no/medisin/apotek/Grimstad/apotek-1-interioergaarden-grimstad
"Isev. 8, 1738 Borgenhaugen",delete-alt,59.27325398899217,11.167261017346517,Apotek 1 Iseveien,,https://www.felleskatalogen.no/medisin/apotek/Sarpsborg/apotek-1-iseveien-sarpsborg
"Jernbanev. 12, 4400 Flekkefjord",delete-alt,58.29239591381947,6.671823010886631,Apotek 1 Jernbaneveien Flekkefjord,,https://www.felleskatalogen.no/medisin/apotek/Flekkefjord/apotek-1-jernbaneveien-flekkefjord-flekkefjord
"Romsås Allé 1, 2063 Jessheim",delete-alt,60.14755403219603,11.165822170030735,Apotek 1 Jessheim,,https://www.felleskatalogen.no/medisin/apotek/Jessheim/apotek-1-jessheim-jessheim
"Brug. 11 B, 3520 Jevnaker",delete-alt,60.24075523109159,10.383259236008998,Apotek 1 Jevnaker,,https://www.felleskatalogen.no/medisin/apotek/Jevnaker/apotek-1-jevnaker-jevnaker
"Solav. 25, 4352 Kleppe",delete-alt,58.77636676942272,5.622669338713594,Apotek 1 Jærhagen,,https://www.felleskatalogen.no/medisin/apotek/Kleppe/apotek-1-jaerhagen-kleppe
"Kalbakkv. 6-8, 0953 Oslo",delete-alt,59.94964173993235,10.872782757920843,Apotek 1 Kalbakken,,https://www.felleskatalogen.no/medisin/apotek/Oslo/apotek-1-kalbakken-kalbakken
"Kanalv. 1, 2004 Lillestrøm",delete-alt,59.948308251227836,11.046507657735928,Apotek 1 Kanalveien,,https://www.felleskatalogen.no/medisin/apotek/LillestroEm/apotek-1-kanalveien-lillestroem
"Amfi Kanebogen, Skillev. 5, 9411 Harstad",delete-alt,68.77530843083122,16.570269263609767,Apotek 1 Kanebogen,,https://www.felleskatalogen.no/medisin/apotek/Harstad/apotek-1-kanebogen-harstad
"Cecilie Thoresensv. 3, 1153 Oslo",delete-alt,59.881237829394415,10.811564342052273,Apotek 1 Karlsrud,,https://www.felleskatalogen.no/medisin/apotek/Oslo/apotek-1-karlsrud-lambertseter
"Karmsundg. 60, 5529 Haugesund",delete-alt,59.40093641803586,5.282257661515973,Apotek 1 Karmsundgata Senter,,https://www.felleskatalogen.no/medisin/apotek/Haugesund/apotek-1-karmsundgata-senter-haugesund
"Kilden Kjøpesenter, Gartnerv. 15, 4016 Stavanger",delete-alt,58.95165434416952,5.741718132036482,Apotek 1 Kilden,,https://www.felleskatalogen.no/medisin/apotek/Stavanger/apotek-1-kilden-stavanger
"Ringev. 5, 2815 Gjøvik",delete-alt,60.78308144682893,10.692923607496121,Apotek 1 Kirkeby,,https://www.felleskatalogen.no/medisin/apotek/GjoEvik/apotek-1-kirkeby-gjoevik
"Gruetorget, Postboks 34, 2261 Kirkenær",delete-alt,60.45733480969727,12.061823951963342,Apotek 1 Kirkenær,,https://www.felleskatalogen.no/medisin/apotek/KirkenaEr/apotek-1-kirkenaer-kirkenaer
"Kjellengv. 2 B, 3125 Tønsberg",delete-alt,59.284848962895374,10.39119037661255,Apotek 1 Kjelleparken,,https://www.felleskatalogen.no/medisin/apotek/ToEnsberg/apotek-1-kjelleparken-toensberg
"Kleppestø Senter, Gamle Kleppestøv. 2, 5323 Kleppestø",delete-alt,60.40827817322856,5.230125387994493,Apotek 1 Kleppestø,,https://www.felleskatalogen.no/medisin/apotek/KleppestoE/apotek-1-kleppestoe-kleppestoe
"Nedre klokkersundv. 2, 6015 Ålesund",delete-alt,62.46941987340078,6.2496175482892795,Apotek 1 Klokkersundet,,https://www.felleskatalogen.no/medisin/apotek/AAlesund/apotek-1-klokkersundet-aalesund
"Ljosheimv. 10, 7540 Klæbu",delete-alt,63.29560479464416,10.489026305742875,Apotek 1 Klæbu,,https://www.felleskatalogen.no/medisin/apotek/KlaEbu/apotek-1-klaebu-klaebu
"Kvassnesv. 23, Postboks 11, 5902 Isdalstø",delete-alt,60.545343599237626,5.27933039859805,Apotek 1 Knarvik,,https://www.felleskatalogen.no/medisin/apotek/Knarvik/apotek-1-knarvik-knarvik
"Kolbotnv. 5, 1410 Kolbotn",delete-alt,59.81371509820659,10.799685488380328,Apotek 1 Kolbotn,,https://www.felleskatalogen.no/medisin/apotek/Kolbotn/apotek-1-kolbotn-kolbotn
"Sentrumsg. 2, 7970 Kolvereid",delete-alt,64.86217476809605,11.601801287115311,Apotek 1 Kolvereid,,https://www.felleskatalogen.no/medisin/apotek/Kolvereid/apotek-1-kolvereid-kolvereid
"Brug. 15, 2212 Kongsvinger",delete-alt,60.18694293836469,11.99819230193573,Apotek 1 Kongssenteret,,https://www.felleskatalogen.no/medisin/apotek/Kongsvinger/apotek-1-kongssenteret-kongsvinger
"Tronsmov. 8, Postboks 568 Stasjonssiden, 2203 Kongsvinger",delete-alt,60.184015613581344,12.010411118974924,Apotek 1 Kongsvinger,,https://www.felleskatalogen.no/medisin/apotek/Kongsvinger/apotek-1-kongsvinger-kongsvinger
"Hovedg. 35, Postboks 171, 4291 Kopervik",delete-alt,59.287461038635776,5.304498883118115,Apotek 1 Kopervik,,https://www.felleskatalogen.no/medisin/apotek/Kopervik/apotek-1-kopervik-kopervik
"Korgensenteret, Meieriv. 3, 8646 Korgen",delete-alt,66.08205679762673,13.819119767189779,Apotek 1 Korgen,,https://www.felleskatalogen.no/medisin/apotek/Korgen/apotek-1-korgen-korgen
"Ytre Strandv. 8, 3770 Kragerø",delete-alt,58.87202826801782,9.417105283641273,Apotek 1 Kragerø,,https://www.felleskatalogen.no/medisin/apotek/KrageroE/apotek-1-krageroe-krageroe
"Rosenlundsenteret, Gudbrandsdalsv. 188, 2619 Lillehammer",delete-alt,61.126561421474754,10.445428978693338,Apotek 1 Kremmerhuset,,https://www.felleskatalogen.no/medisin/apotek/Lillehammer/apotek-1-kremmerhuset-lillehammer
"Grensen 9, 0159 Oslo",delete-alt,59.91791422544101,10.739182143779624,Apotek 1 Kronen,,https://www.felleskatalogen.no/medisin/apotek/Oslo/apotek-1-kronen-sentrum
"Bjørnsons g. 29, 5052 Bergen",delete-alt,60.374003387003434,5.343656564883539,Apotek 1 Kronstad,,https://www.felleskatalogen.no/medisin/apotek/Bergen/apotek-1-kronstad-bergen
"Krøgenes Næringspark, Kystv. 244, 4841 Arendal",delete-alt,58.47784420474388,8.811800246975967,Apotek 1 Krøgenes,,https://www.felleskatalogen.no/medisin/apotek/Arendal/apotek-1-kroegenes-arendal
"Gamle Stokkav. 1, L-3, 4313 Sandnes",delete-alt,58.87785143640911,5.718060224572482,Apotek 1 Kvadrat,,https://www.felleskatalogen.no/medisin/apotek/Sandnes/apotek-1-kvadrat-sandnes
"Leirfenv. 1, 4355 Kvernaland",delete-alt,58.781246983993896,5.715760511641674,Apotek 1 Kverneland,,https://www.felleskatalogen.no/medisin/apotek/Kvernaland/apotek-1-kverneland-kvernaland
"Elvev. 15, Postboks 216 Kvinesdal, 4491 Kvinesdal",delete-alt,58.317798339831896,6.969311965171006,Apotek 1 Kvinesdal,,https://www.felleskatalogen.no/medisin/apotek/Kvinesdal/apotek-1-kvinesdal-kvinesdal
"Garveriv. 10, 3850 Kviteseid",delete-alt,59.40379702982672,8.483055483665577,Apotek 1 Kviteseid,,https://www.felleskatalogen.no/medisin/apotek/Kviteseid/apotek-1-kviteseid-kviteseid
"Lagunev. 1, Postboks 213 Rådal, 5858 Bergen",delete-alt,60.2946560045302,5.32404202550952,Apotek 1 Lagunen,,https://www.felleskatalogen.no/medisin/apotek/Bergen/apotek-1-lagunen-bergen
"Fanav. 75, 5239 Rådal",delete-alt,60.29670325195422,5.319565320744626,Apotek 1 Lagunetoppen,,https://www.felleskatalogen.no/medisin/apotek/Bergen/apotek-1-lagunetoppen-bergen
"Kvadraten Kjøpesenter, Laatasv., Postboks 193, 9711 Lakselv",delete-alt,70.05071912401233,24.963824363833613,Apotek 1 Lakselv,,https://www.felleskatalogen.no/medisin/apotek/Lakselv/apotek-1-lakselv-lakselv
"Laksevåg Senter, Kringsjåv. 83-89, Postboks 104, 5847 Bergen",delete-alt,60.39172887181516,5.292659196519275,Apotek 1 Laksevåg,,https://www.felleskatalogen.no/medisin/apotek/LaksevaAg/apotek-1-laksevaag-laksevaag
"Cecilie Thoresensv. 17, 1153 Oslo",delete-alt,59.87779229506617,10.810585224940173,Apotek 1 Lambertseter,,https://www.felleskatalogen.no/medisin/apotek/Oslo/apotek-1-lambertseter-lambertseter
"Storg. 55, 2870 Dokka",delete-alt,60.83691239823423,10.064623129648174,Apotek 1 Landsbyporten,,https://www.felleskatalogen.no/medisin/apotek/Dokka/apotek-1-landsbyporten-dokka
"Vilhelm Bjerknesv. 4/10, 5081 Bergen",delete-alt,60.35333567778732,5.355632962489822,Apotek 1 Landås Sletten Senter,,https://www.felleskatalogen.no/medisin/apotek/Bergen/apotek-1-landaas-sletten-senter-bergen
"Stadsnesv. 15, 6030 Langevåg",delete-alt,62.441759508743615,6.1977319121530225,Apotek 1 Langevåg,,https://www.felleskatalogen.no/medisin/apotek/LangevaAg/apotek-1-langevaag-langevaag
"Langhus Senter, Postboks 94, 1403 Langhus",delete-alt,59.7515122153058,10.842726625271862,Apotek 1 Langhus,,https://www.felleskatalogen.no/medisin/apotek/Langhus/apotek-1-langhus-langhus
"Amfi Valdres, Markav. 2, Postboks 22, 2920 Leira i Valdres",delete-alt,60.97207199095189,9.284659682096724,Apotek 1 Leira,,https://www.felleskatalogen.no/medisin/apotek/Leira/apotek-1-leira-leira
"Rådhusg. 27, 2850 Lena",delete-alt,60.67812868065201,10.822234089924894,Apotek 1 Lena,,https://www.felleskatalogen.no/medisin/apotek/Lena/apotek-1-lena-lena
"Jærhagen, Solav. 25, 4352 Kleppe",delete-alt,58.78046378059721,5.631857719273705,Apotek 1 Lerka,,https://www.felleskatalogen.no/medisin/apotek/Kleppe/apotek-1-lerka-kleppe
"Helge Ingstadsv. 1, 7602 Levanger",delete-alt,63.75472429871094,11.312774219440607,Apotek 1 Levanger,,https://www.felleskatalogen.no/medisin/apotek/Levanger/apotek-1-levanger-levanger
"Vestsidev. 5 D, 3403 Lier",delete-alt,59.78405410460705,10.23779772750467,Apotek 1 Lier,,https://www.felleskatalogen.no/medisin/apotek/Lier/apotek-1-lier-lier
"Drammensv. 201, Postboks 233, 3421 Lierskogen",delete-alt,59.814418861407134,10.300297060738052,Apotek 1 Liertoppen,,https://www.felleskatalogen.no/medisin/apotek/Lierskogen/apotek-1-liertoppen-lierskogen
"Drammensv. 201, 3420 Lierskogen",delete-alt,59.81246251648494,10.306931072549155,Apotek 1 Liertoppen Syd,,https://www.felleskatalogen.no/medisin/apotek/Lierskogen/apotek-1-liertoppen-syd-lierskogen
"Lilleakerv. 29, 0283 Oslo",delete-alt,59.9209942166385,10.639545885160949,Apotek 1 Lilleaker,,https://www.felleskatalogen.no/medisin/apotek/Oslo/apotek-1-lilleaker-lilleaker
"Lillesand Senter, Senterv. 30, Tingsaker, 4790 Lillesand",delete-alt,58.26561166474539,8.394413800187426,Apotek 1 Lillesand Senter,,https://www.felleskatalogen.no/medisin/apotek/Lillesand/apotek-1-lillesand-senter-lillesand
"Sandakerv. 106, 0484 Oslo",delete-alt,59.948235300552675,10.775866302902461,Apotek 1 Lillo,,https://www.felleskatalogen.no/medisin/apotek/Oslo/apotek-1-lillo-sandaker
"Linderud Senter, Erich Mogensøns v. 38, 0594 Oslo",delete-alt,59.939832935392836,10.838774268800256,Apotek 1 Linderud Senter,,https://www.felleskatalogen.no/medisin/apotek/Oslo/apotek-1-linderud-senter-linderud
"Kolåsv. 7, 5955 Lindås",delete-alt,60.74060088791363,5.168173393135499,Apotek 1 Lindås,,https://www.felleskatalogen.no/medisin/apotek/LindaAs/apotek-1-lindaas-lindaas
"Storg. 8, 8370 Leknes",delete-alt,68.1455365163837,13.61369787897254,Apotek 1 Lofotsenteret,,https://www.felleskatalogen.no/medisin/apotek/Leknes/apotek-1-lofotsenteret-leknes
"Sognefjellsv. 2, 2686 Lom",delete-alt,61.83304430007188,8.571488606758946,Apotek 1 Lom,,https://www.felleskatalogen.no/medisin/apotek/Lom/apotek-1-lom-lom
"Fotlandsv. 9, Postboks 23, 5282 Lonevåg",delete-alt,60.52826434601157,5.491311184404516,Apotek 1 Lonevåg,,https://www.felleskatalogen.no/medisin/apotek/LonevaAg/apotek-1-lonevaag-lonevaag
"Stadionv. 1, 4632 Kristiansand",delete-alt,58.15547416674004,8.030908331977827,Apotek 1 Lund,,https://www.felleskatalogen.no/medisin/apotek/Kristiansand/apotek-1-lund-kristiansand
"Pyramiden Kjøpesenter, Rådhusv. 5, 6868 Gaupne",delete-alt,61.40345605173912,7.287893420677168,Apotek 1 Luster,,https://www.felleskatalogen.no/medisin/apotek/Luster/apotek-1-luster-luster
"Alleen 8, Postboks 354, 4577 Lyngdal",delete-alt,58.13604361254443,7.067823245518263,Apotek 1 Lyngdal,,https://www.felleskatalogen.no/medisin/apotek/Lyngdal/apotek-1-lyngdal-lyngdal
"Strandv. 10, 9060 Lyngseidet",delete-alt,69.5746004454993,20.221796675021064,Apotek 1 Lyngenfjord,,https://www.felleskatalogen.no/medisin/apotek/Lyngseidet/apotek-1-lyngenfjord-lyngseidet
"Løren Torg, Lørenv. 44-46, 0580 Oslo",delete-alt,59.926476716707946,10.79620953075418,Apotek 1 Løren,,https://www.felleskatalogen.no/medisin/apotek/Oslo/apotek-1-loeren-loeren
"Haraldsg. 90, Postboks 117, 5501 Haugesund",delete-alt,59.410407584990416,5.278574386225456,Apotek 1 Løven - Haugesund,,https://www.felleskatalogen.no/medisin/apotek/Haugesund/apotek-1-loeven-haugesund-haugesund
"Sjøsiden Senter, Teaterg. 6, 3187 Horten",delete-alt,59.419080762864176,10.483279873749543,Apotek 1 Løven - Horten,,https://www.felleskatalogen.no/medisin/apotek/Horten/apotek-1-loeven-horten-horten
"Lillemarkens, Skipperg. 6, Postboks 615, 4665 Kristiansand",delete-alt,58.14766570153318,7.99121664560294,Apotek 1 Løven - Kristiansand,,https://www.felleskatalogen.no/medisin/apotek/Kristiansand/apotek-1-loeven-kristiansand-kristiansand
"Nedre Engg. 6 A, Postboks 227, 6501 Kristiansund",delete-alt,63.1123562831389,7.73919641694065,Apotek 1 Løven - Kristiansund,,https://www.felleskatalogen.no/medisin/apotek/Kristiansund/apotek-1-loeven-kristiansund-kristiansund
"St. Mariesg. 71, 1706 Sarpsborg",delete-alt,59.28011165535902,11.111287027556575,Apotek 1 Løven - Sarpsborg,,https://www.felleskatalogen.no/medisin/apotek/Sarpsborg/apotek-1-loeven-sarpsborg-sarpsborg
"Nedre Langg. 37, 3126 Tønsberg",delete-alt,59.270203150501196,10.405362490878257,Apotek 1 Løven - Tønsberg,,https://www.felleskatalogen.no/medisin/apotek/ToEnsberg/apotek-1-loeven-toensberg-toensberg
"Madlakrossen 9, 4090 Hafrsfjord",delete-alt,58.95056571243832,5.68180933546346,Apotek 1 Madla,,https://www.felleskatalogen.no/medisin/apotek/Stavanger/apotek-1-madla-stavanger
"Vikhammer Senter, Stasjonsv. 1, Postboks 104, 7560 Vikhamar",delete-alt,63.43602763405937,10.632914601771864,Apotek 1 Malvik,,https://www.felleskatalogen.no/medisin/apotek/Malvik/apotek-1-malvik-malvik
"Alti Mandal, Skarvøyv. 55, 4517 Mandal",delete-alt,58.02577792877003,7.463483099466423,Apotek 1 Mandal,,https://www.felleskatalogen.no/medisin/apotek/Mandal/apotek-1-mandal-mandal
"Manger Handelslag, Radøyv. 1680, Postboks 56, 5931 Manger",delete-alt,60.64142560210086,5.035780490554595,Apotek 1 Manger,,https://www.felleskatalogen.no/medisin/apotek/Manger/apotek-1-manger-manger
"Plogv. 6, Postboks 80 Manglerud, 0612 Oslo",delete-alt,59.895652453129664,10.815518761417879,Apotek 1 Manglerud,,https://www.felleskatalogen.no/medisin/apotek/Oslo/apotek-1-manglerud-manglerud
"Obs! Stormarked Mariero, Langflåtv. 38, 4017 Stavanger",delete-alt,58.934497459645584,5.751900365485725,Apotek 1 Mariero,,https://www.felleskatalogen.no/medisin/apotek/Stavanger/apotek-1-mariero-stavanger
"Gravarsv. 7, 4306 Sandnes",delete-alt,58.84581719750461,5.739330410330365,Apotek 1 Maxi,,https://www.felleskatalogen.no/medisin/apotek/Sandnes/apotek-1-maxi-sandnes
"Verksg. 1, 4013 Stavanger",delete-alt,58.97151948704446,5.739710179803137,Apotek 1 Mediegården Stavanger,,https://www.felleskatalogen.no/medisin/apotek/Stavanger/apotek-1-mediegaarden-stavanger-stavanger
"Jernbanev. 16, Postboks 204, 7223 Melhus",delete-alt,63.28647870379148,10.277562393009996,Apotek 1 Melhus,,https://www.felleskatalogen.no/medisin/apotek/Melhus/apotek-1-melhus-melhus
"Kirkeg. 55, 2609 Lillehammer",delete-alt,61.117065650437425,10.465453914313446,Apotek 1 Mesna,,https://www.felleskatalogen.no/medisin/apotek/Lillehammer/apotek-1-mesna-lillehammer
"Metro Storhandel, Kulturhusg. 2, 1473 Lørenskog",delete-alt,59.92622300440346,10.967119953097392,Apotek 1 Metro,,https://www.felleskatalogen.no/medisin/apotek/LoErenskog/apotek-1-metro-loerenskog
"Sandbrekkev. 96, 5225 Nesttun",delete-alt,60.324419205891544,5.359975399408252,Apotek 1 Midtun,,https://www.felleskatalogen.no/medisin/apotek/Nesttun/apotek-1-midtun-nesttun
"Torgkvartalet, Arbeiderg. 17, 3050 Mjøndalen",delete-alt,59.74718529386049,10.015190564522113,Apotek 1 Mjøndalen,,https://www.felleskatalogen.no/medisin/apotek/MjoEndalen/apotek-1-mjoendalen-mjoendalen
"Jernbanesvingen 6, 2821 Gjøvik",delete-alt,60.79931413778133,10.690332209508222,Apotek 1 Mjøsstranda,,https://www.felleskatalogen.no/medisin/apotek/GjoEvik/apotek-1-mjoesstranda-gjoevik
"Mo Handelspark, Svortdalen 26, 8626 Mo i Rana",delete-alt,66.30479328566574,14.14985508698041,Apotek 1 Mo Handelspark,,https://www.felleskatalogen.no/medisin/apotek/Mo_i_Rana/apotek-1-mo-handelspark-mo-i-rana
"Amfisenteret Moa Øst, Langelandsv. 51, 6010 Ålesund",delete-alt,62.46418108760528,6.360789957426085,Apotek 1 Moa Gård,,https://www.felleskatalogen.no/medisin/apotek/AAlesund/apotek-1-moa-gaard-aalesund
"Amfi Moa Syd, Langelandsv. 25, 6010 Ålesund",delete-alt,62.46279671051665,6.349743863874126,Apotek 1 Moa Syd,,https://www.felleskatalogen.no/medisin/apotek/AAlesund/apotek-1-moa-syd-aalesund
"Åmotsenteret, Lilleåsg. 1, Postboks 97, 3340 Åmot",delete-alt,59.895781198341865,9.927828431833115,Apotek 1 Modum,,https://www.felleskatalogen.no/medisin/apotek/AAmot/apotek-1-modum-aamot
"Storg. 115, 2390 Moelv",delete-alt,60.928349437974354,10.693045911889405,Apotek 1 Moelv,,https://www.felleskatalogen.no/medisin/apotek/Moelv/apotek-1-moelv-moelv
"Vegamot 8 C, 7049 Trondheim",delete-alt,63.40717431043295,10.447082241709188,Apotek 1 Moholt,,https://www.felleskatalogen.no/medisin/apotek/Trondheim/apotek-1-moholt-trondheim
"Øyevollv. 2, 4460 Moi",delete-alt,58.46059513824582,6.537160593320164,Apotek 1 Moi,,https://www.felleskatalogen.no/medisin/apotek/Moi/apotek-1-moi-moi
"Moldetorget, Torget 1, Postboks 222, 6401 Molde",delete-alt,62.73911615018132,7.151023870856416,Apotek 1 Molde,,https://www.felleskatalogen.no/medisin/apotek/Molde/apotek-1-molde-molde
"Fearnleysg. 7, 8656 Mosjøen",delete-alt,65.83716831226364,13.19954463023467,Apotek 1 Mosjøen,,https://www.felleskatalogen.no/medisin/apotek/MosjoEen/apotek-1-mosjoeen-mosjoeen
"Amfi Moss, Dronningensg. 3-7, 1530 Moss",delete-alt,59.43412059229989,10.661812971397074,Apotek 1 Moss Sentrum,,https://www.felleskatalogen.no/medisin/apotek/Moss/apotek-1-moss-sentrum-moss
"Patterødv. 2, 1599 Moss",delete-alt,59.44689497765221,10.70805829275878,Apotek 1 Mosseporten,,https://www.felleskatalogen.no/medisin/apotek/Moss/apotek-1-mosseporten-moss
"Myntg. 13, Postboks 902, 3609 Kongsberg",delete-alt,59.66183141974801,9.654891548384386,Apotek 1 Mynten,,https://www.felleskatalogen.no/medisin/apotek/Kongsberg/apotek-1-mynten-kongsberg
"Myren 28, 3718 Skien",delete-alt,59.20111134028103,9.586299818565667,Apotek 1 Myren,,https://www.felleskatalogen.no/medisin/apotek/Skien/apotek-1-myren-skien
"Trelastv. 1 D, 1415 Oppegård",delete-alt,59.78910871388845,10.805218964873582,Apotek 1 Myrvoll,,https://www.felleskatalogen.no/medisin/apotek/OppegaArd/apotek-1-myrvoll-oppegaard
"Domussenteret, Øvrev. 2, 9325 Bardufoss",delete-alt,69.06953941180845,18.508860976120594,Apotek 1 Målselv,,https://www.felleskatalogen.no/medisin/apotek/Bardufoss/apotek-1-maalselv-bardufoss
"Amfi Ulsteinvik, Saunesv. 10, 6065 Ulsteinvik",delete-alt,62.33705304501763,5.860591650189929,Apotek 1 Mørejarlen,,https://www.felleskatalogen.no/medisin/apotek/Ulsteinvik/apotek-1-moerejarlen-ulsteinvik
"Mørkvedsenteret 17, 8028 Bodø",delete-alt,67.28999686317385,14.56403038879568,Apotek 1 Mørkved,,https://www.felleskatalogen.no/medisin/apotek/BodoE/apotek-1-moerkved-bodoe
"Verftsg. 4, Postboks 354 Sentrum, 7801 Namsos",delete-alt,64.46586168688403,11.487732971717422,Apotek 1 Namsos,,https://www.felleskatalogen.no/medisin/apotek/Namsos/apotek-1-namsos-namsos
"Nannestad Torg, Ekerv. 5 A, 2030 Nannestad",delete-alt,60.222643318427025,11.00908967790668,Apotek 1 Nannestad,,https://www.felleskatalogen.no/medisin/apotek/Nannestad/apotek-1-nannestad-nannestad
"Nardobakken, 7032 Trondheim",delete-alt,63.406658090935395,10.418995370009133,Apotek 1 Nardo,,https://www.felleskatalogen.no/medisin/apotek/Trondheim/apotek-1-nardo-trondheim
"Nattlandsv. 89, 5094 Bergen",delete-alt,60.352134413047004,5.368520543677009,Apotek 1 Nattland,,https://www.felleskatalogen.no/medisin/apotek/Bergen/apotek-1-nattland-bergen
"Natvigv. 1, 4823 Nedenes",delete-alt,58.4186467143686,8.70459489812073,Apotek 1 Nedenes,,https://www.felleskatalogen.no/medisin/apotek/Nedenes/apotek-1-nedenes-nedenes
"Storg. 9 A, 8480 Andenes",delete-alt,69.32119968365882,16.130992155935992,Apotek 1 Neptun,,https://www.felleskatalogen.no/medisin/apotek/Andenes/apotek-1-neptun-andenes
"Kapellv. 84, 1450 Nesoddtangen",delete-alt,59.850702465692954,10.666001503545255,Apotek 1 Nesodden,,https://www.felleskatalogen.no/medisin/apotek/Nesoddtangen/apotek-1-nesodden-nesoddtangen
"Østre Nesttunv. 12, 5221 Nesttun",delete-alt,60.31764822681032,5.355876695618243,Apotek 1 Nesttun,,https://www.felleskatalogen.no/medisin/apotek/Bergen/apotek-1-nesttun-bergen
"Mosenteret, Mattias Skyttersv. 2, 1482 Nittedal",delete-alt,60.05063641032925,10.881591478627868,Apotek 1 Nittedal,,https://www.felleskatalogen.no/medisin/apotek/Nittedal/apotek-1-nittedal-nittedal
"Nittedalsg. 50, 2000 Lillestrøm",delete-alt,59.95842138034144,11.038580662305304,Apotek 1 Nittedalsgata Lillestrøm,,https://www.felleskatalogen.no/medisin/apotek/LillestroEm/apotek-1-nittedalsgata-lillestroem-lillestroem
"Yttersøv. 2, 3274 Larvik",delete-alt,59.06836992341379,10.041439079136337,Apotek 1 Nordbyen,,https://www.felleskatalogen.no/medisin/apotek/Larvik/apotek-1-nordbyen-larvik
"Uldegrova 2, 6770 Nordfjordeid",delete-alt,61.91406987192473,6.004340189685083,Apotek 1 Nordfjordeid,,https://www.felleskatalogen.no/medisin/apotek/Nordfjordeid/apotek-1-nordfjordeid-nordfjordeid
"Industriv. 17, Postboks 2194 Løkkemyra, 6502 Kristiansund",delete-alt,63.11354914741203,7.786900287436411,Apotek 1 Nordlandet,,https://www.felleskatalogen.no/medisin/apotek/Kristiansund/apotek-1-nordlandet-kristiansund
"Alta Storsenter, Markedsg. 21-25, Postboks 1423, 9506 Alta",delete-alt,69.96518519102074,23.282510480781674,Apotek 1 Nordlys,,https://www.felleskatalogen.no/medisin/apotek/Alta/apotek-1-nordlys-alta
"Torgg. 1, Postboks 327, 3201 Sandefjord",delete-alt,59.13296781601584,10.22007043977872,Apotek 1 Nordstjernen - Sandefjord,,https://www.felleskatalogen.no/medisin/apotek/Sandefjord/apotek-1-nordstjernen-sandefjord-sandefjord
"Korseg. 8, 6001 Ålesund",delete-alt,62.46970975513976,6.15221093520021,Apotek 1 Nordstjernen - Ålesund,,https://www.felleskatalogen.no/medisin/apotek/AAlesund/apotek-1-nordstjernen-aalesund-aalesund
"Nordstrandv. 42, 1163 Oslo",delete-alt,59.85653065436002,10.803353723114244,Apotek 1 Nordstrand,,https://www.felleskatalogen.no/medisin/apotek/Oslo/apotek-1-nordstrand-nordstrand
"Åsamyrane 271, 5131 Nyborg",delete-alt,60.46943774450704,5.3231447368835,Apotek 1 Nyborg,,https://www.felleskatalogen.no/medisin/apotek/Nyborg/apotek-1-nyborg-nyborg
"Nydalsv. 33, 0484 Oslo",delete-alt,59.94677545768007,10.765035121764996,Apotek 1 Nydalen,,https://www.felleskatalogen.no/medisin/apotek/Oslo/apotek-1-nydalen-nydalen
"Nygårdsg. 4, 5015 Bergen",delete-alt,60.391254840255655,5.319323537924637,Apotek 1 Nygårdsgaten,,https://www.felleskatalogen.no/medisin/apotek/Bergen/apotek-1-nygaardsgaten-bergen
"Ørsnesalléen 37, Postboks 177, 3106 Nøtterøy",delete-alt,59.25120100409951,10.419290873693182,Apotek 1 Nøtterøy,,https://www.felleskatalogen.no/medisin/apotek/NoEtteroEy/apotek-1-noetteroey-noetteroey
"Oasen Senter, Folke Bernadottesv. 52, 5147 Fyllingsdalen",delete-alt,60.344481273543494,5.293401641488539,Apotek 1 Oasen,,https://www.felleskatalogen.no/medisin/apotek/Bergen/apotek-1-oasen-bergen
"Kremarv. 10, Postboks 127, 5751 Odda",delete-alt,60.070245518328875,6.5445430376288884,Apotek 1 Odda,,https://www.felleskatalogen.no/medisin/apotek/Odda/apotek-1-odda-odda
"Sørlandssenteret, Barstølv. 31-35, 4636 Kristiansand",delete-alt,58.17924759042871,8.122295605034163,Apotek 1 Oktanten Sørlandssenteret,,https://www.felleskatalogen.no/medisin/apotek/Kristiansand/apotek-1-oktanten-soerlandssenteret-kristiansand
"Olrud Handelspark, Kårtorpv. 1, 2320 Furnes",delete-alt,60.82817709235129,11.06169768642022,Apotek 1 Olrud,,https://www.felleskatalogen.no/medisin/apotek/Furnes/apotek-1-olrud-furnes
"Olsvikåsen 8 A, 5183 Olsvik",delete-alt,60.38018390837751,5.211954418235731,Apotek 1 Olsvik,,https://www.felleskatalogen.no/medisin/apotek/Bergen/apotek-1-olsvik-bergen
"Mælav. 2-6, 7300 Orkanger",delete-alt,63.29550021746184,9.849770632397352,Apotek 1 Orkanger,,https://www.felleskatalogen.no/medisin/apotek/Orkanger/apotek-1-orkanger-orkanger
"Brug. 11, Postboks 94, 5202 Os",delete-alt,60.1862998402565,5.472290491258585,Apotek 1 Os,,https://www.felleskatalogen.no/medisin/apotek/Os/apotek-1-os-os
"Johan Nygårdsg. 12, 2670 Otta",delete-alt,61.77286883219962,9.542519965241901,Apotek 1 Otta,,https://www.felleskatalogen.no/medisin/apotek/Otta/apotek-1-otta-otta
"Namseng. 1, 7864 Overhalla",delete-alt,64.49239087345713,11.9534657163346,Apotek 1 Overhalla,,https://www.felleskatalogen.no/medisin/apotek/Overhalla/apotek-1-overhalla-overhalla
"Holterv. 2 B, 1440 Drøbak",delete-alt,59.671039071116326,10.65823316722954,Apotek 1 Portalen Drøbak,,https://www.felleskatalogen.no/medisin/apotek/DroEbak/apotek-1-portalen-droebak-droebak
"Knarvik Senter, Kvernhusmyrane 15, 5914 Isdalstø",delete-alt,60.54917205828866,5.29122368636596,Apotek 1 Promenaden,,https://www.felleskatalogen.no/medisin/apotek/Knarvik/apotek-1-promenaden-knarvik
"Ingeniør Rybergsg. 56 A, 3024 Drammen",delete-alt,59.753347509018184,10.144218415899816,Apotek 1 Pålsøya,,https://www.felleskatalogen.no/medisin/apotek/Drammen/apotek-1-paalsoeya-drammen
"Skogv. 6, 1890 Rakkestad",delete-alt,59.42795720954873,11.335845928743543,Apotek 1 Rakkestad Torg,,https://www.felleskatalogen.no/medisin/apotek/Rakkestad/apotek-1-rakkestad-torg-rakkestad
"Fridtjof Nansensg. 31, Postboks 1144, 8602 Mo i Rana",delete-alt,66.31128279743214,14.133187629270147,Apotek 1 Rana,,https://www.felleskatalogen.no/medisin/apotek/Mo_i_Rana/apotek-1-rana-mo-i-rana
"Vistnesv. 5, 4070 Randaberg",delete-alt,58.99788267651557,5.615900817053759,Apotek 1 Randaberg,,https://www.felleskatalogen.no/medisin/apotek/Randaberg/apotek-1-randaberg-randaberg
"Storg. 49, 2830 Raufoss",delete-alt,60.726345947888255,10.621335496979473,Apotek 1 Raufoss,,https://www.felleskatalogen.no/medisin/apotek/Raufoss/apotek-1-raufoss-raufoss
"Storg. 76, Postboks 65, 9251 Tromsø",delete-alt,69.64996841799712,18.966070435540928,Apotek 1 Renen,,https://www.felleskatalogen.no/medisin/apotek/TromsoE/apotek-1-renen-tromsoe
"Rignes Park Senter, Sannerg. 6 B, 0557 Oslo",delete-alt,59.92696858642548,10.764419738627767,Apotek 1 Ringnes Park,,https://www.felleskatalogen.no/medisin/apotek/Oslo/apotek-1-ringnes-park-gruunerloekka
"Norheim Senter, Rådhusv. 6, 7100 Rissa",delete-alt,63.581156872163916,9.966609367990861,Apotek 1 Rissa,,https://www.felleskatalogen.no/medisin/apotek/Rissa/apotek-1-rissa-rissa
"Kirkeg. 26 A, Postboks 153, 8251 Rognan",delete-alt,67.1045062869667,15.400604265200538,Apotek 1 Rognan,,https://www.felleskatalogen.no/medisin/apotek/Rognan/apotek-1-rognan-rognan
"Dampsagv. 2, 2000 Lillestrøm",delete-alt,59.956539007755524,11.04092955954625,Apotek 1 Romerike Helsebygg,,https://www.felleskatalogen.no/medisin/apotek/LillestroEm/apotek-1-romerike-helsebygg-lillestroem
"Romsås Senter 1, Postboks 105 Romsås, 0907 Oslo",delete-alt,59.96687308546739,10.89021231538294,Apotek 1 Romsås,,https://www.felleskatalogen.no/medisin/apotek/Oslo/apotek-1-romsaas-romsaas
"Rona 8-10, 4638 Kristiansand",delete-alt,58.16364015960339,8.08582710638616,Apotek 1 Rona Kristiansand,,https://www.felleskatalogen.no/medisin/apotek/Kristiansand/apotek-1-rona-kristiansand-kristiansand
"Roseby Senter, Lingedalsv. 10, Postboks 2073 Roseby, 6402 Molde",delete-alt,62.73778012617278,7.178125673826473,Apotek 1 Roseby,,https://www.felleskatalogen.no/medisin/apotek/Molde/apotek-1-roseby-molde
"Carlbergv. 2, 1526 Moss",delete-alt,59.41437796554778,10.682445911367171,Apotek 1 Rygge Storsenter,,https://www.felleskatalogen.no/medisin/apotek/Moss/apotek-1-rygge-storsenter-moss
"Munins v. 1, 1348 Rykkinn",delete-alt,59.92007083560097,10.48245647919397,Apotek 1 Rykkinn Senter,,https://www.felleskatalogen.no/medisin/apotek/Rykkinn/apotek-1-rykkinn-senter-rykkinn
"Mossev. 10, 1640 Råde",delete-alt,59.35581200333599,10.866996315125427,Apotek 1 Råde,,https://www.felleskatalogen.no/medisin/apotek/RaAde/apotek-1-raade-raade
"Tore Hals Mejdells v. 5, 1U Røa Torg, 0751 Oslo",delete-alt,59.948619848430646,10.6505381639962,Apotek 1 Røa,,https://www.felleskatalogen.no/medisin/apotek/Oslo/apotek-1-roea-roea
"Ysterhagav. 4, 7374 Røros",delete-alt,62.571588457273265,11.392315325747678,Apotek 1 Røros,,https://www.felleskatalogen.no/medisin/apotek/RoEros/apotek-1-roeros-roeros
"Grimstadg. 21, 0464 Oslo",delete-alt,59.941004219294356,10.75448145309431,Apotek 1 Sagene,,https://www.felleskatalogen.no/medisin/apotek/Oslo/apotek-1-sagene-sagene
"Sagmyra 7, 4624 Kristiansand",delete-alt,58.110996004936176,7.947367342196171,Apotek 1 Sagmyra,,https://www.felleskatalogen.no/medisin/apotek/Kristiansand/apotek-1-sagmyra-kristiansand
"Sentrumsv. 23, 2120 Sagstua",delete-alt,60.39089223646131,11.548843398223235,Apotek 1 Sagstua,,https://www.felleskatalogen.no/medisin/apotek/Sagstua/apotek-1-sagstua-sagstua
"Sagvågsbrekko 4, 5410 Sagvåg",delete-alt,59.77504770803226,5.395206599854692,Apotek 1 Sagvåg,,https://www.felleskatalogen.no/medisin/apotek/SagvaAg/apotek-1-sagvaag-sagvaag
"Saltrød Senter, Kystv. 692, 4815 Saltrød",delete-alt,58.493625330098894,8.85030559688607,Apotek 1 Saltrød,,https://www.felleskatalogen.no/medisin/apotek/SaltroEd/apotek-1-saltroed-saltroed
"Grandav. 3, Postboks 115, 6821 Sandane",delete-alt,61.77615818276464,6.223138980670903,Apotek 1 Sandane,,https://www.felleskatalogen.no/medisin/apotek/Sandane/apotek-1-sandane-sandane
"Skiringssalv. 20, 3208 Sandefjord",delete-alt,59.135011551889406,10.213316114508197,Apotek 1 Sandefjord Helsepark,,https://www.felleskatalogen.no/medisin/apotek/Sandefjord/apotek-1-sandefjord-helsepark-sandefjord
"Store Elveg. 11 B, 4514 Mandal",delete-alt,58.02650654749961,7.453928743624018,Apotek 1 Sanden,,https://www.felleskatalogen.no/medisin/apotek/Mandal/apotek-1-sanden-mandal
"Prestegårdsalleen 71, 3070 Sande i Vestfold",delete-alt,59.59412659270146,10.2098738830016,Apotek 1 Sandesenteret,,https://www.felleskatalogen.no/medisin/apotek/Sande/apotek-1-sandesenteret-sande
"Torolv Kveldulvsonsg. 25, 8800 Sandnessjøen",delete-alt,66.02124992752742,12.637642505707483,Apotek 1 Sandnessjøen,,https://www.felleskatalogen.no/medisin/apotek/SandnessjoEen/apotek-1-sandnessjoeen-sandnessjoeen
"Brodtkorbsg. 7, 1338 Sandvika",delete-alt,59.89009665165199,10.518916255322914,Apotek 1 Sandvika Storsenter,,https://www.felleskatalogen.no/medisin/apotek/Sandvika/apotek-1-sandvika-storsenter-sandvika
"Skuleg. 10, 4200 Sauda",delete-alt,59.64673119131124,6.350381785763226,Apotek 1 Sauda,,https://www.felleskatalogen.no/medisin/apotek/Sauda/apotek-1-sauda-sauda
"Stensrudv. 1, 3840 Seljord",delete-alt,59.47835396345105,8.630481444334873,Apotek 1 Seljord,,https://www.felleskatalogen.no/medisin/apotek/Seljord/apotek-1-seljord-seljord
"Meierig. 2, 9300 Finnsnes",delete-alt,69.22442266368758,17.982135896523925,Apotek 1 Senja,,https://www.felleskatalogen.no/medisin/apotek/Finnsnes/apotek-1-senja-finnsnes
"Bogstadv. 51, 0366 Oslo",delete-alt,59.92536417784459,10.718308464022357,Apotek 1 Sfinxen,,https://www.felleskatalogen.no/medisin/apotek/Oslo/apotek-1-sfinxen-majorstuen
"Gamle Ringeriksv. 45, 1357 Bekkestua",delete-alt,59.91853894800989,10.578987045963249,Apotek 1 Signaturgården,,https://www.felleskatalogen.no/medisin/apotek/Bekkestua/apotek-1-signaturgaarden-bekkestua
"Sjøg. 49, Postboks 33, 8201 Fauske",delete-alt,67.25958941790137,15.376528396471903,Apotek 1 Sjøgata,,https://www.felleskatalogen.no/medisin/apotek/Fauske/apotek-1-sjoegata-fauske
"Stedjev. 38, 6856 Sogndal",delete-alt,61.23049041631182,7.104420624488243,Apotek 1 Sjøkanten,,https://www.felleskatalogen.no/medisin/apotek/Sogndal/apotek-1-sjoekanten-sogndal
"Smågan 2, 8656 Mosjøen",delete-alt,65.84081401546086,13.19962543582315,Apotek 1 Sjøsiden,,https://www.felleskatalogen.no/medisin/apotek/MosjoEen/apotek-1-sjoesiden-mosjoeen
"Strandsenteret, Strandv. 7, 9350 Sjøvegan",delete-alt,68.87068614422812,17.829603890661176,Apotek 1 Sjøveien,,https://www.felleskatalogen.no/medisin/apotek/SjoEvegan/apotek-1-sjoeveien-sjoevegan
"Parken Kjøpesenter, Stasjonsv. 28, 2100 Skarnes",delete-alt,60.26134755225208,11.666843714641562,Apotek 1 Skarnes,,https://www.felleskatalogen.no/medisin/apotek/Skarnes/apotek-1-skarnes-skarnes
"Nordbyv. 41, 1406 Ski",delete-alt,59.71964741206416,10.823431551956801,Apotek 1 Ski,,https://www.felleskatalogen.no/medisin/apotek/Ski/apotek-1-ski-ski
"Torgv. 1, 1400 Ski",delete-alt,59.716591876764184,10.837443592596983,Apotek 1 Ski Amfi,,https://www.felleskatalogen.no/medisin/apotek/Ski/apotek-1-ski-amfi-ski
"Jernbanesvingen 6, 1400 Ski",delete-alt,59.715329536607854,10.829327055351074,Apotek 1 Ski Storsenter,,https://www.felleskatalogen.no/medisin/apotek/Ski/apotek-1-ski-storsenter-ski
"Skjettenv. 40 C, 2013 Skjetten",delete-alt,59.96555223804014,11.009916206950797,Apotek 1 Skjettentoppen,,https://www.felleskatalogen.no/medisin/apotek/Skjetten/apotek-1-skjettentoppen-skjetten
"Skovv. 6 B, 0257 Oslo",delete-alt,59.91651679589053,10.713762437947404,Apotek 1 Skovveien,,https://www.felleskatalogen.no/medisin/apotek/Oslo/apotek-1-skovveien-frogner
"Skårersletta 55, Postboks 243, 1471 Lørenskog",delete-alt,59.91889675845944,10.947885076514916,Apotek 1 Skårersletta,,https://www.felleskatalogen.no/medisin/apotek/LoErenskog/apotek-1-skaarersletta-loerenskog
"Hovfaret 17, 0275 Oslo",delete-alt,59.92526531705671,10.678538856058971,Apotek 1 Skøyen,,https://www.felleskatalogen.no/medisin/apotek/Oslo/apotek-1-skoeyen-skoeyen
"Hovev. 10, Postboks 214, 6852 Sogndal",delete-alt,61.234497424504056,7.103727732158303,Apotek 1 Sogndal,,https://www.felleskatalogen.no/medisin/apotek/Sogndal/apotek-1-sogndal-sogndal
"Gamlev. 12, 4380 Hauge i Dalane",delete-alt,58.341192790543346,6.296119020721332,Apotek 1 Sokndal,,https://www.felleskatalogen.no/medisin/apotek/Sokndal/apotek-1-sokndal-sokndal
"Solakrossen 15-17, 4050 Sola",delete-alt,58.88231422135199,5.642629594542226,Apotek 1 Sola,,https://www.felleskatalogen.no/medisin/apotek/Sola/apotek-1-sola-sola
"Gamle Riksv. 98, 3057 Solbergelva",delete-alt,59.76318983187492,10.072888092865051,Apotek 1 Solbergelva,,https://www.felleskatalogen.no/medisin/apotek/Solbergelva/apotek-1-solbergelva-solbergelva
"Beddingen 10, 7042 Trondheim",delete-alt,63.431933616231404,10.413135493239565,Apotek 1 Solsiden,,https://www.felleskatalogen.no/medisin/apotek/Trondheim/apotek-1-solsiden-trondheim
"Strandg. 24, Postboks 62, 8401 Sortland",delete-alt,68.69760069382576,15.411032985174732,Apotek 1 Sortland,,https://www.felleskatalogen.no/medisin/apotek/Sortland/apotek-1-sortland-sortland
"Gjertrudv. 4, Sartorparken, 5353 Sotra",delete-alt,60.359154066558794,5.115333380440344,Apotek 1 Sotra,,https://www.felleskatalogen.no/medisin/apotek/Straume/apotek-1-sotra-straume
"Spannav. 148, 5535 Haugesund",delete-alt,59.39586821062037,5.301332332942918,Apotek 1 Spannavegen,,https://www.felleskatalogen.no/medisin/apotek/Haugesund/apotek-1-spannavegen-haugesund
"v. 225 nr. 1, Postboks 384, 9171 Longyearbyen",delete-alt,78.21894808964508,15.641751792981053,Apotek 1 Spitsbergen,,https://www.felleskatalogen.no/medisin/apotek/Longyearbyen/apotek-1-spitsbergen-longyearbyen
"Bjerregaardsg. 2 F, 0172 Oslo",delete-alt,59.92162106458257,10.734893939234325,Apotek 1 St. Hanshaugen,,https://www.felleskatalogen.no/medisin/apotek/Oslo/apotek-1-st-hanshaugen-st-hanshaugen
"Waldemar Thranes g. 25, 0171 Oslo",delete-alt,59.927744130670156,10.746188412678405,Apotek 1 St. Hanshaugen senter,,https://www.felleskatalogen.no/medisin/apotek/Oslo/apotek-1-st-hanshaugen-senter-st-hanshaugen
"Storg. 17, 2335 Stange",delete-alt,60.71544393684233,11.19886733187816,Apotek 1 Stange,,https://www.felleskatalogen.no/medisin/apotek/Stange/apotek-1-stange-stange
"Solaveien 88, 4316 Sandnes",delete-alt,58.85519084026109,5.717009945525436,Apotek 1 Stangeland,,https://www.felleskatalogen.no/medisin/apotek/Sandnes/apotek-1-stangeland-sandnes
"Enromv. 2, 7026 Trondheim",delete-alt,63.38757210711862,10.332780016744797,Apotek 1 Stavset,,https://www.felleskatalogen.no/medisin/apotek/Trondheim/apotek-1-stavset-trondheim
"Amfi Steinkjer, Sjøfartsg. 2, 7714 Steinkjer",delete-alt,64.01160204205186,11.491272247962346,Apotek 1 Steinkjer,,https://www.felleskatalogen.no/medisin/apotek/Steinkjer/apotek-1-steinkjer-steinkjer
"Domus Kjøpesenter, Kjøpmannsg. 36, 7500 Stjørdal",delete-alt,63.47125346653583,10.925567619079569,Apotek 1 Stjørdal,,https://www.felleskatalogen.no/medisin/apotek/StjoErdal/apotek-1-stjoerdal-stjoerdal
"Sørsvannsv. 2, 4848 Arendal",delete-alt,58.46628581712449,8.718106924404818,Apotek 1 Stoa,,https://www.felleskatalogen.no/medisin/apotek/Arendal/apotek-1-stoa-arendal
"Sagvannsv. 66, 4848 Arendal",delete-alt,58.465667105111066,8.701059669899465,Apotek 1 Stoa Vest,,https://www.felleskatalogen.no/medisin/apotek/Arendal/apotek-1-stoa-vest-arendal
"Markedsg. 9, Postboks 243, 8455 Stokmarknes",delete-alt,68.5658862785094,14.915050008513058,Apotek 1 Stokmarknes,,https://www.felleskatalogen.no/medisin/apotek/Stokmarknes/apotek-1-stokmarknes-stokmarknes
"Lilletunev. 2, 1711 Sarpsborg",delete-alt,59.285686642551205,11.089840998985341,Apotek 1 Stopp Tune,,https://www.felleskatalogen.no/medisin/apotek/Sarpsborg/apotek-1-stopp-tune-sarpsborg
"Amfi Stord, Hamneg. 11, Postboks 1, 5401 Stord",delete-alt,59.78017073167886,5.503960459388139,Apotek 1 Stord,,https://www.felleskatalogen.no/medisin/apotek/Stord/apotek-1-stord-stord
"Borgg. 7-9, 5417 Stord",delete-alt,59.78023900329035,5.493903814611779,Apotek 1 Stord Helsepark,,https://www.felleskatalogen.no/medisin/apotek/Stord/apotek-1-stord-helsepark-stord
"Arnulf Øverlandsg. 4, 6509 Kristiansund",delete-alt,63.10726241299471,7.725969452926547,Apotek 1 Storkaia Kristiansund,,https://www.felleskatalogen.no/medisin/apotek/Kristiansund/apotek-1-storkaia-kristiansund-kristiansund
"Storg. 87, Postboks 546, 9256 Tromsø",delete-alt,69.65081176956015,18.9549919902458,Apotek 1 Stortorget Tromsø,,https://www.felleskatalogen.no/medisin/apotek/TromsoE/apotek-1-stortorget-tromsoe-tromsoe
"Storg. 28, 3611 Kongsberg",delete-alt,59.67096175060738,9.642592767539886,Apotek 1 Stortorvet Kongsberg,,https://www.felleskatalogen.no/medisin/apotek/Kongsberg/apotek-1-stortorvet-kongsberg-kongsberg
"Stovner Senter 3, Postboks 41 Stovner, 0913 Oslo",delete-alt,59.96121140572496,10.926819895012008,Apotek 1 Stovner,,https://www.felleskatalogen.no/medisin/apotek/Oslo/apotek-1-stovner-stovner
"Lars Hertevigs g. 6 Herbarium, 4005 Stavanger",delete-alt,58.96943632080652,5.731119788803216,Apotek 1 Straen,,https://www.felleskatalogen.no/medisin/apotek/Stavanger/apotek-1-straen-stavanger
"Rådhusg. 22, 4100 Jørpeland",delete-alt,59.018431956467765,6.036760473072562,Apotek 1 Strand,,https://www.felleskatalogen.no/medisin/apotek/Strand/apotek-1-strand-strand
"Sliperiv. 2, 2609 Lillehammer",delete-alt,61.116875243740836,10.456159297196992,Apotek 1 Strandtorget,,https://www.felleskatalogen.no/medisin/apotek/Lillehammer/apotek-1-strandtorget-lillehammer
"Strandv. 106, 9006 Tromsø",delete-alt,69.63718523351982,18.944651350611508,Apotek 1 Strandvegen,,https://www.felleskatalogen.no/medisin/apotek/TromsoE/apotek-1-strandvegen-tromsoe
"Kong Øysteinsv. 5, 7045 Trondheim",delete-alt,63.429247110130376,10.455901187398622,Apotek 1 Strindheim,,https://www.felleskatalogen.no/medisin/apotek/Trondheim/apotek-1-strindheim-trondheim
"Stasjonsv. 8, 2010 Strømmen",delete-alt,59.94515734016252,11.006645030459778,Apotek 1 Strømmen Storsenter,,https://www.felleskatalogen.no/medisin/apotek/StroEmmen/apotek-1-stroemmen-storsenter-stroemmen
"Strømsbusletta 9, 4847 Arendal",delete-alt,58.456144186420545,8.75562838467135,Apotek 1 Strømsbusletta,,https://www.felleskatalogen.no/medisin/apotek/Arendal/apotek-1-stroemsbusletta-arendal
"Blichs g. 3, 3045 Drammen",delete-alt,59.74172959228492,10.208362407305051,Apotek 1 Strømsø,,https://www.felleskatalogen.no/medisin/apotek/Drammen/apotek-1-stroemsoe-drammen
"Domussenteret, Stasjonsv. 7, Postboks 40, 7291 Støren",delete-alt,63.052046897888275,10.286440021103397,Apotek 1 Støren,,https://www.felleskatalogen.no/medisin/apotek/StoEren/apotek-1-stoeren-stoeren
"Skogsleitet 16, Postboks 2, 5371 Skogsvåg",delete-alt,60.27042359794136,5.080472409631429,Apotek 1 Sund Senter,,https://www.felleskatalogen.no/medisin/apotek/SkogsvaAg/apotek-1-sund-senter-skogsvaag
"Amfi Senteret, Sunndalsv. 14, Postboks 130, 6601 Sunndalsøra",delete-alt,62.6768799761563,8.565758115913264,Apotek 1 Sunndal,,https://www.felleskatalogen.no/medisin/apotek/SunndalsoEra/apotek-1-sunndal-sunndalsoera
"Alti Arendal, Vesterv. 4, Postboks 130, 4801 Arendal",delete-alt,58.45879632357833,8.769888620646405,Apotek 1 Svanen - Arendal,,https://www.felleskatalogen.no/medisin/apotek/Arendal/apotek-1-svanen-arendal-arendal
"Strandg. 9, 5013 Bergen",delete-alt,60.393280677066045,5.320669182577859,Apotek 1 Svanen - Bergen,,https://www.felleskatalogen.no/medisin/apotek/Bergen/apotek-1-svanen-bergen-bergen
"Iseveien senter, Snekkerstubakken 26, 1738 Borgenhaugen",delete-alt,59.26973446230041,11.155651949787789,Apotek 1 Svanen - Borgenhaugen,,https://www.felleskatalogen.no/medisin/apotek/Sarpsborg/apotek-1-svanen-borgenhaugen-sarpsborg
"Storg. 12, Postboks 223, 1752 Halden",delete-alt,59.120522438342036,11.391584260178224,Apotek 1 Svanen - Halden,,https://www.felleskatalogen.no/medisin/apotek/Halden/apotek-1-svanen-halden-halden
"Kulltangv. 70, 3921 Porsgrunn",delete-alt,59.13949626394803,9.641538033230752,Apotek 1 Svanen - Porsgrunn,,https://www.felleskatalogen.no/medisin/apotek/Porsgrunn/apotek-1-svanen-porsgrunn-porsgrunn
"Bruene 1, Postboks 3055 Handelstorget, 3707 Skien",delete-alt,59.21009558416327,9.612180332287098,Apotek 1 Svanen - Skien,,https://www.felleskatalogen.no/medisin/apotek/Skien/apotek-1-svanen-skien-skien
"Sveio Senter, Sveiog. 66 E, 5550 Sveio",delete-alt,59.54074755888062,5.35195670545807,Apotek 1 Sveio,,https://www.felleskatalogen.no/medisin/apotek/Sveio/apotek-1-sveio-sveio
"Storg. 64, 3060 Svelvik",delete-alt,59.61948605844723,10.407164564435309,Apotek 1 Svelvik,,https://www.felleskatalogen.no/medisin/apotek/Svelvik/apotek-1-svelvik-svelvik
"Gamle Oslov. 1, 7020 Trondheim",delete-alt,63.41928488589848,10.36056633496996,Apotek 1 Sverresborg,,https://www.felleskatalogen.no/medisin/apotek/Trondheim/apotek-1-sverresborg-trondheim
"Lofotg. 33, Postboks 109, 8301 Svolvær",delete-alt,68.22974145275111,14.55476900064588,Apotek 1 Svolvær,,https://www.felleskatalogen.no/medisin/apotek/SvolvaEr/apotek-1-svolvaer-svolvaer
"Aureg. 11, 6230 Sykkylven",delete-alt,62.39542347356576,6.580555385817628,Apotek 1 Sykkylven,,https://www.felleskatalogen.no/medisin/apotek/Sykkylven/apotek-1-sykkylven-sykkylven
"Sentrumsv. 33, 4640 Søgne",delete-alt,58.09362629769783,7.809822162452667,Apotek 1 Søgne,,https://www.felleskatalogen.no/medisin/apotek/SoEgne/apotek-1-soegne-soegne
"Barstølv. 31-35, Postboks 9544 Sørlandssenteret, 4659 Kristiansand",delete-alt,58.182811145063184,8.12915937009474,Apotek 1 Sørlandssenteret,,https://www.felleskatalogen.no/medisin/apotek/Kristiansand/apotek-1-soerlandssenteret-kristiansand
"Storv. 9, 9310 Sørreisa",delete-alt,69.14311382260762,18.158984239897865,Apotek 1 Sørreisa,,https://www.felleskatalogen.no/medisin/apotek/SoErreisa/apotek-1-soerreisa-soerreisa
"Risavika Havnering, 4056 Tananger",delete-alt,58.91969473865783,5.592976389443764,Apotek 1 Tananger,,https://www.felleskatalogen.no/medisin/apotek/Tananger/apotek-1-tananger-tananger
"Tastatunet 1-3, 4027 Stavanger",delete-alt,58.9873741288766,5.69869183792107,Apotek 1 Tasta,,https://www.felleskatalogen.no/medisin/apotek/Stavanger/apotek-1-tasta-stavanger
"Fiskåv. 6, 4120 Tau",delete-alt,59.06537045852921,5.92750363244519,Apotek 1 Tau,,https://www.felleskatalogen.no/medisin/apotek/Tau/apotek-1-tau-tau
"Smidsrødv. 9, 3120 Nøtterøy",delete-alt,59.256290385056104,10.415883114998831,Apotek 1 Teie Torv,,https://www.felleskatalogen.no/medisin/apotek/NoEtteroEy/apotek-1-teie-torv-noetteroey
"Tempev. 22, 7031 Trondheim",delete-alt,63.403315856276194,10.400082274462655,Apotek 1 Tempe,,https://www.felleskatalogen.no/medisin/apotek/Trondheim/apotek-1-tempe-trondheim
"Walkersg. 4, 1771 Halden",delete-alt,59.11885412921237,11.386660179643536,Apotek 1 Tista,,https://www.felleskatalogen.no/medisin/apotek/Halden/apotek-1-tista-halden
"Østv. 667, 3145 Tjøme",delete-alt,59.119898939297826,10.39795031618067,Apotek 1 Tjøme,,https://www.felleskatalogen.no/medisin/apotek/TjoEme/apotek-1-tjoeme-tjoeme
"Rødbergv. 16, 0591 Oslo",delete-alt,59.949100402711615,10.815202075243251,Apotek 1 Tonsenhagen,,https://www.felleskatalogen.no/medisin/apotek/Oslo/apotek-1-tonsenhagen-bjerke
"Nordre Toppe 1, 5136 Mjølkeråen",delete-alt,60.48194358012314,5.277587565795605,Apotek 1 Toppe,,https://www.felleskatalogen.no/medisin/apotek/Toppe/apotek-1-toppe-toppe
"Storg. 26, 8006 Bodø",delete-alt,67.28424410190568,14.371712250269924,Apotek 1 Tordenskiold,,https://www.felleskatalogen.no/medisin/apotek/BodoE/apotek-1-tordenskiold-bodoe
"Hauges g. 10, 3019 Drammen",delete-alt,59.7440578966401,10.203562216983824,Apotek 1 Torget Vest,,https://www.felleskatalogen.no/medisin/apotek/Drammen/apotek-1-torget-vest-drammen
"Torgg. 1, 0181 Oslo",delete-alt,59.90975574603717,10.751270048516288,Apotek 1 Torggata,,https://www.felleskatalogen.no/medisin/apotek/Oslo/apotek-1-torggata-sentrum
"Sandakerv. 22 A, 0472 Oslo",delete-alt,59.937285831055895,10.759711895527476,Apotek 1 Torshov,,https://www.felleskatalogen.no/medisin/apotek/Oslo/apotek-1-torshov-torshov
"Knud Askersv. 26, 1383 Asker",delete-alt,59.83673570204142,10.429622785489848,Apotek 1 Trekanten - Asker,,https://www.felleskatalogen.no/medisin/apotek/Asker/apotek-1-trekanten-asker-asker
"Plassmyrv. 50, 8088 Bodø",delete-alt,67.27321243585943,14.416468923106816,Apotek 1 Trekanten - Bodø,,https://www.felleskatalogen.no/medisin/apotek/BodoE/apotek-1-trekanten-bodoe-bodoe
"Trekanten Senter, Vågsbygd Ringv. 100, Postboks 8143 Vågsbygd, 4675 Kristiansand",delete-alt,58.131807025277084,7.9655892136628745,Apotek 1 Trekanten - Vågsbygd,,https://www.felleskatalogen.no/medisin/apotek/Kristiansand/apotek-1-trekanten-vaagsbygd-kristiansand
"Lørenskog Storsenter, Gamlev. 88, Postboks 13, 1476 Rasta",delete-alt,59.9169964397312,10.953082511293234,Apotek 1 Triaden,,https://www.felleskatalogen.no/medisin/apotek/LoErenskog/apotek-1-triaden-loerenskog
"Amfisenteret Pyramiden, Solstrandv. 47, 9020 Tromsdalen",delete-alt,69.6425258386597,18.96976406306658,Apotek 1 Tromsdalen,,https://www.felleskatalogen.no/medisin/apotek/TromsoE/apotek-1-tromsdalen-tromsoe
"Trysilsenteret, Storv. 2, 2420 Trysil",delete-alt,61.311112447543465,12.261064518354338,Apotek 1 Trysil,,https://www.felleskatalogen.no/medisin/apotek/Trysil/apotek-1-trysil-trysil
"Kirkev. 19, Postboks 37, 1861 Trøgstad",delete-alt,59.642669112308944,11.317916902030026,Apotek 1 Trøgstad,,https://www.felleskatalogen.no/medisin/apotek/TroEgstad/apotek-1-troegstad-troegstad
"Tuvenbøygen 2, 3673 Notodden",delete-alt,59.563042533912906,9.21615294703995,Apotek 1 Tuven Senter,,https://www.felleskatalogen.no/medisin/apotek/Notodden/apotek-1-tuven-senter-notodden
"Industriv. 8 Bergsmyr, Tvedestrand Storsenter, 4900 Tvedestrand",delete-alt,58.62952730612518,8.908814031389582,Apotek 1 Tvedestrand,,https://www.felleskatalogen.no/medisin/apotek/Tvedestrand/apotek-1-tvedestrand-tvedestrand
"Tvetenv. 150, Postboks 27 Tveita, 0617 Oslo",delete-alt,59.912153685134435,10.839307315767655,Apotek 1 Tveita,,https://www.felleskatalogen.no/medisin/apotek/Oslo/apotek-1-tveita-tveita
"Kvilut 24, 8050 Tverlandet",delete-alt,67.3051057689436,14.742631345111178,Apotek 1 Tverlandet,,https://www.felleskatalogen.no/medisin/apotek/Tverlandet/apotek-1-tverlandet-tverlandet
"Amfi Tynset, Brug. 1, 2500 Tynset",delete-alt,62.278800050958296,10.77594399038437,Apotek 1 Tynset,,https://www.felleskatalogen.no/medisin/apotek/Tynset/apotek-1-tynset-tynset
"Hegglandsv. 33, 5680 Tysnes",delete-alt,60.042220812484786,5.521581233531467,Apotek 1 Tysnes,,https://www.felleskatalogen.no/medisin/apotek/Tysnes/apotek-1-tysnes-tysnes
"Tåsen Nærsenter, Kaj Munksv. 41, 0876 Oslo",delete-alt,59.95151380560494,10.755242913915536,Apotek 1 Tåsen Senter,,https://www.felleskatalogen.no/medisin/apotek/Oslo/apotek-1-taasen-senter-taasen
"Sognsv. 75 C, 0855 Oslo",delete-alt,59.950521740343135,10.728819488860173,Apotek 1 Ullevaal Stadion,,https://www.felleskatalogen.no/medisin/apotek/Oslo/apotek-1-ullevaal-stadion-ullevaal-stadion
"Ulriksdalen Helsepark, Ulriksdal 2, 5009 Bergen",delete-alt,60.380673954736984,5.365672151540386,Apotek 1 Ulriksdal,,https://www.felleskatalogen.no/medisin/apotek/Bergen/apotek-1-ulriksdal-bergen
"Blåhuset, Vikemyra 1, 6065 Ulsteinvik",delete-alt,62.34434894237137,5.839469923699052,Apotek 1 Ulstein,,https://www.felleskatalogen.no/medisin/apotek/Ulsteinvik/apotek-1-ulstein-ulsteinvik
"Ulvenv. 84 B, 0581 Oslo",delete-alt,59.92167135836743,10.811142358992363,Apotek 1 Ulven,,https://www.felleskatalogen.no/medisin/apotek/Oslo/apotek-1-ulven-alna
"Grønland 45, 3045 Drammen",delete-alt,59.73899580389402,10.19576422732591,Apotek 1 Union Brygge,,https://www.felleskatalogen.no/medisin/apotek/Drammen/apotek-1-union-brygge-drammen
"Strandg. 18, Postboks 114, 9811 Vadsø",delete-alt,70.07187028659648,29.766609042535084,Apotek 1 Vadsø,,https://www.felleskatalogen.no/medisin/apotek/VadsoE/apotek-1-vadsoe-vadsoe
"Storg. 7, 9300 Finnsnes",delete-alt,69.23217421981788,17.985945076162977,Apotek 1 Valen Finnsnes,,https://www.felleskatalogen.no/medisin/apotek/Finnsnes/apotek-1-valen-finnsnes-finnsnes
"Orev. 11, Postboks 19, 4558 Vanse",delete-alt,58.09706134766181,6.683414525550276,Apotek 1 Vanse,,https://www.felleskatalogen.no/medisin/apotek/Vanse/apotek-1-vanse-vanse
"Combisenteret, 6143 Fiskå",delete-alt,62.09815988368757,5.556160981408118,Apotek 1 Vanylven,,https://www.felleskatalogen.no/medisin/apotek/FiskaAbygd/apotek-1-vanylven-fiskaabygd
"Bleikmyrv. 2 A, 4276 Veavågen",delete-alt,59.27683467277765,5.2348616564607795,Apotek 1 Veakrossen,,https://www.felleskatalogen.no/medisin/apotek/KarmoEy/apotek-1-veakrossen-karmoey
"Senterv. 8, 1540 Vestby",delete-alt,59.604289424946835,10.74799599423668,Apotek 1 Vestby Storsenter,,https://www.felleskatalogen.no/medisin/apotek/Vestby/apotek-1-vestby-storsenter-vestby
"Sjøg. 34, 6390 Vestnes",delete-alt,62.620530120531335,7.104602370950849,Apotek 1 Vestnes,,https://www.felleskatalogen.no/medisin/apotek/Vestnes/apotek-1-vestnes-vestnes
"Rådhusg. 6, Postboks 3, 8376 Leknes",delete-alt,68.14866626756505,13.60132713361754,Apotek 1 Vestvågøy,,https://www.felleskatalogen.no/medisin/apotek/Leknes/apotek-1-vestvaagoey-leknes
"Arne Garborgsv. 15/17, 4344 Bryne",delete-alt,58.73644799010901,5.65519797974014,Apotek 1 Viben,,https://www.felleskatalogen.no/medisin/apotek/Bryne/apotek-1-viben-bryne
"Vikersund Nærsenter, Vikersundg. 34, 3370 Vikersund",delete-alt,59.962912447069925,10.000968756727074,Apotek 1 Vikersund,,https://www.felleskatalogen.no/medisin/apotek/Vikersund/apotek-1-vikersund-vikersund
"Slemdalsv. 72, 0373 Oslo",delete-alt,59.943927802636225,10.704509980938397,Apotek 1 Vinderen,,https://www.felleskatalogen.no/medisin/apotek/Oslo/apotek-1-vinderen-vinderen
"Vinjev. 172, 3890 Vinje",delete-alt,59.566777990373325,7.995661015600102,Apotek 1 Vinje,,https://www.felleskatalogen.no/medisin/apotek/Vinje/apotek-1-vinje-vinje
"Vinstrag. 105, 2640 Vinstra",delete-alt,61.59577694324132,9.719512238368095,Apotek 1 Vinstra,,https://www.felleskatalogen.no/medisin/apotek/Vinstra/apotek-1-vinstra-vinstra
"Vinterbro Senter, Sjøskogenv. 7, Postboks 139, 1429 Vinterbro",delete-alt,59.73667221705761,10.775207412672405,Apotek 1 Vinterbro,,https://www.felleskatalogen.no/medisin/apotek/Vinterbro/apotek-1-vinterbro-vinterbro
"Industrig. 12, 6100 Volda",delete-alt,62.14253633187404,6.078280785360067,Apotek 1 Volda,,https://www.felleskatalogen.no/medisin/apotek/Volda/apotek-1-volda-volda
"Vangsg. 42, Postboks 424, 5702 Voss",delete-alt,60.6281989203013,6.423762290327237,Apotek 1 Voss,,https://www.felleskatalogen.no/medisin/apotek/Voss/apotek-1-voss-voss
"Elveg. 11, 4306 Sandnes",delete-alt,58.851904779731235,5.7460573991161565,Apotek 1 Vågen,,https://www.felleskatalogen.no/medisin/apotek/Sandnes/apotek-1-vaagen-sandnes
"Amfi Vågsbygd, Kirsten Flagstadsv. 30/32, 4621 Kristiansand",delete-alt,58.12247599611615,7.947882462394435,Apotek 1 Vågsbygd,,https://www.felleskatalogen.no/medisin/apotek/Kristiansand/apotek-1-vaagsbygd-kristiansand
"Vågåv. 47, Postboks 57, 2684 Vågå",delete-alt,61.87480586339622,9.093696751622396,Apotek 1 Vågå,,https://www.felleskatalogen.no/medisin/apotek/VaAgaA/apotek-1-vaagaa-vaagaa
"Jens Wilhelmsens g. 7, 1671 Kråkerøy",delete-alt,59.20917857782727,10.924865856717815,Apotek 1 Værstetorvet,,https://www.felleskatalogen.no/medisin/apotek/Fredrikstad/apotek-1-vaerstetorvet-fredrikstad
"Vøyenengatunet 14, 1339 Vøyenenga",delete-alt,59.9114527993324,10.479048002050664,Apotek 1 Vøyenenga Senter,,https://www.felleskatalogen.no/medisin/apotek/VoEyenenga/apotek-1-voeyenenga-senter-voeyenenga
"Wilbergjordet 10, 1605 Fredrikstad",delete-alt,59.22659437979487,10.955199534313083,Apotek 1 Wilbergjordet,,https://www.felleskatalogen.no/medisin/apotek/Fredrikstad/apotek-1-wilbergjordet-fredrikstad
"Kjøpesenteret Xhibition, Småstrandg. 3, Postboks 1066 Sentrum, 5809 Bergen",delete-alt,60.394420329055286,5.331654148930876,Apotek 1 Xhibition,,https://www.felleskatalogen.no/medisin/apotek/Bergen/apotek-1-xhibition-bergen
"Olav Sæters v. 2, 2409 Elverum",delete-alt,60.89873641354399,11.581699092066167,Apotek 1 Ydalir Elverum,,https://www.felleskatalogen.no/medisin/apotek/Elverum/apotek-1-ydalir-elverum-elverum
"Skjærgardsv. 1374, 5363 Ågotnes",delete-alt,60.40484518354882,5.00203562740514,Apotek 1 Ågotnes,,https://www.felleskatalogen.no/medisin/apotek/AAgotnes/apotek-1-aagotnes-aagotnes
"Amfisenteret, Tungarden 1, 4270 Åkrehamn",delete-alt,59.26503384084422,5.200523307376208,Apotek 1 Åkra,,https://www.felleskatalogen.no/medisin/apotek/AAkrehamn/apotek-1-aakra-aakrehamn
"Fossv. 8, Postboks 14, 4864 Åmli",delete-alt,58.77135399435206,8.488383511385198,Apotek 1 Åmli,,https://www.felleskatalogen.no/medisin/apotek/AAmli/apotek-1-aamli-aamli
"Raumasenteret, Øran Øst, 6300 Åndalsnes",delete-alt,62.55868608780309,7.675761394504289,Apotek 1 Åndalsnes,,https://www.felleskatalogen.no/medisin/apotek/AAndalsnes/apotek-1-aandalsnes-aandalsnes
"Skoleg. 3, Postboks 46, 2151 Årnes",delete-alt,60.12272815222536,11.474562689300283,Apotek 1 Årnes,,https://www.felleskatalogen.no/medisin/apotek/AArnes/apotek-1-aarnes-aarnes
"C. J. Hansensv. 3 B, 2007 Kjeller",delete-alt,59.961891421045884,11.065731103542369,Apotek 1 Åråsen Lillestrøm,,https://www.felleskatalogen.no/medisin/apotek/LillestroEm/apotek-1-aaraasen-lillestroem-lillestroem
"Åsane Senter 42, 5116 Ulset",delete-alt,60.464108043931816,5.328419616394003,Apotek 1 Åsane,,https://www.felleskatalogen.no/medisin/apotek/Bergen/apotek-1-aasane-bergen
"Grev Wedelsg. 44, 3179 Åsgårdstrand",delete-alt,59.35042035837843,10.464878832260263,Apotek 1 Åsgårdstrand,,https://www.felleskatalogen.no/medisin/apotek/AAsgaArdstrand/apotek-1-aasgaardstrand-aasgaardstrand
"Rådhusg. 27, Postboks 154, 8439 Myre",delete-alt,68.91286645607346,15.0871972040078,Apotek 1 Øksnes,,https://www.felleskatalogen.no/medisin/apotek/Myre/apotek-1-oeksnes-myre
"Sandeidv. 3, 5588 Ølen",delete-alt,59.60536544715581,5.7993073267482735,Apotek 1 Ølen,,https://www.felleskatalogen.no/medisin/apotek/OElen/apotek-1-oelen-oelen
"Storg. 5, 1767 Halden",delete-alt,59.12253506156386,11.384447635582006,Apotek 1 Ørnen - Halden,,https://www.felleskatalogen.no/medisin/apotek/Halden/apotek-1-oernen-halden-halden
"Sigurdsg. 4, 3256 Larvik",delete-alt,59.0526819678487,10.03252613707804,Apotek 1 Ørnen - Larvik,,https://www.felleskatalogen.no/medisin/apotek/Larvik/apotek-1-oernen-larvik-larvik
"Ørsta Amfi, Vikeøyrane 4, 6150 Ørsta",delete-alt,62.202534569402026,6.123585324111438,Apotek 1 Ørsta,,https://www.felleskatalogen.no/medisin/apotek/OErsta/apotek-1-oersta-oersta
"CC Mart'n, Ringg. 53, 2318 Hamar",delete-alt,60.79260027740998,11.088837726434347,Apotek 1 Østbyen,,https://www.felleskatalogen.no/medisin/apotek/Hamar/apotek-1-oestbyen-hamar
"Dikev. 28, Postboks 174, 1662 Rolvsøy",delete-alt,59.24883569090384,10.99203056908425,Apotek 1 Østfoldhallen,,https://www.felleskatalogen.no/medisin/apotek/Fredrikstad/apotek-1-oestfoldhallen-fredrikstad
"Amfisenteret Namsos, Søren R. Thornæsv. 19, 7800 Namsos",delete-alt,64.46956816879917,11.511165581776543,Apotek 1 Østre,,https://www.felleskatalogen.no/medisin/apotek/Namsos/apotek-1-oestre-namsos
"Kvitsøyg. 5, 4014 Stavanger",delete-alt,58.9679476174458,5.755805099478159,Apotek 1 Østre Bydel,,https://www.felleskatalogen.no/medisin/apotek/Stavanger/apotek-1-oestre-bydel-stavanger
"Alti Mandal, Skarvøyv. 55, 4517 Mandal",delete-alt,58.03080463612435,7.45966360366205,Apotek 1 Øvrebyen,,https://www.felleskatalogen.no/medisin/apotek/Mandal/apotek-1-oevrebyen-mandal
"Tjøllingv. 45, 3262 Larvik",delete-alt,59.04747776380662,10.057884960332638,Apotek 1 Øya,,https://www.felleskatalogen.no/medisin/apotek/Larvik/apotek-1-oeya-larvik
"Prinsens g. 6, 0156 Oslo",delete-alt,59.91235420506343,10.749115276571343,Apotek Dronningen,,https://www.felleskatalogen.no/medisin/apotek/Oslo/apotek-dronningen-sentrum
"Claude Monet Allé 21, 1338 Sandvika",delete-alt,59.88843438573316,10.528870739188223,Apotek Sandvika Vest,,https://www.felleskatalogen.no/medisin/apotek/Sandvika/apotek-sandvika-vest-sandvika
"Fitnodatgeaidnu 1, 9730 Karasjok",delete-alt,69.46962681775449,25.513421591875947,Apotek Sapmi,,https://www.felleskatalogen.no/medisin/apotek/Karasjok/apotek-sapmi-karasjok
"Vestlia 1, 1592 Våler i Østfold",delete-alt,59.48985969905337,10.846426654610958,Apoteket Elgen Folkestad,,https://www.felleskatalogen.no/medisin/apotek/VaAler_i_OEstfold/apoteket-elgen-folkestad-vaaler-i-oestfold
"Kolåsv. 4, Postboks 59, 1556 Son",delete-alt,59.527913341501986,10.688159309281508,Apoteket i Son,,https://www.felleskatalogen.no/medisin/apotek/Son/apoteket-i-son-son
"Haraldrudv. 11, 0581 Oslo",delete-alt,59.92843725653576,10.818909762208555,Apotera apotek,,https://www.felleskatalogen.no/medisin/apotek/Oslo/apotera-apotek-bjerke
"Sagav. 13, 1443 Drøbak",delete-alt,59.67085940332536,10.630525006029137,Appoteket,,https://www.felleskatalogen.no/medisin/apotek/DroEbak/appoteket-droebak
"Aurskog senter, 1930 Aurskog",delete-alt,59.926147775280754,11.471629011856166,Aurskog apotek,,https://www.felleskatalogen.no/medisin/apotek/Aurskog/aurskog-apotek-aurskog
"Bekkjarvik Torg, 5397 Bekkjarvik",delete-alt,60.00947051715886,5.2093145867193655,Austevoll apotek,,https://www.felleskatalogen.no/medisin/apotek/Austevoll/austevoll-apotek-austevoll
"Valdrestunet kjøpesenter, Postboks 4 Valdrestunet kjøpesenter, 2929 Bagn",delete-alt,60.82249653933394,9.554253065199072,Bagn apotek,,https://www.felleskatalogen.no/medisin/apotek/Bagn/bagn-apotek-bagn
"Munchsg. 7, 0165 Oslo",delete-alt,59.91450680923904,10.745288446860549,Balder apotek,,https://www.felleskatalogen.no/medisin/apotek/Oslo/balder-apotek-st-hanshaugen
"Strøget 104, 4760 Birkeland",delete-alt,58.32842395690613,8.237343561644904,Birkeland apotek,,https://www.felleskatalogen.no/medisin/apotek/Birkeland/birkeland-apotek-birkeland
"Vikesåg. 1, 4389 Vikeså",delete-alt,58.63141491246062,6.073618028151201,Bjerkreim apotek,,https://www.felleskatalogen.no/medisin/apotek/VikesaA/bjerkreim-apotek-vikesaa
"Sorenskriverv. 13, Postboks 168, 9502 Alta",delete-alt,69.95861025560374,23.236048324392236,Boots apotek Alta,,https://www.felleskatalogen.no/medisin/apotek/Alta/boots-apotek-alta-alta
"Magnus den Godes v. 23, 7653 Verdal",delete-alt,63.779046252112565,11.477437921615472,Boots apotek Alti Verdal,,https://www.felleskatalogen.no/medisin/apotek/Verdal/boots-apotek-alti-verdal-verdal
"Friholmsg. 4, 4836 Arendal",delete-alt,58.46459006765064,8.763712835069732,Boots apotek Arendal,,https://www.felleskatalogen.no/medisin/apotek/Arendal/boots-apotek-arendal-arendal
"Øyrane Torg, Ådnav. 63, Postboks 213, 5888 Bergen",delete-alt,60.422565224039225,5.463025662033509,Boots apotek Arna,,https://www.felleskatalogen.no/medisin/apotek/Bergen/boots-apotek-arna-bergen
"Skoleg. 11, 1830 Askim",delete-alt,59.58099270600914,11.162827852623002,Boots apotek Askim,,https://www.felleskatalogen.no/medisin/apotek/Askim/boots-apotek-askim-askim
"Gamle Ringeriksv. 34, 1357 Bekkestua",delete-alt,59.914468267021036,10.593717313997209,Boots apotek Bekkestua,,https://www.felleskatalogen.no/medisin/apotek/Bekkestua/boots-apotek-bekkestua-bekkestua
"Theresesg. 36, 0168 Oslo",delete-alt,59.92874243102819,10.734098170768023,Boots apotek Bislett,,https://www.felleskatalogen.no/medisin/apotek/Oslo/boots-apotek-bislett-bislett
"Rådhusv. 5, 1940 Bjørkelangen",delete-alt,59.88287777575237,11.571273102591222,Boots apotek Bjørkelangen,,https://www.felleskatalogen.no/medisin/apotek/BjoErkelangen/boots-apotek-bjoerkelangen-bjoerkelangen
"Storg. 5, 8006 Bodø",delete-alt,67.28335384892404,14.372837874409566,Boots Apotek Bodø,,https://www.felleskatalogen.no/medisin/apotek/BodoE/boots-apotek-bodoe-bodoe
"Bogstadv. 34, 0366 Oslo",delete-alt,59.92751770115115,10.72124545914475,Boots apotek Bogstadveien,,https://www.felleskatalogen.no/medisin/apotek/Oslo/boots-apotek-bogstadveien-majorstuen
"Brotorvet senter, Gangv. 10, Postboks 27, 3995 Stathelle",delete-alt,59.04494475942947,9.685619630345334,Boots apotek Brotorvet,,https://www.felleskatalogen.no/medisin/apotek/Stathelle/boots-apotek-brotorvet-stathelle
"Jupiterv. 2, Postboks 428, 4349 Bryne",delete-alt,58.73581123702328,5.643843315390369,Boots apotek Bryne,,https://www.felleskatalogen.no/medisin/apotek/Bryne/boots-apotek-bryne-bryne
"Havnesenteret, Storg. 58, 8900 Brønnøysund",delete-alt,65.47142480547335,12.21080405312157,Boots apotek Brønnøysund,,https://www.felleskatalogen.no/medisin/apotek/BroEnnoEysund/boots-apotek-broennoeysund-broennoeysund
"Sandav. 27, 7350 Buvika",delete-alt,63.30870548885331,10.176837455029531,Boots apotek Buvika,,https://www.felleskatalogen.no/medisin/apotek/Buvika/boots-apotek-buvika-buvika
"Bølerlia 4, 0691 Oslo",delete-alt,59.88215201812279,10.837282230869043,Boots apotek Bøler,,https://www.felleskatalogen.no/medisin/apotek/Oslo/boots-apotek-boeler-boeler
"Rosenkrantzg. 17, 3018 Drammen",delete-alt,59.74377075866855,10.194606615352797,Boots apotek Drammen Legevakt,,https://www.felleskatalogen.no/medisin/apotek/Drammen/boots-apotek-drammen-legevakt-drammen
"Engelsvikenv. 155, 1626 Manstad",delete-alt,59.26569832434322,10.797550841887725,Boots apotek Elingaardkilen,,https://www.felleskatalogen.no/medisin/apotek/Manstad/boots-apotek-elingaardkilen-manstad
"Altav. 281, 9515 Alta",delete-alt,69.97093140909477,23.38106990890522,Boots apotek Elvebakken Alta,,https://www.felleskatalogen.no/medisin/apotek/Alta/boots-apotek-elvebakken-alta-alta
"Torgg. 3, 2408 Elverum",delete-alt,60.88402358363721,11.56042933695976,Boots apotek Elverum,,https://www.felleskatalogen.no/medisin/apotek/Elverum/boots-apotek-elverum-elverum
"Garderbakken 6, Postboks 184, 1900 Fetsund",delete-alt,59.9312015007816,11.160559380352309,Boots apotek Fetsund,,https://www.felleskatalogen.no/medisin/apotek/Fetsund/boots-apotek-fetsund-fetsund
"Flisa Stormarked, Kaffeg. 23, 2270 Flisa",delete-alt,60.60732218208456,12.00871947869233,Boots apotek Flisa,,https://www.felleskatalogen.no/medisin/apotek/Flisa/boots-apotek-flisa-flisa
"Mossev. 16, 1607 Fredrikstad",delete-alt,59.22287529626087,10.921258691637515,Boots apotek Fredrikstad,,https://www.felleskatalogen.no/medisin/apotek/Fredrikstad/boots-apotek-fredrikstad-fredrikstad
"Torget 10, 6440 Elnesvågen",delete-alt,62.855381313487165,7.165368068958047,Boots apotek Fræna,,https://www.felleskatalogen.no/medisin/apotek/FraEna/boots-apotek-fraena-fraena
"Oasen Storsenter, Folke Bernadottesv. 52, 5147 Bergen",delete-alt,60.349246978853635,5.297196880955244,Boots apotek Fyllingsdalen,,https://www.felleskatalogen.no/medisin/apotek/Bergen/boots-apotek-fyllingsdalen-bergen
"AMFI Geilo, Kyrkjev. 2, Postboks 40, 3581 Geilo",delete-alt,60.53384525355894,8.214336806133437,Boots apotek Geilo,,https://www.felleskatalogen.no/medisin/apotek/Geilo/boots-apotek-geilo-geilo
"Rimigården, Vestvang 6, 2022 Gjerdrum",delete-alt,60.07176370638469,11.03412728815054,Boots apotek Gjerdrum,,https://www.felleskatalogen.no/medisin/apotek/Gjerdrum/boots-apotek-gjerdrum-gjerdrum
"Kremmartunet, Sentrumsv. 116, 3550 Gol",delete-alt,60.70370892340226,8.94339670783441,Boots apotek Gol,,https://www.felleskatalogen.no/medisin/apotek/Gol/boots-apotek-gol-gol
"Bergensv. 2, 0963 Oslo",delete-alt,59.96144784283235,10.881603695474302,Boots apotek Grorud,,https://www.felleskatalogen.no/medisin/apotek/Oslo/boots-apotek-grorud-grorud
"Sofienbergg. 6, 0551 Oslo",delete-alt,59.92341058628506,10.754540855718528,Boots apotek Grünerløkka,,https://www.felleskatalogen.no/medisin/apotek/Oslo/boots-apotek-gruunerloekka-gruunerloekka
"Helgebyv. 8, 1734 Hafslundsøy",delete-alt,59.28982235722462,11.150166333820062,Boots apotek Hafslundsøy,,https://www.felleskatalogen.no/medisin/apotek/HafslundsoEy/boots-apotek-hafslundsoey-hafslundsoey
"Maxi Storsenter, Aslak Boltsg. 48, 2316 Hamar",delete-alt,60.797473313259125,11.04411988373769,Boots apotek Hamar,,https://www.felleskatalogen.no/medisin/apotek/Hamar/boots-apotek-hamar-hamar
"Brattvågsenteret, Strandg. 40, Postboks 194, 6282 Brattvåg",delete-alt,62.59677167145965,6.451141971081466,Boots apotek Haram,,https://www.felleskatalogen.no/medisin/apotek/BrattvaAg/boots-apotek-haram-brattvaag
"Harebakken senter, Langsæv. 5, 4846 Arendal",delete-alt,58.4746577092762,8.75389096553408,Boots apotek Harebakken,,https://www.felleskatalogen.no/medisin/apotek/Arendal/boots-apotek-harebakken-arendal
"Oasen Storsenter, Postboks 1924, 5508 Karmsund",delete-alt,59.379302354552976,5.308364257343284,Boots apotek Havfruen,,https://www.felleskatalogen.no/medisin/apotek/Karmsund/boots-apotek-havfruen-karmsund
"Ringvålv. 3-7, 7080 Heimdal",delete-alt,63.352187617914204,10.359860997986857,Boots apotek Heimdal,,https://www.felleskatalogen.no/medisin/apotek/Trondheim/boots-apotek-heimdal-trondheim
"Torgv. 2, Postboks 1044 Hillevåg, 4016 Stavanger",delete-alt,58.948209264547486,5.738951969499124,Boots apotek Hillevåg,,https://www.felleskatalogen.no/medisin/apotek/Stavanger/boots-apotek-hillevaag-stavanger
"Stasjonsg. 71, Postboks 156, 3301 Hokksund",delete-alt,59.77128788197056,9.911897445842985,Boots apotek Hokksund,,https://www.felleskatalogen.no/medisin/apotek/Hokksund/boots-apotek-hokksund-hokksund
"Vik Torg, 3530 Røyse",delete-alt,60.08015046075401,10.289823701654429,Boots apotek Hole,,https://www.felleskatalogen.no/medisin/apotek/Hole/boots-apotek-hole-hole
"Langg. 35, 3080 Holmestrand",delete-alt,59.48532743826708,10.31529543717658,Boots apotek Holmestrand,,https://www.felleskatalogen.no/medisin/apotek/Holmestrand/boots-apotek-holmestrand-holmestrand
"Myrdalsv. 2, 5130 Nyborg",delete-alt,60.468586228361,5.316085879567316,Boots apotek Horisont,,https://www.felleskatalogen.no/medisin/apotek/Nyborg/boots-apotek-horisont-nyborg
"Trimv. 41, 3188 Horten",delete-alt,59.40507012612748,10.462635902460383,Boots apotek Horten Handelspark,,https://www.felleskatalogen.no/medisin/apotek/Horten/boots-apotek-horten-handelspark-horten
"Hundvågsenteret, Hundvågv. 47, 4085 Hundvåg",delete-alt,58.99218689122987,5.736884489623253,Boots apotek Hundvåg,,https://www.felleskatalogen.no/medisin/apotek/HundvaAg/boots-apotek-hundvaag-hundvaag
"Østre Strandv. 36, Postboks 16, 3481 Tofte",delete-alt,59.54108347639685,10.558381802160852,Boots apotek Hurum,,https://www.felleskatalogen.no/medisin/apotek/Hurum/boots-apotek-hurum-hurum
"Sentrumsv. 28, Postboks 68, 3646 Hvittingfoss",delete-alt,59.48385352234612,10.016543774743518,Boots apotek Hvittingfoss,,https://www.felleskatalogen.no/medisin/apotek/Hvittingfoss/boots-apotek-hvittingfoss-hvittingfoss
"Høvik Senter, O. H. Bangsv. 21, 1363 Høvik",delete-alt,59.90197471988838,10.580051310248294,Boots apotek Høvik,,https://www.felleskatalogen.no/medisin/apotek/HoEvik/boots-apotek-hoevik-hoevik
"Nessjordet 3, 7670 Inderøy",delete-alt,63.87328635901486,11.29363444214196,Boots apotek Inderøy,,https://www.felleskatalogen.no/medisin/apotek/InderoEy/boots-apotek-inderoey-inderoey
"Jekta Storsenter, Heilov. 19, 9015 Tromsø",delete-alt,69.67390691052108,18.9367914515527,Boots apotek Jekta,,https://www.felleskatalogen.no/medisin/apotek/TromsoE/boots-apotek-jekta-tromsoe
"Furusethg. 10, 2050 Jessheim",delete-alt,60.14369566784506,11.16768592752683,Boots Apotek Jessheim Skovly,,https://www.felleskatalogen.no/medisin/apotek/Jessheim/boots-apotek-jessheim-skovly-jessheim
"Kilden Senter, Søråshøgda 9, 5235 Rådal",delete-alt,60.30971123591893,5.32476840152324,Boots apotek Kilden,,https://www.felleskatalogen.no/medisin/apotek/Bergen/boots-apotek-kilden-bergen
"Romerikssenteret, Postboks 73, 2041 Kløfta",delete-alt,60.07678056025527,11.132620802350699,Boots apotek Kløfta,,https://www.felleskatalogen.no/medisin/apotek/KloEfta/boots-apotek-kloefta-kloefta
"Kolbotn Torg, Strandliv. 4, 1410 Kolbotn",delete-alt,59.81058382905251,10.791315824308542,Boots apotek Kolbotn Torg,,https://www.felleskatalogen.no/medisin/apotek/Kolbotn/boots-apotek-kolbotn-torg-kolbotn
"Kolsås Senter, Rødskiferv. 1, Postboks 107, 1352 Kolsås",delete-alt,59.9174421090646,10.498140652862876,Boots apotek Kolsås,,https://www.felleskatalogen.no/medisin/apotek/KolsaAs/boots-apotek-kolsaas-kolsaas
"Pettersvollen 3, 3032 Drammen",delete-alt,59.71561385206902,10.154723068321816,Boots apotek Konnerud,,https://www.felleskatalogen.no/medisin/apotek/Drammen/boots-apotek-konnerud-drammen
"Austre Karmøyv. 130, 4250 Kopervik",delete-alt,59.27742963455101,5.3000738681561,Boots apotek Kopervik,,https://www.felleskatalogen.no/medisin/apotek/Kopervik/boots-apotek-kopervik-kopervik
"Coop Koppang, Kjemsjøv. 2, Postboks 130, 2481 Koppang",delete-alt,61.56848136956332,11.053029598349523,Boots apotek Koppang,,https://www.felleskatalogen.no/medisin/apotek/Koppang/boots-apotek-koppang-koppang
"Kirkev. 4, 2406 Elverum",delete-alt,60.88164354022727,11.563400733314808,Boots apotek Kremmertorget,,https://www.felleskatalogen.no/medisin/apotek/Elverum/boots-apotek-kremmertorget-elverum
"Tollbodg. 6, Postboks 138, 4662 Kristiansand",delete-alt,58.14510893470125,7.991440167905301,Boots apotek Kristiansand,,https://www.felleskatalogen.no/medisin/apotek/Kristiansand/boots-apotek-kristiansand-kristiansand
"Kråkerøyv. 2 A, 1671 Kråkerøy",delete-alt,59.207273861063335,10.930203933501259,Boots apotek Kråkerøy,,https://www.felleskatalogen.no/medisin/apotek/Fredrikstad/boots-apotek-kraakeroey-fredrikstad
"Austrheimv. 10, 5516 Haugesund",delete-alt,59.44108621225921,5.264059241973069,Boots apotek Kvalasenteret,,https://www.felleskatalogen.no/medisin/apotek/Haugesund/boots-apotek-kvalasenteret-haugesund
"Manetv. 2, 9100 Kvaløysletta",delete-alt,69.68646452671759,18.86243634445467,Boots apotek Kvaløysletta,,https://www.felleskatalogen.no/medisin/apotek/TromsoE/boots-apotek-kvaloeysletta-tromsoe
"Østmarkv. 2, Postboks 277, 7440 Trondheim",delete-alt,63.44906774045531,10.439292773532955,Boots apotek LadeTorget,,https://www.felleskatalogen.no/medisin/apotek/Trondheim/boots-apotek-ladetorget-trondheim
"Langbølgen 1, 1150 Oslo",delete-alt,59.87324543356391,10.80768879942807,Boots apotek Lambertseter,,https://www.felleskatalogen.no/medisin/apotek/Oslo/boots-apotek-lambertseter-lambertseter
"Landesenteret, Vestrev. 4, 1710 Sarpsborg",delete-alt,59.28977272927701,11.097822962373833,Boots apotek Lande,,https://www.felleskatalogen.no/medisin/apotek/Sarpsborg/boots-apotek-lande-sarpsborg
"Nansetg. 8, 3256 Larvik",delete-alt,59.05500894562511,10.031018122288238,Boots apotek Larvik,,https://www.felleskatalogen.no/medisin/apotek/Larvik/boots-apotek-larvik-larvik
"Lilleengv. 8, 1523 Moss",delete-alt,59.41752336937636,10.671099026179547,Boots apotek Lilleeng Helsepark,,https://www.felleskatalogen.no/medisin/apotek/Moss/boots-apotek-lilleeng-helsepark-moss
"Storg. 51, 2609 Lillehammer",delete-alt,61.11633444338713,10.463314559218544,Boots apotek Lillehammer,,https://www.felleskatalogen.no/medisin/apotek/Lillehammer/boots-apotek-lillehammer-lillehammer
"Stortorget 11, 2000 Lillestrøm",delete-alt,59.95514408814014,11.05216987157906,Boots apotek Lillestrøm,,https://www.felleskatalogen.no/medisin/apotek/LillestroEm/boots-apotek-lillestroem-lillestroem
"Linderud Senter, Erich Mogensøv. 38, Postboks 76 Linderud, 0517 Oslo",delete-alt,59.947192339579395,10.83523459203158,Boots apotek Linderud,,https://www.felleskatalogen.no/medisin/apotek/Oslo/boots-apotek-linderud-linderud
"Hardangerfjordv. 615, 5610 Øystese",delete-alt,60.386314949383134,6.209671691261415,Boots apotek Linnea,,https://www.felleskatalogen.no/medisin/apotek/OEystese/boots-apotek-linnea-oeystese
"Vestkanten, Loddefjordv. 2, Postboks 127 Loddefjord, 5171 Bergen",delete-alt,60.36357429821416,5.231701465402172,Boots apotek Loddefjord,,https://www.felleskatalogen.no/medisin/apotek/Bergen/boots-apotek-loddefjord-bergen
"Metro senter, Bibliotek g. 30, Postboks 79, 1471 Lørenskog",delete-alt,59.92763946308135,10.967067332013478,Boots apotek Lørenskog,,https://www.felleskatalogen.no/medisin/apotek/LoErenskog/boots-apotek-loerenskog-loerenskog
"Torgg. 81/83, Postboks 253, 2302 Hamar",delete-alt,60.797176745505304,11.065501134411498,Boots apotek Løven - Hamar,,https://www.felleskatalogen.no/medisin/apotek/Hamar/boots-apotek-loeven-hamar-hamar
"Magneten Senter, Moafjæra 14, 7606 Levanger",delete-alt,63.74163700430541,11.271709435726084,Boots apotek Magneten,,https://www.felleskatalogen.no/medisin/apotek/Levanger/boots-apotek-magneten-levanger
"Langelandsv. 13, 6010 Ålesund",delete-alt,62.463805849534964,6.352235006476903,Boots apotek Moa,,https://www.felleskatalogen.no/medisin/apotek/AAlesund/boots-apotek-moa-aalesund
"Storg. 23, 6413 Molde",delete-alt,62.736644903226356,7.165303765358078,Boots apotek Molde,,https://www.felleskatalogen.no/medisin/apotek/Molde/boots-apotek-molde-molde
"Helga Vaneksv. 1 F, 1281 Oslo",delete-alt,59.84814823304869,10.840585667356075,Boots apotek Mortensrud Torg,,https://www.felleskatalogen.no/medisin/apotek/Oslo/boots-apotek-mortensrud-torg-mortensrud
"Nardo senteret, Hans Baucksv. 1, Postboks 1662 Nardo, 7430 Trondheim",delete-alt,63.40280365617491,10.425156662355116,Boots apotek Nardo,,https://www.felleskatalogen.no/medisin/apotek/Trondheim/boots-apotek-nardo-trondheim
"Nesbyen kjøpesenter, Jordeshagen 3, 3540 Nesbyen",delete-alt,60.56825322419814,9.102424433969318,Boots apotek Nesbyen,,https://www.felleskatalogen.no/medisin/apotek/Nesbyen/boots-apotek-nesbyen-nesbyen
"Østre Nesttunv. 16, Postboks 124 Nesttun, 5852 Bergen",delete-alt,60.314119780063095,5.356726725644944,Boots apotek Nesttun,,https://www.felleskatalogen.no/medisin/apotek/Bergen/boots-apotek-nesttun-bergen
"Nordreg. 5, 7011 Trondheim",delete-alt,63.42862622253699,10.398629416711165,Boots apotek Nordre,,https://www.felleskatalogen.no/medisin/apotek/Trondheim/boots-apotek-nordre-trondheim
"Kaien 9, 5600 Norheimsund",delete-alt,60.36986918941867,6.152610471019465,Boots apotek Norheimsund,,https://www.felleskatalogen.no/medisin/apotek/Norheimsund/boots-apotek-norheimsund-norheimsund
"Tyssedalsv. 4, 5750 Odda",delete-alt,60.066666361443126,6.543498759425638,Boots apotek Odda,,https://www.felleskatalogen.no/medisin/apotek/Odda/boots-apotek-odda-odda
"Gauterødv. 6 B, 3154 Tolvsrød",delete-alt,59.272278618506014,10.453801488119419,Boots apotek Olsrød,,https://www.felleskatalogen.no/medisin/apotek/ToEnsberg/boots-apotek-olsroed-toensberg
"Haakon Tvetersv. 94, 0686 Oslo",delete-alt,59.89424777698597,10.848095266566503,Boots apotek Oppsal,,https://www.felleskatalogen.no/medisin/apotek/Oslo/boots-apotek-oppsal-oppsal
"Orkdalsv. 58, 7300 Orkanger",delete-alt,63.30568555149043,9.854588718310325,Boots apotek Orkla,,https://www.felleskatalogen.no/medisin/apotek/Orkanger/boots-apotek-orkla-orkanger
"Sentralhallen Oslo S, Jernbanetorget 1, 0154 Oslo",delete-alt,59.911559926913576,10.74795991216059,Boots apotek Oslo S,,https://www.felleskatalogen.no/medisin/apotek/Oslo/boots-apotek-oslo-s-sentrum
"Porselensv. 14, 3920 Porsgrunn",delete-alt,59.140675495968544,9.630018895909402,Boots apotek Porselensfabrikken,,https://www.felleskatalogen.no/medisin/apotek/Porsgrunn/boots-apotek-porselensfabrikken-porsgrunn
"Rådhusv. 4, 1890 Rakkestad",delete-alt,59.428831234277396,11.347595706486775,Boots apotek Rakkestad,,https://www.felleskatalogen.no/medisin/apotek/Rakkestad/boots-apotek-rakkestad-rakkestad
"Torget 5, 2450 Rena",delete-alt,61.13278117887673,11.367931806117037,Boots apotek Rena,,https://www.felleskatalogen.no/medisin/apotek/Rena/boots-apotek-rena-rena
"Revetal, Postboks 28, 3164 Revetal",delete-alt,59.37107751253233,10.262702523640012,Boots apotek Revetal,,https://www.felleskatalogen.no/medisin/apotek/Revetal/boots-apotek-revetal-revetal
"Ingeborg Aasv. 2, Postboks 3629 Risvollan, 7431 Trondheim",delete-alt,63.39252210752204,10.427830106505645,Boots apotek Risvollan,,https://www.felleskatalogen.no/medisin/apotek/Trondheim/boots-apotek-risvollan-trondheim
"Rygge Storsenter, Carlbergv. 2, 1525 Moss",delete-alt,59.41765584633371,10.677897185842564,Boots apotek Rygge Storsenter,,https://www.felleskatalogen.no/medisin/apotek/Moss/boots-apotek-rygge-storsenter-moss
"Gladbakkv. 2 B, 2070 Råholt",delete-alt,60.279422497254274,11.181459634878705,Boots apotek Råholt,,https://www.felleskatalogen.no/medisin/apotek/RaAholt/boots-apotek-raaholt-raaholt
"Holdbergsg. 15, 4306 Sandnes",delete-alt,58.85055447514258,5.7405598545307175,Boots apotek Samarit,,https://www.felleskatalogen.no/medisin/apotek/Sandnes/boots-apotek-samarit-sandnes
"Sandsv. 2, Postboks 43, 4239 Sand",delete-alt,59.48448784452784,6.256427357187127,Boots apotek Sand,,https://www.felleskatalogen.no/medisin/apotek/Sand/boots-apotek-sand-sand
"Kosteg. 1, 3070 Sande",delete-alt,59.58660757636898,10.215121826235222,Boots apotek Sande,,https://www.felleskatalogen.no/medisin/apotek/Sande/boots-apotek-sande-sande
"Aurdalslia 14, 5253 Bergen",delete-alt,60.30441510038472,5.286931910136855,Boots apotek Sandsli,,https://www.felleskatalogen.no/medisin/apotek/Bergen/boots-apotek-sandsli-bergen
"Amfi Kragerø, 3766 Sannidal",delete-alt,58.896323335025585,9.281666538416728,Boots apotek Sannidal,,https://www.felleskatalogen.no/medisin/apotek/Sannidal/boots-apotek-sannidal-sannidal
"Sartorv. 12, Postboks 73, 5341 Straume",delete-alt,60.355352512184346,5.128009846848809,Boots apotek Sartor Storsenter,,https://www.felleskatalogen.no/medisin/apotek/Straume/boots-apotek-sartor-storsenter-straume
"Reier Søbstads v. 3, 7078 Saupstad",delete-alt,63.36335174852072,10.342828048793454,Boots apotek Saupstad,,https://www.felleskatalogen.no/medisin/apotek/Saupstad/boots-apotek-saupstad-saupstad
"Nestansringen 10, 7580 Selbu",delete-alt,63.22114362156995,11.046451932853708,Boots apotek Selbu,,https://www.felleskatalogen.no/medisin/apotek/Selbu/boots-apotek-selbu-selbu
"Sjøkanten Senter, Verkstedv. 7, 9406 Harstad",delete-alt,68.79348244134495,16.543094409197167,Boots apotek Sjøkanten,,https://www.felleskatalogen.no/medisin/apotek/Harstad/boots-apotek-sjoekanten-harstad
"Rådhuset, 7353 Børsa",delete-alt,63.32392175058734,10.071912452001325,Boots apotek Skaun,,https://www.felleskatalogen.no/medisin/apotek/Skaun/boots-apotek-skaun-skaun
"Furuv. 1, 2020 Skedsmokorset",delete-alt,59.999866529189475,11.048126662616614,Boots apotek Skedsmokorset,,https://www.felleskatalogen.no/medisin/apotek/Skedsmokorset/boots-apotek-skedsmokorset-skedsmokorset
"Jernbanesvingen 6, 1400 Ski",delete-alt,59.71889945664902,10.843593784034582,Boots apotek Ski Storsenter,,https://www.felleskatalogen.no/medisin/apotek/Ski/boots-apotek-ski-storsenter-ski
"Nordensv. 15, 2013 Skjetten",delete-alt,59.965607596377794,11.00150275380193,Boots apotek Skjetten,,https://www.felleskatalogen.no/medisin/apotek/Skjetten/boots-apotek-skjetten-skjetten
"Karenslyst Allé 9, 0278 Oslo",delete-alt,59.924087195601324,10.68492861696945,Boots apotek Skøyen,,https://www.felleskatalogen.no/medisin/apotek/Oslo/boots-apotek-skoeyen-skoeyen
"Slemdal Senter, Stasjonsv. 2-4, Postboks 65 Slemdal, 0710 Oslo",delete-alt,59.9521715761088,10.691193967659537,Boots apotek Slemdal,,https://www.felleskatalogen.no/medisin/apotek/Oslo/boots-apotek-slemdal-slemdal
"Kirkealleen 1, Postboks 123, 3470 Slemmestad",delete-alt,59.77709561714614,10.482705549729953,Boots apotek Slemmestad,,https://www.felleskatalogen.no/medisin/apotek/Slemmestad/boots-apotek-slemmestad-slemmestad
"Solakrossen 13, Postboks 16, 4097 Sola",delete-alt,58.88156872224142,5.645059848760957,Boots apotek Sola,,https://www.felleskatalogen.no/medisin/apotek/Sola/boots-apotek-sola-sola
"Henrik Ibsensg. 90, 0255 Oslo",delete-alt,59.91320337846805,10.715390689024533,Boots apotek Solli,,https://www.felleskatalogen.no/medisin/apotek/Oslo/boots-apotek-solli-sentrum
"Skibsgården, Strandg. 12, 8400 Sortland",delete-alt,68.6919988846873,15.419406054716776,Boots apotek Sortland,,https://www.felleskatalogen.no/medisin/apotek/Sortland/boots-apotek-sortland-sortland
"Sartor Storsenter, Postboks 254, 5342 Straume",delete-alt,60.3596468339316,5.117782730877114,Boots apotek Sotra,,https://www.felleskatalogen.no/medisin/apotek/Straume/boots-apotek-sotra-straume
"Krokatjønnv. 11 A, 5147 Fyllingsdalen",delete-alt,60.35114272860527,5.278693769032178,Boots apotek Spelhaugen,,https://www.felleskatalogen.no/medisin/apotek/Bergen/boots-apotek-spelhaugen-bergen
"Stange Bruk, Romedalsv. 4, Postboks 43, 2335 Stange",delete-alt,60.72176063802129,11.203038378332899,Boots apotek Stange Bruk,,https://www.felleskatalogen.no/medisin/apotek/Stange/boots-apotek-stange-bruk-stange
"Kjøpmannsg. 28, Postboks 100, 7501 Stjørdal",delete-alt,63.46677390283379,10.91497080200703,Boots apotek Stjørdal,,https://www.felleskatalogen.no/medisin/apotek/StjoErdal/boots-apotek-stjoerdal-stjoerdal
"Storo Storsenter, Vitaminv. 7-9, 0485 Oslo",delete-alt,59.95141958714121,10.775915514682373,Boots apotek Storo,,https://www.felleskatalogen.no/medisin/apotek/Oslo/boots-apotek-storo-storo
"Strømmen Storsenter, Støperiv. 5, Postboks 138, 2011 Strømmen",delete-alt,59.950757281343186,11.006052994390721,Boots apotek Strømmen,,https://www.felleskatalogen.no/medisin/apotek/StroEmmen/boots-apotek-stroemmen-stroemmen
"Strømsø Torg 9, 3044 Drammen",delete-alt,59.73879213615165,10.195457856554908,Boots apotek Strømsø,,https://www.felleskatalogen.no/medisin/apotek/Drammen/boots-apotek-stroemsoe-drammen
"Bjørnstjerne Bjørnsonsg. 60, 3044 Drammen",delete-alt,59.736683189667964,10.211855411932657,Boots apotek Strømsø Senter,,https://www.felleskatalogen.no/medisin/apotek/Drammen/boots-apotek-stroemsoe-senter-drammen
"AMFI Surnadal, Ørav. 4, 6650 Surnadal",delete-alt,62.97063505409082,8.721708453128159,Boots apotek Surnadal,,https://www.felleskatalogen.no/medisin/apotek/Surnadal/boots-apotek-surnadal-surnadal
"AMFI Moss, Prinsensg. 6, Postboks 389, 1502 Moss",delete-alt,59.43719678451551,10.66674427315824,Boots apotek Svanen - Moss,,https://www.felleskatalogen.no/medisin/apotek/Moss/boots-apotek-svanen-moss-moss
"Svebergv. 3, 7550 Hommelvik",delete-alt,63.41807694597315,10.7533750704764,Boots apotek Sveberg,,https://www.felleskatalogen.no/medisin/apotek/Malvik/boots-apotek-sveberg-malvik
"Svelvik Nærsenter, Storg. 92, 3060 Svelvik",delete-alt,59.61245127350096,10.406008871332448,Boots apotek Svelvik,,https://www.felleskatalogen.no/medisin/apotek/Svelvik/boots-apotek-svelvik-svelvik
"Fransåsv. 2, Postboks 34, 3476 Sætre",delete-alt,59.67751291316866,10.527879369618876,Boots apotek Sætre,,https://www.felleskatalogen.no/medisin/apotek/Hurum/boots-apotek-saetre-hurum
"Storg. 30, 3611 Kongsberg",delete-alt,59.66903991047358,9.655775995565081,Boots apotek Sølvkronen,,https://www.felleskatalogen.no/medisin/apotek/Kongsberg/boots-apotek-soelvkronen-kongsberg
"Villav. 2, Postboks 8, 1921 Sørumsand",delete-alt,59.98638986165514,11.24325097594602,Boots apotek Sørumsand,,https://www.felleskatalogen.no/medisin/apotek/SoErum/boots-apotek-soerumsand-soerum
"Ankerplassen, Skibmannsv. 3, 4056 Tananger",delete-alt,58.93560952561277,5.581345913245367,Boots apotek Tananger,,https://www.felleskatalogen.no/medisin/apotek/Tananger/boots-apotek-tananger-tananger
"Ivar Lykkes v. 1, 7075 Tiller",delete-alt,63.35722985569503,10.377439826521469,Boots apotek Tiller,,https://www.felleskatalogen.no/medisin/apotek/Tiller/boots-apotek-tiller-tiller
"Tolvsrødsenteret, Valløv. 56 B, 3152 Tolvsrød",delete-alt,59.273249377072226,10.470153912188627,Boots apotek Tolvsrød,,https://www.felleskatalogen.no/medisin/apotek/ToEnsberg/boots-apotek-tolvsroed-toensberg
"Stokmov. 2, 7500 Stjørdal",delete-alt,63.467405600086224,10.914876450286396,Boots apotek Torgkvartalet,,https://www.felleskatalogen.no/medisin/apotek/StjoErdal/boots-apotek-torgkvartalet-stjoerdal
"Triaden Lørenskog Storsenter, Gamlev. 88, 1476 Rasta",delete-alt,59.921575044031634,10.955902443183483,Boots apotek Triaden,,https://www.felleskatalogen.no/medisin/apotek/LoErenskog/boots-apotek-triaden-loerenskog
"Domus Tynset, Brug. 20, 2500 Tynset",delete-alt,62.280744978552384,10.769592723236979,Boots apotek Tynset,,https://www.felleskatalogen.no/medisin/apotek/Tynset/boots-apotek-tynset-tynset
"Hageg. 28, 0653 Oslo",delete-alt,59.9184288694058,10.773437274128758,Boots apotek Tøyen,,https://www.felleskatalogen.no/medisin/apotek/Oslo/boots-apotek-toeyen-toeyen
"Jessheim Storsenter, Storg. 6, 2050 Jessheim",delete-alt,60.142200151524044,11.167032836883992,Boots apotek Ullensaker,,https://www.felleskatalogen.no/medisin/apotek/Jessheim/boots-apotek-ullensaker-jessheim
"Valentinlyst Senter, Anders Estenstadsv. 18, 7450 Trondheim",delete-alt,63.42499878224597,10.44798338920593,Boots apotek Valentinlyst,,https://www.felleskatalogen.no/medisin/apotek/Trondheim/boots-apotek-valentinlyst-trondheim
"Sentrumsv. 41, 4700 Vennesla",delete-alt,58.26955637832516,7.969357997987691,Boots apotek Vennesla,,https://www.felleskatalogen.no/medisin/apotek/Vennesla/boots-apotek-vennesla-vennesla
"Nordg. 13, 7650 Verdal",delete-alt,63.79015773023659,11.487239964874725,Boots apotek Verdal,,https://www.felleskatalogen.no/medisin/apotek/Verdal/boots-apotek-verdal-verdal
"Sentrumsv. 7, Postboks 78, 1540 Vestby",delete-alt,59.60154726010953,10.747087514500006,Boots apotek Vestby,,https://www.felleskatalogen.no/medisin/apotek/Vestby/boots-apotek-vestby-vestby
"Ruseløkkv. 26, 0251 Oslo",delete-alt,59.91115803181758,10.727891595616256,Boots Apotek Via Vika,,https://www.felleskatalogen.no/medisin/apotek/Oslo/boots-apotek-via-vika-sentrum
"Vikav. 15 A, Postboks 4, 2312 Ottestad",delete-alt,60.78181179912912,11.108956983923656,Boots apotek Vikasenteret,,https://www.felleskatalogen.no/medisin/apotek/Stange/boots-apotek-vikasenteret-stange
"Skonnertv. 16, 4624 Kristiansand",delete-alt,58.109308455599255,7.965605923862214,Boots apotek Vågsbygd,,https://www.felleskatalogen.no/medisin/apotek/Kristiansand/boots-apotek-vaagsbygd-kristiansand
"Vålgutua 204, 2436 Våler i Solør",delete-alt,60.670430491239244,11.829617765549518,Boots apotek Våler,,https://www.felleskatalogen.no/medisin/apotek/VaAler_i_SoloEr/boots-apotek-vaaler-vaaler-i-soloer
"Myren 12, 3570 Ål",delete-alt,60.634580185039155,8.564500677585103,Boots apotek Ål,,https://www.felleskatalogen.no/medisin/apotek/AAl/boots-apotek-aal-aal
"Årvollv. 17-21, 0590 Oslo",delete-alt,59.942454594934155,10.80675118096161,Boots apotek Årvoll,,https://www.felleskatalogen.no/medisin/apotek/Oslo/boots-apotek-aarvoll-bjerke
"Rådhusplassen 29-30, 1430 Ås",delete-alt,59.66304090699191,10.787105610624579,Boots apotek Ås,,https://www.felleskatalogen.no/medisin/apotek/AAs/boots-apotek-aas-aas
"Åsane Senter 20, 5116 Ulset",delete-alt,60.46925275276728,5.319914911177323,Boots apotek Åsane,,https://www.felleskatalogen.no/medisin/apotek/Bergen/boots-apotek-aasane-bergen
"Skipperg. 11, Postboks 576, 5501 Haugesund",delete-alt,59.41263781792629,5.267100838452548,Boots apotek Ørnen - Haugesund,,https://www.felleskatalogen.no/medisin/apotek/Haugesund/boots-apotek-oernen-haugesund-haugesund
"Dikev. 28, 1661 Fredrikstad",delete-alt,59.24925279465658,10.990137452588197,Boots apotek Østfoldhallen,,https://www.felleskatalogen.no/medisin/apotek/Fredrikstad/boots-apotek-oestfoldhallen-fredrikstad
"Hunderv. 17, 2636 Øyer",delete-alt,61.23223850172003,10.439775975980513,Boots apotek Øyer,,https://www.felleskatalogen.no/medisin/apotek/OEyer/boots-apotek-oeyer-oeyer
"Reidar Kobros v. 5, 0370 Oslo",delete-alt,59.939536541381635,10.702324563573969,Diakonhjemmet Sykehusapotek,,https://www.felleskatalogen.no/medisin/apotek/Oslo/diakonhjemmet-sykehusapotek-vinderen
"Prestegårdskogen 2, 5210 Os",delete-alt,60.20364252564757,5.45488668235174,Ditt Apotek Amfi Os,,https://www.felleskatalogen.no/medisin/apotek/Os/ditt-apotek-amfi-os-os
"Vetrlidsallmenningen 11, 5014 Bergen",delete-alt,60.3934830685561,5.322928367824435,Ditt Apotek Bergen Brygge,,https://www.felleskatalogen.no/medisin/apotek/Bergen/ditt-apotek-bergen-brygge-bergen
"Torgg. 1, 2317 Hamar",delete-alt,60.79121356014927,11.079701850465725,Ditt Apotek Grandsenteret,,https://www.felleskatalogen.no/medisin/apotek/Hamar/ditt-apotek-grandsenteret-hamar
"Hellsenteret, Sandfærhus, 7500 Stjørdal",delete-alt,63.44579183875624,10.91478904805987,Ditt Apotek Hell - Stjørdal,,https://www.felleskatalogen.no/medisin/apotek/StjoErdal/ditt-apotek-hell-stjoerdal-stjoerdal
"Torsetv. 575 A, 3560 Hemsedal",delete-alt,60.863595888659624,8.556075090892358,Ditt Apotek Hemsedal,,https://www.felleskatalogen.no/medisin/apotek/Hemsedal/ditt-apotek-hemsedal-hemsedal
"Operag. 18, 0194 Oslo",delete-alt,59.91082895721559,10.751003528891596,Ditt Apotek Opera,,https://www.felleskatalogen.no/medisin/apotek/Oslo/ditt-apotek-opera-sentrum
"Fridtjof Nansens plass 5, 0160 Oslo",delete-alt,59.91410664736001,10.731194325191167,Ditt Apotek Rådhuset,,https://www.felleskatalogen.no/medisin/apotek/Oslo/ditt-apotek-raadhuset-sentrum
"Sentrum 50, 3630 Rødberg",delete-alt,60.26859586243899,8.940350581314826,Ditt Apotek Rødberg,,https://www.felleskatalogen.no/medisin/apotek/RoEdberg/ditt-apotek-roedberg-roedberg
"Hoffsv. 92, 0377 Oslo",delete-alt,59.93411535189158,10.67803815971042,Ditt Apotek Smestad,,https://www.felleskatalogen.no/medisin/apotek/Oslo/ditt-apotek-smestad-smestad
"Jønsrudv. 2, 2315 Hamar",delete-alt,60.805703719385114,11.041216862132629,Ditt Apotek Storhamarsenter,,https://www.felleskatalogen.no/medisin/apotek/Hamar/ditt-apotek-storhamarsenter-hamar
"Strømsv. 76, 2010 Strømmen",delete-alt,59.94576376919752,11.007426381125265,Ditt Apotek Strømmen,,https://www.felleskatalogen.no/medisin/apotek/StroEmmen/ditt-apotek-stroemmen-stroemmen
"Svinesundparken 3 B, 1788 Halden",delete-alt,59.13157450067849,11.276685566056361,Ditt Apotek Svinesundparken,,https://www.felleskatalogen.no/medisin/apotek/Halden/ditt-apotek-svinesundparken-halden
"Nils Henrik Abelsv. 2 B, 0851 Oslo",delete-alt,59.94294226276821,10.729782215184045,Ditt Apotek Ullevål Hageby,,https://www.felleskatalogen.no/medisin/apotek/Oslo/ditt-apotek-ullevaal-hageby-ullevaal-hageby
"Grindbråten 1, 1484 Hakadal",delete-alt,60.08691388355885,10.871062244451462,Ditt Apotek Åneby,,https://www.felleskatalogen.no/medisin/apotek/Nittedal/ditt-apotek-aaneby-nittedal
"Hurumv. 49 A, 3474 Asker",delete-alt,59.70616936649952,10.519612365183823,Ditt Apotek Åros,,https://www.felleskatalogen.no/medisin/apotek/Asker/ditt-apotek-aaros-asker
"Drotningsvik senter, 5179 Godvik",delete-alt,60.37091391333984,5.189113617987825,Drotningsvik apotek,,https://www.felleskatalogen.no/medisin/apotek/Bergen/drotningsvik-apotek-bergen
"Vollane 1, 5105 Eidsvåg",delete-alt,60.438457892894206,5.3104925320003575,Eidsvåg apotek,,https://www.felleskatalogen.no/medisin/apotek/Bergen/eidsvaag-apotek-bergen
"Tov. 49, 1540 Vestby",delete-alt,59.573851496488146,10.747667677944065,Farmasiet,,https://www.felleskatalogen.no/medisin/apotek/Vestby/farmasiet-vestby
"Fokussenteret, Storg. 90, 4877 Grimstad",delete-alt,58.34798438046309,8.5815942856987,Fokus Apotek og Bandasjist,,https://www.felleskatalogen.no/medisin/apotek/Grimstad/fokus-apotek-og-bandasjist-grimstad
"Karoline Kristiansensv. 5, 0661 Oslo",delete-alt,59.91833373619132,10.79561589056222,Fyrstikktorget apotek,,https://www.felleskatalogen.no/medisin/apotek/Oslo/fyrstikktorget-apotek-helsfyr
"Sandnesv. 11, 4330 Sandnes",delete-alt,58.76737074284136,5.869542344734313,Gjesdal apotek,,https://www.felleskatalogen.no/medisin/apotek/AAlgaArd/gjesdal-apotek-aalgaard
"Andebu sentrum 24, Postboks 1634, 3206 Sandefjord",delete-alt,59.30210524632323,10.181523306509812,Gokstad apotek - Andebu,,https://www.felleskatalogen.no/medisin/apotek/Sandefjord/gokstad-apotek-andebu-sandefjord
"Kilg. 9, Postboks 1634, c​/​o Gokstadapotekene AS, 3206 Sandefjord",delete-alt,59.12561535986232,10.233920159673575,Gokstad apotek - Brygga,,https://www.felleskatalogen.no/medisin/apotek/Sandefjord/gokstad-apotek-brygga-sandefjord
"Kilg. 25, Postboks 1634 Kilen, 3206 Sandefjord",delete-alt,59.12444579780779,10.246374634210762,Gokstad apotek - Kilen,,https://www.felleskatalogen.no/medisin/apotek/Sandefjord/gokstad-apotek-kilen-sandefjord
"Release Arena, Nygårdsv. 84, Postboks 1634, 3206 Sandefjord",delete-alt,59.13986880418211,10.177407788701144,Gokstad apotek - Pindsle,,https://www.felleskatalogen.no/medisin/apotek/Sandefjord/gokstad-apotek-pindsle-sandefjord
"Hystadv. 290, 3231 Sandefjord",delete-alt,59.09210866496503,10.208617294631997,Gokstad apotek - Åsane,,https://www.felleskatalogen.no/medisin/apotek/Sandefjord/gokstad-apotek-aasane-sandefjord
"Raufossv. 221, 2827 Hunndalen",delete-alt,60.78286016250019,10.647293768609366,Hunndalen apotek,,https://www.felleskatalogen.no/medisin/apotek/Hunndalen/hunndalen-apotek-hunndalen
"Hognestadv. 90, 4340 Bryne",delete-alt,58.7171187831561,5.656004352996177,Håland apotek,,https://www.felleskatalogen.no/medisin/apotek/Bryne/haaland-apotek-bryne
"Hans Hygensg. 1, Postboks 50, 6991 Høyanger",delete-alt,61.219258919091104,6.064222733335671,Høyanger apotek,,https://www.felleskatalogen.no/medisin/apotek/HoEyanger/hoeyanger-apotek-hoeyanger
"K. K. Kleppesv. 2, 4352 Kleppe",delete-alt,58.77717186677354,5.625463429651478,Klepp apotek,,https://www.felleskatalogen.no/medisin/apotek/Kleppe/klepp-apotek-kleppe
"Bernåsbakken 2, 3032 Drammen",delete-alt,59.71643292252298,10.145504728555485,Konnerud apotek,,https://www.felleskatalogen.no/medisin/apotek/Drammen/konnerud-apotek-drammen
"Røyslivegen 4, 2611 Lillehammer",delete-alt,61.101683194397644,10.499732671568662,Lillehammer apotek,,https://www.felleskatalogen.no/medisin/apotek/Lillehammer/lillehammer-apotek-lillehammer
"Jerikov. 3, 1067 Oslo",delete-alt,59.93376406561404,10.888398836093069,Lindeberg apotek,,https://www.felleskatalogen.no/medisin/apotek/Oslo/lindeberg-apotek-lindeberg
"Rådhusv. 14, Postboks 144, 4520 Lindesnes",delete-alt,58.0880490453362,7.304304110859557,Lindesnes apotek,,https://www.felleskatalogen.no/medisin/apotek/Vigeland/lindesnes-apotek-vigeland
"Lovisenberg Diakonale Sykehus AS, Besøksadresse:, Lovisenbergg. 17, 0456 Oslo, Postadresse:, Postboks 4970 Nydalen, 0440 Oslo",delete-alt,59.93028683821535,10.746982516784072,Lovisenberg sykehusapotek,,https://www.felleskatalogen.no/medisin/apotek/Oslo/lovisenberg-sykehusapotek-st-hanshaugen-
"Sjøv. 14, 8410 Lødingen",delete-alt,68.4163652153338,15.984867246814591,Lødingen apotek,,https://www.felleskatalogen.no/medisin/apotek/LoEdingen/loedingen-apotek-loedingen
"Løken Senter, Morgenliv. 7, 1960 Løken",delete-alt,59.79516182301536,11.468188811762175,Løken apotek,,https://www.felleskatalogen.no/medisin/apotek/LoEken/loeken-apotek-loeken
"Vålaugsv. 147, 2032 Maura",delete-alt,60.25740676720132,11.028414510535175,Maura apotek,,https://www.felleskatalogen.no/medisin/apotek/Maura/maura-apotek-maura
"Søndre Kullerød 8, 3241 Sandefjord",delete-alt,59.177467108030015,10.21097720215721,Med24,,https://www.felleskatalogen.no/medisin/apotek/Sandefjord/med24-sandefjord
"Stasjonsg. 1, 3050 Mjøndalen",delete-alt,59.75198404502111,10.003284158436534,Mjøndalen apotek,,https://www.felleskatalogen.no/medisin/apotek/MjoEndalen/mjoendalen-apotek-mjoendalen
"Helgerødg. 36, 1515 Moss",delete-alt,59.43373324082459,10.64802154553748,Moss apotek,,https://www.felleskatalogen.no/medisin/apotek/Moss/moss-apotek-moss
"Vikebygdv. 2A, 6103 Volda",delete-alt,62.1466110808979,6.094737249845702,Møre apotek Volda,,https://www.felleskatalogen.no/medisin/apotek/Volda/moere-apotek-volda-volda
"Essendrops g. 9, 0368 Oslo",delete-alt,59.92955957697353,10.716527242507071,Namena apotek,,https://www.felleskatalogen.no/medisin/apotek/Oslo/namena-apotek-majorstuen
"Strandv. 153, 9790 Kjøllefjord",delete-alt,70.94480912410391,27.339949201826418,Nordkyn apotek,,https://www.felleskatalogen.no/medisin/apotek/KjoEllefjord/nordkyn-apotek-kjoellefjord
"Torg. 16, 4365 Nærbø",delete-alt,58.66674095704858,5.6383029411618875,Nærbø apotek,,https://www.felleskatalogen.no/medisin/apotek/NaErboE/naerboe-apotek-naerboe
"Bankv. 6 A, 1383 Asker",delete-alt,59.83747215008067,10.432427119045512,Q-apoteket Asker,,https://www.felleskatalogen.no/medisin/apotek/Asker/q-apoteket-asker-asker
"Ravnanger senter, Kollevågv. 6, Postboks 57, 5327 Hauglandshella",delete-alt,60.461252825182726,5.150184648363995,Ravnanger apotek,,https://www.felleskatalogen.no/medisin/apotek/AskoEy/ravnanger-apotek-askoey
"Odingården, Gjerdrumsv. 5, 2040 Kløfta",delete-alt,60.07253018086044,11.140665615852443,Ringen apotek Kløfta,,https://www.felleskatalogen.no/medisin/apotek/KloEfta/ringen-apotek-kloefta-kloefta
"Nedre Rælingsv. 261, 2008 Fjerdingby",delete-alt,59.93279552277157,11.058638496245408,Ringen apotek Rælingen,,https://www.felleskatalogen.no/medisin/apotek/RaElingen/ringen-apotek-raelingen-raelingen
"Vikevågv. 125, Postboks 31, 4150 Rennesøy",delete-alt,59.09930315802475,5.690879928775212,Ryfylke apotek,,https://www.felleskatalogen.no/medisin/apotek/RennesoEy/ryfylke-apotek-rennesoey
"Støletorget, Støleg. 15, Postboks 121 Sandviken, 5812 Bergen",delete-alt,60.40205500330179,5.330631405528802,Sandviken apotek,,https://www.felleskatalogen.no/medisin/apotek/Bergen/sandviken-apotek-bergen
"Storg. 2, 3510 Hønefoss",delete-alt,60.165934268881564,10.255475374372383,Sentrum Apotek Hønefoss,,https://www.felleskatalogen.no/medisin/apotek/HoEnefoss/sentrum-apotek-hoenefoss-hoenefoss
"Ulriksdal 8 C, 5009 Bergen",delete-alt,60.38350021378089,5.365764549032347,Sjukehusapoteket Haraldsplass,,https://www.felleskatalogen.no/medisin/apotek/Bergen/sjukehusapoteket-haraldsplass-bergen
"Haukeland universitetssjukehus, Haukelandsv. 22, 5021 Bergen",delete-alt,60.37084732823163,5.361530825238665,Sjukehusapoteket i Bergen,,https://www.felleskatalogen.no/medisin/apotek/Bergen/sjukehusapoteket-i-bergen-bergen
"Førde sentralsjukehus, Svanehaugv. 2, 6812 Førde",delete-alt,61.45872800813768,5.885861283421426,Sjukehusapoteket i Førde,,https://www.felleskatalogen.no/medisin/apotek/FoErde/sjukehusapoteket-i-foerde-foerde
"Haugesund Sjukehus, Karmsundg. 120, 5528 Haugesund",delete-alt,59.41183252377025,5.273395224776488,Sjukehusapoteket i Haugesund,,https://www.felleskatalogen.no/medisin/apotek/Haugesund/sjukehusapoteket-i-haugesund-haugesund
"Oppdølv. 2, 6450 Hjelset",delete-alt,62.78038851346849,7.509608622234099,Sjukehusapoteket i Molde,,https://www.felleskatalogen.no/medisin/apotek/Molde/sjukehusapoteket-i-molde-molde
"Stavanger universitetssykehus, Sykehusv. 80, 4021 Stavanger",delete-alt,58.93109676252764,5.701941765505909,Sjukehusapoteket i Stavanger,,https://www.felleskatalogen.no/medisin/apotek/Stavanger/sjukehusapoteket-i-stavanger-stavanger
"Ålesund sjukehus, Åsehaugen 5, Postboks 34, 6026 Ålesund",delete-alt,62.46197045481028,6.3172563181048345,Sjukehusapoteket i Ålesund,,https://www.felleskatalogen.no/medisin/apotek/AAlesund/sjukehusapoteket-i-aalesund-aalesund
"Stavanger universitetssykehus, Gerd-Ragna Bloch Thorsens g. 8, 4019 Stavanger",delete-alt,58.95485002347366,5.73080520765218,Sjukehusapoteket Våland,,https://www.felleskatalogen.no/medisin/apotek/Stavanger/sjukehusapoteket-vaaland-stavanger
"Gamle Drammensv. 38, 1369 Stabekk",delete-alt,59.909797144719214,10.60563168592734,Stabekk apotek,,https://www.felleskatalogen.no/medisin/apotek/BaErum/stabekk-apotek-baerum
"Strusshamnv. 34, 5318 Strusshamn",delete-alt,60.4048280961082,5.203292368602513,Strusshamn apotek,,https://www.felleskatalogen.no/medisin/apotek/Strusshamn/strusshamn-apotek-strusshamn
"Støperig. 20-24, 4014 Stavanger",delete-alt,58.96951231475349,5.758638618212913,Støperigården apotek,,https://www.felleskatalogen.no/medisin/apotek/Stavanger/stoeperigaarden-apotek-stavanger
"Grønebakksv. 2 F, 5382 Skogsvåg",delete-alt,60.264751915643565,5.074452771511,Sund apotek,,https://www.felleskatalogen.no/medisin/apotek/SkogsvaAg/sund-apotek-skogsvaag
"Amfi Florø, Hestenesg. 4, 6900 Florø",delete-alt,61.60014543512149,5.03873227851145,Sunnfjord apotek Florø,,https://www.felleskatalogen.no/medisin/apotek/FloroE/sunnfjord-apotek-floroe-floroe
"Førde Torg, Naustalsv. 1 A, 6800 Førde",delete-alt,61.453694188701405,5.843417397945092,Sunnfjord apotek Førde,,https://www.felleskatalogen.no/medisin/apotek/FoErde/sunnfjord-apotek-foerde-foerde
"Tonningsg. 4, 6783 Stryn",delete-alt,61.90220910605309,6.7232189200487635,Sunnfjord apotek Stryn,,https://www.felleskatalogen.no/medisin/apotek/Stryn/sunnfjord-apotek-stryn-stryn
"Nordlandssykehuset, Parkv. 95, 8005 Bodø",delete-alt,67.27959191250582,14.396657895686786,Sykehusapotek Nord - Bodø,,https://www.felleskatalogen.no/medisin/apotek/BodoE/sykehusapotek-nord-bodoe-bodoe
"Universitetssykehuset Nord-Norge, St. Olavsg. 70, 9406 Harstad",delete-alt,68.79302321481265,16.521646292472948,Sykehusapotek Nord - Harstad,,https://www.felleskatalogen.no/medisin/apotek/Harstad/sykehusapotek-nord-harstad-harstad
"Stasjonsv. 61, 8516 Narvik",delete-alt,68.44662891680274,17.45335355482923,Sykehusapotek Nord - Narvik,,https://www.felleskatalogen.no/medisin/apotek/Narvik/sykehusapotek-nord-narvik-narvik
"Universitetssykehuset i Nord-Norge, Sykehusv. 38, 9038 Tromsø",delete-alt,69.68080262529762,18.98864614132449,Sykehusapotek Nord -Tromsø,,https://www.felleskatalogen.no/medisin/apotek/TromsoE/sykehusapotek-nord-tromsoe-tromsoe
"Parkv. 35, 2212 Kongsvinger",delete-alt,60.19178934351791,11.999405671383318,"Sykehusapoteket Ahus, Kongsvinger",,https://www.felleskatalogen.no/medisin/apotek/Kongsvinger/sykehusapoteket-ahus-kongsvinger-kongsvinger
"Sykehusv. 25, 1478 Nordbyhagen",delete-alt,59.931386848343216,10.992001537242922,"Sykehusapoteket Ahus, Nordbyhagen",,https://www.felleskatalogen.no/medisin/apotek/LoErenskog/sykehusapoteket-ahus-nordbyhagen-loerenskog
"Sykehusv. 1, Serviceboks 783, Stoa, 4809 Arendal",delete-alt,58.46623374475579,8.752637587650453,Sykehusapoteket Arendal,,https://www.felleskatalogen.no/medisin/apotek/Arendal/sykehusapoteket-arendal-arendal
"Sogneprest Munthe-Kaasv. 100, 1346 Gjettum",delete-alt,59.89916577424612,10.510366385707432,Sykehusapoteket Bærum,,https://www.felleskatalogen.no/medisin/apotek/BaErum/sykehusapoteket-baerum-baerum
"Jacob Borchs g. 10, 3012 Drammen",delete-alt,59.741459520300296,10.229607830136574,Sykehusapoteket Drammen,,https://www.felleskatalogen.no/medisin/apotek/Drammen/sykehusapoteket-drammen-drammen
"Sykehuset Innlandet HF Elverum, Kirkev. 31, 2418 Elverum",delete-alt,60.87851997098045,11.56413951166974,Sykehusapoteket Elverum,,https://www.felleskatalogen.no/medisin/apotek/Elverum/sykehusapoteket-elverum-elverum
"Sykehuset Innlandet HF Gjøvik, Kyrre Greppsg. 11, 2819 Gjøvik",delete-alt,60.80526266871176,10.682929968959753,Sykehusapoteket Gjøvik,,https://www.felleskatalogen.no/medisin/apotek/GjoEvik/sykehusapoteket-gjoevik-gjoevik
"Sykehuset Innlandet HF Hamar, Skoleg. 32, 2318 Hamar",delete-alt,60.80084656593557,11.069751464219305,Sykehusapoteket Hamar,,https://www.felleskatalogen.no/medisin/apotek/Hamar/sykehusapoteket-hamar-hamar
"Kransvikv. 35, 9601 Hammerfest",delete-alt,70.67121013822666,23.640068621473006,Sykehusapoteket i Hammerfest,,https://www.felleskatalogen.no/medisin/apotek/Hammerfest/sykehusapoteket-i-hammerfest-hammerfest
"Sykehusapotekene i Midt-Norge HF, Sykehusapoteket i Kristiansund, Herman Døhlensv. 1, 6508 Kristiansund",delete-alt,63.1073138233849,7.7222116816253354,Sykehusapoteket i Kristiansund,,https://www.felleskatalogen.no/medisin/apotek/Kristiansund/sykehusapoteket-i-kristiansund-kristiansund
"Kirkeg. 2, 7600 Levanger",delete-alt,63.74569273521964,11.281636508284082,Sykehusapoteket i Levanger,,https://www.felleskatalogen.no/medisin/apotek/Levanger/sykehusapoteket-i-levanger-levanger
"Havikv. 8, 7800 Namsos",delete-alt,64.46777344800181,11.511954291636249,Sykehusapoteket i Namsos,,https://www.felleskatalogen.no/medisin/apotek/Namsos/sykehusapoteket-i-namsos-namsos
"Elgeseter g. 16, 7030 Trondheim",delete-alt,63.41783986390248,10.386516897622538,Sykehusapoteket i Trondheim,,https://www.felleskatalogen.no/medisin/apotek/Trondheim/sykehusapoteket-i-trondheim-trondheim
"Sørlandet Sykehus HF Kristiansand, Egsv. 100, 4615 Kristiansand",delete-alt,58.16761182513755,7.980267104389644,Sykehusapoteket Kristiansand,,https://www.felleskatalogen.no/medisin/apotek/Kristiansand/sykehusapoteket-kristiansand-kristiansand
"Sykehuset Innlandet HF Lillehammer, Anders Sandvigsg. 17, 2629 Lillehammer",delete-alt,61.11455600842563,10.480062759022175,Sykehusapoteket Lillehammer,,https://www.felleskatalogen.no/medisin/apotek/Lillehammer/sykehusapoteket-lillehammer-lillehammer
"Trondheimsv. 233, 0586 Oslo",delete-alt,59.93744532100776,10.788211245955246,"Sykehusapoteket Oslo, Aker",,https://www.felleskatalogen.no/medisin/apotek/Oslo/sykehusapoteket-oslo-aker-oslo
"Rikshospitalet-Radiumhospitalet HF, Ullernchausseen 70, 0379 Oslo",delete-alt,59.93240565263689,10.66177069048787,"Sykehusapoteket Oslo, Radiumhospitalet",,https://www.felleskatalogen.no/medisin/apotek/Oslo/sykehusapoteket-oslo-radiumhospitalet-ullern
"Sognsvannsv. 20, 0372 Oslo",delete-alt,59.94835454586362,10.722025011629908,"Sykehusapoteket Oslo, Rikshospitalet",,https://www.felleskatalogen.no/medisin/apotek/Oslo/sykehusapoteket-oslo-rikshospitalet-nordre-aker
"Ullevål Universitetssykehus HF, Kirkev. 166, 0450 Oslo",delete-alt,59.93970312424093,10.73933439520308,"Sykehusapoteket Oslo, Ullevål",,https://www.felleskatalogen.no/medisin/apotek/Oslo/sykehusapoteket-oslo-ullevaal-ullevaal
"Sykehuset Telemark HF, Ulefossv. 55, 3710 Skien",delete-alt,59.19124646614286,9.59108389208159,Sykehusapoteket Skien,,https://www.felleskatalogen.no/medisin/apotek/Skien/sykehusapoteket-skien-skien
"Sentralsykehuset i Vestfold avd. Tønsberg, Halfdan Wilhelmsens Allé 17, 3116 Tønsberg",delete-alt,59.27323469692133,10.424077432328664,Sykehusapoteket Tønsberg,,https://www.felleskatalogen.no/medisin/apotek/ToEnsberg/sykehusapoteket-toensberg-toensberg
"Kalnesv. 320, 1712 Grålum",delete-alt,59.31597645439245,11.033665597461246,"Sykehusapoteket Østfold, Kalnes",,https://www.felleskatalogen.no/medisin/apotek/Sarpsborg/sykehusapoteket-oestfold-kalnes-sarpsborg
"Peer Gyntsv. 78, 1535 Moss",delete-alt,59.451714615791296,10.693439764270666,"Sykehusapoteket Østfold, Moss",,https://www.felleskatalogen.no/medisin/apotek/Moss/sykehusapoteket-oestfold-moss-moss
"Haugesg. 9, 3019 Drammen",delete-alt,59.74098557161544,10.201569833432822,Torget apotek Drammen,,https://www.felleskatalogen.no/medisin/apotek/Drammen/torget-apotek-drammen-drammen
"Stasjonsg. 27, Postboks 203, 3301 Hokksund",delete-alt,59.772061582474926,9.90659930629411,Torvet apotek Hokksund,,https://www.felleskatalogen.no/medisin/apotek/Hokksund/torvet-apotek-hokksund-hokksund
"Gamlev. 88, 1461 Rasta",delete-alt,59.91665031762847,10.95741849280883,Triaden apotek,,https://www.felleskatalogen.no/medisin/apotek/LoErenskog/triaden-apotek-loerenskog
"Tvetenv. 217, 0675 Oslo",delete-alt,59.92646637264605,10.870472215567428,Trosterud apotek,,https://www.felleskatalogen.no/medisin/apotek/Oslo/trosterud-apotek-alna
"Delitoppen 3, 1540 Vestby",delete-alt,59.58735604585632,10.748513307925299,VESO apotek,,https://www.felleskatalogen.no/medisin/apotek/Vestby/veso-apotek-vestby
"Henrik Wergelands g. 4, 4612 Kristiansand S",delete-alt,58.146048951414556,7.995361167395631,Vestre Torv Apotek,,https://www.felleskatalogen.no/medisin/apotek/Kristiansand/vestre-torv-apotek-kristiansand
"Konglungv. 206, 1392 Vettre",delete-alt,59.82471329648892,10.475590388118148,Vettre apotek,,https://www.felleskatalogen.no/medisin/apotek/Asker/vettre-apotek-asker
"Røysav. 2, 6893 Vik i Sogn",delete-alt,61.08208312302854,6.585715416261184,Vik apotek,,https://www.felleskatalogen.no/medisin/apotek/Vik_i_Sogn/vik-apotek-vik-i-sogn
"Rosenkrantz g. 15, 0160 Oslo",delete-alt,59.91129734840029,10.734461689897028,Vitalis apotek,,https://www.felleskatalogen.no/medisin/apotek/Oslo/vitalis-apotek-sentrum
"Alf Bjerckesv. 28, Postboks 183 Kalbakken, 0903 Oslo",delete-alt,59.94144792346439,10.840996010914,Vitusapotek AB 28,,https://www.felleskatalogen.no/medisin/apotek/Oslo/vitusapotek-ab-28-kalbakken
"Støperig. 1, 0250 Oslo",delete-alt,59.909111527170424,10.718439376385021,Vitusapotek Aker Brygge,,https://www.felleskatalogen.no/medisin/apotek/Oslo/vitusapotek-aker-brygge-sentrum
"Alna senter, Strømsv. 245, Postboks 18 Alna, 0623 Oslo",delete-alt,59.92744475407949,10.849257740393602,Vitusapotek Alna,,https://www.felleskatalogen.no/medisin/apotek/Oslo/vitusapotek-alna-alna
"Longhammarv. 27, 5536 Haugesund",delete-alt,59.39459471933884,5.341077025224169,Vitusapotek Amanda,,https://www.felleskatalogen.no/medisin/apotek/Haugesund/vitusapotek-amanda-haugesund
"Vesterv. 4, 4836 Arendal",delete-alt,58.459547286650555,8.759276802041706,Vitusapotek Arendal,,https://www.felleskatalogen.no/medisin/apotek/Arendal/vitusapotek-arendal-arendal
"Karl Johansg. 5-7, 0154 Oslo",delete-alt,59.90936791396985,10.75549263435891,Vitusapotek Arkaden,,https://www.felleskatalogen.no/medisin/apotek/Oslo/vitusapotek-arkaden-sentrum
"Torvv. 5, 1383 Asker",delete-alt,59.832355572694226,10.43212003439297,Vitusapotek Asker,,https://www.felleskatalogen.no/medisin/apotek/Asker/vitusapotek-asker-asker
"Henstad Allé 3 B, 1830 Askim",delete-alt,59.586581897490746,11.163938403234747,Vitusapotek Askim,,https://www.felleskatalogen.no/medisin/apotek/Askim/vitusapotek-askim-askim
"Kystgården, Postboks 4, 6988 Askvoll",delete-alt,61.34978804755873,5.064490692931393,Vitusapotek Askvoll,,https://www.felleskatalogen.no/medisin/apotek/Askvoll/vitusapotek-askvoll-askvoll
"Sunndalsv. 3, 7340 Oppdal",delete-alt,62.5972332707429,9.697116191716647,Vitusapotek Aunasenteret,,https://www.felleskatalogen.no/medisin/apotek/Oppdal/vitusapotek-aunasenteret-oppdal
"Nadderudv. 1, 1357 Bekkestua",delete-alt,59.91534626415342,10.584402840615555,Vitusapotek Bekkestua,,https://www.felleskatalogen.no/medisin/apotek/Bekkestua/vitusapotek-bekkestua-bekkestua
"Bergemov. 45, 4886 Grimstad",delete-alt,58.34209538210774,8.554890789275726,Vitusapotek Bergemoen,,https://www.felleskatalogen.no/medisin/apotek/Grimstad/vitusapotek-bergemoen-grimstad
"Bergen Storsenter, Strømg. 8, 5015 Bergen",delete-alt,60.39186019609131,5.333858491234309,Vitusapotek Bergen Storsenter,,https://www.felleskatalogen.no/medisin/apotek/Bergen/vitusapotek-bergen-storsenter-bergen
"Hermann Foss g. 8, 3611 Kongsberg",delete-alt,59.67108847483946,9.64207992737586,Vitusapotek Berja Senter,,https://www.felleskatalogen.no/medisin/apotek/Kongsberg/vitusapotek-berja-senter-kongsberg
"Solheimsg. 15, 5058 Bergen",delete-alt,60.37893481189238,5.335698637740014,Vitusapotek Bien - Bergen,,https://www.felleskatalogen.no/medisin/apotek/Bergen/vitusapotek-bien-bergen-bergen
"Biriv. 56, Postboks 103, 2832 Biri",delete-alt,60.95331176317782,10.612038184017388,Vitusapotek Biri,,https://www.felleskatalogen.no/medisin/apotek/Biri/vitusapotek-biri-biri
"Moldeg. 1, 0445 Oslo",delete-alt,59.944981632874665,10.75444843382784,Vitusapotek Bjølsen,,https://www.felleskatalogen.no/medisin/apotek/Oslo/vitusapotek-bjoelsen-bjoelsen
"Granbergstubben 16, 1275 Oslo",delete-alt,59.82655235077239,10.83324133805862,Vitusapotek Bjørndal,,https://www.felleskatalogen.no/medisin/apotek/Oslo/vitusapotek-bjoerndal-bjoerndal
"Universitetet i Oslo, Problemv. 9, Postboks 10, 0313 Oslo",delete-alt,59.93980627634354,10.718096427366866,Vitusapotek Blindern,,https://www.felleskatalogen.no/medisin/apotek/Oslo/vitusapotek-blindern-blindern
"Blomsterdalen Senter, Lilandsv. 3, Postboks 60, 5868 Bergen",delete-alt,60.28485795525368,5.246971234845352,Vitusapotek Blomsterdalen,,https://www.felleskatalogen.no/medisin/apotek/Bergen/vitusapotek-blomsterdalen-bergen
"Bogafjellv. 65, 4324 Sandnes",delete-alt,58.81760135664095,5.753264233594837,Vitusapotek Bogafjell,,https://www.felleskatalogen.no/medisin/apotek/Sandnes/vitusapotek-bogafjell-sandnes
"Stallerudv. 97-115, 0693 Oslo",delete-alt,59.87834890561741,10.843496107692017,Vitusapotek Bogerud,,https://www.felleskatalogen.no/medisin/apotek/Oslo/vitusapotek-bogerud-bogerud
"Bogstadv. 40-42, 0366 Oslo",delete-alt,59.92481354993529,10.72136033782989,Vitusapotek Bogstadveien,,https://www.felleskatalogen.no/medisin/apotek/Oslo/vitusapotek-bogstadveien-majorstuen
"Røykenv. 142 A, Postboks, 1386 Asker",delete-alt,59.81847248390233,10.447570674496205,Vitusapotek Bondi,,https://www.felleskatalogen.no/medisin/apotek/Asker/vitusapotek-bondi-asker
"Klokkergårdv. 31, 1711 Sarpsborg",delete-alt,59.276995694277055,11.079589384213438,Vitusapotek Borg,,https://www.felleskatalogen.no/medisin/apotek/Sarpsborg/vitusapotek-borg-sarpsborg
"Buerv. 14, 3711 Skien",delete-alt,59.16043846011251,9.663391431314336,Vitusapotek Borgeåsen,,https://www.felleskatalogen.no/medisin/apotek/Skien/vitusapotek-borgeaasen-skien
"Yrjarsg. 35, Postboks 85, 7129 Brekstad",delete-alt,63.68979887548181,9.660453103576295,Vitusapotek Brekstad,,https://www.felleskatalogen.no/medisin/apotek/Brekstad/vitusapotek-brekstad-brekstad
"Besøksadr.:, Løvenskiolds g. 26, Postadr.:, Industrig. 2, 0260 Oslo",delete-alt,59.92580777671536,10.719780446277923,Vitusapotek Briskeby,,https://www.felleskatalogen.no/medisin/apotek/Oslo/vitusapotek-briskeby-briskeby
"Borgarv. 15, 1633 Gamle Fredrikstad",delete-alt,59.206249973104754,10.967453560547922,Vitusapotek Brohodet - Fredrikstad,,https://www.felleskatalogen.no/medisin/apotek/Fredrikstad/vitusapotek-brohodet-fredrikstad-fredrikstad
"Nyg. 22 B, 2380 Brumunddal",delete-alt,60.88228413211239,10.947581819505972,Vitusapotek Brumunddal,,https://www.felleskatalogen.no/medisin/apotek/Brumunddal/vitusapotek-brumunddal-brumunddal
"Ole Deviks v. 6, 0666 Oslo",delete-alt,59.91671566345988,10.819819913992664,Vitusapotek Bryn,,https://www.felleskatalogen.no/medisin/apotek/Oslo/vitusapotek-bryn-bryn
"Bygnes Senter, Fotv. 1 A, 4250 Kopervik",delete-alt,59.2924062442108,5.29519753309762,Vitusapotek Bygnes,,https://www.felleskatalogen.no/medisin/apotek/Kopervik/vitusapotek-bygnes-kopervik
"Byhaven, Olav Tryggvasonsg. 28, 7011 Trondheim",delete-alt,63.43609408851226,10.399594612944096,Vitusapotek Byhaven Trondheim,,https://www.felleskatalogen.no/medisin/apotek/Trondheim/vitusapotek-byhaven-trondheim-trondheim
"Jernbanetorget 6, 0154 Oslo",delete-alt,59.909624024644565,10.757798665298148,Vitusapotek Byporten,,https://www.felleskatalogen.no/medisin/apotek/Oslo/vitusapotek-byporten-sentrum
"Fjellseterv. 1, 7020 Trondheim",delete-alt,63.41470342045135,10.350603821029411,Vitusapotek Byåsen Butikksenter,,https://www.felleskatalogen.no/medisin/apotek/Trondheim/vitusapotek-byaasen-butikksenter-trondheim
"Vertshusv. 2, Postboks 26, 1317 Bærums Verk",delete-alt,59.94527532934365,10.500006004492384,Vitusapotek Bærums Verk,,https://www.felleskatalogen.no/medisin/apotek/BaErums_Verk/vitusapotek-baerums-verk-baerums-verk
"Stasjonsv. 28, 3800 Bø",delete-alt,59.412828350031795,9.068668466228193,Vitusapotek Bø,,https://www.felleskatalogen.no/medisin/apotek/BoE_i_Telemark/vitusapotek-boe-boe-i-telemark
"Trondheimsv. 102, 0565 Oslo",delete-alt,59.92119183712341,10.7780581234888,Vitusapotek Carl Berner,,https://www.felleskatalogen.no/medisin/apotek/Oslo/vitusapotek-carl-berner-carl-berner
"Tomteg. 36, 3012 Drammen",delete-alt,59.73976809846226,10.225279563742161,Vitusapotek CC Drammen,,https://www.felleskatalogen.no/medisin/apotek/Drammen/vitusapotek-cc-drammen-drammen
"Lilleakerv. 16 C, Postboks 66 Lilleaker, 0216 Oslo",delete-alt,59.91677697458924,10.640457959643438,Vitusapotek CC Vest,,https://www.felleskatalogen.no/medisin/apotek/Oslo/vitusapotek-cc-vest-lilleaker
"Stormyrv. 20, 8008 Bodø",delete-alt,67.2100757330891,15.175421837219426,Vitusapotek City Nord,,https://www.felleskatalogen.no/medisin/apotek/BodoE/vitusapotek-city-nord-bodoe
"Østre Rosten 28-30, 7075 Tiller",delete-alt,63.359029013047476,10.36984430007475,Vitusapotek City Syd,,https://www.felleskatalogen.no/medisin/apotek/Tiller/vitusapotek-city-syd-tiller
"Sørkedalsv. 10, 0369 Oslo",delete-alt,59.93267967358477,10.707477673997118,Vitusapotek Colosseum,,https://www.felleskatalogen.no/medisin/apotek/Oslo/vitusapotek-colosseum-majorstuen
"Skuleg. 2, 5722 Dalekvam",delete-alt,60.586775823009795,5.818740674078121,Vitusapotek Dale,,https://www.felleskatalogen.no/medisin/apotek/Dale/vitusapotek-dale-dale
"Fjøsangerv. 36, Postboks 2482 Solheimsviken, 5824 Bergen",delete-alt,60.378896063829835,5.334184807433708,Vitusapotek Danmarksplass,,https://www.felleskatalogen.no/medisin/apotek/Bergen/vitusapotek-danmarksplass-bergen
"Fabrikkg. 2, 4370 Egersund",delete-alt,58.45663487025148,6.009471541386019,Vitusapotek Egersund,,https://www.felleskatalogen.no/medisin/apotek/Egersund/vitusapotek-egersund-egersund
"Rådhusv. 6, Postboks 34, 2231 Skotterud",delete-alt,59.9891178903065,12.12157220814999,Vitusapotek Eidskog,,https://www.felleskatalogen.no/medisin/apotek/Skotterud/vitusapotek-eidskog-skotterud
"Vormav. 15, Postboks 97, 2081 Eidsvoll",delete-alt,60.33114500738825,11.26873810990886,Vitusapotek Eidsvoll,,https://www.felleskatalogen.no/medisin/apotek/Eidsvoll/vitusapotek-eidsvoll-eidsvoll
"Dronning Åstasg. 4, 3511 Hønefoss",delete-alt,60.15492740793722,10.249468783404195,Vitusapotek Eikli,,https://www.felleskatalogen.no/medisin/apotek/HoEnefoss/vitusapotek-eikli-hoenefoss
"Gyldenløvesg. 13, 4611 Kristiansand",delete-alt,58.14754251428225,7.996785452118072,Vitusapotek Elefanten - Kristiansand,,https://www.felleskatalogen.no/medisin/apotek/Kristiansand/vitusapotek-elefanten-kristiansand-kristiansand
"Sjøfartsg. 2, Postboks 2010, 7707 Steinkjer",delete-alt,64.01221777522555,11.483141180137947,Vitusapotek Elgen,,https://www.felleskatalogen.no/medisin/apotek/Steinkjer/vitusapotek-elgen-steinkjer
"Kirkev. 4, 2414 Elverum",delete-alt,60.879611080475364,11.566608238365205,Vitusapotek Elverum Kremmertorget,,https://www.felleskatalogen.no/medisin/apotek/Elverum/vitusapotek-elverum-kremmertorget-elverum
"Vågsenteret, Sagstuv. 1, Postboks 79, 1917 Ytre Enebakk",delete-alt,59.72168824801567,11.04879124047353,Vitusapotek Enebakk,,https://www.felleskatalogen.no/medisin/apotek/Enebakk/vitusapotek-enebakk-enebakk
"Ensjøv. 21 K, 0655 Oslo",delete-alt,59.91303929133676,10.782038566163646,Vitusapotek Ensjø Torg,,https://www.felleskatalogen.no/medisin/apotek/Oslo/vitusapotek-ensjoe-torg-ensjoe
"Etne senter, 5590 Etne",delete-alt,59.66293117785214,5.926219063494777,Vitusapotek Etne,,https://www.felleskatalogen.no/medisin/apotek/Etne/vitusapotek-etne-etne
"Bankplassen, Postboks 94, 9439 Evenskjer",delete-alt,68.58902175938702,16.57989991581104,Vitusapotek Evenskjer,,https://www.felleskatalogen.no/medisin/apotek/EvenskjaEr/vitusapotek-evenskjer-evenskjaer
"Nils Heglandsv. 48, 4735 Evje",delete-alt,58.586993300176296,7.808912848429032,Vitusapotek Evje,,https://www.felleskatalogen.no/medisin/apotek/Evje/vitusapotek-evje-evje
"Fabrikkv. 6, 2383 Brumunddal",delete-alt,60.8840579374093,10.933219271453183,Vitusapotek Fabrikkvegen Brumunddal,,https://www.felleskatalogen.no/medisin/apotek/Brumunddal/vitusapotek-fabrikkvegen-brumunddal-brumunddal
"Fagernes Kjøpesenter, Valdresv. 28, Postboks 189, 2901 Fagernes",delete-alt,60.98590057128975,9.238162784791813,Vitusapotek Fagernes,,https://www.felleskatalogen.no/medisin/apotek/Fagernes/vitusapotek-fagernes-fagernes
"Myklerudv. 122, 1454 Fagerstrand",delete-alt,59.74278258654084,10.609141744910673,Vitusapotek Fagerstrand,,https://www.felleskatalogen.no/medisin/apotek/Fagerstrand/vitusapotek-fagerstrand-fagerstrand
"Århusv. 33, 3723 Skien",delete-alt,59.21519959529808,9.593042124996982,Vitusapotek Falkum,,https://www.felleskatalogen.no/medisin/apotek/Skien/vitusapotek-falkum-skien
"Jens Müllersg. 3, 3110 Tønsberg",delete-alt,59.268880471327456,10.415524573349884,Vitusapotek Farmandstredet,,https://www.felleskatalogen.no/medisin/apotek/ToEnsberg/vitusapotek-farmandstredet-toensberg
"Listerv. 46, 4550 Farsund",delete-alt,58.096959966290406,6.7873591550079535,Vitusapotek Farsund,,https://www.felleskatalogen.no/medisin/apotek/Farsund/vitusapotek-farsund-farsund
"Strandkaien 4, 5013 Bergen",delete-alt,60.3963549053522,5.321960972519163,Vitusapotek Fisketorget,,https://www.felleskatalogen.no/medisin/apotek/Bergen/vitusapotek-fisketorget-bergen
"Hans Blomsg. 39, 6900 Florø",delete-alt,61.601608639825436,5.041826351629502,Vitusapotek Florø,,https://www.felleskatalogen.no/medisin/apotek/FloroE/vitusapotek-floroe-floroe
"Oksenøyv. 10, 1366 Lysaker",delete-alt,59.90215446783924,10.621628735654081,Vitusapotek Fornebuporten,,https://www.felleskatalogen.no/medisin/apotek/Lysaker/vitusapotek-fornebuporten-lysaker
"Frekhaug Torg, Havnev. 31, Postboks 100, 5918 Frekhaug",delete-alt,60.517393846224316,5.243322315639691,Vitusapotek Frekhaug,,https://www.felleskatalogen.no/medisin/apotek/Frekhaug/vitusapotek-frekhaug-frekhaug
"Fritzøe Brygge 1, 3264 Larvik",delete-alt,59.048346575585434,10.028100245046243,Vitusapotek Fritzøe Brygge,,https://www.felleskatalogen.no/medisin/apotek/Larvik/vitusapotek-fritzoee-brygge-larvik
"Frederik Stangsg. 11/13, 0264 Oslo",delete-alt,59.916449686146784,10.712212770976018,Vitusapotek Frogner,,https://www.felleskatalogen.no/medisin/apotek/Oslo/vitusapotek-frogner-frogner
"Frognerv. 5 B, Postboks 25, 2017 Frogner",delete-alt,60.02220639394297,11.10571923582232,Vitusapotek Frogner Sørum,,https://www.felleskatalogen.no/medisin/apotek/SoErum/vitusapotek-frogner-soerum-soerum
"Frolandssenteret 14, 4820 Froland",delete-alt,58.512264438078674,8.627396676468106,Vitusapotek Froland,,https://www.felleskatalogen.no/medisin/apotek/Froland/vitusapotek-froland-froland
"Frostasenteret, 7633 Frosta",delete-alt,63.579982113107874,10.761990411268945,Vitusapotek Frosta,,https://www.felleskatalogen.no/medisin/apotek/Frosta/vitusapotek-frosta-frosta
"Frydenlundsg. 15, 8517 Narvik",delete-alt,68.44179868832803,17.412882049124526,Vitusapotek Frydenlund,,https://www.felleskatalogen.no/medisin/apotek/Narvik/vitusapotek-frydenlund-narvik
"Frysjav. 40 J, 0884 Oslo",delete-alt,59.96639661468239,10.76936952284463,Vitusapotek Frysjaparken,,https://www.felleskatalogen.no/medisin/apotek/Oslo/vitusapotek-frysjaparken-frysja
"Trygve Lies plass 1, Postboks 67 Furuset, 1051 Oslo",delete-alt,59.94026434307546,10.89196874825889,Vitusapotek Furuset,,https://www.felleskatalogen.no/medisin/apotek/Oslo/vitusapotek-furuset-furuset
"Fjord´n Senter, Postboks 65, 5649 Eikelandsosen",delete-alt,60.24138595424619,5.745821138386302,Vitusapotek Fusa,,https://www.felleskatalogen.no/medisin/apotek/Fusa/vitusapotek-fusa-fusa
"ALTI Futura, Industriv. 17, 6517 Kristiansund",delete-alt,63.11085942437282,7.788907471135776,Vitusapotek Futura - Kristiansund,,https://www.felleskatalogen.no/medisin/apotek/Kristiansund/vitusapotek-futura-kristiansund-kristiansund
"Stasjonsv. 9, 2634 Fåvang",delete-alt,61.45233310875752,10.184835998098992,Vitusapotek Fåvang,,https://www.felleskatalogen.no/medisin/apotek/FaAvang/vitusapotek-faavang-faavang
"Langebruv. 28, 6800 Førde",delete-alt,61.45542781913417,5.855058987593224,Vitusapotek Førde,,https://www.felleskatalogen.no/medisin/apotek/FoErde/vitusapotek-foerde-foerde
"Olabakken 5, 4322 Sandnes",delete-alt,58.82359438358164,5.709986836128829,Vitusapotek Ganddal,,https://www.felleskatalogen.no/medisin/apotek/Sandnes/vitusapotek-ganddal-sandnes
"Ragnar Strøms v. 10, 2067 Jessheim",delete-alt,60.16999843483835,11.165101168960616,Vitusapotek Gardermoen Campus,,https://www.felleskatalogen.no/medisin/apotek/Jessheim/vitusapotek-gardermoen-campus-jessheim
"Kyrkjev. 1, 3580 Geilo",delete-alt,60.538329315611435,8.207319861180878,Vitusapotek Geilo,,https://www.felleskatalogen.no/medisin/apotek/Geilo/vitusapotek-geilo-geilo
"Nedre Torvg. 3, Postboks 1182, 2806 Gjøvik",delete-alt,60.79729281628309,10.688279203902336,Vitusapotek Gjøvik,,https://www.felleskatalogen.no/medisin/apotek/GjoEvik/vitusapotek-gjoevik-gjoevik
"Storg. 12, 8001 Bodø",delete-alt,67.28551196042753,14.378499347363952,Vitusapotek Glasshuset,,https://www.felleskatalogen.no/medisin/apotek/BodoE/vitusapotek-glasshuset-bodoe
"Sentrumsv. 85, 3550 Gol",delete-alt,60.70552455472896,8.942348368181465,Vitusapotek Gol,,https://www.felleskatalogen.no/medisin/apotek/Gol/vitusapotek-gol-gol
"Gotaasalleen 9/11, 2050 Jessheim",delete-alt,60.14170007415714,11.18053804769299,Vitusapotek Gotaasgården Jessheim,,https://www.felleskatalogen.no/medisin/apotek/Jessheim/vitusapotek-gotaasgaarden-jessheim-jessheim
"Holmenkollv. 43, 0376 Oslo",delete-alt,59.95327391244854,10.679676882219322,Vitusapotek Gressbanen,,https://www.felleskatalogen.no/medisin/apotek/Oslo/vitusapotek-gressbanen-holmenkollen
"Guldmandsv. 2, 4876 Grimstad",delete-alt,58.335954487184985,8.58429916298644,Vitusapotek Grimstad,,https://www.felleskatalogen.no/medisin/apotek/Grimstad/vitusapotek-grimstad-grimstad
"Bjørnstadv. 2, 1712 Grålum",delete-alt,59.292512632836925,11.068011211843567,Vitusapotek Grålum,,https://www.felleskatalogen.no/medisin/apotek/Sarpsborg/vitusapotek-graalum-sarpsborg
"Tøyeng. 2, 0190 Oslo",delete-alt,59.908835787307524,10.76762432681417,Vitusapotek Grønland Basar,,https://www.felleskatalogen.no/medisin/apotek/Oslo/vitusapotek-groenland-basar-groenland
"Liamyrene 1, 5132 Nyborg",delete-alt,60.47631796269928,5.3325952979269395,Vitusapotek Gullgruven,,https://www.felleskatalogen.no/medisin/apotek/Bergen/vitusapotek-gullgruven-bergen
"Gamleg. 56, 3834 Gvarv",delete-alt,59.38936104931713,9.16614807132561,Vitusapotek Gvarv,,https://www.felleskatalogen.no/medisin/apotek/Gvarv/vitusapotek-gvarv-gvarv
"Hadelandsv. 2128, 2740 Roa",delete-alt,60.283447462529004,10.62467159305709,Vitusapotek Hadeland - Roa,,https://www.felleskatalogen.no/medisin/apotek/Roa/vitusapotek-hadeland-roa-roa
"Selsbakkv. 36 B-D, 7027 Trondheim",delete-alt,63.39504934416586,10.363589280477031,Vitusapotek Hallset Hage,,https://www.felleskatalogen.no/medisin/apotek/Trondheim/vitusapotek-hallset-hage-trondheim
"Ryggev. 375, 1580 Rygge",delete-alt,59.37735107696507,10.7572796133462,Vitusapotek Halmstad,,https://www.felleskatalogen.no/medisin/apotek/Rygge/vitusapotek-halmstad-rygge
"Fjordg. 1, Postboks 13, 9481 Harstad",delete-alt,68.79671320049104,16.55368740744954,Vitusapotek Harstad,,https://www.felleskatalogen.no/medisin/apotek/Harstad/vitusapotek-harstad-harstad
"Grensev. 50, 0579 Oslo",delete-alt,59.92275648360132,10.785719523966167,Vitusapotek Hasle Torg,,https://www.felleskatalogen.no/medisin/apotek/Oslo/vitusapotek-hasle-torg-hasle
"Hassingv. 40, 1605 Fredrikstad",delete-alt,59.21888754937393,10.953089242487634,Vitusapotek Hassingen,,https://www.felleskatalogen.no/medisin/apotek/Fredrikstad/vitusapotek-hassingen-fredrikstad
"Øvre Klekkenv. 53, 3514 Hønefoss",delete-alt,60.17160822911539,10.311447128172304,Vitusapotek Haug,,https://www.felleskatalogen.no/medisin/apotek/HoEnefoss/vitusapotek-haug-hoenefoss
"Haraldsg. 110, Postboks 244, 5501 Haugesund",delete-alt,59.40769184047926,5.271641177452833,Vitusapotek Haugesund,,https://www.felleskatalogen.no/medisin/apotek/Haugesund/vitusapotek-haugesund-haugesund
"Hauketov. 8, 1266 Oslo",delete-alt,59.848001951301335,10.796371667876281,Vitusapotek Hauketo,,https://www.felleskatalogen.no/medisin/apotek/Oslo/vitusapotek-hauketo-hauketo
"Byåsv. 162, 7021 Trondheim",delete-alt,63.40580073355011,10.355713046384015,Vitusapotek Havstad Torg,,https://www.felleskatalogen.no/medisin/apotek/Trondheim/vitusapotek-havstad-torg-trondheim
"Heggedalsv. 304, 1389 Heggedal",delete-alt,59.78426974121946,10.434243249331047,Vitusapotek Heggedal,,https://www.felleskatalogen.no/medisin/apotek/Asker/vitusapotek-heggedal-asker
"Pansv. 2, 3940 Porsgrunn",delete-alt,59.07292823292556,9.679136449024371,Vitusapotek Heistad,,https://www.felleskatalogen.no/medisin/apotek/Porsgrunn/vitusapotek-heistad-porsgrunn
"Søndersrødv. 6, Søndersrødtunet, 3295 Helgeroa",delete-alt,58.98549463758796,9.876316072000403,Vitusapotek Helgeroa,,https://www.felleskatalogen.no/medisin/apotek/Helgeroa/vitusapotek-helgeroa-helgeroa
"Søndre Øyjorden 75, 5038 Bergen",delete-alt,60.42369035404223,5.294690389209497,Vitusapotek Helleveien,,https://www.felleskatalogen.no/medisin/apotek/Bergen/vitusapotek-helleveien-bergen
"Ulefossv. 32, 3730 Skien",delete-alt,59.19549388839179,9.60759551325237,Vitusapotek Herkules,,https://www.felleskatalogen.no/medisin/apotek/Skien/vitusapotek-herkules-skien
"Jåttåvågv. 7, 4020 Stavanger",delete-alt,58.91269270077985,5.722090587924421,Vitusapotek Hinna Park,,https://www.felleskatalogen.no/medisin/apotek/Stavanger/vitusapotek-hinna-park-stavanger
"Kirkev. 182, 4817 His",delete-alt,58.43401166662237,8.738093336736798,Vitusapotek His,,https://www.felleskatalogen.no/medisin/apotek/His/vitusapotek-his-his
"Hjorten Kjøpesenter, Skoleg. 12, Fillan, Postboks 145, 7239 Hitra",delete-alt,63.60349580002864,8.973146509702,Vitusapotek Hitra,,https://www.felleskatalogen.no/medisin/apotek/Hitra/vitusapotek-hitra-hitra
"Pilestredet 35, 0166 Oslo",delete-alt,59.921707175875206,10.738770396661387,Vitusapotek Holbergs plass,,https://www.felleskatalogen.no/medisin/apotek/Oslo/vitusapotek-holbergs-plass-sentrum
"Asperudv. 67, 1255 Oslo",delete-alt,59.83095093706537,10.795185061992418,Vitusapotek Holmlia,,https://www.felleskatalogen.no/medisin/apotek/Oslo/vitusapotek-holmlia-holmlia
"Kaiv. 27, 4310 Hommersåk",delete-alt,58.93107911139348,5.855308739339747,Vitusapotek Hommersåk,,https://www.felleskatalogen.no/medisin/apotek/HommersaAk/vitusapotek-hommersaak-hommersaak
"Bodøv. 674, 8019 Bodø",delete-alt,67.28299121293173,14.513792509123997,Vitusapotek Hunstadsenteret,,https://www.felleskatalogen.no/medisin/apotek/BodoE/vitusapotek-hunstadsenteret-bodoe
"Brustadv. 3, 2090 Hurdal",delete-alt,60.43681454992978,11.066114096091548,Vitusapotek Hurdal,,https://www.felleskatalogen.no/medisin/apotek/Hurdal/vitusapotek-hurdal-hurdal
"Langnesv. 2, 1815 Askim",delete-alt,59.584423034392486,11.139549800390876,Vitusapotek Hurrahølet,,https://www.felleskatalogen.no/medisin/apotek/Askim/vitusapotek-hurrahoelet-askim
"Husnes Storsenter, Sentrumsv. 15, 5460 Husnes",delete-alt,59.86445201500249,5.760494686013505,Vitusapotek Husnes,,https://www.felleskatalogen.no/medisin/apotek/Husnes/vitusapotek-husnes-husnes
"Industrig. 1, Postboks 1300 Flattum, 3503 Hønefoss",delete-alt,60.1797747953544,10.26733221796355,Vitusapotek Hønefoss,,https://www.felleskatalogen.no/medisin/apotek/HoEnefoss/vitusapotek-hoenefoss-hoenefoss
"Walkersg. 8 A, 1771 Halden",delete-alt,59.122954623921395,11.38056449709558,Vitusapotek Høvleriet,,https://www.felleskatalogen.no/medisin/apotek/Halden/vitusapotek-hoevleriet-halden
"Torolv Kveldulvsonsg. 24, 8800 Sandnessjøen",delete-alt,66.02490713227868,12.629676324925974,Vitusapotek Idun - Sandnessjøen,,https://www.felleskatalogen.no/medisin/apotek/SandnessjoEen/vitusapotek-idun-sandnessjoeen-sandnessjoeen
"Amfisenteret Verdal, Jernbaneg. 11, 7650 Verdal",delete-alt,63.78941959504824,11.484477469179525,Vitusapotek Innherred,,https://www.felleskatalogen.no/medisin/apotek/Verdal/vitusapotek-innherred-verdal
"Hamnev. 48, 5200 Os",delete-alt,60.187120142429585,5.4714944855476375,Vitusapotek Irisgården,,https://www.felleskatalogen.no/medisin/apotek/Os/vitusapotek-irisgaarden-os
"Nissen Senter, Sjøg. 9, 9600 Hammerfest",delete-alt,70.66112219815714,23.692216297279916,Vitusapotek Isbjørn,,https://www.felleskatalogen.no/medisin/apotek/Hammerfest/vitusapotek-isbjoern-hammerfest
"Jarv. 1 A, 1358 Jar",delete-alt,59.928925467165016,10.619114437669163,Vitusapotek Jar,,https://www.felleskatalogen.no/medisin/apotek/BaErum/vitusapotek-jar-baerum
"Karlsøyv. 12, 9015 Tromsø",delete-alt,69.67516789672925,18.931132002713912,Vitusapotek Jekta,,https://www.felleskatalogen.no/medisin/apotek/TromsoE/vitusapotek-jekta-tromsoe
"Glassverket 2, 1515 Moss",delete-alt,59.42950304374204,10.65392584253337,Vitusapotek Jeløy,,https://www.felleskatalogen.no/medisin/apotek/Moss/vitusapotek-jeloey-moss
"Jernbanetorget 4 B, 0154 Oslo",delete-alt,59.91512200374664,10.744403497526504,Vitusapotek Jernbanetorget,,https://www.felleskatalogen.no/medisin/apotek/Oslo/vitusapotek-jernbanetorget-sentrum
"Ringv. 4, 2050 Jessheim",delete-alt,60.140240513397615,11.17688575391402,Vitusapotek Jessheim Storsenter,,https://www.felleskatalogen.no/medisin/apotek/Jessheim/vitusapotek-jessheim-storsenter-jessheim
"Glimtstubben 2, Postboks 143, 3521 Jevnaker",delete-alt,60.24436323785303,10.380530248683558,Vitusapotek Jevnaker,,https://www.felleskatalogen.no/medisin/apotek/Jevnaker/vitusapotek-jevnaker-jevnaker
"Stasjonsv. 14, 4360 Varhaug",delete-alt,58.61155341507307,5.643450058455212,Vitusapotek Jæren,,https://www.felleskatalogen.no/medisin/apotek/Varhaug/vitusapotek-jaeren-varhaug
"Oldeidegården, Wallemsv. 22, 4100 Jørpeland",delete-alt,59.023285318741195,6.045768118996281,Vitusapotek Jørpeland,,https://www.felleskatalogen.no/medisin/apotek/Strand/vitusapotek-joerpeland-strand
"Karlsøyv. 1, 9015 Tromsø",delete-alt,69.677868056825,18.92225851529884,Vitusapotek K1 - Tromsø,,https://www.felleskatalogen.no/medisin/apotek/TromsoE/vitusapotek-k1-tromsoe-tromsoe
"Skredderv. 2, 1537 Moss",delete-alt,59.46520878841279,10.695798493242004,Vitusapotek Kambo,,https://www.felleskatalogen.no/medisin/apotek/Moss/vitusapotek-kambo-moss
"Skillev. 5, 9411 Harstad",delete-alt,68.78230527164311,16.57072921627931,Vitusapotek Kanebogen,,https://www.felleskatalogen.no/medisin/apotek/Harstad/vitusapotek-kanebogen-harstad
"Per Krohgs v. 4, 1065 Oslo",delete-alt,59.93495054754882,10.93693391086463,Vitusapotek Karihaugen,,https://www.felleskatalogen.no/medisin/apotek/Oslo/vitusapotek-karihaugen-alna
"Trondheimsv. — kløfta 62, 2040 Kløfta",delete-alt,60.06968043966377,11.140191900497753,Vitusapotek KB Kløfta,,https://www.felleskatalogen.no/medisin/apotek/KloEfta/vitusapotek-kb-kloefta-kloefta
"Waldemar Thranesg. 72, 0175 Oslo",delete-alt,59.93189003299402,10.74834750415234,Vitusapotek Kiellands Hus,,https://www.felleskatalogen.no/medisin/apotek/Oslo/vitusapotek-kiellands-hus-gruunerloekka
"Kileng. 18, 3117 Tønsberg",delete-alt,59.280213647967244,10.427962369178982,Vitusapotek Kilen,,https://www.felleskatalogen.no/medisin/apotek/ToEnsberg/vitusapotek-kilen-toensberg
"Verksv. 1, 9900 Kirkenes",delete-alt,69.71930051745952,30.02917904919008,Vitusapotek Kirkenes Handelspark,,https://www.felleskatalogen.no/medisin/apotek/Kirkenes/vitusapotek-kirkenes-handelspark-kirkenes
"Bregnev. 2, 2007 Kjeller",delete-alt,59.968891919540766,11.054928281753801,Vitusapotek Kjeller,,https://www.felleskatalogen.no/medisin/apotek/Kjeller/vitusapotek-kjeller-kjeller
"Kjelsåsv. 160, 0491 Oslo",delete-alt,59.96511971911667,10.771998725359241,Vitusapotek Kjelsås,,https://www.felleskatalogen.no/medisin/apotek/Oslo/vitusapotek-kjelsaas-kjelsaas
"Gamle Kleppestøv. 2, 5300 Kleppestø",delete-alt,60.41406135528622,5.229689535388137,Vitusapotek Kleppestø Senter,,https://www.felleskatalogen.no/medisin/apotek/KleppestoE/vitusapotek-kleppestoe-senter-kleppestoe
"Spydebergv. 3, 1823 Knapstad",delete-alt,59.62010177156985,11.023191232373357,Vitusapotek Knapstad,,https://www.felleskatalogen.no/medisin/apotek/Knapstad/vitusapotek-knapstad-knapstad
"Kvernhusmyrane 5, 5914 Isdalstø",delete-alt,60.546889681820566,5.278544634533479,Vitusapotek Knarvik,,https://www.felleskatalogen.no/medisin/apotek/Knarvik/vitusapotek-knarvik-knarvik
"EPA, Markensv. 1, 2212 Kongsvinger",delete-alt,60.19523013802459,11.99665056005902,Vitusapotek Kongsvinger,,https://www.felleskatalogen.no/medisin/apotek/Kongsvinger/vitusapotek-kongsvinger-kongsvinger
"Dalanev. 8, Postboks 64, 3772 Kragerø",delete-alt,58.86922053008461,9.367964266543101,Vitusapotek Kragerø,,https://www.felleskatalogen.no/medisin/apotek/KrageroE/vitusapotek-krageroe-krageroe
"Kremmergaarden Kjøpesenter, Rasmus Rønnebergsg. 6, 6002 Ålesund",delete-alt,62.475334934520944,6.1564870902922815,Vitusapotek Kremmergaarden,,https://www.felleskatalogen.no/medisin/apotek/AAlesund/vitusapotek-kremmergaarden-aalesund
"Krinkelkroken 1, 5014 Bergen",delete-alt,60.39203817730389,5.328320394457442,Vitusapotek Krinkelkroken,,https://www.felleskatalogen.no/medisin/apotek/Bergen/vitusapotek-krinkelkroken-bergen
"Stakkevollv. 35, 9010 Tromsø",delete-alt,69.66867705655697,18.97896553564403,Vitusapotek Kræmer Brygge,,https://www.felleskatalogen.no/medisin/apotek/TromsoE/vitusapotek-kraemer-brygge-tromsoe
"Gamle Stokkav. 1, 4313 Sandnes",delete-alt,58.87911463063923,5.7166917438933185,Vitusapotek Kvadrat - Sandnes,,https://www.felleskatalogen.no/medisin/apotek/Sandnes/vitusapotek-kvadrat-sandnes-sandnes
"Sentrumsv. 15, Kvadraten, 5460 Husnes",delete-alt,59.862332704443205,5.763538604406701,Vitusapotek Kvinnherad,,https://www.felleskatalogen.no/medisin/apotek/Kvinnherad/vitusapotek-kvinnherad-kvinnherad
"Turbinv. 3, 0195 Oslo",delete-alt,59.905607879851395,10.784254894295914,Vitusapotek Kværnerbyen,,https://www.felleskatalogen.no/medisin/apotek/Oslo/vitusapotek-kvaernerbyen-kvaernerbyen
"Industriv. 1, Postboks 111, 7201 Kyrksæterøra",delete-alt,63.29399449093381,9.093114665202995,Vitusapotek Kyrksæterøra,,https://www.felleskatalogen.no/medisin/apotek/KyrksaEteroEra/vitusapotek-kyrksaeteroera-kyrksaeteroera
"Haakon VII`s g. 8-10, 7041 Trondheim",delete-alt,63.441785040764024,10.459766555978902,Vitusapotek Lade Arena,,https://www.felleskatalogen.no/medisin/apotek/Trondheim/vitusapotek-lade-arena-trondheim
"Lagunev. 9, 5239 Rådal",delete-alt,60.29716191496295,5.32298788076435,Vitusapotek Laguneparken,,https://www.felleskatalogen.no/medisin/apotek/Bergen/vitusapotek-laguneparken-bergen
"Landfalløya 109, 3023 Drammen",delete-alt,59.75450521098246,10.152562876776225,Vitusapotek Landfalløya,,https://www.felleskatalogen.no/medisin/apotek/Drammen/vitusapotek-landfalloeya-drammen
"Kristian Walbys v. 2, 2212 Kongsvinger",delete-alt,60.1984628531124,11.972456807293288,Vitusapotek Langeland Kongsvinger,,https://www.felleskatalogen.no/medisin/apotek/Kongsvinger/vitusapotek-langeland-kongsvinger-kongsvinger
"Parkv. 1, 1405 Langhus",delete-alt,59.75129461086361,10.831375347366821,Vitusapotek Langhus,,https://www.felleskatalogen.no/medisin/apotek/Langhus/vitusapotek-langhus-langhus
"Lauvåsen hovedv. 1, 4656 Hamresanden",delete-alt,58.17709816957071,8.097907760587972,Vitusapotek Lauvåsen,,https://www.felleskatalogen.no/medisin/apotek/Kristiansand/vitusapotek-lauvaasen-kristiansand
"Torgbakken 2, 5411 Stord",delete-alt,59.77731198524274,5.493804043003495,Vitusapotek Leirvik,,https://www.felleskatalogen.no/medisin/apotek/Stord/vitusapotek-leirvik-stord
"Kommunehuset, Lundav. 8, 7120 Leksvik",delete-alt,63.673636426074744,10.635719140424305,Vitusapotek Leksvik,,https://www.felleskatalogen.no/medisin/apotek/Leksvik/vitusapotek-leksvik-leksvik
"Narumsgården senter, Lenag. 88, 2850 Lena",delete-alt,60.67678317588434,10.80872178918022,Vitusapotek Lena,,https://www.felleskatalogen.no/medisin/apotek/Lena/vitusapotek-lena-lena
"Håkon Den Godesg. 10, 7600 Levanger",delete-alt,63.74437636447313,11.296861108121577,Vitusapotek Levanger,,https://www.felleskatalogen.no/medisin/apotek/Levanger/vitusapotek-levanger-levanger
"Bruv. 2, 3403 Lier",delete-alt,59.78645460643813,10.25177375959398,Vitusapotek Lier,,https://www.felleskatalogen.no/medisin/apotek/Lier/vitusapotek-lier-lier
"Lieg. 10, 3717 Skien",delete-alt,59.209547291361204,9.598055318322603,Vitusapotek Lietorvet,,https://www.felleskatalogen.no/medisin/apotek/Skien/vitusapotek-lietorvet-skien
"Storg. 82, 2609 Lillehammer",delete-alt,61.11860351525731,10.470732184224815,Vitusapotek Lillehammer,,https://www.felleskatalogen.no/medisin/apotek/Lillehammer/vitusapotek-lillehammer-lillehammer
"Strandg. 13, 4790 Lillesand",delete-alt,58.25003899458794,8.374329134083286,Vitusapotek Lillesand,,https://www.felleskatalogen.no/medisin/apotek/Lillesand/vitusapotek-lillesand-lillesand
"Teaterg. 14, 2000 Lillestrøm",delete-alt,59.957687989908585,11.049816585300363,Vitusapotek Lillestrøm Torv,,https://www.felleskatalogen.no/medisin/apotek/LillestroEm/vitusapotek-lillestroem-torv-lillestroem
"Strandparken 3, 3187 Horten",delete-alt,59.40828756695534,10.482333524443426,Vitusapotek Linden Park,,https://www.felleskatalogen.no/medisin/apotek/Horten/vitusapotek-linden-park-horten
"Stavangerv. 32 A, 4313 Sandnes",delete-alt,58.87185769725735,5.724494987785871,Vitusapotek Lura,,https://www.felleskatalogen.no/medisin/apotek/Sandnes/vitusapotek-lura-sandnes
"Elvev. 16, 1366 Lysaker",delete-alt,59.91584677627231,10.642940355723319,Vitusapotek Lysaker stasjon,,https://www.felleskatalogen.no/medisin/apotek/Lysaker/vitusapotek-lysaker-stasjon-lysaker
"Øyraplassen 8, Postboks 40, 6886 Lærdal",delete-alt,61.09990311529442,7.488750357248873,Vitusapotek Lærdal,,https://www.felleskatalogen.no/medisin/apotek/LaErdal/vitusapotek-laerdal-laerdal
"Stasjonsv. 7–9, 2340 Løten",delete-alt,60.81921659997423,11.347498129218105,Vitusapotek Løten,,https://www.felleskatalogen.no/medisin/apotek/LoEten/vitusapotek-loeten-loeten
"Olav V's g. 11, 4005 Stavanger",delete-alt,58.966359697868455,5.735778172191678,Vitusapotek Løven - Stavanger,,https://www.felleskatalogen.no/medisin/apotek/Stavanger/vitusapotek-loeven-stavanger-stavanger
"Jupiterv. 2, 4340 Bryne",delete-alt,58.73332896888862,5.6351301474543,Vitusapotek M44 - Bryne,,https://www.felleskatalogen.no/medisin/apotek/Bryne/vitusapotek-m44-bryne-bryne
"Madlamarkv. 2, 4041 Hafrsfjord",delete-alt,58.95017501146831,5.68519532213198,Vitusapotek Madla,,https://www.felleskatalogen.no/medisin/apotek/Stavanger/vitusapotek-madla-stavanger
"Nedre Storg. 2, 3015 Drammen",delete-alt,59.742396084087936,10.210470081956464,Vitusapotek Magasinet,,https://www.felleskatalogen.no/medisin/apotek/Drammen/vitusapotek-magasinet-drammen
"Moafjæra 14, 7606 Levanger",delete-alt,63.73695325619474,11.28433106557711,Vitusapotek Magneten,,https://www.felleskatalogen.no/medisin/apotek/Levanger/vitusapotek-magneten-levanger
"Kirkev. 64 B, 0364 Oslo",delete-alt,59.92767709170285,10.715835228288192,Vitusapotek Majorstuen,,https://www.felleskatalogen.no/medisin/apotek/Oslo/vitusapotek-majorstuen-majorstuen
"Breidablikkv. 3 A, 4017 Stavanger",delete-alt,58.934562547957995,5.741236612428786,Vitusapotek Mariero,,https://www.felleskatalogen.no/medisin/apotek/Stavanger/vitusapotek-mariero-stavanger
"Tangerudv. 1, 2008 Fjerdingby",delete-alt,59.92147323278272,11.066882374393536,Vitusapotek Marikollen Torg,,https://www.felleskatalogen.no/medisin/apotek/Fjerdingby/vitusapotek-marikollen-torg-fjerdingby
"Markensgt. 42, 4612 Kristiansand",delete-alt,58.142921821946224,7.9902258302015206,Vitusapotek Markens,,https://www.felleskatalogen.no/medisin/apotek/Kristiansand/vitusapotek-markens-kristiansand
"Industrig. 9, 4632 Kristiansand",delete-alt,58.152915274387304,8.030192612428515,Vitusapotek Marvika Torv,,https://www.felleskatalogen.no/medisin/apotek/Kristiansand/vitusapotek-marvika-torv-kristiansand
"Maxis kjøpesenter, Vesterv. 44, Postboks 386, 4839 Arendal",delete-alt,58.451170419647895,8.744957573083713,Vitusapotek Maxis,,https://www.felleskatalogen.no/medisin/apotek/Arendal/vitusapotek-maxis-arendal
"Fyrg. 3, Postboks 245, 7703 Steinkjer",delete-alt,64.01246650561855,11.492002519342206,Vitusapotek Medisinsk Senter - Steinkjer,,https://www.felleskatalogen.no/medisin/apotek/Steinkjer/vitusapotek-medisinsk-senter-steinkjer-steinkjer
"Melhusv. 474, 7224 Melhus",delete-alt,63.286663837778825,10.284215150365206,Vitusapotek Melhustorget,,https://www.felleskatalogen.no/medisin/apotek/Melhus/vitusapotek-melhustorget-melhus
"Rabekkg. 2 b, 1523 Moss",delete-alt,59.41941155785883,10.682964607404394,Vitusapotek Melløs,,https://www.felleskatalogen.no/medisin/apotek/Moss/vitusapotek-melloes-moss
"Chr. Tidemanns v. 1, Postboks 83, 8151 Ørnes",delete-alt,66.86828531005672,13.704843121971006,Vitusapotek Meløy,,https://www.felleskatalogen.no/medisin/apotek/OErnes/vitusapotek-meloey-oernes
"Fridtjof Nansensg. 21, 8622 Mo i Rana",delete-alt,66.31406987468341,14.139588846244123,Vitusapotek Meyer,,https://www.felleskatalogen.no/medisin/apotek/Mo_i_Rana/vitusapotek-meyer-mo-i-rana
"Fageråsv. 2, 5067 Bergen",delete-alt,60.36181165997372,5.346005728405034,Vitusapotek Minde,,https://www.felleskatalogen.no/medisin/apotek/Bergen/vitusapotek-minde-bergen
"Terminalv. 5, 8624 Mo i Rana",delete-alt,66.3101536114406,14.128406023212545,Vitusapotek Mo i Rana Byporten,,https://www.felleskatalogen.no/medisin/apotek/Mo_i_Rana/vitusapotek-mo-i-rana-byporten-mo-i-rana
"Moav. 1, 6018 Ålesund",delete-alt,62.46608591768275,6.343699795897651,Vitusapotek Moa Nord,,https://www.felleskatalogen.no/medisin/apotek/AAlesund/vitusapotek-moa-nord-aalesund
"Langelandsv. 25, 6010 Ålesund",delete-alt,62.465723977056136,6.3524022865893075,Vitusapotek Moa Syd,,https://www.felleskatalogen.no/medisin/apotek/AAlesund/vitusapotek-moa-syd-aalesund
"Storg. 109, 2390 Moelv",delete-alt,60.92820248181141,10.696936539102493,Vitusapotek Moelv,,https://www.felleskatalogen.no/medisin/apotek/Moelv/vitusapotek-moelv-moelv
"Molde Storsenter, Birger Hatlebakksv. 1, 3, 5, 6415 Molde",delete-alt,62.7341327253665,7.181739151906309,Vitusapotek Molde Storsenter,,https://www.felleskatalogen.no/medisin/apotek/Molde/vitusapotek-molde-storsenter-molde
"Morenen Kjøpesenter, Morstongv. 47, 1859 Slitu",delete-alt,59.5750274158174,11.281321997367817,Vitusapotek Morenen,,https://www.felleskatalogen.no/medisin/apotek/Slitu/vitusapotek-morenen-slitu
"Senter Syd, Lofsrudv. 6, 1281 Oslo",delete-alt,59.85017407189471,10.83030439435547,Vitusapotek Mortensrud,,https://www.felleskatalogen.no/medisin/apotek/Oslo/vitusapotek-mortensrud-mortensrud
"Oslov. 37, 1534 Moss",delete-alt,59.4448345215506,10.687011348852417,Vitusapotek Mosseskogen,,https://www.felleskatalogen.no/medisin/apotek/Moss/vitusapotek-mosseskogen-moss
"Smedg. 30/32, 1850 Mysen",delete-alt,59.556167526905206,11.32638218297093,Vitusapotek Mysen,,https://www.felleskatalogen.no/medisin/apotek/Mysen/vitusapotek-mysen-mysen
"Måløy Brygge, Postboks 224, 6701 Måløy",delete-alt,61.93692252821445,5.107433306382446,Vitusapotek Måløy,,https://www.felleskatalogen.no/medisin/apotek/MaAloEy/vitusapotek-maaloey-maaloey
"Stortingsg. 30, 0161 Oslo",delete-alt,59.91815353055201,10.736555958624317,Vitusapotek Nationaltheatret,,https://www.felleskatalogen.no/medisin/apotek/Oslo/vitusapotek-nationaltheatret-sentrum
"Nerstranda 9, 9008 Tromsø",delete-alt,69.64692815691383,18.951030002354006,Vitusapotek Nerstranda,,https://www.felleskatalogen.no/medisin/apotek/TromsoE/vitusapotek-nerstranda-tromsoe
"Holmquistv. 1, Postboks 257, 1379 Nesbru",delete-alt,59.86365090819973,10.492908461595576,Vitusapotek Nesbru,,https://www.felleskatalogen.no/medisin/apotek/Asker/vitusapotek-nesbru-asker
"Vestv. 51, 1450 Nesoddtangen",delete-alt,59.862157715988864,10.660252715053133,Vitusapotek Nesodden,,https://www.felleskatalogen.no/medisin/apotek/Nesoddtangen/vitusapotek-nesodden-nesoddtangen
"Songdalsv. 65, 4645 Nodeland",delete-alt,58.153233910670295,7.844299157145691,Vitusapotek Nodeland,,https://www.felleskatalogen.no/medisin/apotek/Nodeland/vitusapotek-nodeland-nodeland
"Sjøg. 21, Postboks 1, 6771 Nordfjordeid",delete-alt,61.911132962043325,5.986648014783514,Vitusapotek Nordfjordeid,,https://www.felleskatalogen.no/medisin/apotek/Nordfjordeid/vitusapotek-nordfjordeid-nordfjordeid
"Sentrum 22, 9151 Storslett",delete-alt,69.76819753351732,21.028867104413337,Vitusapotek Nordreisa,,https://www.felleskatalogen.no/medisin/apotek/Storslett/vitusapotek-nordreisa-storslett
"Dampsaga Senter, Bogav. 6, 7725 Steinkjer",delete-alt,64.01969941883549,11.486060186229976,Vitusapotek Nordstjernen - Steinkjer,,https://www.felleskatalogen.no/medisin/apotek/Steinkjer/vitusapotek-nordstjernen-steinkjer-steinkjer
"Jernverksg. 6, 3674 Notodden",delete-alt,59.556733819410425,9.256792667627114,Vitusapotek Notodden,,https://www.felleskatalogen.no/medisin/apotek/Notodden/vitusapotek-notodden-notodden
"Aunev. 3, Postboks 174, 7341 Oppdal",delete-alt,62.59267246807741,9.68983814938771,Vitusapotek Oppdal,,https://www.felleskatalogen.no/medisin/apotek/Oppdal/vitusapotek-oppdal-oppdal
"Opsahlv. 4, 1850 Mysen",delete-alt,59.55369491636278,11.336637487151688,Vitusapotek Opsahljordet - Mysen,,https://www.felleskatalogen.no/medisin/apotek/Mysen/vitusapotek-opsahljordet-mysen-mysen
"AMFI Senter, Postboks 204, 7302 Orkanger",delete-alt,63.29990011456317,9.840884935076582,Vitusapotek Orkedalen,,https://www.felleskatalogen.no/medisin/apotek/Orkanger/vitusapotek-orkedalen-orkanger
"Stenersg. 1 E, 0050 Oslo",delete-alt,59.91706729888746,10.751738517088812,Vitusapotek Oslo City,,https://www.felleskatalogen.no/medisin/apotek/Oslo/vitusapotek-oslo-city-sentrum
"Hans Dons v. 20, Postboks 150 Edvard Munchs v., 2061 Gardermoen",delete-alt,60.19033899898814,11.1055545301805,Vitusapotek Oslo Lufthavn,,https://www.felleskatalogen.no/medisin/apotek/Gardermoen/vitusapotek-oslo-lufthavn-gardermoen
"Tverradkomsten 60, 7300 Orkanger",delete-alt,63.30743685495808,9.846560793193747,Vitusapotek OTI - Orkanger,,https://www.felleskatalogen.no/medisin/apotek/Orkanger/vitusapotek-oti-orkanger-orkanger
"Pancov. 28, 1624 Gressvik",delete-alt,59.23258402432701,10.914435478378964,Vitusapotek Pancoveien,,https://www.felleskatalogen.no/medisin/apotek/Gressvik/vitusapotek-pancoveien-gressvik
"Jacob Kjødesv. 2 E, 5232 Paradis",delete-alt,60.338716374115165,5.349012456574091,Vitusapotek Paradis - Bergen,,https://www.felleskatalogen.no/medisin/apotek/Bergen/vitusapotek-paradis-bergen-bergen
"Lagårdsv. 78-80, 4010 Stavanger",delete-alt,58.956833497407345,5.743272688541602,Vitusapotek Paradis - Stavanger,,https://www.felleskatalogen.no/medisin/apotek/Stavanger/vitusapotek-paradis-stavanger-stavanger
"Jernbaneg. 3, 3916 Porsgrunn",delete-alt,59.13981819872667,9.654866073742639,Vitusapotek Porsgrund,,https://www.felleskatalogen.no/medisin/apotek/Porsgrunn/vitusapotek-porsgrund-porsgrunn
"Nedre Prinsdalsv. 70-72, 1263 Oslo",delete-alt,59.83036138381836,10.805340860666561,Vitusapotek Prinsdal,,https://www.felleskatalogen.no/medisin/apotek/Oslo/vitusapotek-prinsdal-prinsdal
"Solstrandv. 47, 9020 Tromsdalen",delete-alt,69.6411970973241,18.975308724887864,Vitusapotek Pyramiden - Tromsdalen,,https://www.felleskatalogen.no/medisin/apotek/TromsoE/vitusapotek-pyramiden-tromsdalen-tromsoe
"Jon Torbergssonsv. 21-23, 4070 Randaberg",delete-alt,58.9989405687298,5.612692791774223,Vitusapotek Randaberg,,https://www.felleskatalogen.no/medisin/apotek/Randaberg/vitusapotek-randaberg-randaberg
"Skonnertv. 8, 7053 Ranheim",delete-alt,63.43698215652092,10.507230554581723,Vitusapotek Ranheim,,https://www.felleskatalogen.no/medisin/apotek/Trondheim/vitusapotek-ranheim-trondheim
"Rastastubben 1, 1476 Rasta",delete-alt,59.92721078915064,10.94117913501229,Vitusapotek Rasta,,https://www.felleskatalogen.no/medisin/apotek/LoErenskog/vitusapotek-rasta-loerenskog
"Sagvollv. 1, 2833 Raufoss",delete-alt,60.719180390580796,10.617607619107748,Vitusapotek Raufoss,,https://www.felleskatalogen.no/medisin/apotek/Raufoss/vitusapotek-raufoss-raufoss
"Storg. 2, 9900 Kirkenes",delete-alt,69.72974950025187,30.0259257968813,Vitusapotek Renen,,https://www.felleskatalogen.no/medisin/apotek/Kirkenes/vitusapotek-renen-kirkenes
"Hanstadg. 5, 2630 Ringebu",delete-alt,61.52683245812778,10.137210937675391,Vitusapotek Ringebu,,https://www.felleskatalogen.no/medisin/apotek/Ringebu/vitusapotek-ringebu-ringebu
"Storg. 19, Postboks 7, 3661 Rjukan",delete-alt,59.88077679428629,8.59241561263045,Vitusapotek Rjukan,,https://www.felleskatalogen.no/medisin/apotek/Rjukan/vitusapotek-rjukan-rjukan
"Stadsing Dahls g. 5, 7015 Trondheim",delete-alt,63.43333287112317,10.418841365081112,Vitusapotek Rosenborg,,https://www.felleskatalogen.no/medisin/apotek/Trondheim/vitusapotek-rosenborg-trondheim
"Stolvstadv. 2, 2360 Rudshøgda",delete-alt,60.91303451719693,10.811673252069571,Vitusapotek Rudshøgda,,https://www.felleskatalogen.no/medisin/apotek/RudshoEgda/vitusapotek-rudshoegda-rudshoegda
"Europav. 139, 3962 Stathelle",delete-alt,59.03558000208663,9.67908885126067,Vitusapotek Rugtved,,https://www.felleskatalogen.no/medisin/apotek/Stathelle/vitusapotek-rugtved-stathelle
"Kirkegårdsv. 3, 1348 Rykkinn",delete-alt,59.92330727063328,10.490606855310325,Vitusapotek Rykkinn,,https://www.felleskatalogen.no/medisin/apotek/Rykkinn/vitusapotek-rykkinn-rykkinn
"Gladbakkv. 1, 2070 Råholt",delete-alt,60.283040599197896,11.16887182883158,Vitusapotek Råholt,,https://www.felleskatalogen.no/medisin/apotek/RaAholt/vitusapotek-raaholt-raaholt
"Vækerøv. 205, 0751 Oslo",delete-alt,59.94973968146629,10.639067413530983,Vitusapotek Røa,,https://www.felleskatalogen.no/medisin/apotek/Oslo/vitusapotek-roea-roea
"Domussenteret, Peder Hiortsg. 7, 7374 Røros",delete-alt,62.57379087969153,11.38901106292302,Vitusapotek Røros,,https://www.felleskatalogen.no/medisin/apotek/RoEros/vitusapotek-roeros-roeros
"Strandg. 13, Postboks 24, 7901 Rørvik",delete-alt,64.86057116573498,11.236619559301912,Vitusapotek Rørvik,,https://www.felleskatalogen.no/medisin/apotek/RoErvik/vitusapotek-roervik-roervik
"Bråsetv. 3, 3440 Røyken",delete-alt,59.74716852113778,10.385200711970876,Vitusapotek Røyken,,https://www.felleskatalogen.no/medisin/apotek/RoEyken/vitusapotek-roeyken-roeyken
"Sandaker senter, Sandakerv. 59, 0477 Oslo",delete-alt,59.93813630292302,10.77390651149056,Vitusapotek Sandaker,,https://www.felleskatalogen.no/medisin/apotek/Oslo/vitusapotek-sandaker-sandaker
"Haslebakken 4, 3229 Sandefjord",delete-alt,59.13791980126878,10.243524086062632,Vitusapotek Sandefjord,,https://www.felleskatalogen.no/medisin/apotek/Sandefjord/vitusapotek-sandefjord-sandefjord
"Tollbodg. 16, 4611 Kristiansand",delete-alt,58.147555347505346,7.998209960173755,Vitusapotek Sandens,,https://www.felleskatalogen.no/medisin/apotek/Kristiansand/vitusapotek-sandens-kristiansand
"Kasper Andresensv. 7, 2816 Gjøvik",delete-alt,60.78460884492434,10.687234276053799,Vitusapotek Sandgården - Gjøvik,,https://www.felleskatalogen.no/medisin/apotek/GjoEvik/vitusapotek-sandgaarden-gjoevik-gjoevik
"Asheimv. 2, 4318 Sandnes",delete-alt,58.846303684373076,5.719833463949848,Vitusapotek Sandved,,https://www.felleskatalogen.no/medisin/apotek/Sandnes/vitusapotek-sandved-sandnes
"Leif Tronstads plass 6, Postboks 256, 1301 Sandvika",delete-alt,59.89280669508359,10.517444149256455,Vitusapotek Sandvika,,https://www.felleskatalogen.no/medisin/apotek/Sandvika/vitusapotek-sandvika-sandvika
"St. Marieg. 96/98, 1706 Sarpsborg",delete-alt,59.281151749691254,11.104671703032194,Vitusapotek Sarpsborg,,https://www.felleskatalogen.no/medisin/apotek/Sarpsborg/vitusapotek-sarpsborg-sarpsborg
"Sartorv. 12, Postboks 82, 5341 Straume",delete-alt,60.362589183944145,5.123842749087317,Vitusapotek Sartor Storsenter,,https://www.felleskatalogen.no/medisin/apotek/Straume/vitusapotek-sartor-storsenter-straume
"Reier Søbstads v. 18, Postboks 9605 Saupstad, 7478 Trondheim",delete-alt,63.36365293924386,10.346302570381033,Vitusapotek Saupstad Senter,,https://www.felleskatalogen.no/medisin/apotek/Saupstad/vitusapotek-saupstad-senter-saupstad
"Løenv. 6, 1653 Sellebakk",delete-alt,59.227079735121094,10.999926492685645,Vitusapotek Selbak,,https://www.felleskatalogen.no/medisin/apotek/Sellebakk/vitusapotek-selbak-sellebakk
"Semsbyv. 81, 3170 Sem",delete-alt,59.28334975268513,10.338563702298545,Vitusapotek Sem,,https://www.felleskatalogen.no/medisin/apotek/Sem/vitusapotek-sem-sem
"Hans Nielsen Haugesg. 37 E, 0481 Oslo",delete-alt,59.94038433521644,10.779315218655507,Vitusapotek Sinsen,,https://www.felleskatalogen.no/medisin/apotek/Oslo/vitusapotek-sinsen-sinsen
"Falkenborgv. 9, 7044 Trondheim",delete-alt,63.43821094438253,10.462204825959986,Vitusapotek Sirkus Shopping,,https://www.felleskatalogen.no/medisin/apotek/Trondheim/vitusapotek-sirkus-shopping-trondheim
"Bruv. 17, Postboks 229, 2101 Skarnes",delete-alt,60.25659854792705,11.673013578493801,Vitusapotek Skarnes,,https://www.felleskatalogen.no/medisin/apotek/Skarnes/vitusapotek-skarnes-skarnes
"Trondheimsv. 123, 2020 Skedsmokorset",delete-alt,60.005412306664546,11.03391288875415,Vitusapotek Skedsmokorset,,https://www.felleskatalogen.no/medisin/apotek/Skedsmokorset/vitusapotek-skedsmokorset-skedsmokorset
"Skipperg. 4, 3921 Porsgrunn",delete-alt,59.13567430653174,9.637641490454868,Vitusapotek Skippergata,,https://www.felleskatalogen.no/medisin/apotek/Porsgrunn/vitusapotek-skippergata-porsgrunn
"Storv. 7, 1816 Skiptvet",delete-alt,59.4686398796187,11.169915845201247,Vitusapotek Skiptvet,,https://www.felleskatalogen.no/medisin/apotek/Skiptvet/vitusapotek-skiptvet-skiptvet
"Strandv. 45, 9180 Skjervøy",delete-alt,70.03556544410876,20.969662342820772,Vitusapotek Skjervøy,,https://www.felleskatalogen.no/medisin/apotek/SkjervoEy/vitusapotek-skjervoey-skjervoey
"Totenv. 771, 2848 Skreia",delete-alt,60.65366443703307,10.92830375986698,Vitusapotek Skreia,,https://www.felleskatalogen.no/medisin/apotek/Skreia/vitusapotek-skreia-skreia
"Nessagadå 1, 4280 Skudeneshavn",delete-alt,59.15241005851579,5.257751272699441,Vitusapotek Skudeneshavn,,https://www.felleskatalogen.no/medisin/apotek/Skudeneshavn/vitusapotek-skudeneshavn-skudeneshavn
"Slagenv. 57, 3117 Tønsberg",delete-alt,59.273497137155076,10.431682609290846,Vitusapotek Slagenveien Tønsberg,,https://www.felleskatalogen.no/medisin/apotek/ToEnsberg/vitusapotek-slagenveien-toensberg-toensberg
"Eternitv. 4, 3470 Slemmestad",delete-alt,59.7867986043213,10.495141923649024,Vitusapotek Slemmestad Handelspark,,https://www.felleskatalogen.no/medisin/apotek/Slemmestad/vitusapotek-slemmestad-handelspark-slemmestad
"Pustutv. 6-14, 1386 Billingstad",delete-alt,59.87603543192041,10.497555425004766,Vitusapotek Slependen,,https://www.felleskatalogen.no/medisin/apotek/Asker/vitusapotek-slependen-asker
"Sønsterudv. 32, 1412 Sofiemyr",delete-alt,59.80321452118793,10.824426643901552,Vitusapotek Sofiemyr,,https://www.felleskatalogen.no/medisin/apotek/OppegaArd/vitusapotek-sofiemyr-oppegaard
"Solakrossv. 2, 4050 Sola",delete-alt,58.884902282951685,5.657218786022257,Vitusapotek Sola,,https://www.felleskatalogen.no/medisin/apotek/Sola/vitusapotek-sola-sola
"Solsiden Kjøpesenter, Beddingen 4, 7042 Trondheim",delete-alt,63.43460614631435,10.41668110566506,Vitusapotek Solsiden,,https://www.felleskatalogen.no/medisin/apotek/Trondheim/vitusapotek-solsiden-trondheim
"Nye Stasjonsv. 29, 3430 Spikkestad",delete-alt,59.74465383410127,10.338844415073599,Vitusapotek Spikkestad,,https://www.felleskatalogen.no/medisin/apotek/Spikkestad/vitusapotek-spikkestad-spikkestad
"Nøsthaugv. 5, 7820 Spillum",delete-alt,64.4542501535124,11.528856976808612,Vitusapotek Spillum,,https://www.felleskatalogen.no/medisin/apotek/Spillum/vitusapotek-spillum-spillum
"Wilsesv. 3, 1820 Spydeberg",delete-alt,59.61703544317805,11.074948023097843,Vitusapotek Spydeberg,,https://www.felleskatalogen.no/medisin/apotek/Spydeberg/vitusapotek-spydeberg-spydeberg
"Larviksv. 13 B, Postboks 85, 3291 Stavern",delete-alt,59.001111660965485,10.03586187713261,Vitusapotek Stavern,,https://www.felleskatalogen.no/medisin/apotek/Stavern/vitusapotek-stavern-stavern
"Sagvannv. 16, 4848 Arendal",delete-alt,58.464922353912456,8.71222052048493,Vitusapotek Stoa,,https://www.felleskatalogen.no/medisin/apotek/Arendal/vitusapotek-stoa-arendal
"Kornmagasing. 7, 3160 Stokke",delete-alt,59.22518901506082,10.303598086235846,Vitusapotek Stokke,,https://www.felleskatalogen.no/medisin/apotek/Stokke/vitusapotek-stokke-stokke
"Storo Storsenter, Vitaminv. 7-9, 0485 Oslo",delete-alt,59.9493738127923,10.777788846208965,Vitusapotek Storo,,https://www.felleskatalogen.no/medisin/apotek/Oslo/vitusapotek-storo-storo
"Stovner Senter 3, 0985 Oslo",delete-alt,59.96524782062559,10.919683777635674,Vitusapotek Stovner,,https://www.felleskatalogen.no/medisin/apotek/Oslo/vitusapotek-stovner-stovner
"Storgt. 18, Postboks 53, 6201 Stranda",delete-alt,62.30768109849286,6.944222001428906,Vitusapotek Stranda,,https://www.felleskatalogen.no/medisin/apotek/Stranda/vitusapotek-stranda-stranda
"Strandpromenaden 76, 2609 Lillehammer",delete-alt,61.11396937587213,10.456820331960516,Vitusapotek Strandtorget,,https://www.felleskatalogen.no/medisin/apotek/Lillehammer/vitusapotek-strandtorget-lillehammer
"Hestehoven 1, 3930 Porsgrunn",delete-alt,59.10993890803612,9.674099490516346,Vitusapotek Stridsklev,,https://www.felleskatalogen.no/medisin/apotek/Porsgrunn/vitusapotek-stridsklev-porsgrunn
"Setrev. 2, Postboks 216, 6783 Stryn",delete-alt,61.90274561069906,6.708404943317615,Vitusapotek Stryn,,https://www.felleskatalogen.no/medisin/apotek/Stryn/vitusapotek-stryn-stryn
"Støperiv. 5, 2010 Strømmen",delete-alt,59.947785640135876,11.009087071232264,Vitusapotek Strømmen Storsenter,,https://www.felleskatalogen.no/medisin/apotek/StroEmmen/vitusapotek-stroemmen-storsenter-stroemmen
"Nansetg. 6, 3256 Larvik",delete-alt,59.05390382887039,10.036495021263477,Vitusapotek Svanen - Larvik,,https://www.felleskatalogen.no/medisin/apotek/Larvik/vitusapotek-svanen-larvik-larvik
"Kongensg. 66, 8514 Narvik",delete-alt,68.4416731321585,17.435334638319862,Vitusapotek Svanen - Narvik,,https://www.felleskatalogen.no/medisin/apotek/Narvik/vitusapotek-svanen-narvik-narvik
"Klubbg. 1, 4013 Stavanger",delete-alt,58.972768516515586,5.73978200348739,Vitusapotek Svanen - Stavanger,,https://www.felleskatalogen.no/medisin/apotek/Stavanger/vitusapotek-svanen-stavanger-stavanger
"Killengrensg. 5, Austadbygget, 9008 Tromsø",delete-alt,69.65169433557507,18.962009999798024,Vitusapotek Svanen - Tromsø,,https://www.felleskatalogen.no/medisin/apotek/TromsoE/vitusapotek-svanen-tromsoe-tromsoe
"Haugneset 26, Postboks 128, 6239 Sykkylven",delete-alt,62.392670332309734,6.576033824953125,Vitusapotek Sykkylven,,https://www.felleskatalogen.no/medisin/apotek/Sykkylven/vitusapotek-sykkylven-sykkylven
"Vågsg. 33, 4306 Sandnes",delete-alt,58.85035879401812,5.731405376730236,Vitusapotek Symra,,https://www.felleskatalogen.no/medisin/apotek/Sandnes/vitusapotek-symra-sandnes
"Syv Søstre Kjøpesenter, Forshaugen 2, 8800 Sandnessjøen",delete-alt,66.01228326061175,12.607963226285944,Vitusapotek Syv Søstre,,https://www.felleskatalogen.no/medisin/apotek/SandnessjoEen/vitusapotek-syv-soestre-sandnessjoeen
"Sentrumsv. 5, Postboks 1009, 4682 Søgne",delete-alt,58.097832485916385,7.811005712441354,Vitusapotek Søgne,,https://www.felleskatalogen.no/medisin/apotek/SoEgne/vitusapotek-soegne-soegne
"Vardåsv. 69, 4637 Kristiansand",delete-alt,58.150545195146265,8.050104992241975,Vitusapotek Søm,,https://www.felleskatalogen.no/medisin/apotek/Kristiansand/vitusapotek-soem-kristiansand
"Valdresv. 6, Postboks 745, 2805 Gjøvik",delete-alt,60.77993210444146,10.693199032318491,Vitusapotek Sørbyen,,https://www.felleskatalogen.no/medisin/apotek/GjoEvik/vitusapotek-soerbyen-gjoevik
"Hagev. 8 A, 2613 Lillehammer",delete-alt,61.09769462019509,10.476934874109167,Vitusapotek Søre Ål,,https://www.felleskatalogen.no/medisin/apotek/Lillehammer/vitusapotek-soere-aal-lillehammer
"Grasdalen 14-16, 4636 Kristiansand",delete-alt,58.18069454028806,8.1238224084555,Vitusapotek Sørlandsparken,,https://www.felleskatalogen.no/medisin/apotek/Kristiansand/vitusapotek-soerlandsparken-kristiansand
"Barstølv. 31-35, 4636 Kristiansand",delete-alt,58.17620866147844,8.126701312350072,Vitusapotek Sørlandssenteret,,https://www.felleskatalogen.no/medisin/apotek/Kristiansand/vitusapotek-soerlandssenteret-kristiansand
"Fokus Senter, Fru Natvigs v. 1, 1920 Sørumsand",delete-alt,59.983262500980345,11.243592865138988,Vitusapotek Sørumsand,,https://www.felleskatalogen.no/medisin/apotek/SoErum/vitusapotek-soerumsand-soerum
"Randabergv. 45, 4025 Stavanger",delete-alt,58.97841358469536,5.700057913967561,Vitusapotek Tasta,,https://www.felleskatalogen.no/medisin/apotek/Stavanger/vitusapotek-tasta-stavanger
"Tillertorget, Ivar Lykkesv. 3, 7075 Tiller",delete-alt,63.35507791891003,10.37231476021085,Vitusapotek Tillertorget,,https://www.felleskatalogen.no/medisin/apotek/Tiller/vitusapotek-tillertorget-tiller
"Korsholmv. 5, 3145 Tjøme",delete-alt,59.11506717884548,10.393750922440411,Vitusapotek Tjøme,,https://www.felleskatalogen.no/medisin/apotek/TjoEme/vitusapotek-tjoeme-tjoeme
"Brochsg. 8, 1607 Fredrikstad",delete-alt,59.21256337658187,10.947445417770144,Vitusapotek Torvbyen,,https://www.felleskatalogen.no/medisin/apotek/Fredrikstad/vitusapotek-torvbyen-fredrikstad
"Elgv. 11, 4818 Færvik",delete-alt,58.46123692154816,8.824103609320023,Vitusapotek Tromøy,,https://www.felleskatalogen.no/medisin/apotek/Arendal/vitusapotek-tromoey-arendal
"Kongensg. 11, 7013 Trondheim",delete-alt,63.42831438506879,10.387139386874678,Vitusapotek Trondheim Torg,,https://www.felleskatalogen.no/medisin/apotek/Trondheim/vitusapotek-trondheim-torg-trondheim
"Lilletunv. 3, 1711 Sarpsborg",delete-alt,59.28697802087951,11.088291751799076,Vitusapotek Tune,,https://www.felleskatalogen.no/medisin/apotek/Sarpsborg/vitusapotek-tune-sarpsborg
"Tuvenbøygen 2, Postboks 549, 3673 Notodden",delete-alt,59.5645970046031,9.21881145380935,Vitusapotek Tuven,,https://www.felleskatalogen.no/medisin/apotek/Notodden/vitusapotek-tuven-notodden
"Hovedg. 42, 4900 Tvedestrand",delete-alt,58.62721940221945,8.932815596682303,Vitusapotek Tvedestrand,,https://www.felleskatalogen.no/medisin/apotek/Tvedestrand/vitusapotek-tvedestrand-tvedestrand
"Tvedt Senter, Lagerv. 1, 4033 Stavanger",delete-alt,58.89668187415272,5.69795860940482,Vitusapotek Tvedtsenteret,,https://www.felleskatalogen.no/medisin/apotek/Stavanger/vitusapotek-tvedtsenteret-stavanger
"Tvetenv. 150, 0671 Oslo",delete-alt,59.910779407731106,10.843773948710213,Vitusapotek Tveita Senter,,https://www.felleskatalogen.no/medisin/apotek/Oslo/vitusapotek-tveita-senter-tveita
"Ulefoss Senter, Kaldekjeldev. 8, Postboks 10, 3831 Ulefoss",delete-alt,59.28256573322427,9.269487000204967,Vitusapotek Ulefoss,,https://www.felleskatalogen.no/medisin/apotek/Ulefoss/vitusapotek-ulefoss-ulefoss
"Østmarkv. 27, 0687 Oslo",delete-alt,59.89010283086547,10.848958418045749,Vitusapotek Ulsrud,,https://www.felleskatalogen.no/medisin/apotek/Oslo/vitusapotek-ulsrud-ulsrud
"Skrautvålv. 6, Postboks 26, 2900 Fagernes",delete-alt,60.98383312184216,9.237052335805588,Vitusapotek Valdres,,https://www.felleskatalogen.no/medisin/apotek/Fagernes/vitusapotek-valdres-fagernes
"Skagv. 1, 9950 Vardø",delete-alt,70.37085678786708,31.105727638027943,Vitusapotek Vardø,,https://www.felleskatalogen.no/medisin/apotek/VardoE/vitusapotek-vardoe-vardoe
"Varnav. 30, Postboks 2009, 1523 Moss",delete-alt,59.41555047411062,10.68204629362534,Vitusapotek Varnaveien - Moss,,https://www.felleskatalogen.no/medisin/apotek/Moss/vitusapotek-varnaveien-moss-moss
"Melsomvikv. 601, 3173 Vear",delete-alt,59.26628154077766,10.358527380320117,Vitusapotek Vear,,https://www.felleskatalogen.no/medisin/apotek/Vear/vitusapotek-vear-vear
"Veitvetv. 8, Postboks 24, 0518 Oslo",delete-alt,59.94100055896226,10.84481255789371,Vitusapotek Veitvet,,https://www.felleskatalogen.no/medisin/apotek/Oslo/vitusapotek-veitvet-veitvet
"Venneslamoen 23, 4700 Vennesla",delete-alt,58.26654148367238,7.972768833494005,Vitusapotek Vennesla,,https://www.felleskatalogen.no/medisin/apotek/Vennesla/vitusapotek-vennesla-vennesla
"Kvislatunet, Jernbaneg. 9 L, 7650 Verdal",delete-alt,63.786269015139325,11.48443875675926,Vitusapotek Verdal,,https://www.felleskatalogen.no/medisin/apotek/Verdal/vitusapotek-verdal-verdal
"Lyderhornsv. 353, 5171 Loddefjord",delete-alt,60.3630356756464,5.22997533222089,Vitusapotek Vestkanten,,https://www.felleskatalogen.no/medisin/apotek/Bergen/vitusapotek-vestkanten-bergen
"Vestlisvingen 188, 0969 Oslo",delete-alt,59.96937582171529,10.934755462003702,Vitusapotek Vestli,,https://www.felleskatalogen.no/medisin/apotek/Oslo/vitusapotek-vestli-vestli
"Vestreg. 21, Postboks 1709, 3998 Porsgrunn",delete-alt,59.13858383675047,9.646640216904274,Vitusapotek Vestsiden,,https://www.felleskatalogen.no/medisin/apotek/Porsgrunn/vitusapotek-vestsiden-porsgrunn
"Kjærnåsv. 13 A, 3142 Vestskogen",delete-alt,59.239018226295876,10.398976452028078,Vitusapotek Vestskogen,,https://www.felleskatalogen.no/medisin/apotek/ToEnsberg/vitusapotek-vestskogen-toensberg
"Langg. 23, 4362 Vigrestad",delete-alt,58.571431597390955,5.683157930477303,Vitusapotek Vigrestad,,https://www.felleskatalogen.no/medisin/apotek/Vigrestad/vitusapotek-vigrestad-vigrestad
"Vektergården, Vikersundg. 4 D, 3370 Vikersund",delete-alt,59.96879767192392,9.991986269758051,Vitusapotek Vikersund,,https://www.felleskatalogen.no/medisin/apotek/Vikersund/vitusapotek-vikersund-vikersund
"Sødorptunet, Nedreg. 1, 2640 Vinstra",delete-alt,61.58893816103494,9.766030881567316,Vitusapotek Vinstra,,https://www.felleskatalogen.no/medisin/apotek/Vinstra/vitusapotek-vinstra-vinstra
"Sjøskogenv. 7, 1407 Vinterbro",delete-alt,59.7367417426671,10.769393410036209,Vitusapotek Vinterbro,,https://www.felleskatalogen.no/medisin/apotek/Vinterbro/vitusapotek-vinterbro-vinterbro
"Brobekkv. 52, Postboks 12 Vollebekk, 0516 Oslo",delete-alt,59.93452971043139,10.8253931211178,Vitusapotek Vollebekk,,https://www.felleskatalogen.no/medisin/apotek/Oslo/vitusapotek-vollebekk-bjerke
"Arnestadv. 2, 1390 Vollen",delete-alt,59.80668634609267,10.492870755278394,Vitusapotek Vollen,,https://www.felleskatalogen.no/medisin/apotek/Asker/vitusapotek-vollen-asker
"AMFI Eurosenteret, Kjølstadv. 1, Postboks 65, 2160 Vormsund",delete-alt,60.15319832760178,11.407860422632673,Vitusapotek Vormsund,,https://www.felleskatalogen.no/medisin/apotek/Vormsund/vitusapotek-vormsund-vormsund
"Vangsg. 22 C, 5700 Voss",delete-alt,60.627503264637745,6.410778937209947,Vitusapotek Vossevangen,,https://www.felleskatalogen.no/medisin/apotek/Voss/vitusapotek-vossevangen-voss
"Lumberv. 5-7, 4621 Kristiansand",delete-alt,58.12266074401023,7.958768256965328,Vitusapotek Vågsbygd,,https://www.felleskatalogen.no/medisin/apotek/Kristiansand/vitusapotek-vaagsbygd-kristiansand
"Hammersborgg. 12, 0181 Oslo",delete-alt,59.91346880926777,10.755838787683587,Vitusapotek Youngstorget,,https://www.felleskatalogen.no/medisin/apotek/Oslo/vitusapotek-youngstorget-sentrum
"Gammelv. 11, 8614 Mo i Rana",delete-alt,66.34130739520388,14.13416339404526,Vitusapotek Ytteren,,https://www.felleskatalogen.no/medisin/apotek/Mo_i_Rana/vitusapotek-ytteren-mo-i-rana
"Joakim Brevolds Allé 4, 7170 Åfjord",delete-alt,63.95861511522269,10.226866768175885,Vitusapotek Åfjord,,https://www.felleskatalogen.no/medisin/apotek/AAfjord/vitusapotek-aafjord-aafjord
"Ålesund Storsenter, Grimmerg. 1, 6002 Ålesund",delete-alt,62.47372132763437,6.166633449400325,Vitusapotek Ålesund Storsenter,,https://www.felleskatalogen.no/medisin/apotek/AAlesund/vitusapotek-aalesund-storsenter-aalesund
"Ole Nielsens v. 25, Postboks 113, 4339 Ålgård",delete-alt,58.76713281254729,5.841295484133133,Vitusapotek Ålgård,,https://www.felleskatalogen.no/medisin/apotek/AAlgaArd/vitusapotek-aalgaard-aalgaard
"Vollan 5, Postboks 83, 6301 Åndalsnes",delete-alt,62.569024023230284,7.682402569295898,Vitusapotek Åndalsnes,,https://www.felleskatalogen.no/medisin/apotek/AAndalsnes/vitusapotek-aandalsnes-aandalsnes
"Storev. 1, Postboks 153, 6882 Øvre Årdal",delete-alt,61.308198696810024,7.812562696838506,Vitusapotek Årdal,,https://www.felleskatalogen.no/medisin/apotek/OEvre_AArdal/vitusapotek-aardal-oevre-aardal
"AMFI Årnes, Rådhusg. 11, Postboks 12, 2151 Årnes",delete-alt,60.11946379279404,11.47226185875786,Vitusapotek Årnes,,https://www.felleskatalogen.no/medisin/apotek/AArnes/vitusapotek-aarnes-aarnes
"Rådhusplassen 2 C, 1430 Ås",delete-alt,59.667357971348196,10.795227487132802,Vitusapotek Ås,,https://www.felleskatalogen.no/medisin/apotek/AAs/vitusapotek-aas-aas
"Ove Gjeddesv. 110, 3610 Kongsberg",delete-alt,59.63857365381616,9.657768131464717,Vitusapotek Åsen - Kongsberg,,https://www.felleskatalogen.no/medisin/apotek/Kongsberg/vitusapotek-aasen-kongsberg-kongsberg
"Betzy Kjelsbergsv. 263, 3028 Drammen",delete-alt,59.75324777523599,10.129273182370937,Vitusapotek Åssiden,,https://www.felleskatalogen.no/medisin/apotek/Drammen/vitusapotek-aassiden-drammen
"Aspelundv. 2, 1624 Gressvik",delete-alt,59.230542917256656,10.91656425254622,Vitusapotek Ørebekk,,https://www.felleskatalogen.no/medisin/apotek/Fredrikstad/vitusapotek-oerebekk-fredrikstad
"Trekanten 6, 1870 Ørje",delete-alt,59.47968867732662,11.66280897826789,Vitusapotek Ørje,,https://www.felleskatalogen.no/medisin/apotek/OErje/vitusapotek-oerje-oerje
"Otto Rugesv. 80, 1361 Østerås",delete-alt,59.94360102004201,10.603008337683052,Vitusapotek Østerås,,https://www.felleskatalogen.no/medisin/apotek/OEsteraAs/vitusapotek-oesteraas-oesteraas
"Sorgenfri Allé 5, 1651 Sellebakk",delete-alt,59.22360601989216,10.989635224222196,Vitusapotek Østsiden Storsenter,,https://www.felleskatalogen.no/medisin/apotek/Sellebakk/vitusapotek-oestsiden-storsenter-sellebakk
"Tjøllingv. 38, Postboks 1254 Torstrand, 3254 Larvik",delete-alt,59.0423205347298,10.06286218953601,Vitusapotek Øya,,https://www.felleskatalogen.no/medisin/apotek/Larvik/vitusapotek-oeya-larvik
"Rong Senter, Nygardsv. 2, Postboks 65, 5331 Rong",delete-alt,60.51945902215087,4.905753578445012,Vitusapotek Øygarden,,https://www.felleskatalogen.no/medisin/apotek/OEygarden/vitusapotek-oeygarden-oeygarden
"Dreganesv. 34, 5580 Ølen",delete-alt,59.60316648950401,5.811465155615368,Ølen apotek,,https://www.felleskatalogen.no/medisin/apotek/OElen/oelen-apotek-oelen
