AntallPaVenteliste,AntallPlasser,Avtaledato,Delelistelege,ErSio,Fastlege,Fellesliste,Fradato,Id,LedigePlasser,Oppstartsarsak,Valgbar,VentelisteTilgjengelig,auth_year,birth_year,gender,icon,lat,lon,offentlig_avtale
37,400,2014-11-01T00:00:00,,False,,False,0001-01-01T00:00:00,5264,0,,False,True,,,,filter,58.77070263603806,8.487854127954856,
40,750,2020-10-01T00:00:00,,False,,False,0001-01-01T00:00:00,100002423,0,,False,True,,,,filter,58.76587492692303,8.476660448971966,
0,200,,,False,,False,0001-01-01T00:00:00,100006693,0,,False,False,,,,filter,58.77034509009987,8.48324873599139,
112,1000,2001-05-01T00:00:00,,False,,False,0001-01-01T00:00:00,5156,0,,False,True,,,,filter,58.45230111969449,8.776885676166433,
36,1350,2013-09-01T00:00:00,,False,,False,0001-01-01T00:00:00,5179,0,,False,True,,,,filter,58.47748324894895,8.817506968201899,
0,1200,2013-10-01T00:00:00,,False,,False,0001-01-01T00:00:00,5174,0,,False,True,,,,filter,58.4638785012699,8.762751223071387,
0,700,2025-10-01T00:00:00,,False,,False,0001-01-01T00:00:00,100006745,449,,True,False,,,,filter,58.4509085062928,8.773973492133676,
75,600,2010-05-01T00:00:00,,False,,False,0001-01-01T00:00:00,5176,0,,False,True,,,,filter,58.46244536724913,8.748669819247388,
0,900,2025-09-01T00:00:00,,False,,False,0001-01-01T00:00:00,100006687,159,,True,False,,,,filter,58.46236476831108,8.830278287116776,
134,660,2016-07-01T00:00:00,,False,,False,0001-01-01T00:00:00,100000018,0,,False,True,,,,filter,58.49715802418593,8.848213897305572,
0,800,2023-04-01T00:00:00,,False,,False,0001-01-01T00:00:00,100004428,65,,True,False,,,,filter,58.468551714605,8.741190527343713,
0,350,2025-06-01T00:00:00,,False,,False,0001-01-01T00:00:00,100006561,146,,True,False,,,,filter,58.46976605358355,8.762333505393265,
4,750,2023-04-01T00:00:00,,False,,False,0001-01-01T00:00:00,100004420,0,,False,True,,,,filter,58.462271255304216,8.750385206817594,
4,600,2023-09-01T00:00:00,,False,,False,0001-01-01T00:00:00,100004690,0,,False,True,,,,filter,58.45104409148375,8.760510360766336,
107,1300,2015-09-01T00:00:00,,False,,False,0001-01-01T00:00:00,5178,0,,False,True,,,,filter,58.47472310877645,8.81204980969859,
3,600,2025-01-01T00:00:00,,False,,False,0001-01-01T00:00:00,100006026,0,,False,True,,,,filter,58.46692903515819,8.747153273264637,
6,1000,2006-01-01T00:00:00,,False,,False,0001-01-01T00:00:00,5131,0,,False,True,,,,filter,58.4632786283798,8.826437848446576,
0,1200,2020-08-01T00:00:00,,False,,False,0001-01-01T00:00:00,100002319,9,,True,False,,,,filter,58.46704042845265,8.795996303648351,
0,750,2023-05-01T00:00:00,,False,,False,0001-01-01T00:00:00,100004534,38,,True,False,,,,filter,58.45094263893055,8.765206503768251,
0,750,2023-09-01T00:00:00,,False,,False,0001-01-01T00:00:00,100004855,106,,True,False,,,,filter,58.44103858490172,8.70644606503721,
249,800,2024-05-01T00:00:00,,False,,False,0001-01-01T00:00:00,100005423,0,,False,True,,,,filter,58.46451352056387,8.735761154105948,
48,1000,2023-11-01T00:00:00,,False,,False,0001-01-01T00:00:00,100005003,0,,False,True,,,,filter,58.449004300510964,8.767079151006369,
0,600,2023-08-01T00:00:00,,False,,False,0001-01-01T00:00:00,100004689,3,,True,False,,,,filter,58.45693854010957,8.76915581545084,
0,350,2025-04-01T00:00:00,,False,,False,0001-01-01T00:00:00,100006343,259,,True,False,,,,filter,58.4696550592076,8.748306341367057,
3,750,2023-12-01T00:00:00,,False,,False,0001-01-01T00:00:00,100005080,0,,False,True,,,,filter,58.45604682153848,8.740076975445291,
53,750,2024-04-01T00:00:00,,False,,False,0001-01-01T00:00:00,100005413,0,,False,True,,,,filter,58.49256289831959,8.847981807533909,
0,1400,2023-04-01T00:00:00,,False,,False,0001-01-01T00:00:00,100004422,11,,True,False,,,,filter,58.466643295190856,8.793928329830964,
36,900,2018-01-01T00:00:00,,False,,False,0001-01-01T00:00:00,100000817,0,,False,True,,,,filter,58.46277781037867,8.74587743550717,
131,800,2003-09-01T00:00:00,,False,,False,0001-01-01T00:00:00,5171,0,,False,True,,,,filter,58.45327943587069,8.76165110403886,
59,950,2001-05-01T00:00:00,,False,,False,0001-01-01T00:00:00,5148,0,,False,True,,,,filter,58.44019009654562,8.713757675670342,
0,750,2022-10-01T00:00:00,,False,,False,0001-01-01T00:00:00,100003960,124,,True,False,,,,filter,58.46703648427602,8.81961018013501,
0,1200,2017-07-01T00:00:00,,False,,False,0001-01-01T00:00:00,100000541,21,,True,False,,,,filter,58.46011447464289,8.764184166227011,
35,650,2013-10-01T00:00:00,,False,,False,0001-01-01T00:00:00,5181,0,,False,True,,,,filter,58.465867999107054,8.746732508539854,
74,1200,2023-04-01T00:00:00,,False,,False,0001-01-01T00:00:00,100004423,0,,False,True,,,,filter,58.46798034373305,8.803047114443185,
0,1000,2025-01-01T00:00:00,,False,,False,0001-01-01T00:00:00,100006053,811,,True,False,,,,filter,58.412367499365764,8.696835139932224,
0,800,2024-03-01T00:00:00,,False,,False,0001-01-01T00:00:00,100005343,59,,True,False,,,,filter,58.4637637776597,8.739672582171242,
2,1100,2024-08-01T00:00:00,,False,,False,0001-01-01T00:00:00,100005636,0,,False,True,,,,filter,58.41233522004901,8.697848199562008,
0,600,2025-04-01T00:00:00,,False,,False,0001-01-01T00:00:00,100006276,217,,True,False,,,,filter,58.463587659573236,8.747266955942472,
0,900,2022-09-01T00:00:00,,False,,False,0001-01-01T00:00:00,100003715,0,,False,True,,,,filter,58.47737435183384,8.810399953318017,
11,1140,2022-09-01T00:00:00,,False,,False,0001-01-01T00:00:00,100003716,0,,False,True,,,,filter,58.47308231407523,8.82022904242594,
0,1200,2014-11-01T00:00:00,,False,,False,0001-01-01T00:00:00,5168,12,,True,False,,,,filter,58.462307753664646,8.773848331292234,
40,1000,2001-05-01T00:00:00,,False,,False,0001-01-01T00:00:00,5132,0,,False,True,,,,filter,58.453060427276164,8.763950588216938,
15,400,2022-11-01T00:00:00,,False,,False,0001-01-01T00:00:00,100004062,0,,False,True,,,,filter,58.452134226543635,8.743322884597518,
0,350,2025-04-01T00:00:00,,False,,False,0001-01-01T00:00:00,100006344,287,,True,False,,,,filter,58.46629180640009,8.758048250974035,
129,1200,2006-09-01T00:00:00,,False,,False,0001-01-01T00:00:00,5172,0,,False,True,,,,filter,58.47179427849755,8.791306406796474,
61,950,2001-05-01T00:00:00,,False,,False,0001-01-01T00:00:00,5162,0,,False,True,,,,filter,58.45218822447911,8.746229203308719,
88,950,2018-04-01T00:00:00,,False,,False,0001-01-01T00:00:00,100000987,0,,False,True,,,,filter,58.44039454755475,8.699944501643575,
0,1200,2016-05-01T00:00:00,,False,,False,0001-01-01T00:00:00,5165,22,,True,False,,,,filter,58.41159653476962,8.705075144014913,
41,1000,2007-04-01T00:00:00,,False,,False,0001-01-01T00:00:00,5175,0,,False,True,,,,filter,58.450259334523246,8.760844321621917,
46,800,2024-01-01T00:00:00,,False,,False,0001-01-01T00:00:00,100005097,0,,False,True,,,,filter,58.44130854476135,8.708351538548412,
0,750,2020-03-01T00:00:00,,False,,False,0001-01-01T00:00:00,100002129,142,,True,False,,,,filter,58.453811699148545,8.74058342770297,
0,1000,2026-02-01T00:00:00,,False,,False,0001-01-01T00:00:00,100006928,74,,True,False,,,,filter,58.4605594409296,8.81810049664068,
0,1289,2006-09-01T00:00:00,,False,,False,0001-01-01T00:00:00,5166,15,,True,False,,,,filter,58.46188425337229,8.764466037594866,
1,900,2015-01-01T00:00:00,,False,,False,0001-01-01T00:00:00,5186,0,,False,True,,,,filter,58.46268907537755,8.74520196505135,
0,1200,2015-11-01T00:00:00,,False,,False,0001-01-01T00:00:00,5187,16,,True,False,,,,filter,58.45844681772936,8.770501792115777,
0,650,2022-03-01T00:00:00,,False,,False,0001-01-01T00:00:00,100003461,130,,True,False,,,,filter,58.49667732596467,8.853552173418525,
2,600,2023-02-01T00:00:00,,False,,False,0001-01-01T00:00:00,100004257,0,,False,True,,,,filter,58.451218579230144,8.773493919919142,
0,900,2021-11-15T00:00:00,,False,,False,0001-01-01T00:00:00,100003164,45,,True,False,,,,filter,58.46214378715464,8.741057889824976,
28,1150,2019-09-01T00:00:00,,False,,False,0001-01-01T00:00:00,100001774,0,,False,True,,,,filter,58.454027263573835,8.75089842818322,
0,1200,2001-05-01T00:00:00,,False,,False,0001-01-01T00:00:00,5160,100,,True,False,,,,filter,58.47347371775373,8.811299937870078,
34,750,2022-09-15T00:00:00,,False,,False,0001-01-01T00:00:00,100003903,0,,False,True,,,,filter,58.46285855961686,8.825433271927073,
0,550,2015-12-01T00:00:00,,False,,False,0001-01-01T00:00:00,5536,130,,True,False,,,,filter,58.616921365322035,7.415729331744956,
52,600,2024-04-01T00:00:00,,False,,False,0001-01-01T00:00:00,100005412,0,,False,True,,,,filter,58.62049772701654,7.415053100922147,
0,650,2022-06-01T00:00:00,,False,,False,0001-01-01T00:00:00,100003567,53,,True,False,,,,filter,58.33388275174022,8.226779744778481,
26,750,2019-09-01T00:00:00,,False,,False,0001-01-01T00:00:00,100001800,0,,False,True,,,,filter,58.33650634086514,8.226046164005131,
0,675,2022-05-23T00:00:00,,False,,False,0001-01-01T00:00:00,100003566,3,,True,False,,,,filter,58.33489064265638,8.227857969674032,
23,850,2014-08-01T00:00:00,,False,,False,0001-01-01T00:00:00,5260,0,,False,True,,,,filter,58.331053153141966,8.231970693584362,
0,600,2022-07-11T00:00:00,,False,,False,0001-01-01T00:00:00,100003721,23,,True,False,,,,filter,58.335061412682784,8.225088733808175,
0,650,2024-09-01T00:00:00,,False,,False,0001-01-01T00:00:00,100005803,12,,True,False,,,,filter,58.331532839709865,8.230147554735893,
0,650,2022-12-01T00:00:00,,False,,False,0001-01-01T00:00:00,100004131,90,,True,False,,,,filter,58.3307730972502,8.229560288162054,
0,900,2022-06-01T00:00:00,,False,,False,0001-01-01T00:00:00,100003611,15,,True,False,,,,filter,58.584724916113885,7.807592070512956,
0,600,2023-11-01T00:00:00,,False,,False,0001-01-01T00:00:00,100004985,9,,True,False,,,,filter,58.58859585399088,7.808303586112548,
1,850,2010-09-01T00:00:00,,False,,False,0001-01-01T00:00:00,5288,0,,False,True,,,,filter,58.587796770419175,7.808958033083275,
0,800,2025-09-01T00:00:00,,False,,False,0001-01-01T00:00:00,100006690,95,,True,False,,,,filter,58.5900464930663,7.813356170894645,
0,850,2019-09-01T00:00:00,,False,,False,0001-01-01T00:00:00,100001798,0,,False,True,,,,filter,58.58557430186443,7.807236138650116,
93,850,2025-01-01T00:00:00,,False,,False,0001-01-01T00:00:00,100006058,0,,False,True,,,,filter,58.58591319127313,7.808597022571565,
0,600,2017-01-01T00:00:00,,False,,True,0001-01-01T00:00:00,100000296,57,,True,False,,,,filter,59.35449403169123,7.358552783328485,
0,600,2025-03-01T00:00:00,,False,,False,0001-01-01T00:00:00,100006277,124,,True,False,,,,filter,59.35674840655442,7.363203317765831,
4,570,2007-10-01T00:00:00,,False,,True,0001-01-01T00:00:00,5296,0,,False,True,,,,filter,59.3537318622747,7.352068913378045,
0,250,2025-03-01T00:00:00,,False,,False,0001-01-01T00:00:00,100006283,99,,True,False,,,,filter,59.36123256355866,7.355922893568151,
0,550,2004-04-01T00:00:00,,False,,False,0001-01-01T00:00:00,5301,4,,True,False,,,,filter,59.3577644553372,7.348892947499012,
0,900,2022-06-01T00:00:00,,False,,False,0001-01-01T00:00:00,100003611,15,,True,False,,,,filter,58.58340583129221,7.814069849334865,
0,600,2023-11-01T00:00:00,,False,,False,0001-01-01T00:00:00,100004985,9,,True,False,,,,filter,58.586334956054834,7.802874912000921,
1,850,2010-09-01T00:00:00,,False,,False,0001-01-01T00:00:00,5288,0,,False,True,,,,filter,58.58579359267307,7.808469820338524,
0,800,2025-09-01T00:00:00,,False,,False,0001-01-01T00:00:00,100006690,95,,True,False,,,,filter,58.586953815352025,7.80660592163255,
0,850,2019-09-01T00:00:00,,False,,False,0001-01-01T00:00:00,100001798,0,,False,True,,,,filter,58.59034995209514,7.8062901938357045,
93,850,2025-01-01T00:00:00,,False,,False,0001-01-01T00:00:00,100006058,0,,False,True,,,,filter,58.58464829199921,7.811345990493609,
303,1000,2016-03-01T00:00:00,,False,,False,0001-01-01T00:00:00,5460,0,,False,True,,,,filter,58.09403647410739,6.801273837171365,
183,1000,2004-05-01T00:00:00,,False,,False,0001-01-01T00:00:00,5456,0,,False,True,,,,filter,58.09564134556046,6.69417925660686,
55,700,2001-05-01T00:00:00,,False,,False,0001-01-01T00:00:00,5450,0,,False,True,,,,filter,58.09588045372165,6.802724842260875,
64,1200,2014-05-01T00:00:00,,False,,False,0001-01-01T00:00:00,5459,0,,False,True,,,,filter,58.088726153181796,6.806952156090527,
32,600,2023-10-01T00:00:00,,False,,False,0001-01-01T00:00:00,100004954,0,,False,True,,,,filter,58.09231486858125,6.803980047445466,
103,850,2021-01-01T00:00:00,,False,,False,0001-01-01T00:00:00,100002571,0,,False,True,,,,filter,58.0908409674553,6.807554933930164,
81,800,2024-02-01T00:00:00,,False,,False,0001-01-01T00:00:00,100005214,0,,False,True,,,,filter,58.09320783818566,6.814494430222416,
0,1000,,,False,,False,0001-01-01T00:00:00,100006129,25,,True,False,,,,filter,58.09183607989206,6.808742380784077,
0,934,,,False,,False,0001-01-01T00:00:00,100006721,14,,True,False,,,,filter,58.096258206265254,6.693483973301794,
0,800,,,False,,False,0001-01-01T00:00:00,100006759,0,,False,False,,,,filter,58.09726380233389,6.702399315011924,
150,1000,2011-08-01T00:00:00,,False,,False,0001-01-01T00:00:00,5470,0,,False,True,,,,filter,58.29590840447271,6.656348868148257,
54,1000,2001-05-01T00:00:00,,False,,False,0001-01-01T00:00:00,5461,0,,False,True,,,,filter,58.028343208669554,7.459316176716219,
7,1200,2023-02-01T00:00:00,,False,,False,0001-01-01T00:00:00,100004256,0,,False,True,,,,filter,58.29874207332649,6.657272608558845,
0,1000,2026-01-01T00:00:00,,False,,False,0001-01-01T00:00:00,100006890,119,,True,False,,,,filter,58.02664499904663,7.461978288793892,
51,750,2021-08-30T00:00:00,,False,,False,0001-01-01T00:00:00,100002959,0,,False,True,,,,filter,58.293497593614205,6.661132062661889,
29,1100,2026-01-01T00:00:00,,False,,False,0001-01-01T00:00:00,100006926,0,,False,True,,,,filter,58.0259342107168,7.471266659739368,
60,600,2022-11-01T00:00:00,,False,,False,0001-01-01T00:00:00,100004077,0,,False,True,,,,filter,58.29496906226418,6.657065975883067,
96,1200,2025-02-01T00:00:00,,False,,False,0001-01-01T00:00:00,100006186,0,,False,True,,,,filter,58.02735873577484,7.467454772690269,
55,1500,2001-05-01T00:00:00,,False,,False,0001-01-01T00:00:00,5465,0,,False,True,,,,filter,58.296034880626046,6.6682765594248155,
0,800,,,False,,False,0001-01-01T00:00:00,100006190,112,,True,False,,,,filter,58.29463150577114,6.669179205099865,
25,880,2017-11-01T00:00:00,,False,,False,0001-01-01T00:00:00,100000716,0,,False,True,,,,filter,58.50516406893631,8.647820838792322,
7,700,2015-09-01T00:00:00,,False,,False,0001-01-01T00:00:00,5230,0,,False,True,,,,filter,58.5071267776724,8.645298827864574,
2,700,2023-03-06T00:00:00,,False,,False,0001-01-01T00:00:00,100004396,0,,False,True,,,,filter,58.50320291331512,8.638440087748616,
52,700,2020-06-01T00:00:00,,False,,False,0001-01-01T00:00:00,100002221,0,,False,True,,,,filter,58.505765208639346,8.63877906693148,
0,825,2016-04-01T00:00:00,,False,,False,0001-01-01T00:00:00,5232,1,,True,False,,,,filter,58.5093435407365,8.638208921633318,
16,530,2025-02-01T00:00:00,,False,,False,0001-01-01T00:00:00,100006127,0,,False,True,,,,filter,58.507219119458114,8.644363423865896,
0,1000,2015-01-01T00:00:00,,False,,False,0001-01-01T00:00:00,5231,4,,True,False,,,,filter,58.509243242672014,8.643937343850991,
4,500,2020-01-01T00:00:00,,False,,False,0001-01-01T00:00:00,100002002,0,,False,True,,,,filter,58.50768132819618,8.63653996122622,
179,700,2010-02-01T00:00:00,,False,,False,0001-01-01T00:00:00,5198,0,,False,True,,,,filter,58.821703631662054,9.07189550156129,
0,700,2025-09-01T00:00:00,,False,,False,0001-01-01T00:00:00,100006626,27,,True,False,,,,filter,58.821444823365,9.075286300719885,
0,300,2026-01-01T00:00:00,,False,,False,0001-01-01T00:00:00,100006863,12,,True,False,,,,filter,58.82398852010634,9.07254659187124,
0,700,,,False,,False,0001-01-01T00:00:00,100006877,1,,True,False,,,,filter,58.82599036019311,9.07028329772576,
24,525,2025-09-01T00:00:00,,False,,False,0001-01-01T00:00:00,100006605,0,,False,True,,,,filter,58.33936086102304,8.590577835932947,
271,1300,2001-05-01T00:00:00,,False,,False,0001-01-01T00:00:00,5123,0,,False,True,,,,filter,58.376700363380934,8.679353135976523,
137,1200,2020-03-01T00:00:00,,False,,False,0001-01-01T00:00:00,100002089,0,,False,True,,,,filter,58.38319463206863,8.671957327946336,
1,1600,2005-12-01T00:00:00,,False,,False,0001-01-01T00:00:00,5125,0,,False,True,,,,filter,58.340733957487224,8.598207276228345,
277,1000,2021-07-01T00:00:00,,False,,False,0001-01-01T00:00:00,100002882,0,,False,True,,,,filter,58.3370273465271,8.583320345976373,
92,800,2022-03-01T00:00:00,,False,,False,0001-01-01T00:00:00,100003377,0,,False,True,,,,filter,58.3458241567569,8.591208398837692,
44,700,2022-08-15T00:00:00,,False,,False,0001-01-01T00:00:00,100003755,0,,False,True,,,,filter,58.345805507385954,8.601370385086973,
275,1100,2022-12-01T00:00:00,,False,,False,0001-01-01T00:00:00,100004109,0,,False,True,,,,filter,58.38003637866558,8.678186718768284,
21,700,2025-09-01T00:00:00,,False,,False,0001-01-01T00:00:00,100006688,0,,False,True,,,,filter,58.34666453412627,8.603892956518939,
76,1000,2001-05-01T00:00:00,,False,,False,0001-01-01T00:00:00,5111,0,,False,True,,,,filter,58.33746097245244,8.58570316953456,
5,900,2022-06-01T00:00:00,,False,,False,0001-01-01T00:00:00,100003540,0,,False,True,,,,filter,58.34017379005409,8.592213370473551,
13,1100,2025-01-01T00:00:00,,False,,False,0001-01-01T00:00:00,100006007,0,,False,True,,,,filter,58.34606476722772,8.594255491728829,
37,700,2024-03-01T00:00:00,,False,,False,0001-01-01T00:00:00,100005308,0,,False,True,,,,filter,58.348041978442566,8.605168570177522,
94,800,2021-10-01T00:00:00,,False,,False,0001-01-01T00:00:00,100003104,0,,False,True,,,,filter,58.332735562892005,8.594741050165204,
80,900,2022-09-01T00:00:00,,False,,False,0001-01-01T00:00:00,100003756,0,,False,True,,,,filter,58.34866946339277,8.596157084576,
7,600,2025-04-01T00:00:00,,False,,False,0001-01-01T00:00:00,100006341,0,,False,True,,,,filter,58.34846180940082,8.60188812912303,
8,900,2020-08-01T00:00:00,,False,,False,0001-01-01T00:00:00,100002308,0,,False,True,,,,filter,58.345172198527116,8.586752850082487,
300,1000,2011-08-01T00:00:00,,False,,False,0001-01-01T00:00:00,5128,0,,False,True,,,,filter,58.33346977861768,8.590775804147057,
14,1100,2022-12-01T00:00:00,,False,,False,0001-01-01T00:00:00,100004121,0,,False,True,,,,filter,58.34006774063748,8.568825716999259,
8,1100,2022-03-01T00:00:00,,False,,False,0001-01-01T00:00:00,100003381,0,,False,True,,,,filter,58.33822745820346,8.577057403347343,
79,900,2008-04-01T00:00:00,,False,,False,0001-01-01T00:00:00,5122,0,,False,True,,,,filter,58.33328319737347,8.59278980322625,
9,700,2025-01-01T00:00:00,,False,,False,0001-01-01T00:00:00,100006090,0,,False,True,,,,filter,58.34112261704951,8.566935214664149,
174,900,2013-03-01T00:00:00,,False,,False,0001-01-01T00:00:00,5129,0,,False,True,,,,filter,58.336330008246826,8.586327461084124,
38,1400,2001-05-01T00:00:00,,False,,False,0001-01-01T00:00:00,5113,0,,False,True,,,,filter,58.34390084484231,8.591309353503764,
0,900,,,False,,False,0001-01-01T00:00:00,100003932,1,,True,False,,,,filter,58.33959711669309,8.577655655335427,
29,600,2025-03-01T00:00:00,,False,,False,0001-01-01T00:00:00,100006221,0,,False,True,,,,filter,58.345335960743,8.597944467820563,
29,750,2021-07-01T00:00:00,,False,,False,0001-01-01T00:00:00,100002893,0,,False,True,,,,filter,58.45805959631712,7.227445025255458,
79,700,2022-10-19T00:00:00,,False,,False,0001-01-01T00:00:00,100004035,0,,False,True,,,,filter,58.46126080945778,7.224697169759567,
0,800,2005-08-01T00:00:00,,False,,True,0001-01-01T00:00:00,5277,12,,True,False,,,,filter,58.2922209479503,7.590674929724498,
7,200,2023-08-01T00:00:00,,False,,True,0001-01-01T00:00:00,100004659,0,,False,True,,,,filter,58.294889997041246,7.585299098444488,
0,300,2001-05-01T00:00:00,,False,,True,0001-01-01T00:00:00,5276,99,,True,False,,,,filter,58.2963664993487,7.582035031019599,
0,1000,2024-12-01T00:00:00,,False,,False,0001-01-01T00:00:00,100006020,520,,True,False,,,,filter,58.14437487596762,7.985027525056342,
0,1350,2019-06-01T00:00:00,,False,,False,0001-01-01T00:00:00,100001641,4,,True,False,,,,filter,58.143119960612346,8.002676880819564,
62,1100,2010-06-01T00:00:00,,False,,False,0001-01-01T00:00:00,5388,0,,False,True,,,,filter,58.182864557031,8.103601925689594,
12,1000,2019-10-01T00:00:00,,False,,False,0001-01-01T00:00:00,100001865,0,,False,True,,,,filter,58.09436853430768,7.817321124524851,
124,1100,2009-05-01T00:00:00,,False,,False,0001-01-01T00:00:00,5398,0,,False,True,,,,filter,58.143487963256874,7.987793767999246,
0,930,2022-08-01T00:00:00,,False,,False,0001-01-01T00:00:00,100003802,41,,True,False,,,,filter,58.148238763379375,8.006847938877373,
126,1270,2012-03-01T00:00:00,,False,,False,0001-01-01T00:00:00,5413,0,,False,True,,,,filter,58.14913695175036,8.060973617601036,
2,1200,2013-10-01T00:00:00,,False,,False,0001-01-01T00:00:00,5406,0,,False,True,,,,filter,58.15150777904576,8.027885760813852,
90,1000,2015-07-01T00:00:00,,False,,False,0001-01-01T00:00:00,5425,0,,False,True,,,,filter,58.12699193700051,7.95764287725408,
0,1350,2020-03-01T00:00:00,,False,,False,0001-01-01T00:00:00,100002125,3,,True,False,,,,filter,58.1629240490437,8.007104740068925,
0,1250,2012-05-01T00:00:00,,False,,False,0001-01-01T00:00:00,5414,26,,True,False,,,,filter,58.12645426778113,7.964004162846878,
4,1200,2017-10-01T00:00:00,,False,,False,0001-01-01T00:00:00,100000663,0,,False,True,,,,filter,58.12080543864745,7.96511045605719,
2,1180,2015-07-01T00:00:00,,False,,False,0001-01-01T00:00:00,5424,0,,False,True,,,,filter,58.12684141944261,7.95843139670225,
0,1000,2025-09-01T00:00:00,,False,,False,0001-01-01T00:00:00,100006713,8,,True,False,,,,filter,58.095866119136126,7.817408575365186,
63,1300,2004-03-01T00:00:00,,False,,False,0001-01-01T00:00:00,5387,0,,False,True,,,,filter,58.152425652951514,8.006209684999344,
0,1350,2010-09-01T00:00:00,,False,,False,0001-01-01T00:00:00,5393,36,,True,False,,,,filter,58.14707374296415,7.995821646337145,
0,1050,2025-07-24T00:00:00,,False,,False,0001-01-01T00:00:00,100006389,12,,True,False,,,,filter,58.14520167080803,8.014439613556787,
0,1500,2005-03-01T00:00:00,,False,,False,0001-01-01T00:00:00,5392,97,,True,False,,,,filter,58.14400148888831,7.9830880997428455,
56,1100,2017-06-01T00:00:00,,False,,False,0001-01-01T00:00:00,100000505,0,,False,True,,,,filter,58.15482540592839,7.830920263608241,
0,1300,2001-05-01T00:00:00,,False,,False,0001-01-01T00:00:00,5324,47,,True,False,,,,filter,58.14575486861725,7.983903912088183,
0,1000,2014-03-01T00:00:00,,False,,False,0001-01-01T00:00:00,5419,117,,True,False,,,,filter,58.19109544231527,7.923602370390033,
0,1000,2024-03-01T00:00:00,,False,,False,0001-01-01T00:00:00,100005322,11,,True,False,,,,filter,58.146661054544616,7.9821480338940525,
143,1100,2001-05-01T00:00:00,,False,,False,0001-01-01T00:00:00,5520,0,,False,True,,,,filter,58.09407167310957,7.809739486304014,
0,1200,2023-08-01T00:00:00,,False,,False,0001-01-01T00:00:00,100004637,131,,True,False,,,,filter,58.126528199018935,7.966872396346031,
19,1400,2022-03-01T00:00:00,,False,,False,0001-01-01T00:00:00,100003355,0,,False,True,,,,filter,58.17354465822231,8.121378520616014,
10,1500,2006-01-01T00:00:00,,False,,False,0001-01-01T00:00:00,5384,0,,False,True,,,,filter,58.149680228706664,8.000799100449427,
44,1350,2001-05-01T00:00:00,,False,,False,0001-01-01T00:00:00,5354,0,,False,True,,,,filter,58.145993041410165,7.989404307616853,
0,1200,2007-03-01T00:00:00,,False,,False,0001-01-01T00:00:00,5395,152,,True,False,,,,filter,58.142969846078486,7.9863593945871285,
39,950,2021-06-21T00:00:00,,False,,False,0001-01-01T00:00:00,100002864,0,,False,True,,,,filter,58.15425163462074,7.831488341665018,
0,1700,2001-05-01T00:00:00,,False,,False,0001-01-01T00:00:00,5319,419,,True,False,,,,filter,58.14870251351328,7.9912244935406,
61,1000,2003-01-01T00:00:00,,False,,False,0001-01-01T00:00:00,5377,0,,False,True,,,,filter,58.14532755821889,7.993411559787905,
108,1300,2011-04-01T00:00:00,,False,,False,0001-01-01T00:00:00,5385,0,,False,True,,,,filter,58.14977233510564,7.991915465422118,
0,1350,2023-11-01T00:00:00,,False,,False,0001-01-01T00:00:00,100005036,111,,True,False,,,,filter,58.144242760991915,8.003460323974835,
131,1150,2013-09-01T00:00:00,,False,,False,0001-01-01T00:00:00,5513,0,,False,True,,,,filter,58.149595687808805,7.831713335909161,
0,1400,2001-05-01T00:00:00,,False,,False,0001-01-01T00:00:00,5345,94,,True,False,,,,filter,58.14221683894859,8.001121399899793,
32,1075,2002-05-01T00:00:00,,False,,False,0001-01-01T00:00:00,5521,0,,False,True,,,,filter,58.09253093767718,7.813220839275634,
77,900,2021-03-01T00:00:00,,False,,False,0001-01-01T00:00:00,100002658,0,,False,True,,,,filter,58.154745467858724,8.054929397385974,
196,820,2019-07-01T00:00:00,,False,,False,0001-01-01T00:00:00,100001648,0,,False,True,,,,filter,58.107913640822034,7.967760892161029,
37,1000,2018-12-01T00:00:00,,False,,False,0001-01-01T00:00:00,100001358,0,,False,True,,,,filter,58.10571338374758,7.960344513052927,
135,830,2021-07-01T00:00:00,,False,,False,0001-01-01T00:00:00,100002892,0,,False,True,,,,filter,58.10608218957058,7.964901303557757,
1,950,2017-06-01T00:00:00,,False,,False,0001-01-01T00:00:00,100000527,0,,False,True,,,,filter,58.10509431184483,7.958766190415338,
96,1100,2013-02-01T00:00:00,,False,,False,0001-01-01T00:00:00,5527,0,,False,True,,,,filter,58.09848232450223,7.8173391438807815,
0,1300,2012-03-01T00:00:00,,False,,False,0001-01-01T00:00:00,5412,5,,True,False,,,,filter,58.14956139983591,8.015239310758142,
4,1350,2001-05-01T00:00:00,,False,,False,0001-01-01T00:00:00,5311,0,,False,True,,,,filter,58.169207183359525,8.125923002164892,
0,850,2019-03-01T00:00:00,,False,,False,0001-01-01T00:00:00,100001487,2,,True,False,,,,filter,58.09789137348679,7.815598111997466,
16,850,2022-10-01T00:00:00,,False,,False,0001-01-01T00:00:00,100003885,0,,False,True,,,,filter,58.142543903635975,8.007068283511632,
0,1400,2010-06-01T00:00:00,,False,,False,0001-01-01T00:00:00,5409,8,,True,False,,,,filter,58.1683573892047,8.129265250271905,
0,900,2021-09-01T00:00:00,,False,,False,0001-01-01T00:00:00,100003018,8,,True,False,,,,filter,58.099158744390394,7.819041791890989,
35,850,2018-08-01T00:00:00,,False,,False,0001-01-01T00:00:00,100001109,0,,False,True,,,,filter,58.09720399616751,7.8213369966627875,
0,850,2024-12-01T00:00:00,,False,,False,0001-01-01T00:00:00,100005888,495,,True,False,,,,filter,58.10862418459653,7.966129247482113,
44,1200,2021-12-01T00:00:00,,False,,False,0001-01-01T00:00:00,100003183,0,,False,True,,,,filter,58.183753387839914,8.098015627330525,
5,1250,2017-12-01T00:00:00,,False,,False,0001-01-01T00:00:00,100000789,0,,False,True,,,,filter,58.146974720506115,8.00510893248713,
0,1200,2015-05-01T00:00:00,,False,,False,0001-01-01T00:00:00,5423,107,,True,False,,,,filter,58.161264857932025,8.015363112579903,
0,1000,2026-01-01T00:00:00,,False,,False,0001-01-01T00:00:00,100006948,72,,True,False,,,,filter,58.14557010990065,7.981586678026336,
0,850,2023-09-01T00:00:00,,False,,False,0001-01-01T00:00:00,100004750,288,,True,False,,,,filter,58.185160345014125,7.93103464730759,
5,1100,2024-02-01T00:00:00,,False,,False,0001-01-01T00:00:00,100005204,0,,False,True,,,,filter,58.15377874478455,8.03723463364225,
17,1050,2019-04-01T00:00:00,,False,,False,0001-01-01T00:00:00,100001550,0,,False,True,,,,filter,58.18710974746821,7.920284505852149,
0,1700,2018-06-01T00:00:00,,False,,False,0001-01-01T00:00:00,100001019,5,,True,False,,,,filter,58.14879849742184,7.983714895630515,
10,1020,2015-05-01T00:00:00,,False,,False,0001-01-01T00:00:00,5403,0,,False,True,,,,filter,58.1441639374364,8.00068545004409,
119,1050,2016-07-01T00:00:00,,False,,False,0001-01-01T00:00:00,100000024,0,,False,True,,,,filter,58.15954276391605,8.010782404225033,
39,1050,2010-09-01T00:00:00,,False,,False,0001-01-01T00:00:00,5512,0,,False,True,,,,filter,58.156159380850276,7.834677795188774,
1,820,2022-08-01T00:00:00,,False,,False,0001-01-01T00:00:00,100003692,0,,False,True,,,,filter,58.09680619788236,7.81339677666518,
0,1250,2025-05-01T00:00:00,,False,,False,0001-01-01T00:00:00,100006382,590,,True,False,,,,filter,58.15645431656809,8.011372135908235,
22,1430,2009-03-01T00:00:00,,False,,False,0001-01-01T00:00:00,5404,0,,False,True,,,,filter,58.15518576572288,8.028006431704053,
0,1150,2017-10-01T00:00:00,,False,,False,0001-01-01T00:00:00,100000666,106,,True,False,,,,filter,58.14849710573925,8.001345543570535,
81,1000,2014-11-01T00:00:00,,False,,False,0001-01-01T00:00:00,5421,0,,False,True,,,,filter,58.18340048623611,8.092709226990745,
83,1100,2022-04-01T00:00:00,,False,,False,0001-01-01T00:00:00,100003478,0,,False,True,,,,filter,58.146426267133194,7.985560835235093,
0,820,2019-11-01T00:00:00,,False,,False,0001-01-01T00:00:00,100001921,14,,True,False,,,,filter,58.09856523327373,7.82142522433199,
19,1300,2012-08-01T00:00:00,,False,,False,0001-01-01T00:00:00,5416,0,,False,True,,,,filter,58.18987503208703,7.931441252668311,
0,1400,2001-05-01T00:00:00,,False,,False,0001-01-01T00:00:00,5312,31,,True,False,,,,filter,58.17018268384049,8.131201307193555,
45,820,2014-05-01T00:00:00,,False,,False,0001-01-01T00:00:00,5381,0,,False,True,,,,filter,58.16495332164193,8.0071178810679,
0,850,2025-10-15T00:00:00,,False,,True,0001-01-01T00:00:00,100006802,805,,True,False,,,,filter,58.16445891743192,7.984558285345902,
47,850,2022-07-01T00:00:00,,False,,False,0001-01-01T00:00:00,100003635,0,,False,True,,,,filter,58.09983979587797,7.815420788718414,
0,1100,2024-11-01T00:00:00,,False,,False,0001-01-01T00:00:00,100005973,987,,True,False,,,,filter,58.126785021241076,7.962057012658476,
0,850,2025-09-01T00:00:00,,False,,False,0001-01-01T00:00:00,100006433,376,,True,False,,,,filter,58.09532439343264,7.808123334211824,
0,1300,2022-06-15T00:00:00,,False,,False,0001-01-01T00:00:00,100003612,30,,True,False,,,,filter,58.99910500361617,10.038709898351634,
0,1000,2021-12-01T00:00:00,,False,,False,0001-01-01T00:00:00,100003188,78,,True,False,,,,filter,58.144936979704674,8.002919177592185,
0,1000,2022-12-01T00:00:00,,False,,False,0001-01-01T00:00:00,100004142,69,,True,False,,,,filter,58.142818496864365,8.000531337492154,
0,1000,2025-04-01T00:00:00,,False,,False,0001-01-01T00:00:00,100006303,11,,True,False,,,,filter,58.10450342021046,7.966163039173949,
123,900,2004-11-01T00:00:00,,False,,False,0001-01-01T00:00:00,5391,0,,False,True,,,,filter,58.17994985168638,8.094039563104404,
3,1000,2013-01-01T00:00:00,,False,,False,0001-01-01T00:00:00,5386,0,,False,True,,,,filter,58.147309684376644,7.987978832187411,
0,1000,2024-08-01T00:00:00,,False,,False,0001-01-01T00:00:00,100005728,495,,True,False,,,,filter,58.10878022372629,7.964816302220012,
0,1250,2012-09-01T00:00:00,,False,,False,0001-01-01T00:00:00,5417,12,,True,False,,,,filter,58.121740000492764,7.968264375443789,
0,1050,2011-07-01T00:00:00,,False,,False,0001-01-01T00:00:00,5511,3,,True,False,,,,filter,58.152414396510714,7.834024335076078,
10,900,2010-06-01T00:00:00,,False,,False,0001-01-01T00:00:00,5525,0,,False,True,,,,filter,58.09414488306702,7.810663272025546,
0,1300,2025-03-01T00:00:00,,False,,False,0001-01-01T00:00:00,100006199,388,,True,False,,,,filter,58.1477736414374,7.989846834073056,
32,970,2013-08-01T00:00:00,,False,,False,0001-01-01T00:00:00,5418,0,,False,True,,,,filter,58.1495826457141,8.01174049528441,
0,1100,2020-06-01T00:00:00,,False,,False,0001-01-01T00:00:00,100002233,15,,True,False,,,,filter,58.143425861657576,8.00304439771844,
13,500,2022-06-10T00:00:00,,False,,False,0001-01-01T00:00:00,100003643,0,,False,True,,,,filter,58.147250299574054,7.989979148398013,
80,950,2014-09-01T00:00:00,,False,,False,0001-01-01T00:00:00,5420,0,,False,True,,,,filter,58.14760485738917,8.006030116608033,
33,1150,2001-05-01T00:00:00,,False,,False,0001-01-01T00:00:00,5375,0,,False,True,,,,filter,58.168597591623275,8.12078422244584,
6,1000,2025-11-01T00:00:00,,False,,False,0001-01-01T00:00:00,100006809,0,,False,True,,,,filter,58.149969044727854,8.029993978183938,
51,1000,2020-02-01T00:00:00,,False,,False,0001-01-01T00:00:00,100002025,0,,False,True,,,,filter,58.17907382141143,8.103316101076325,
0,1245,2001-05-01T00:00:00,,False,,False,0001-01-01T00:00:00,5343,42,,True,False,,,,filter,58.148027860042355,8.004955585936196,
116,1200,2025-03-01T00:00:00,,False,,False,0001-01-01T00:00:00,100006200,0,,False,True,,,,filter,58.149777951635926,8.05922163428969,
0,840,2024-11-01T00:00:00,,False,,False,0001-01-01T00:00:00,100005968,291,,True,False,,,,filter,58.146271267515594,7.992560163578348,
0,1250,2018-05-01T00:00:00,,False,,False,0001-01-01T00:00:00,100001013,4,,True,False,,,,filter,58.15015704497574,8.024830717903946,
12,1100,2001-12-01T00:00:00,,False,,False,0001-01-01T00:00:00,5379,0,,False,True,,,,filter,58.16433177712159,8.013171334755079,
0,1300,2022-06-01T00:00:00,,False,,False,0001-01-01T00:00:00,100003563,55,,True,False,,,,filter,58.12537263725315,7.959007600828298,
0,1200,2015-02-01T00:00:00,,False,,False,0001-01-01T00:00:00,5422,64,,True,False,,,,filter,58.123719414008356,7.971186081272921,
111,1200,2010-06-01T00:00:00,,False,,False,0001-01-01T00:00:00,5400,0,,False,True,,,,filter,58.155404930682025,8.059074995289953,
126,830,2021-07-01T00:00:00,,False,,False,0001-01-01T00:00:00,100002862,0,,False,True,,,,filter,58.16401206883873,8.000268947465461,
48,1200,2019-12-01T00:00:00,,False,,False,0001-01-01T00:00:00,100001947,0,,False,True,,,,filter,58.15119767706626,8.064549259213704,
0,1200,2001-05-01T00:00:00,,False,,False,0001-01-01T00:00:00,5325,72,,True,False,,,,filter,58.1479010388157,7.994356446824718,
4,1430,2001-05-01T00:00:00,,False,,False,0001-01-01T00:00:00,5317,0,,False,True,,,,filter,58.14617010102612,7.987036741702391,
0,1400,2001-05-01T00:00:00,,False,,False,0001-01-01T00:00:00,5361,35,,True,False,,,,filter,58.15424829898344,8.019185002258531,
0,1300,2021-08-01T00:00:00,,False,,False,0001-01-01T00:00:00,100002933,6,,True,False,,,,filter,58.15375863873132,8.007810650822726,
2,1400,2022-09-01T00:00:00,,False,,False,0001-01-01T00:00:00,100003879,0,,False,True,,,,filter,58.17325586939802,8.13223360836569,
140,1000,2010-06-01T00:00:00,,False,,False,0001-01-01T00:00:00,5410,0,,False,True,,,,filter,58.15171950668484,8.066081348282076,
6,1100,2008-06-01T00:00:00,,False,,False,0001-01-01T00:00:00,5376,0,,False,True,,,,filter,58.123272484518935,7.96598475693703,
14,1600,2023-08-01T00:00:00,,False,,False,0001-01-01T00:00:00,100004674,0,,False,True,,,,filter,58.99753406435339,10.039948622814146,
0,860,2024-12-01T00:00:00,,False,,False,0001-01-01T00:00:00,100005966,124,,True,False,,,,filter,58.15617857540417,7.8415703495598645,
28,1300,2007-02-01T00:00:00,,False,,False,0001-01-01T00:00:00,5397,0,,False,True,,,,filter,58.997842867372604,10.03588434231025,
0,820,2014-03-01T00:00:00,,False,,False,0001-01-01T00:00:00,5408,0,,False,True,,,,filter,58.11896545279481,7.969362165525451,
19,1150,2016-04-01T00:00:00,,False,,False,0001-01-01T00:00:00,5507,0,,False,True,,,,filter,58.152924313822034,7.841592293059154,
100,1150,2001-05-01T00:00:00,,False,,False,0001-01-01T00:00:00,5338,0,,False,True,,,,filter,58.18392936380344,8.10073275893405,
0,1550,2020-10-01T00:00:00,,False,,False,0001-01-01T00:00:00,100002476,221,,True,False,,,,filter,58.11011534347653,7.972672626626805,
2,900,2015-11-01T00:00:00,,False,,False,0001-01-01T00:00:00,5591,0,,False,True,,,,filter,58.306180429483696,6.954666263562992,
0,1150,2014-04-01T00:00:00,,False,,False,0001-01-01T00:00:00,5590,36,,True,False,,,,filter,58.311136322781216,6.958604977693702,
65,950,2001-05-01T00:00:00,,False,,False,0001-01-01T00:00:00,5586,0,,False,True,,,,filter,58.308493840943974,6.966310245699982,
2,950,2017-09-01T00:00:00,,False,,False,0001-01-01T00:00:00,100000620,0,,False,True,,,,filter,58.31393292673221,6.9583223911357,
107,950,2016-03-01T00:00:00,,False,,False,0001-01-01T00:00:00,5592,0,,False,True,,,,filter,58.31342305791323,6.957518209379446,
54,800,2022-04-01T00:00:00,,False,,False,0001-01-01T00:00:00,100003444,0,,False,True,,,,filter,58.313287438802526,6.955395935334478,
0,550,2025-02-01T00:00:00,,False,,True,0001-01-01T00:00:00,100006165,11,,True,False,,,,filter,58.30723737830321,6.963036640351646,
0,1250,2025-04-01T00:00:00,,False,,False,0001-01-01T00:00:00,100006373,81,,True,False,,,,filter,58.25118856468049,8.37542298167604,
94,850,2016-02-01T00:00:00,,False,,False,0001-01-01T00:00:00,5246,0,,False,True,,,,filter,58.248385843635425,8.370244598685916,
32,1000,2010-07-01T00:00:00,,False,,False,0001-01-01T00:00:00,5244,0,,False,True,,,,filter,58.25179149477177,8.378044795804358,
28,1020,2026-01-01T00:00:00,,False,,False,0001-01-01T00:00:00,100006883,0,,False,True,,,,filter,58.15979089088281,8.215914194134362,
168,1000,2015-09-01T00:00:00,,False,,False,0001-01-01T00:00:00,5242,0,,False,True,,,,filter,58.25260430740239,8.37630240505885,
119,1000,2015-10-01T00:00:00,,False,,False,0001-01-01T00:00:00,5249,0,,False,True,,,,filter,58.24537743500447,8.376577414509844,
115,850,2021-03-01T00:00:00,,False,,False,0001-01-01T00:00:00,100002685,0,,False,True,,,,filter,58.246508390163164,8.371192675262837,
0,800,2023-05-01T00:00:00,,False,,False,0001-01-01T00:00:00,100004514,0,,False,True,,,,filter,58.246626401049504,8.381897735646904,
6,400,2024-03-01T00:00:00,,False,,False,0001-01-01T00:00:00,100005386,0,,False,True,,,,filter,58.24936285673621,8.368562588676488,
43,1000,2014-08-01T00:00:00,,False,,False,0001-01-01T00:00:00,5248,0,,False,True,,,,filter,58.24788082521337,8.381612265855184,
15,1000,2021-11-01T00:00:00,,False,,False,0001-01-01T00:00:00,100003153,0,,False,True,,,,filter,58.252829950296196,8.37348724684242,
0,1000,2024-04-01T00:00:00,,False,,False,0001-01-01T00:00:00,100005358,108,,True,False,,,,filter,58.24883069464283,8.38373685158808,
0,800,2021-09-01T00:00:00,,False,,False,0001-01-01T00:00:00,100003025,22,,True,False,,,,filter,58.02548000820517,7.461993552495638,
6,1200,2008-10-01T00:00:00,,False,,False,0001-01-01T00:00:00,5549,0,,False,True,,,,filter,70.19773259551559,28.19177604274104,
54,800,2022-08-15T00:00:00,,False,,False,0001-01-01T00:00:00,100003759,0,,False,True,,,,filter,70.19596916825678,28.19386524228605,
64,865,2021-06-01T00:00:00,,False,,False,0001-01-01T00:00:00,100002841,0,,False,True,,,,filter,58.022537231963156,7.459747776100339,
19,625,2023-10-23T00:00:00,,False,,False,0001-01-01T00:00:00,100004971,0,,False,True,,,,filter,58.02496986142812,7.4595584427360695,
7,900,2022-09-01T00:00:00,,False,,False,0001-01-01T00:00:00,100003760,0,,False,True,,,,filter,58.02718718546728,7.461625627216772,
39,800,2023-10-01T00:00:00,,False,,False,0001-01-01T00:00:00,100004921,0,,False,True,,,,filter,58.032313993147184,7.458633398756902,
48,820,2001-05-01T00:00:00,,False,,False,0001-01-01T00:00:00,5530,0,,False,True,,,,filter,58.199252457002395,7.52666712710126,
31,900,2017-08-01T00:00:00,,False,,False,0001-01-01T00:00:00,100000586,0,,False,True,,,,filter,58.0307853534272,7.455520407141556,
178,900,2017-05-01T00:00:00,,False,,False,0001-01-01T00:00:00,100000462,0,,False,True,,,,filter,58.03170970544491,7.4650179737813005,
44,950,2019-08-01T00:00:00,,False,,False,0001-01-01T00:00:00,100001695,0,,False,True,,,,filter,58.19371898018973,7.528338220927065,
10,550,2025-12-01T00:00:00,,False,,False,0001-01-01T00:00:00,100006847,0,,False,True,,,,filter,58.03351213755699,7.4628889154703035,
194,820,2012-10-01T00:00:00,,False,,False,0001-01-01T00:00:00,5533,0,,False,True,,,,filter,58.196910976815296,7.528732628663641,
23,700,2021-12-01T00:00:00,,False,,False,0001-01-01T00:00:00,100003182,0,,False,True,,,,filter,58.0236656684384,7.458958295913373,
43,640,2021-12-01T00:00:00,,False,,False,0001-01-01T00:00:00,100003181,0,,False,True,,,,filter,58.02255086766274,7.460939124805668,
322,1150,2014-05-01T00:00:00,,False,,False,0001-01-01T00:00:00,5446,0,,False,True,,,,filter,58.02262968813843,7.4562235154920335,
61,700,2023-10-01T00:00:00,,False,,False,0001-01-01T00:00:00,100004910,0,,False,True,,,,filter,58.028351713792716,7.460100200767264,
0,850,2021-10-01T00:00:00,,False,,False,0001-01-01T00:00:00,100003071,3,,True,False,,,,filter,70.20251888001607,28.19407173161123,
124,1000,2014-04-01T00:00:00,,False,,False,0001-01-01T00:00:00,5445,0,,False,True,,,,filter,58.021733926913996,7.46438903355738,
0,900,2022-09-01T00:00:00,,False,,False,0001-01-01T00:00:00,100003761,36,,True,False,,,,filter,58.03283662207914,7.460097829354669,
48,1000,2001-05-01T00:00:00,,False,,False,0001-01-01T00:00:00,5544,0,,False,True,,,,filter,70.20208222461203,28.178843347048183,
58,950,2023-04-01T00:00:00,,False,,False,0001-01-01T00:00:00,100004425,0,,False,True,,,,filter,70.1962912751974,28.19459710732207,
0,750,2023-09-01T00:00:00,,False,,False,0001-01-01T00:00:00,100004857,10,,True,False,,,,filter,58.030433112422216,7.453998259547344,
12,800,2026-01-01T00:00:00,,False,,False,0001-01-01T00:00:00,100006968,0,,False,True,,,,filter,58.03130356176632,7.459501453979729,
199,1000,2021-03-01T00:00:00,,False,,False,0001-01-01T00:00:00,100002668,0,,False,True,,,,filter,58.01996068518838,7.454571810197979,
27,1100,2001-05-01T00:00:00,,False,,False,0001-01-01T00:00:00,5435,0,,False,True,,,,filter,58.01997744796845,7.448908470944354,
2,700,2009-06-01T00:00:00,,False,,False,0001-01-01T00:00:00,5443,0,,False,True,,,,filter,58.028865826494474,7.452756203970205,
88,1000,2018-11-01T00:00:00,,False,,False,0001-01-01T00:00:00,100001302,0,,False,True,,,,filter,58.13920385573724,7.062745087882909,
17,1000,2021-04-01T00:00:00,,False,,False,0001-01-01T00:00:00,100002766,0,,False,True,,,,filter,58.13786474676359,7.060201128404013,
114,850,2021-03-01T00:00:00,,False,,False,0001-01-01T00:00:00,100002691,0,,False,True,,,,filter,58.140638428616235,7.063333727532153,
0,1200,2001-05-01T00:00:00,,False,,False,0001-01-01T00:00:00,5539,8,,True,False,,,,filter,58.286567963331166,7.3508530172582445,
108,800,2022-03-01T00:00:00,,False,,False,0001-01-01T00:00:00,100003412,0,,False,True,,,,filter,58.13975788759879,7.060765043391209,
11,800,2012-06-01T00:00:00,,False,,False,0001-01-01T00:00:00,5563,0,,False,True,,,,filter,58.13371213277154,7.066938614319296,
14,950,2023-04-01T00:00:00,,False,,False,0001-01-01T00:00:00,100004402,0,,False,True,,,,filter,58.139018656869226,7.0648109587748635,
18,800,2022-11-21T00:00:00,,False,,False,0001-01-01T00:00:00,100004120,0,,False,True,,,,filter,58.13688217160876,7.069684223693719,
13,900,2011-05-01T00:00:00,,False,,False,0001-01-01T00:00:00,5551,0,,False,True,,,,filter,58.13341851494649,7.061640927820659,
5,800,2018-12-01T00:00:00,,False,,False,0001-01-01T00:00:00,100001348,0,,False,True,,,,filter,58.28423237803512,7.361967617253485,
94,600,2025-01-01T00:00:00,,False,,False,0001-01-01T00:00:00,100006030,0,,False,True,,,,filter,58.13477783250223,7.058654528752779,
45,900,2025-12-01T00:00:00,,False,,False,0001-01-01T00:00:00,100006749,0,,False,True,,,,filter,58.1379941766047,7.058440738017755,
87,750,2020-09-01T00:00:00,,False,,False,0001-01-01T00:00:00,100002400,0,,False,True,,,,filter,58.135851920319965,7.06613255870639,
104,645,2025-02-01T00:00:00,,False,,False,0001-01-01T00:00:00,100006170,0,,False,True,,,,filter,58.72112506416847,9.220748315974193,
75,1200,2001-05-01T00:00:00,,False,,False,0001-01-01T00:00:00,5099,0,,False,True,,,,filter,58.71983883121176,9.233205240774327,
246,1200,2017-04-01T00:00:00,,False,,False,0001-01-01T00:00:00,100000441,0,,False,True,,,,filter,58.723057934346826,9.223707807392188,
0,1000,2021-01-01T00:00:00,,False,,False,0001-01-01T00:00:00,100002588,0,,False,True,,,,filter,58.71693344911049,9.229795299321637,
72,850,2024-04-01T00:00:00,,False,,False,0001-01-01T00:00:00,100005376,0,,False,True,,,,filter,58.718064668689166,9.221241915258746,
77,850,2025-12-01T00:00:00,,False,,False,0001-01-01T00:00:00,100006751,0,,False,True,,,,filter,58.720775610150234,9.231399775908033,
99,350,2024-09-30T00:00:00,,False,,False,0001-01-01T00:00:00,100005894,0,,False,True,,,,filter,58.667365845060864,6.722101668188329,
1,350,2022-08-01T00:00:00,,False,,False,0001-01-01T00:00:00,100003690,0,,False,True,,,,filter,58.66646486404811,6.719883619540216,
69,350,2022-08-01T00:00:00,,False,,False,0001-01-01T00:00:00,100003689,0,,False,True,,,,filter,58.66159796611967,6.714599923926165,
0,450,,,False,,False,0001-01-01T00:00:00,100006703,24,,True,False,,,,filter,58.66021527149201,6.722559748668755,
7,300,2020-09-01T00:00:00,,False,,False,0001-01-01T00:00:00,100002388,0,,False,True,,,,filter,58.661468734432994,6.724300923770833,
321,900,2019-06-01T00:00:00,,False,,False,0001-01-01T00:00:00,100001604,0,,False,True,,,,filter,58.626641900204426,8.93181994990048,
67,1100,2001-05-01T00:00:00,,False,,False,0001-01-01T00:00:00,5211,0,,False,True,,,,filter,58.625962435246535,8.920929163376833,
150,717,2014-09-01T00:00:00,,False,,False,0001-01-01T00:00:00,5212,0,,False,True,,,,filter,58.626868259801505,8.932271527724284,
0,1400,2010-06-01T00:00:00,,False,,False,0001-01-01T00:00:00,5214,4,,True,False,,,,filter,58.62223139042931,8.928250962037168,
49,800,2014-09-01T00:00:00,,False,,False,0001-01-01T00:00:00,5213,0,,False,True,,,,filter,58.626622346756946,8.924430952857549,
20,1200,2001-05-01T00:00:00,,False,,False,0001-01-01T00:00:00,5208,0,,False,True,,,,filter,58.62427077890864,8.935222033614211,
27,800,2024-11-01T00:00:00,,False,,False,0001-01-01T00:00:00,100005924,0,,False,True,,,,filter,58.63012273263236,8.930627061889407,
0,600,2017-01-01T00:00:00,,False,,True,0001-01-01T00:00:00,100000296,57,,True,False,,,,filter,59.3529574800477,7.3583383170204515,
4,570,2007-10-01T00:00:00,,False,,True,0001-01-01T00:00:00,5296,0,,False,True,,,,filter,59.3561160603524,7.3463393115680615,
0,550,2004-04-01T00:00:00,,False,,False,0001-01-01T00:00:00,5301,4,,True,False,,,,filter,59.358921998230514,7.356934903845926,
0,400,2025-09-01T00:00:00,,False,,False,0001-01-01T00:00:00,100006547,127,,True,False,,,,filter,58.752620212934325,8.869142056118692,
0,800,2001-05-01T00:00:00,,False,,False,0001-01-01T00:00:00,5201,82,,True,False,,,,filter,58.75249787740075,8.871082047724482,
8,500,2023-02-01T00:00:00,,False,,False,0001-01-01T00:00:00,100004249,0,,False,True,,,,filter,58.74679523603198,8.858621545300249,
0,850,2001-05-01T00:00:00,,False,,False,0001-01-01T00:00:00,5486,3,,True,False,,,,filter,58.26533608916083,7.968058947891194,
36,650,2021-10-01T00:00:00,,False,,False,0001-01-01T00:00:00,100003081,0,,False,True,,,,filter,58.27019487250302,7.969348510240156,
2,850,2021-06-01T00:00:00,,False,,False,0001-01-01T00:00:00,100002913,0,,False,True,,,,filter,58.27078242280045,7.975127591216984,
12,850,2025-05-01T00:00:00,,False,,False,0001-01-01T00:00:00,100006394,0,,False,True,,,,filter,58.26795976116438,7.967160664405188,
13,600,2024-09-01T00:00:00,,False,,False,0001-01-01T00:00:00,100005799,0,,False,True,,,,filter,58.264848869168645,7.970159274703057,
7,850,2021-09-01T00:00:00,,False,,False,0001-01-01T00:00:00,100003023,0,,False,True,,,,filter,58.267351137774384,7.970822400380797,
176,900,2022-01-01T00:00:00,,False,,False,0001-01-01T00:00:00,100003280,0,,False,True,,,,filter,58.26899990095751,7.972673999675552,
0,850,2013-05-01T00:00:00,,False,,False,0001-01-01T00:00:00,5495,5,,True,False,,,,filter,58.270626434269396,7.972237568320792,
1,850,2024-02-01T00:00:00,,False,,False,0001-01-01T00:00:00,100005188,0,,False,True,,,,filter,58.26888203913317,7.979449974883727,
0,850,2021-09-01T00:00:00,,False,,False,0001-01-01T00:00:00,100003024,82,,True,False,,,,filter,58.264189534115864,7.972393337885306,
111,850,2013-07-01T00:00:00,,False,,False,0001-01-01T00:00:00,5496,0,,False,True,,,,filter,58.26661546076438,7.974654696891937,
0,850,2021-10-01T00:00:00,,False,,False,0001-01-01T00:00:00,100003135,68,,True,False,,,,filter,58.26977728025801,7.971698582846618,
3,950,2023-10-01T00:00:00,,False,,False,0001-01-01T00:00:00,100004925,0,,False,True,,,,filter,58.2661644513006,7.9781780489224055,
16,750,2025-03-01T00:00:00,,False,,False,0001-01-01T00:00:00,100006203,0,,False,True,,,,filter,58.26586252978747,7.980849114474466,
108,900,2014-10-01T00:00:00,,False,,False,0001-01-01T00:00:00,5494,0,,False,True,,,,filter,58.264045461309905,7.971512234640969,
0,850,2025-04-01T00:00:00,,False,,False,0001-01-01T00:00:00,100006358,137,,True,False,,,,filter,58.26672994846898,7.977450248733435,
78,900,2004-11-01T00:00:00,,False,,False,0001-01-01T00:00:00,5489,0,,False,True,,,,filter,58.26588704147918,7.976922690496154,
0,900,2001-05-01T00:00:00,,False,,False,0001-01-01T00:00:00,5477,0,,False,True,,,,filter,58.26516457381556,7.966840992622764,
9,1000,2001-05-01T00:00:00,,False,,False,0001-01-01T00:00:00,1469,0,,False,True,,,,filter,59.66197936600778,10.791151621956207,
1,600,2017-09-01T00:00:00,,False,,False,0001-01-01T00:00:00,100000616,0,,False,True,,,,filter,59.65983573978336,10.79743506983429,
414,1100,2009-11-01T00:00:00,,False,,False,0001-01-01T00:00:00,1485,0,,False,True,,,,filter,59.658661349017365,10.79035180992996,
0,1650,2009-01-01T00:00:00,,False,,False,0001-01-01T00:00:00,1484,5,,True,False,,,,filter,59.71854553692608,10.810964419968595,
188,1100,2001-07-01T00:00:00,,False,,False,0001-01-01T00:00:00,1479,0,,False,True,,,,filter,59.658713265901724,10.791548350820873,
3,1100,2022-10-01T00:00:00,,False,,False,0001-01-01T00:00:00,100003884,0,,False,True,,,,filter,59.715699339108895,10.8086890135987,
0,1700,2001-05-01T00:00:00,,False,,False,0001-01-01T00:00:00,1468,0,,False,True,,,,filter,59.740739764549836,10.774540569228268,
0,1250,2024-11-01T00:00:00,,False,,False,0001-01-01T00:00:00,100005955,661,,True,False,,,,filter,59.66394353188602,10.798085330133631,
0,1000,2024-11-01T00:00:00,,False,,False,0001-01-01T00:00:00,100005956,271,,True,False,,,,filter,59.66161981595938,10.796289185546769,
0,600,2022-05-01T00:00:00,,False,,False,0001-01-01T00:00:00,100003427,26,,True,False,,,,filter,59.65358496745698,10.795128625611694,
0,1000,2011-07-01T00:00:00,,False,,False,0001-01-01T00:00:00,1482,20,,True,False,,,,filter,59.67050642384568,10.792273582219016,
0,1800,2001-05-01T00:00:00,,False,,False,0001-01-01T00:00:00,1470,361,,True,False,,,,filter,59.66270671290961,10.787894653324225,
55,400,2020-10-01T00:00:00,,False,,False,0001-01-01T00:00:00,100002485,0,,False,True,,,,filter,59.656900094641266,10.796815402463046,
207,1200,2001-11-01T00:00:00,,False,,False,0001-01-01T00:00:00,1480,0,,False,True,,,,filter,59.6594656917508,10.793385435048647,
5,600,2022-02-08T00:00:00,,False,,False,0001-01-01T00:00:00,100003426,0,,False,True,,,,filter,59.65605484314871,10.799761018673943,
0,500,2025-03-01T00:00:00,,False,,False,0001-01-01T00:00:00,100006254,0,,False,True,,,,filter,59.65221608677463,10.793812769729668,
0,1500,2001-05-01T00:00:00,,False,,False,0001-01-01T00:00:00,1476,36,,True,False,,,,filter,59.740109274729114,10.770058485468258,
0,1300,2025-02-01T00:00:00,,False,,True,0001-01-01T00:00:00,100006160,28,,True,False,,,,filter,59.82498861695499,10.453931472161534,
295,1520,2019-09-01T00:00:00,,False,,False,0001-01-01T00:00:00,100001714,0,,False,True,,,,filter,59.85592347399531,10.495317646436506,
134,1500,2007-07-01T00:00:00,,False,,False,0001-01-01T00:00:00,1765,0,,False,True,,,,filter,59.85436260686746,10.486933923265243,
84,600,2015-05-01T00:00:00,,False,,True,0001-01-01T00:00:00,1775,0,,False,True,,,,filter,59.82296648872492,10.423961328189339,
121,1000,2024-09-01T00:00:00,,False,,False,0001-01-01T00:00:00,100005769,0,,False,True,,,,filter,59.83641942188331,10.439274796800223,
0,600,2025-08-01T00:00:00,,False,,False,0001-01-01T00:00:00,100006490,34,,True,False,,,,filter,59.7418883147661,10.399037539659123,
0,1200,2023-02-01T00:00:00,,False,,False,0001-01-01T00:00:00,100004301,401,,True,False,,,,filter,59.850061401631336,10.477937499153304,
0,1500,2022-10-01T00:00:00,,False,,False,0001-01-01T00:00:00,100003889,232,,True,False,,,,filter,59.85572247698678,10.480026510555954,
103,1050,2018-01-01T00:00:00,,False,,False,0001-01-01T00:00:00,100000787,0,,False,True,,,,filter,59.784872538838556,10.433807246833204,
5,1000,2022-05-18T00:00:00,,False,,False,0001-01-01T00:00:00,100003547,0,,False,True,,,,filter,59.83484281116677,10.430403702273884,
25,1000,2016-09-01T00:00:00,,False,,False,0001-01-01T00:00:00,100000126,0,,False,True,,,,filter,59.78261512732066,10.508719427354496,
136,600,2019-02-01T00:00:00,,False,,False,0001-01-01T00:00:00,100001428,0,,False,True,,,,filter,59.701495959761324,10.507050103597479,
143,900,2003-11-01T00:00:00,,False,,False,0001-01-01T00:00:00,1761,0,,False,True,,,,filter,59.83527565919638,10.432299310544789,
0,1200,2001-05-01T00:00:00,,False,,False,0001-01-01T00:00:00,4328,21,,True,False,,,,filter,59.942434649886685,10.636036138945778,
8,1400,2019-01-01T00:00:00,,False,,False,0001-01-01T00:00:00,100001422,0,,False,True,,,,filter,59.8663948364728,10.490984671544567,
110,1350,2001-05-01T00:00:00,,False,,False,0001-01-01T00:00:00,1747,0,,False,True,,,,filter,59.835934804373,10.442459504567902,
0,1350,2017-01-01T00:00:00,,False,,False,0001-01-01T00:00:00,100000286,12,,True,False,,,,filter,59.81454965885314,10.4885930779166,
0,1200,2019-03-01T00:00:00,,False,,False,0001-01-01T00:00:00,100001470,0,,False,True,,,,filter,59.83508366386967,10.438357012809423,
93,1200,2013-03-01T00:00:00,,False,,False,0001-01-01T00:00:00,1776,0,,False,True,,,,filter,59.831762067192,10.431610733642003,
0,1400,2025-03-01T00:00:00,,False,,True,0001-01-01T00:00:00,100006217,181,,True,False,,,,filter,59.74358076619119,10.345888470444207,
65,1000,2025-02-01T00:00:00,,False,,False,0001-01-01T00:00:00,100006168,0,,False,True,,,,filter,59.790734197948034,10.441763010653752,
0,950,2026-01-01T00:00:00,,False,,False,0001-01-01T00:00:00,100006832,0,,False,True,,,,filter,59.833603279229585,10.432267810314464,
0,1500,2001-05-01T00:00:00,,False,,False,0001-01-01T00:00:00,4310,14,,True,False,,,,filter,59.7803651171501,10.48733367324904,
0,750,2011-03-01T00:00:00,,False,,False,0001-01-01T00:00:00,1768,1,,True,False,,,,filter,59.83284101289399,10.433050996790803,
0,1300,2023-09-01T00:00:00,,False,,False,0001-01-01T00:00:00,100004737,0,,False,True,,,,filter,59.80625547140292,10.48541383469969,
44,1000,2011-04-01T00:00:00,,False,,False,0001-01-01T00:00:00,4317,0,,False,True,,,,filter,59.74246912565202,10.384593727384653,
74,1000,2001-05-01T00:00:00,,False,,False,0001-01-01T00:00:00,1743,0,,False,True,,,,filter,59.83381365930718,10.43334537048508,
0,400,2001-05-01T00:00:00,,False,,False,0001-01-01T00:00:00,1729,10,,True,False,,,,filter,59.836786381752034,10.431291647652893,
0,1000,2025-10-01T00:00:00,,False,,False,0001-01-01T00:00:00,100006606,231,,True,False,,,,filter,59.703439575776805,10.516153015055444,
0,900,2025-04-01T00:00:00,,False,,True,0001-01-01T00:00:00,100006361,0,,False,True,,,,filter,59.83102285583802,10.418931486219336,
0,600,2025-09-01T00:00:00,,False,,False,0001-01-01T00:00:00,100006595,393,,True,False,,,,filter,59.83415206622208,10.413077076766891,
7,1100,2018-09-01T00:00:00,,False,,False,0001-01-01T00:00:00,100001222,0,,False,True,,,,filter,59.7438643986648,10.38430816193279,
0,1100,2022-04-01T00:00:00,,False,,False,0001-01-01T00:00:00,100003533,6,,True,False,,,,filter,59.743222806013186,10.386238159275603,
0,1200,2024-11-01T00:00:00,,False,,False,0001-01-01T00:00:00,100005954,2,,True,False,,,,filter,59.82579639364822,10.47166343649312,
6,2100,2001-05-01T00:00:00,,False,,False,0001-01-01T00:00:00,1749,0,,False,True,,,,filter,59.85977299209895,10.491655949090806,
44,1000,2014-06-01T00:00:00,,False,,False,0001-01-01T00:00:00,1779,0,,False,True,,,,filter,59.83511971722905,10.424896279659817,
27,1150,2001-05-01T00:00:00,,False,,False,0001-01-01T00:00:00,4329,0,,False,True,,,,filter,59.54497866921224,10.555041613311085,
0,1000,2024-08-01T00:00:00,,False,,False,0001-01-01T00:00:00,100005637,111,,True,False,,,,filter,59.81120725855689,10.487077809161987,
32,450,2024-09-01T00:00:00,,False,,False,0001-01-01T00:00:00,100005814,0,,False,True,,,,filter,59.74067670487009,10.395722331327486,
0,525,2025-07-01T00:00:00,,False,,False,0001-01-01T00:00:00,100006551,108,,True,False,,,,filter,59.7453866562527,10.395212567362139,
0,1400,2026-02-01T00:00:00,,False,,False,0001-01-01T00:00:00,100006974,307,,True,False,,,,filter,59.94680633730183,10.636347750554886,
7,1050,2026-01-01T00:00:00,,False,,False,0001-01-01T00:00:00,100006830,0,,False,True,,,,filter,59.78802828228394,10.43547065503553,
63,1350,2001-06-01T00:00:00,,False,,False,0001-01-01T00:00:00,1757,0,,False,True,,,,filter,59.83410789313549,10.436514765565812,
0,1100,2020-10-01T00:00:00,,False,,False,0001-01-01T00:00:00,100002472,8,,True,False,,,,filter,59.81336522263752,10.49278776734137,
3,1000,2024-01-01T00:00:00,,False,,False,0001-01-01T00:00:00,100005076,0,,False,True,,,,filter,59.78802287092257,10.442296349765634,
23,1400,2021-06-01T00:00:00,,False,,False,0001-01-01T00:00:00,100002851,0,,False,True,,,,filter,59.860152397883844,10.49242846079989,
36,1450,2001-05-01T00:00:00,,False,,False,0001-01-01T00:00:00,4326,0,,False,True,,,,filter,59.94546350094069,10.639267498122193,
83,1500,2018-01-01T00:00:00,,False,,False,0001-01-01T00:00:00,100000802,0,,False,True,,,,filter,59.855428858615305,10.494510981500001,
0,525,2022-07-01T00:00:00,,False,,False,0001-01-01T00:00:00,100003603,39,,True,False,,,,filter,59.73833016965383,10.387060733910584,
58,1300,2001-05-01T00:00:00,,False,,False,0001-01-01T00:00:00,1735,0,,False,True,,,,filter,59.80400130894974,10.490988782008014,
0,500,2024-04-01T00:00:00,,False,,False,0001-01-01T00:00:00,100005363,148,,True,False,,,,filter,59.737429135450675,10.389552820566184,
0,1000,2025-03-01T00:00:00,,False,,True,0001-01-01T00:00:00,100006220,243,,True,False,,,,filter,59.74457007441651,10.342039618909592,
80,1350,2002-08-01T00:00:00,,False,,False,0001-01-01T00:00:00,4314,0,,False,True,,,,filter,59.780126272631485,10.496630202475378,
0,1200,2019-09-01T00:00:00,,False,,False,0001-01-01T00:00:00,100001773,23,,True,False,,,,filter,59.78175672754803,10.503991316604615,
7,2100,2013-11-01T00:00:00,,False,,False,0001-01-01T00:00:00,1763,0,,False,True,,,,filter,59.83104720630901,10.429981411804118,
5,1200,2014-08-01T00:00:00,,False,,False,0001-01-01T00:00:00,1780,0,,False,True,,,,filter,59.82710341576795,10.479970148663895,
18,1200,2001-05-01T00:00:00,,False,,False,0001-01-01T00:00:00,1753,0,,False,True,,,,filter,59.83506254697028,10.43430446534166,
0,600,2025-09-01T00:00:00,,False,,False,0001-01-01T00:00:00,100006594,228,,True,False,,,,filter,59.828101050350014,10.415698003743582,
55,1000,2019-04-01T00:00:00,,False,,False,0001-01-01T00:00:00,100001557,0,,False,True,,,,filter,59.83472836629002,10.424011160343058,
0,1000,2026-01-01T00:00:00,,False,,False,0001-01-01T00:00:00,100006811,82,,True,False,,,,filter,59.70274184042822,10.50657002378998,
0,1340,2013-11-01T00:00:00,,False,,False,0001-01-01T00:00:00,1773,17,,True,False,,,,filter,59.830910690853294,10.4479802473447,
99,1050,2021-03-01T00:00:00,,False,,False,0001-01-01T00:00:00,100002702,0,,False,True,,,,filter,59.78613156234194,10.431764821819147,
108,1750,2007-12-01T00:00:00,,False,,False,0001-01-01T00:00:00,1769,0,,False,True,,,,filter,59.86661748102706,10.494170884319637,
44,1000,2001-05-01T00:00:00,,False,,False,0001-01-01T00:00:00,1752,0,,False,True,,,,filter,59.83138204145529,10.435615172128728,
47,1400,2021-09-01T00:00:00,,False,,False,0001-01-01T00:00:00,100002952,0,,False,True,,,,filter,59.86504630589398,10.48547468767708,
71,600,2019-11-01T00:00:00,,False,,True,0001-01-01T00:00:00,100001889,0,,False,True,,,,filter,59.830371031066015,10.422979222399974,
34,600,2020-02-01T00:00:00,,False,,True,0001-01-01T00:00:00,100002058,0,,False,True,,,,filter,59.82611190196952,10.417382563013023,
10,1150,2019-03-01T00:00:00,,False,,False,0001-01-01T00:00:00,100001471,0,,False,True,,,,filter,59.83078117948314,10.427896836103539,
38,1400,2001-05-01T00:00:00,,False,,False,0001-01-01T00:00:00,4313,0,,False,True,,,,filter,59.74435841337179,10.38390724280369,
0,1200,2020-09-01T00:00:00,,False,,False,0001-01-01T00:00:00,100002342,21,,True,False,,,,filter,59.81409797886798,10.489467247378238,
2,725,2022-08-01T00:00:00,,False,,False,0001-01-01T00:00:00,100003668,0,,False,True,,,,filter,59.70357363129367,10.511108588478104,
2,1400,2019-05-01T00:00:00,,False,,False,0001-01-01T00:00:00,100001567,0,,False,True,,,,filter,59.865388965434924,10.483082965865513,
0,1300,2012-01-01T00:00:00,,False,,False,0001-01-01T00:00:00,1760,67,,True,False,,,,filter,59.80675800483084,10.480688112425428,
0,1300,2025-02-01T00:00:00,,False,,True,0001-01-01T00:00:00,100006171,12,,True,False,,,,filter,59.83383799036834,10.4198296254962,
1,1100,2018-06-01T00:00:00,,False,,False,0001-01-01T00:00:00,100001020,0,,False,True,,,,filter,59.81412080794859,10.490829258953562,
80,1000,2011-04-01T00:00:00,,False,,False,0001-01-01T00:00:00,4316,0,,False,True,,,,filter,59.74520684530592,10.39271059859541,
195,1400,2002-08-01T00:00:00,,False,,False,0001-01-01T00:00:00,4332,0,,False,True,,,,filter,59.544117038949416,10.560911019718166,
4,1350,2020-01-01T00:00:00,,False,,False,0001-01-01T00:00:00,100001958,0,,False,True,,,,filter,59.83638963582414,10.4363401796415,
0,600,,,False,,False,0001-01-01T00:00:00,100006550,548,,True,False,,,,filter,59.78444690971321,10.431452718195537,
0,600,,,False,,False,0001-01-01T00:00:00,100006724,587,,True,False,,,,filter,59.78152619855759,10.506498162796559,
0,1000,,,False,,False,0001-01-01T00:00:00,100006994,87,,True,False,,,,filter,59.5452178722631,10.557764241715166,
0,1300,2024-01-01T00:00:00,,False,,False,0001-01-01T00:00:00,100005065,63,,True,False,,,,filter,59.74685988785815,10.342496176371572,
54,1350,2024-01-01T00:00:00,,False,,False,0001-01-01T00:00:00,100005078,0,,False,True,,,,filter,59.83753418724503,10.434900400540332,
164,1400,2023-03-24T00:00:00,,False,,False,0001-01-01T00:00:00,100004392,0,,False,True,,,,filter,59.86545680241297,10.487900727596077,
0,1300,2009-01-01T00:00:00,,False,,False,0001-01-01T00:00:00,1770,27,,True,False,,,,filter,59.832338789748064,10.475316428347297,
24,600,2017-10-01T00:00:00,,False,,False,0001-01-01T00:00:00,100000647,0,,False,True,,,,filter,59.70524900214334,10.510251949763342,
11,1400,2001-05-01T00:00:00,,False,,False,0001-01-01T00:00:00,1739,0,,False,True,,,,filter,59.83356080469395,10.427965630183728,
133,1350,2023-03-01T00:00:00,,False,,False,0001-01-01T00:00:00,100004323,0,,False,True,,,,filter,59.836285936969475,10.428110709199066,
37,600,2017-08-01T00:00:00,,False,,True,0001-01-01T00:00:00,100000583,0,,False,True,,,,filter,59.82558471119118,10.420101115474042,
11,1200,2018-02-01T00:00:00,,False,,False,0001-01-01T00:00:00,100000826,0,,False,True,,,,filter,62.85367859223456,7.163169239832176,
18,500,2001-05-01T00:00:00,,False,,False,0001-01-01T00:00:00,1313,0,,False,True,,,,filter,59.753032929525965,11.814121779732808,
9,600,2001-05-01T00:00:00,,False,,False,0001-01-01T00:00:00,1791,0,,False,True,,,,filter,59.88475857002509,11.557066280584776,
24,900,2022-03-01T00:00:00,,False,,False,0001-01-01T00:00:00,100003453,0,,False,True,,,,filter,62.85535909054908,7.15927406256688,
0,1200,2008-02-01T00:00:00,,False,,False,0001-01-01T00:00:00,1795,115,,True,False,,,,filter,59.88840590315251,11.562214522120582,
75,900,2001-09-01T00:00:00,,False,,False,0001-01-01T00:00:00,1794,0,,False,True,,,,filter,59.88679079549389,11.556599328215887,
0,700,2025-10-01T00:00:00,,False,,False,0001-01-01T00:00:00,100006676,546,,True,False,,,,filter,59.9259291297709,11.449693891802909,
185,800,2023-09-01T00:00:00,,False,,False,0001-01-01T00:00:00,100004802,0,,False,True,,,,filter,59.885685840883525,11.555441770046565,
0,950,2020-08-01T00:00:00,,False,,False,0001-01-01T00:00:00,100002326,222,,True,False,,,,filter,62.85090458901142,7.16354060229906,
82,600,2023-09-01T00:00:00,,False,,False,0001-01-01T00:00:00,100004803,0,,False,True,,,,filter,59.883524903959085,11.56736498157995,
125,870,2012-01-01T00:00:00,,False,,False,0001-01-01T00:00:00,1803,0,,False,True,,,,filter,62.85573966954877,7.157973338939565,
84,675,2024-08-01T00:00:00,,False,,False,0001-01-01T00:00:00,100005638,0,,False,True,,,,filter,59.88106514106715,11.564012076984254,
0,1000,2025-10-01T00:00:00,,False,,False,0001-01-01T00:00:00,100006677,360,,True,False,,,,filter,59.92152570821734,11.446082238420516,
13,900,2018-02-01T00:00:00,,False,,False,0001-01-01T00:00:00,100000854,0,,False,True,,,,filter,59.796700354951184,11.470009860308798,
51,600,2025-09-01T00:00:00,,False,,False,0001-01-01T00:00:00,100006563,0,,False,True,,,,filter,59.88422213374925,11.558078358610889,
0,900,2025-09-18T00:00:00,,False,,False,0001-01-01T00:00:00,100006723,187,,True,False,,,,filter,59.79707724312596,11.45766510207127,
0,900,2001-08-01T00:00:00,,False,,False,0001-01-01T00:00:00,1792,48,,True,False,,,,filter,62.85708153158241,7.161790335359924,
0,1150,2022-11-01T00:00:00,,False,,False,0001-01-01T00:00:00,100004014,96,,True,False,,,,filter,59.79748070779851,11.463248968317929,
46,675,2024-01-01T00:00:00,,False,,False,0001-01-01T00:00:00,100005155,0,,False,True,,,,filter,59.88219377909775,11.561607378455685,
0,1050,2013-10-01T00:00:00,,False,,False,0001-01-01T00:00:00,1807,15,,True,False,,,,filter,59.71514615992545,11.443519409650454,
0,750,2025-10-01T00:00:00,,False,,False,0001-01-01T00:00:00,100006675,292,,True,False,,,,filter,59.92237176436913,11.453995673279183,
0,950,2024-01-01T00:00:00,,False,,False,0001-01-01T00:00:00,100005100,57,,True,False,,,,filter,59.91867738420494,10.580015858651432,
4,2070,2015-10-01T00:00:00,,False,,False,0001-01-01T00:00:00,1706,0,,False,True,,,,filter,59.920179504384855,10.587855826607015,
5,500,2023-06-01T00:00:00,,False,,False,0001-01-01T00:00:00,100004572,0,,False,True,,,,filter,59.90422190187782,10.511832860460537,
26,1300,2024-09-01T00:00:00,,False,,False,0001-01-01T00:00:00,100005800,0,,False,True,,,,filter,59.89363418246099,10.621722736141638,
16,810,2001-05-01T00:00:00,,False,,False,0001-01-01T00:00:00,1592,0,,False,True,,,,filter,59.92121290358521,10.490723359233892,
0,1100,2001-05-01T00:00:00,,False,,False,0001-01-01T00:00:00,1591,34,,True,False,,,,filter,59.92675191002617,10.488088514522762,
0,1850,2019-02-01T00:00:00,,False,,False,0001-01-01T00:00:00,100001438,81,,True,False,,,,filter,59.90548596010052,10.619716826816564,
0,500,2025-08-01T00:00:00,,False,,False,0001-01-01T00:00:00,100006554,0,,False,True,,,,filter,59.90140382144452,10.504587438961147,
9,1850,2001-05-01T00:00:00,,False,,False,0001-01-01T00:00:00,1589,0,,False,True,,,,filter,59.89519563950414,10.612666271840004,
0,1200,2006-10-01T00:00:00,,False,,False,0001-01-01T00:00:00,1681,14,,True,False,,,,filter,59.88890693664724,10.503980118891137,
80,1400,2010-06-01T00:00:00,,False,,False,0001-01-01T00:00:00,1703,0,,False,True,,,,filter,59.893400206823486,10.525352307834508,
16,1100,2025-04-01T00:00:00,,False,,False,0001-01-01T00:00:00,100006371,0,,False,True,,,,filter,59.91148561977152,10.602686376772683,
83,1000,2019-12-01T00:00:00,,False,,False,0001-01-01T00:00:00,100001938,0,,False,True,,,,filter,59.89862632780096,10.511994667772367,
33,1300,2001-05-01T00:00:00,,False,,False,0001-01-01T00:00:00,1588,0,,False,True,,,,filter,59.93014999447248,10.5908363567765,
48,1200,2001-05-01T00:00:00,,False,,False,0001-01-01T00:00:00,1587,0,,False,True,,,,filter,59.909915100570224,10.605844420367236,
6,1450,2023-08-01T00:00:00,,False,,False,0001-01-01T00:00:00,100004636,0,,False,True,,,,filter,59.893495838680124,10.51831128910363,
10,1150,2025-10-01T00:00:00,,False,,False,0001-01-01T00:00:00,100006740,0,,False,True,,,,filter,59.892739764694745,10.623937120943129,
104,1200,2025-01-01T00:00:00,,False,,False,0001-01-01T00:00:00,100006043,0,,False,True,,,,filter,59.94464762777212,10.504151880010083,
14,1450,2011-06-01T00:00:00,,False,,False,0001-01-01T00:00:00,1675,0,,False,True,,,,filter,59.5298737249083,10.377005401470129,
62,1300,2013-03-01T00:00:00,,False,,False,0001-01-01T00:00:00,1709,0,,False,True,,,,filter,59.900936368197044,10.628350883788999,
6,1500,2022-05-01T00:00:00,,False,,False,0001-01-01T00:00:00,100003503,0,,False,True,,,,filter,59.89818711996243,10.52494996502181,
8,1200,2001-05-01T00:00:00,,False,,False,0001-01-01T00:00:00,1583,0,,False,True,,,,filter,59.90616355077207,10.473888862937375,
21,1000,2001-05-01T00:00:00,,False,,False,0001-01-01T00:00:00,1582,0,,False,True,,,,filter,59.91440994116548,10.597728705790546,
39,1000,2020-01-01T00:00:00,,False,,False,0001-01-01T00:00:00,100001953,0,,False,True,,,,filter,59.914098097580435,10.590541454513637,
24,900,2021-01-01T00:00:00,,False,,False,0001-01-01T00:00:00,100002587,0,,False,True,,,,filter,59.91555856055163,10.591393924282206,
0,820,2020-01-01T00:00:00,,False,,False,0001-01-01T00:00:00,100001971,15,,True,False,,,,filter,59.92316907311885,10.445141794163053,
37,1300,2001-05-01T00:00:00,,False,,False,0001-01-01T00:00:00,1617,0,,False,True,,,,filter,59.945939223854076,10.604392994084757,
0,1150,2021-05-01T00:00:00,,False,,False,0001-01-01T00:00:00,100002798,14,,True,False,,,,filter,59.89067276593008,10.497623338111426,
25,721,2024-12-01T00:00:00,,False,,False,0001-01-01T00:00:00,100006028,0,,False,True,,,,filter,59.8837612820957,10.500815984257944,
4,1240,2001-05-01T00:00:00,,False,,False,0001-01-01T00:00:00,1615,0,,False,True,,,,filter,59.902732206772676,10.503759405441686,
0,1000,2020-10-01T00:00:00,,False,,False,0001-01-01T00:00:00,100002455,22,,True,False,,,,filter,59.902082874505076,10.619914720214528,
313,1000,2014-06-01T00:00:00,,False,,True,0001-01-01T00:00:00,1702,0,,False,True,,,,filter,59.940150032882855,10.609120586240032,
0,1120,2001-05-01T00:00:00,,False,,False,0001-01-01T00:00:00,1614,8,,True,False,,,,filter,59.89373456807462,10.50233565487942,
14,1250,2021-03-01T00:00:00,,False,,False,0001-01-01T00:00:00,100002694,0,,False,True,,,,filter,59.917559894063885,10.592246204805962,
0,900,2025-09-01T00:00:00,,False,,False,0001-01-01T00:00:00,100006635,269,,True,False,,,,filter,59.91622733368442,10.582547767679687,
0,1150,2019-09-01T00:00:00,,False,,False,0001-01-01T00:00:00,100001811,94,,True,False,,,,filter,59.91673677441549,10.596069055745355,
1,1200,2024-07-01T00:00:00,,False,,False,0001-01-01T00:00:00,100005562,5,,True,False,,,,filter,59.889194601700886,10.511109610366013,
0,500,2024-01-01T00:00:00,,False,,False,0001-01-01T00:00:00,100005158,29,,True,False,,,,filter,59.893148802545575,10.632705087994145,
4,775,2024-11-01T00:00:00,,False,,False,0001-01-01T00:00:00,100005981,0,,False,True,,,,filter,59.90539013881825,10.4909645823148,
0,1300,2022-07-01T00:00:00,,False,,False,0001-01-01T00:00:00,100003616,344,,True,False,,,,filter,59.8930486916262,10.512551991985985,
0,500,2001-05-01T00:00:00,,False,,False,0001-01-01T00:00:00,1579,111,,True,False,,,,filter,59.919754384200644,10.589363480726249,
67,1000,2015-10-01T00:00:00,,False,,False,0001-01-01T00:00:00,1720,0,,False,True,,,,filter,59.9145253575131,10.589595558299068,
47,1000,2022-01-01T00:00:00,,False,,False,0001-01-01T00:00:00,100003228,0,,False,True,,,,filter,59.89377842363031,10.512729548061246,
8,1350,2023-11-01T00:00:00,,False,,False,0001-01-01T00:00:00,100004915,0,,False,True,,,,filter,59.925252717022495,10.492975108994605,
53,900,2013-11-01T00:00:00,,False,,False,0001-01-01T00:00:00,1690,0,,False,True,,,,filter,59.92069971006902,10.588855936335172,
21,1525,2014-07-01T00:00:00,,False,,False,0001-01-01T00:00:00,1716,0,,False,True,,,,filter,59.89465062768666,10.527026747907591,
0,1060,2021-06-01T00:00:00,,False,,False,0001-01-01T00:00:00,100002840,22,,True,False,,,,filter,59.89473843832854,10.512575646815007,
222,1000,2023-04-01T00:00:00,,False,,False,0001-01-01T00:00:00,100004432,0,,False,True,,,,filter,59.9210005835416,10.588299427597212,
61,1250,2018-01-01T00:00:00,,False,,False,0001-01-01T00:00:00,100000860,0,,False,True,,,,filter,59.94319092567428,10.615781676091906,
27,1000,2022-01-01T00:00:00,,False,,False,0001-01-01T00:00:00,100003214,0,,False,True,,,,filter,59.93967183274252,10.50951870060859,
0,950,2024-08-01T00:00:00,,False,,False,0001-01-01T00:00:00,100005650,12,,True,False,,,,filter,59.880311121799295,10.492002371004336,
1,900,2023-01-23T00:00:00,,False,,False,0001-01-01T00:00:00,100004295,0,,False,True,,,,filter,59.89632792889629,10.61343602475951,
0,1450,2023-03-01T00:00:00,,False,,False,0001-01-01T00:00:00,100004297,72,,True,False,,,,filter,59.8946002507921,10.52480717102774,
27,1200,2008-04-01T00:00:00,,False,,False,0001-01-01T00:00:00,1697,0,,False,True,,,,filter,59.918521124732,10.580426837853391,
196,1200,2010-06-01T00:00:00,,False,,False,0001-01-01T00:00:00,1577,0,,False,True,,,,filter,59.896757570559544,10.617978994351025,
0,1000,2024-04-01T00:00:00,,False,,False,0001-01-01T00:00:00,100005361,4,,True,False,,,,filter,59.881551953991334,10.49478261249627,
0,1200,2001-05-01T00:00:00,,False,,False,0001-01-01T00:00:00,1649,9,,True,False,,,,filter,59.94232298344857,10.506640765968339,
5,1000,2020-01-01T00:00:00,,False,,False,0001-01-01T00:00:00,100001972,0,,False,True,,,,filter,59.89086611467208,10.628349780051781,
65,1000,2001-05-01T00:00:00,,False,,False,0001-01-01T00:00:00,1607,0,,False,True,,,,filter,59.945076389029154,10.61469470606369,
58,1050,2001-05-01T00:00:00,,False,,False,0001-01-01T00:00:00,1606,0,,False,True,,,,filter,59.944650894460736,10.605726110070655,
6,1200,2021-07-01T00:00:00,,False,,False,0001-01-01T00:00:00,100002859,0,,False,True,,,,filter,59.89205585530829,10.524681565683226,
14,1300,2001-05-01T00:00:00,,False,,False,0001-01-01T00:00:00,1605,0,,False,True,,,,filter,59.941190491150266,10.60343278906435,
0,1000,2024-09-01T00:00:00,,False,,False,0001-01-01T00:00:00,100005751,36,,True,False,,,,filter,59.881709509399315,10.499180898766705,
101,1250,2018-03-01T00:00:00,,False,,False,0001-01-01T00:00:00,100000903,0,,False,True,,,,filter,59.94521323379614,10.61453889107584,
0,650,2025-10-01T00:00:00,,False,,False,0001-01-01T00:00:00,100006714,135,,True,False,,,,filter,59.9449738735181,10.49390947475306,
73,1250,2014-07-01T00:00:00,,False,,False,0001-01-01T00:00:00,1713,0,,False,True,,,,filter,59.91851798306376,10.584708572214131,
65,1250,2007-01-01T00:00:00,,False,,False,0001-01-01T00:00:00,1695,0,,False,True,,,,filter,59.94386025054381,10.602788145157625,
50,1200,2001-05-01T00:00:00,,False,,False,0001-01-01T00:00:00,1600,0,,False,True,,,,filter,59.91492001342838,10.60692091519626,
12,1200,2018-05-01T00:00:00,,False,,False,0001-01-01T00:00:00,100000911,0,,False,True,,,,filter,59.53316582102578,10.371195967007452,
0,1100,2025-08-01T00:00:00,,False,,False,0001-01-01T00:00:00,100006541,9,,True,False,,,,filter,59.94642541286672,10.504984980649981,
2,1450,2001-05-01T00:00:00,,False,,False,0001-01-01T00:00:00,1599,0,,False,True,,,,filter,59.892071743936974,10.62689395265093,
8,1050,2022-09-01T00:00:00,,False,,False,0001-01-01T00:00:00,100003709,0,,False,True,,,,filter,59.94155663215827,10.50995574854618,
0,1400,2023-03-01T00:00:00,,False,,False,0001-01-01T00:00:00,100004296,169,,True,False,,,,filter,59.89451258885506,10.521225719708484,
9,1000,2001-05-01T00:00:00,,False,,True,0001-01-01T00:00:00,1622,0,,False,True,,,,filter,59.94483612004805,10.613572843485068,
0,500,2024-12-01T00:00:00,,False,,False,0001-01-01T00:00:00,100006054,28,,True,False,,,,filter,59.90281605741145,10.505020445430635,
2,1600,2010-04-01T00:00:00,,False,,False,0001-01-01T00:00:00,1692,0,,False,True,,,,filter,59.88812011025553,10.51584134265259,
0,1000,2019-03-01T00:00:00,,False,,False,0001-01-01T00:00:00,100001505,8,,True,False,,,,filter,59.914189744314335,10.609599694514252,
0,1000,2014-09-01T00:00:00,,False,,False,0001-01-01T00:00:00,1714,263,,True,False,,,,filter,59.90443193066704,10.628819081867887,
56,1250,2014-10-01T00:00:00,,False,,True,0001-01-01T00:00:00,1696,0,,False,True,,,,filter,59.944824509876135,10.607377902511514,
78,1100,2014-01-01T00:00:00,,False,,False,0001-01-01T00:00:00,1691,0,,False,True,,,,filter,59.9141016431442,10.59368149866154,
0,1100,2024-09-01T00:00:00,,False,,False,0001-01-01T00:00:00,100005760,38,,True,False,,,,filter,59.926985663505675,10.491141940528482,
1,850,2020-11-01T00:00:00,,False,,False,0001-01-01T00:00:00,100002527,0,,False,True,,,,filter,59.93095256853604,10.442409960040147,
7,1400,2022-10-20T00:00:00,,False,,False,0001-01-01T00:00:00,100004008,0,,False,True,,,,filter,59.89386252541475,10.524395047898427,
22,800,2012-06-01T00:00:00,,False,,False,0001-01-01T00:00:00,1711,0,,False,True,,,,filter,59.88764768736352,10.513447489492922,
223,1150,2004-04-01T00:00:00,,False,,False,0001-01-01T00:00:00,1688,0,,False,True,,,,filter,59.531546469690774,10.362724372733712,
5,1400,2019-02-01T00:00:00,,False,,False,0001-01-01T00:00:00,100001426,0,,False,True,,,,filter,59.53432969283273,10.363275960841767,
0,1020,2023-03-01T00:00:00,,False,,False,0001-01-01T00:00:00,100004355,17,,True,False,,,,filter,59.92392051503977,10.486804447469368,
0,1250,2004-09-01T00:00:00,,False,,False,0001-01-01T00:00:00,1667,13,,True,False,,,,filter,59.88901629450151,10.521802787463887,
18,1100,2020-10-01T00:00:00,,False,,False,0001-01-01T00:00:00,100002454,0,,False,True,,,,filter,59.90217922517015,10.622654580176548,
0,500,2025-11-01T00:00:00,,False,,False,0001-01-01T00:00:00,100006776,344,,True,False,,,,filter,59.91012316940966,10.630947679289001,
0,1150,2001-05-01T00:00:00,,False,,False,0001-01-01T00:00:00,1636,0,,False,True,,,,filter,59.9417722341109,10.61330469819387,
11,1400,2005-02-01T00:00:00,,False,,False,0001-01-01T00:00:00,1672,0,,False,True,,,,filter,59.535627756009085,10.3728742656992,
5,930,2022-03-01T00:00:00,,False,,False,0001-01-01T00:00:00,100003340,0,,False,True,,,,filter,59.946060570660585,10.502371131020285,
0,1100,2001-05-01T00:00:00,,False,,False,0001-01-01T00:00:00,1638,42,,True,False,,,,filter,59.910895915175175,10.471540313153167,
0,500,2026-01-01T00:00:00,,False,,False,0001-01-01T00:00:00,100006907,249,,True,False,,,,filter,59.89255327846176,10.516015078655721,
66,1600,2008-05-01T00:00:00,,False,,False,0001-01-01T00:00:00,1573,0,,False,True,,,,filter,59.912211027476616,10.644876495828212,
0,1500,2001-05-01T00:00:00,,False,,False,0001-01-01T00:00:00,1640,19,,True,False,,,,filter,59.89231952090807,10.51882580157012,
46,1000,2020-01-01T00:00:00,,False,,False,0001-01-01T00:00:00,100001973,0,,False,True,,,,filter,59.89263777393486,10.624746799691827,
139,1050,2014-01-01T00:00:00,,False,,False,0001-01-01T00:00:00,1710,0,,False,True,,,,filter,59.90912029506483,10.603002227301436,
0,1350,2001-05-01T00:00:00,,False,,False,0001-01-01T00:00:00,1597,17,,True,False,,,,filter,59.88851847450831,10.493975947131428,
0,1250,2024-10-01T00:00:00,,False,,False,0001-01-01T00:00:00,100005832,168,,True,False,,,,filter,59.90953898508697,10.639630168790227,
10,1150,2023-04-01T00:00:00,,False,,False,0001-01-01T00:00:00,100004350,0,,False,True,,,,filter,59.89074718817109,10.525252799345974,
11,1250,2024-01-01T00:00:00,,False,,False,0001-01-01T00:00:00,100005121,0,,False,True,,,,filter,59.91544861715826,10.643551607794784,
0,500,2025-11-17T00:00:00,,False,,False,0001-01-01T00:00:00,100006831,393,,True,False,,,,filter,59.535494598472916,10.375244711202074,
0,1250,2016-05-01T00:00:00,,False,,False,0001-01-01T00:00:00,1721,62,,True,False,,,,filter,59.535322292462816,10.370430509351767,
23,1100,2020-05-01T00:00:00,,False,,False,0001-01-01T00:00:00,100002185,0,,False,True,,,,filter,59.91086339395273,10.610162748925164,
11,970,2024-10-01T00:00:00,,False,,False,0001-01-01T00:00:00,100005834,0,,False,True,,,,filter,59.94368092980121,10.51804077893561,
29,1200,2021-07-01T00:00:00,,False,,False,0001-01-01T00:00:00,100002873,0,,False,True,,,,filter,59.92581835896303,10.483182106069545,
60,1130,2016-09-01T00:00:00,,False,,False,0001-01-01T00:00:00,100000100,0,,False,True,,,,filter,59.894756543797115,10.616381977148224,
0,500,2022-04-14T00:00:00,,False,,False,0001-01-01T00:00:00,100003509,0,,False,True,,,,filter,59.90610751768412,10.503308028557296,
3,1500,2007-03-01T00:00:00,,False,,False,0001-01-01T00:00:00,1687,0,,False,True,,,,filter,59.89022774171898,10.511217559447761,
71,1050,2019-05-01T00:00:00,,False,,False,0001-01-01T00:00:00,100001571,0,,False,True,,,,filter,59.94101874956305,10.609607052951539,
0,500,2024-06-01T00:00:00,,False,,False,0001-01-01T00:00:00,100005530,293,,True,False,,,,filter,59.910751887260616,10.475993911346746,
0,1200,2011-07-01T00:00:00,,False,,False,0001-01-01T00:00:00,1704,15,,True,False,,,,filter,59.890263421955225,10.511990706199928,
0,1800,2022-06-01T00:00:00,,False,,False,0001-01-01T00:00:00,100003558,25,,True,False,,,,filter,59.89299966624472,10.632471745882457,
0,1000,2001-05-01T00:00:00,,False,,False,0001-01-01T00:00:00,1657,31,,True,False,,,,filter,59.88973774162515,10.504114270968746,
45,1000,2019-10-01T00:00:00,,False,,False,0001-01-01T00:00:00,100001846,0,,False,True,,,,filter,59.890712257353506,10.522157456119881,
0,1400,2008-01-01T00:00:00,,False,,False,0001-01-01T00:00:00,1683,67,,True,False,,,,filter,59.89329096595052,10.52278785361504,
6,1200,2001-05-01T00:00:00,,False,,False,0001-01-01T00:00:00,1658,0,,False,True,,,,filter,59.90602202539519,10.476038286306686,
2,1350,2015-01-01T00:00:00,,False,,False,0001-01-01T00:00:00,1717,0,,False,True,,,,filter,59.923667754352984,10.493863164911597,
39,1150,2018-04-01T00:00:00,,False,,False,0001-01-01T00:00:00,100000986,0,,False,True,,,,filter,59.90444876411585,10.493978804142014,
0,2500,2001-05-01T00:00:00,,False,,False,0001-01-01T00:00:00,1660,0,,False,True,,,,filter,59.89472298535784,10.52466726780728,
55,950,2022-09-01T00:00:00,,False,,False,0001-01-01T00:00:00,100003705,0,,False,True,,,,filter,59.91309127578466,10.589584048000848,
14,1000,2024-07-01T00:00:00,,False,,False,0001-01-01T00:00:00,100005559,0,,False,True,,,,filter,59.925277085710505,10.439043412461428,
0,1070,2023-01-01T00:00:00,,False,,False,0001-01-01T00:00:00,100004260,24,,True,False,,,,filter,59.947370436914554,10.509175539404218,
86,1000,2022-10-01T00:00:00,,False,,False,0001-01-01T00:00:00,100004000,0,,False,True,,,,filter,59.89652406215471,10.57401050800796,
0,1100,2017-01-01T00:00:00,,False,,False,0001-01-01T00:00:00,100000316,77,,True,False,,,,filter,59.897235227114,10.504838589610124,
258,1200,2012-12-01T00:00:00,,False,,False,0001-01-01T00:00:00,1705,0,,False,True,,,,filter,59.94328627640603,10.502116573125305,
6,1700,2016-01-01T00:00:00,,False,,False,0001-01-01T00:00:00,1718,0,,False,True,,,,filter,59.89249176194626,10.525003154969509,
0,600,2024-10-01T00:00:00,,False,,False,0001-01-01T00:00:00,100005886,103,,True,False,,,,filter,59.91386948884453,10.603330442710218,
0,1100,2001-09-01T00:00:00,,False,,False,0001-01-01T00:00:00,2142,15,,True,False,,,,filter,60.32692319346916,11.254490078545123,
0,850,2024-08-01T00:00:00,,False,,False,0001-01-01T00:00:00,100005698,170,,True,False,,,,filter,60.27958957689332,11.183659490442409,
15,1100,2025-11-13T00:00:00,,False,,False,0001-01-01T00:00:00,100006823,0,,False,True,,,,filter,60.283729592466734,11.178684796321397,
107,1200,2019-12-01T00:00:00,,False,,False,0001-01-01T00:00:00,100001942,0,,False,True,,,,filter,60.289050917482406,11.17665594060046,
44,1200,2011-04-01T00:00:00,,False,,False,0001-01-01T00:00:00,2148,0,,False,True,,,,filter,60.28430985222567,11.166225462781517,
37,1100,2023-03-01T00:00:00,,False,,False,0001-01-01T00:00:00,100004317,0,,False,True,,,,filter,60.27668378537625,11.176624780282214,
30,1200,2024-03-01T00:00:00,,False,,False,0001-01-01T00:00:00,100005216,0,,False,True,,,,filter,60.287457058701214,11.168304349969866,
0,1250,2024-12-01T00:00:00,,False,,False,0001-01-01T00:00:00,100006152,16,,True,False,,,,filter,60.32918999182811,11.26585657964856,
133,900,2010-04-01T00:00:00,,False,,False,0001-01-01T00:00:00,2154,0,,False,True,,,,filter,60.32401819350999,11.278523815525395,
98,1100,2015-09-01T00:00:00,,False,,False,0001-01-01T00:00:00,2159,0,,False,True,,,,filter,60.327087694881655,11.263009537797377,
145,1000,2016-10-01T00:00:00,,False,,False,0001-01-01T00:00:00,100000136,0,,False,True,,,,filter,60.326280894384944,11.257154574180122,
0,1050,2025-02-01T00:00:00,,False,,False,0001-01-01T00:00:00,100006202,60,,True,False,,,,filter,60.32697707232912,11.270332784374043,
26,900,2001-05-01T00:00:00,,False,,False,0001-01-01T00:00:00,2136,0,,False,True,,,,filter,60.28061649893665,11.172295514747887,
26,915,2009-12-01T00:00:00,,False,,False,0001-01-01T00:00:00,2146,0,,False,True,,,,filter,60.28206334065185,11.175777266451412,
187,1250,2016-11-01T00:00:00,,False,,False,0001-01-01T00:00:00,100000228,0,,False,True,,,,filter,60.32779141626117,11.276005074806331,
88,1100,2001-05-01T00:00:00,,False,,False,0001-01-01T00:00:00,2139,0,,False,True,,,,filter,60.27804469085836,11.180495791938222,
0,1100,2022-11-01T00:00:00,,False,,False,0001-01-01T00:00:00,100004078,2,,True,False,,,,filter,60.276649914000885,11.18040488702853,
0,1100,2020-02-01T00:00:00,,False,,False,0001-01-01T00:00:00,100002007,70,,True,False,,,,filter,60.27639636492843,11.171274525805233,
35,1050,2023-05-01T00:00:00,,False,,False,0001-01-01T00:00:00,100004499,0,,False,True,,,,filter,60.281073998525976,11.168516359663773,
13,1000,2023-05-01T00:00:00,,False,,False,0001-01-01T00:00:00,100004406,0,,False,True,,,,filter,60.283417598215216,11.174887534797787,
28,1500,2001-05-01T00:00:00,,False,,False,0001-01-01T00:00:00,2137,0,,False,True,,,,filter,60.28022716657049,11.182010489486345,
0,1000,2021-07-01T00:00:00,,False,,False,0001-01-01T00:00:00,100002889,6,,True,False,,,,filter,60.27746671714943,11.179164609171126,
0,1200,2023-09-01T00:00:00,,False,,False,0001-01-01T00:00:00,100004734,55,,True,False,,,,filter,60.32619623952427,11.265906710763277,
0,900,2021-09-01T00:00:00,,False,,False,0001-01-01T00:00:00,100003032,31,,True,False,,,,filter,60.329634366354284,11.254365934513444,
0,1200,2021-10-01T00:00:00,,False,,False,0001-01-01T00:00:00,100003066,21,,True,False,,,,filter,59.76625450077355,11.141440982053682,
0,860,2025-07-01T00:00:00,,False,,False,0001-01-01T00:00:00,100006257,111,,True,False,,,,filter,59.76583139828417,11.143046962770173,
7,800,2021-09-01T00:00:00,,False,,False,0001-01-01T00:00:00,100002937,0,,False,True,,,,filter,59.72576873608455,11.048581588160905,
16,1100,2006-01-01T00:00:00,,False,,False,0001-01-01T00:00:00,1888,0,,False,True,,,,filter,59.76660608589986,11.140290946431909,
0,1100,2015-06-01T00:00:00,,False,,False,0001-01-01T00:00:00,1891,14,,True,False,,,,filter,59.72334016160204,11.052978915128069,
4,900,2024-04-01T00:00:00,,False,,False,0001-01-01T00:00:00,100005368,0,,False,True,,,,filter,59.72363869612493,11.051387465090913,
2,1250,2001-06-01T00:00:00,,False,,False,0001-01-01T00:00:00,1884,0,,False,True,,,,filter,59.72072019795314,11.051776951075253,
107,860,2003-01-01T00:00:00,,False,,False,0001-01-01T00:00:00,1886,0,,False,True,,,,filter,59.761536850672805,11.149806445029323,
152,800,2002-09-01T00:00:00,,False,,False,0001-01-01T00:00:00,1883,0,,False,True,,,,filter,59.762590010454176,11.138955560234857,
0,350,2023-05-01T00:00:00,,False,,False,0001-01-01T00:00:00,100004508,48,,True,False,,,,filter,59.724827950583176,11.042242627932175,
17,1000,2025-05-01T00:00:00,,False,,False,0001-01-01T00:00:00,100006410,0,,False,True,,,,filter,59.65925154421424,10.631005122517383,
2,550,2024-10-01T00:00:00,,False,,False,0001-01-01T00:00:00,100005907,0,,False,True,,,,filter,59.670400702528205,10.652607858483382,
0,1000,2001-05-01T00:00:00,,False,,False,0001-01-01T00:00:00,1490,0,,False,True,,,,filter,59.660756373478506,10.63185728579029,
21,800,2006-06-01T00:00:00,,False,,False,0001-01-01T00:00:00,1498,0,,False,True,,,,filter,59.658456007965306,10.632211081780888,
4,1950,2001-07-01T00:00:00,,False,,False,0001-01-01T00:00:00,1497,0,,False,True,,,,filter,59.65840920247433,10.638341853647933,
0,1600,2020-03-01T00:00:00,,False,,False,0001-01-01T00:00:00,100002110,209,,True,False,,,,filter,59.67485294469509,10.654546337393997,
63,1200,2020-08-01T00:00:00,,False,,False,0001-01-01T00:00:00,100002298,0,,False,True,,,,filter,59.66929893692401,10.644098713668733,
19,1000,2016-08-01T00:00:00,,False,,False,0001-01-01T00:00:00,100000067,0,,False,True,,,,filter,59.662564926471724,10.62841434246843,
6,2200,2021-11-06T00:00:00,,False,,False,0001-01-01T00:00:00,100003165,0,,False,True,,,,filter,59.66050513632909,10.627473972204962,
6,800,2024-04-01T00:00:00,,False,,False,0001-01-01T00:00:00,100005372,0,,False,True,,,,filter,59.66719783496568,10.651352585178369,
3,1200,2019-11-01T00:00:00,,False,,False,0001-01-01T00:00:00,100001898,0,,False,True,,,,filter,59.6688311020883,10.628402672781425,
54,1000,2022-04-01T00:00:00,,False,,True,0001-01-01T00:00:00,100003511,0,,False,True,,,,filter,59.66930037450448,10.634663710516044,
4,800,2022-08-01T00:00:00,,False,,True,0001-01-01T00:00:00,100003695,0,,False,True,,,,filter,59.67173498142604,10.634663212132098,
42,1300,2004-10-01T00:00:00,,False,,False,0001-01-01T00:00:00,1499,0,,False,True,,,,filter,59.66301669479647,10.63425571851362,
0,800,2025-03-01T00:00:00,,False,,False,0001-01-01T00:00:00,100006191,5,,True,False,,,,filter,60.06564245109478,11.04354843874426,
0,1050,2013-08-01T00:00:00,,False,,False,0001-01-01T00:00:00,2030,45,,True,False,,,,filter,60.06944285851671,11.033512799343049,
0,1050,2019-10-01T00:00:00,,False,,False,0001-01-01T00:00:00,100001858,57,,True,False,,,,filter,60.06942588171909,11.040217866627732,
70,900,2001-05-01T00:00:00,,False,,False,0001-01-01T00:00:00,2025,0,,False,True,,,,filter,60.0687879757836,11.03830933479948,
54,900,2017-04-01T00:00:00,,False,,False,0001-01-01T00:00:00,100000431,0,,False,True,,,,filter,60.06303058708291,11.043292977740569,
25,1000,2001-05-01T00:00:00,,False,,False,0001-01-01T00:00:00,2028,0,,False,True,,,,filter,60.064688300644896,11.031340409047974,
9,1300,2017-07-01T00:00:00,,False,,False,0001-01-01T00:00:00,100000564,0,,False,True,,,,filter,60.062361471505994,11.042509220702057,
1,900,2012-07-01T00:00:00,,False,,False,0001-01-01T00:00:00,2032,0,,False,True,,,,filter,60.06774633585121,11.043340058756993,
22,600,2025-07-01T00:00:00,,False,,False,0001-01-01T00:00:00,100006520,0,,False,True,,,,filter,60.42789312689976,11.06700224480482,
0,500,2025-02-01T00:00:00,,False,,False,0001-01-01T00:00:00,100006172,137,,True,False,,,,filter,60.42584894040777,11.067562830438856,
0,400,2001-05-01T00:00:00,,False,,False,0001-01-01T00:00:00,2191,0,,False,True,,,,filter,60.429826515544526,11.062201529773665,
22,850,2015-08-01T00:00:00,,False,,False,0001-01-01T00:00:00,2193,0,,False,True,,,,filter,60.42727279222375,11.069546940551774,
0,740,2001-05-01T00:00:00,,False,,False,0001-01-01T00:00:00,2189,79,,True,False,,,,filter,60.42426275881308,11.064969956898354,
0,1100,2011-12-01T00:00:00,,False,,False,0001-01-01T00:00:00,3762,111,,True,False,,,,filter,60.23614237449421,10.385913079630736,
30,1100,2001-05-01T00:00:00,,False,,False,0001-01-01T00:00:00,3758,0,,False,True,,,,filter,60.240706545178234,10.392899974227971,
52,1000,2025-01-01T00:00:00,,False,,False,0001-01-01T00:00:00,100005992,0,,False,True,,,,filter,60.242464769914946,10.38505511343124,
0,800,2025-09-01T00:00:00,,False,,False,0001-01-01T00:00:00,100006542,64,,True,False,,,,filter,60.23694298129316,10.400970161539034,
0,1200,2014-09-01T00:00:00,,False,,False,0001-01-01T00:00:00,3764,0,,False,True,,,,filter,60.23469914060804,10.404029010442969,
0,1000,2024-08-01T00:00:00,,False,,False,0001-01-01T00:00:00,100005595,61,,True,False,,,,filter,60.237102749799156,10.38350455840781,
0,1000,2024-07-01T00:00:00,,False,,False,0001-01-01T00:00:00,100005605,213,,True,False,,,,filter,59.983821806767814,11.02205353235829,
0,1000,2024-07-01T00:00:00,,False,,False,0001-01-01T00:00:00,100005604,368,,True,False,,,,filter,59.98620178504268,11.023066327414124,
0,1000,2025-10-01T00:00:00,,False,,False,0001-01-01T00:00:00,100006708,6,,True,False,,,,filter,59.93066511364178,11.155601754025989,
401,1150,2016-07-01T00:00:00,,False,,False,0001-01-01T00:00:00,100000034,0,,False,True,,,,filter,59.94722931345444,11.004254412680886,
69,1250,2008-02-01T00:00:00,,False,,False,0001-01-01T00:00:00,1987,0,,False,True,,,,filter,59.96467703331424,11.065999006009765,
0,1400,2014-09-01T00:00:00,,False,,False,0001-01-01T00:00:00,1975,0,,False,True,,,,filter,59.954531175911534,11.01620808861985,
0,1350,2022-05-01T00:00:00,,False,,False,0001-01-01T00:00:00,100003522,0,,False,True,,,,filter,59.74309587379377,10.609568960288607,
178,1400,2018-01-01T00:00:00,,False,,False,0001-01-01T00:00:00,100000790,0,,False,True,,,,filter,59.9508506880255,11.051762409298558,
0,1165,2021-08-01T00:00:00,,False,,False,0001-01-01T00:00:00,100002918,31,,True,False,,,,filter,59.98454894264785,11.246849815472435,
0,1200,2018-08-01T00:00:00,,False,,False,0001-01-01T00:00:00,100001097,88,,True,False,,,,filter,59.98274583104993,11.023238862137408,
189,1200,2023-02-01T00:00:00,,False,,False,0001-01-01T00:00:00,100004230,0,,False,True,,,,filter,59.74470857302481,10.612823645871426,
160,1200,2008-09-01T00:00:00,,False,,False,0001-01-01T00:00:00,1854,0,,False,True,,,,filter,59.93080415560091,11.16877046242588,
0,1500,2001-05-01T00:00:00,,False,,False,0001-01-01T00:00:00,1962,6,,True,False,,,,filter,59.956513778538245,11.045590525748915,
2,1480,2010-02-01T00:00:00,,False,,False,0001-01-01T00:00:00,1988,0,,False,True,,,,filter,59.95115602200874,11.038526667232135,
55,1200,2025-03-04T00:00:00,,False,,False,0001-01-01T00:00:00,100006305,0,,False,True,,,,filter,59.95551310892302,11.047254288720715,
1,1100,2017-12-01T00:00:00,,False,,False,0001-01-01T00:00:00,100000770,0,,False,True,,,,filter,59.985074646760225,11.255088516702948,
10,1250,2001-05-01T00:00:00,,False,,False,0001-01-01T00:00:00,1952,0,,False,True,,,,filter,59.962296457678285,11.060435376289062,
125,1150,2024-01-01T00:00:00,,False,,False,0001-01-01T00:00:00,100005119,0,,False,True,,,,filter,59.95590801484048,11.05789127046604,
58,1250,2022-04-01T00:00:00,,False,,False,0001-01-01T00:00:00,100003445,0,,False,True,,,,filter,59.96421369183469,11.070518450012637,
0,900,2006-03-01T00:00:00,,False,,False,0001-01-01T00:00:00,1829,21,,True,False,,,,filter,59.9851187130495,11.252246677409827,
86,1300,2012-09-01T00:00:00,,False,,False,0001-01-01T00:00:00,1972,0,,False,True,,,,filter,59.951357582494616,11.042772095214085,
0,1700,2001-05-01T00:00:00,,False,,False,0001-01-01T00:00:00,1945,239,,True,False,,,,filter,59.96448192453221,11.040808740769759,
0,1250,2016-08-01T00:00:00,,False,,False,0001-01-01T00:00:00,100000055,628,,True,False,,,,filter,60.001322966946645,11.31529087660031,
120,1300,2014-12-01T00:00:00,,False,,True,0001-01-01T00:00:00,1859,0,,False,True,,,,filter,59.92649006031887,11.16744431216703,
53,1250,2019-09-01T00:00:00,,False,,False,0001-01-01T00:00:00,100001733,0,,False,True,,,,filter,59.96201393259892,11.06974843194553,
39,1300,2024-02-01T00:00:00,,False,,False,0001-01-01T00:00:00,100005193,0,,False,True,,,,filter,59.95508286902548,11.045231539580634,
1,1150,2021-05-01T00:00:00,,False,,False,0001-01-01T00:00:00,100002778,0,,False,True,,,,filter,59.98696464104214,11.250781183047545,
10,855,2023-11-01T00:00:00,,False,,False,0001-01-01T00:00:00,100005015,0,,False,True,,,,filter,59.98956071761354,11.253455434163433,
10,1200,2016-08-01T00:00:00,,False,,False,0001-01-01T00:00:00,100000064,0,,False,True,,,,filter,59.95004704625683,11.009568562853678,
350,1500,2020-02-01T00:00:00,,False,,False,0001-01-01T00:00:00,100002059,0,,False,True,,,,filter,59.9533964198935,11.0471358445555,
79,1000,2019-10-01T00:00:00,,False,,False,0001-01-01T00:00:00,100001825,0,,False,True,,,,filter,59.98692008693718,11.250159898763837,
106,1065,2018-12-01T00:00:00,,False,,False,0001-01-01T00:00:00,100001343,0,,False,True,,,,filter,59.98765909673963,11.25265877321107,
74,1200,2013-09-01T00:00:00,,False,,False,0001-01-01T00:00:00,1838,0,,False,True,,,,filter,59.986580493687335,11.24972630754001,
0,1000,2021-09-01T00:00:00,,False,,False,0001-01-01T00:00:00,100002955,20,,True,False,,,,filter,59.99002322412792,11.237932376474761,
0,1300,2015-07-01T00:00:00,,False,,False,0001-01-01T00:00:00,1980,4,,True,False,,,,filter,59.95186957260048,11.048460944649104,
122,1400,2015-05-01T00:00:00,,False,,False,0001-01-01T00:00:00,1989,0,,False,True,,,,filter,59.96717297672866,10.99707184511266,
51,950,2023-02-01T00:00:00,,False,,False,0001-01-01T00:00:00,100004322,0,,False,True,,,,filter,59.92883521557231,11.161150204401594,
9,1400,2003-10-01T00:00:00,,False,,False,0001-01-01T00:00:00,1976,0,,False,True,,,,filter,59.95746732199474,11.039340156953712,
0,1200,2023-09-01T00:00:00,,False,,False,0001-01-01T00:00:00,100004786,34,,True,False,,,,filter,59.955530942100076,11.044254064521889,
23,1000,2024-05-01T00:00:00,,False,,False,0001-01-01T00:00:00,100005479,0,,False,True,,,,filter,60.47377585747622,8.465148733240303,
0,1020,2024-01-24T00:00:00,,False,,False,0001-01-01T00:00:00,100005189,12,,True,False,,,,filter,59.9902279571711,11.243502121467186,
0,1275,2010-01-01T00:00:00,,False,,False,0001-01-01T00:00:00,1834,108,,True,False,,,,filter,60.02595894455743,11.102738698635202,
0,1400,2021-05-01T00:00:00,,False,,False,0001-01-01T00:00:00,100002805,314,,True,False,,,,filter,59.94963670376132,11.040753250272532,
22,1400,2001-05-01T00:00:00,,False,,False,0001-01-01T00:00:00,1946,0,,False,True,,,,filter,59.961581158781236,11.047314984744501,
0,1300,2008-10-01T00:00:00,,False,,False,0001-01-01T00:00:00,1830,146,,True,False,,,,filter,60.02685597441243,11.098242705887543,
0,1300,2023-09-01T00:00:00,,False,,False,0001-01-01T00:00:00,100004796,58,,True,False,,,,filter,59.95404108364548,11.046329498460253,
168,1200,2022-07-01T00:00:00,,False,,False,0001-01-01T00:00:00,100003615,0,,False,True,,,,filter,59.97088264810907,10.999788537849872,
220,1200,2002-10-01T00:00:00,,False,,False,0001-01-01T00:00:00,1938,0,,False,True,,,,filter,59.97088222178051,11.001128506456713,
0,1800,2003-04-01T00:00:00,,False,,False,0001-01-01T00:00:00,1965,27,,True,False,,,,filter,59.9464012730456,11.011368711227577,
5,1350,2001-07-01T00:00:00,,False,,False,0001-01-01T00:00:00,1970,0,,False,True,,,,filter,59.739780224831215,10.605477212709118,
0,1900,2001-05-01T00:00:00,,False,,False,0001-01-01T00:00:00,1944,39,,True,False,,,,filter,59.949220723892964,11.008909642528325,
14,500,2024-01-01T00:00:00,,False,,False,0001-01-01T00:00:00,100005160,0,,False,True,,,,filter,59.95026350421404,11.021951358632448,
0,1250,2001-05-01T00:00:00,,False,,False,0001-01-01T00:00:00,1955,4,,True,False,,,,filter,59.96158057610397,11.064133789614697,
0,1300,2025-07-01T00:00:00,,False,,False,0001-01-01T00:00:00,100006534,53,,True,False,,,,filter,59.743282396697126,10.608406427815165,
0,1250,2013-09-01T00:00:00,,False,,False,0001-01-01T00:00:00,1984,28,,True,False,,,,filter,59.965921574002365,11.067201988024882,
9,1000,2024-02-01T00:00:00,,False,,False,0001-01-01T00:00:00,100005210,0,,False,True,,,,filter,60.02067108042945,11.101462600877337,
157,1500,2007-03-01T00:00:00,,False,,False,0001-01-01T00:00:00,1986,0,,False,True,,,,filter,59.952789978962606,11.046252300335265,
0,1500,2007-10-01T00:00:00,,False,,False,0001-01-01T00:00:00,1978,321,,True,False,,,,filter,59.98868006235676,11.033121674015183,
0,1200,2013-07-01T00:00:00,,False,,False,0001-01-01T00:00:00,1837,171,,True,False,,,,filter,60.025374295949725,11.095509483372089,
0,1500,2001-05-01T00:00:00,,False,,False,0001-01-01T00:00:00,1941,10,,True,False,,,,filter,59.94962512128973,11.006118367332723,
194,1600,2013-09-01T00:00:00,,False,,True,0001-01-01T00:00:00,1858,0,,False,True,,,,filter,59.92936432753297,11.168268817730032,
0,1400,2019-03-01T00:00:00,,False,,False,0001-01-01T00:00:00,100001486,38,,True,False,,,,filter,59.96466025986111,11.065398005379699,
0,1250,2023-10-01T00:00:00,,False,,False,0001-01-01T00:00:00,100004958,42,,True,False,,,,filter,59.96895348067868,10.999269954796821,
0,500,2026-03-01T00:00:00,,False,,False,0001-01-01T00:00:00,100006973,500,,True,False,,,,filter,59.95378861547923,11.051717953044035,
31,1050,2005-07-01T00:00:00,,False,,False,0001-01-01T00:00:00,1936,0,,False,True,,,,filter,59.95975694133019,11.054137822601204,
3,1200,2007-08-01T00:00:00,,False,,False,0001-01-01T00:00:00,1982,0,,False,True,,,,filter,60.02801046440102,11.102167195010198,
55,1350,2019-08-01T00:00:00,,False,,False,0001-01-01T00:00:00,100001686,0,,False,True,,,,filter,59.739095887005064,10.600591842816476,
84,1400,2020-07-01T00:00:00,,False,,True,0001-01-01T00:00:00,100002275,0,,False,True,,,,filter,59.93028510128569,11.16252801874032,
51,1500,2020-06-01T00:00:00,,False,,False,0001-01-01T00:00:00,100002248,0,,False,True,,,,filter,59.96567817578801,11.00523329153729,
122,1000,2016-01-01T00:00:00,,False,,False,0001-01-01T00:00:00,1840,0,,False,True,,,,filter,59.988726658188185,11.238818654463989,
80,1250,2020-10-01T00:00:00,,False,,False,0001-01-01T00:00:00,100002442,0,,False,True,,,,filter,59.96142726790296,11.060494018027073,
27,1350,2024-03-01T00:00:00,,False,,False,0001-01-01T00:00:00,100005223,0,,False,True,,,,filter,59.739261346050974,10.602493333373669,
0,1400,2001-05-01T00:00:00,,False,,False,0001-01-01T00:00:00,1847,234,,True,False,,,,filter,59.930044538866134,11.158152292750973,
86,1000,2020-02-01T00:00:00,,False,,False,0001-01-01T00:00:00,100002050,0,,False,True,,,,filter,59.98307496228481,11.238252786999093,
174,1350,2018-10-01T00:00:00,,False,,False,0001-01-01T00:00:00,100001247,0,,False,True,,,,filter,59.740695693598184,10.605012686201556,
82,1400,2014-12-01T00:00:00,,False,,False,0001-01-01T00:00:00,1981,0,,False,True,,,,filter,59.94812239569495,11.044661262564347,
1,1200,2018-01-01T00:00:00,,False,,False,0001-01-01T00:00:00,100000803,0,,False,True,,,,filter,59.97015746417984,11.002640107236266,
0,1600,2001-05-01T00:00:00,,False,,True,0001-01-01T00:00:00,1852,0,,False,True,,,,filter,59.92403570333315,11.16424789364847,
50,1200,2012-12-01T00:00:00,,False,,False,0001-01-01T00:00:00,1992,0,,False,True,,,,filter,60.0254445057501,11.097402450303253,
10,1500,2020-06-01T00:00:00,,False,,False,0001-01-01T00:00:00,100002217,0,,False,True,,,,filter,59.92314251630524,10.962766469308912,
208,1200,2020-04-01T00:00:00,,False,,False,0001-01-01T00:00:00,100002152,0,,False,True,,,,filter,59.93442065239214,10.93445411592245,
0,1400,2013-06-01T00:00:00,,False,,False,0001-01-01T00:00:00,1925,0,,False,True,,,,filter,59.90892940615004,10.957094641569114,
0,2150,2012-12-01T00:00:00,,False,,False,0001-01-01T00:00:00,1929,38,,True,False,,,,filter,59.9229376471631,10.959199352881711,
54,1200,2001-05-01T00:00:00,,False,,False,0001-01-01T00:00:00,1903,0,,False,True,,,,filter,59.92677354755592,10.940712365394624,
79,500,2024-01-01T00:00:00,,False,,False,0001-01-01T00:00:00,100005153,0,,False,True,,,,filter,59.92728364818181,10.953137649547331,
132,700,2001-05-01T00:00:00,,False,,False,0001-01-01T00:00:00,1913,0,,False,True,,,,filter,59.938278441681305,10.98569322383655,
41,1280,2001-05-01T00:00:00,,False,,False,0001-01-01T00:00:00,1912,0,,False,True,,,,filter,59.93942103965772,10.98279266338881,
21,1000,2001-05-01T00:00:00,,False,,False,0001-01-01T00:00:00,1915,0,,False,True,,,,filter,59.935845607627854,10.993557875379183,
206,630,2024-05-01T00:00:00,,False,,False,0001-01-01T00:00:00,100005468,0,,False,True,,,,filter,59.938333307101615,10.988123700879267,
3,1700,2022-06-27T00:00:00,,False,,False,0001-01-01T00:00:00,100003667,0,,False,True,,,,filter,59.92306929259621,10.965569190949557,
357,1320,2013-08-01T00:00:00,,False,,False,0001-01-01T00:00:00,1927,0,,False,True,,,,filter,59.92604733093963,10.95615051361678,
0,1350,2001-05-01T00:00:00,,False,,False,0001-01-01T00:00:00,1900,0,,False,True,,,,filter,59.923657038859936,10.939003570507438,
0,1100,2025-05-01T00:00:00,,False,,False,0001-01-01T00:00:00,100006198,65,,True,False,,,,filter,59.92215148535244,10.93787474384036,
0,500,2026-02-01T00:00:00,,False,,False,0001-01-01T00:00:00,100006982,38,,True,False,,,,filter,59.92747923556182,10.956115397591114,
81,1000,2024-05-01T00:00:00,,False,,False,0001-01-01T00:00:00,100005466,0,,False,True,,,,filter,59.93671886622322,10.991748687573242,
427,1250,2018-09-01T00:00:00,,False,,False,0001-01-01T00:00:00,100001179,0,,False,True,,,,filter,59.94298187533295,10.984105214600056,
3,500,2022-11-10T00:00:00,,False,,False,0001-01-01T00:00:00,100004089,0,,False,True,,,,filter,59.924219096382224,10.950811693437737,
0,800,2025-11-01T00:00:00,,False,,False,0001-01-01T00:00:00,100006613,638,,True,False,,,,filter,59.92411181132056,10.948084395907493,
392,1250,2012-05-01T00:00:00,,False,,False,0001-01-01T00:00:00,1931,0,,False,True,,,,filter,59.93867055040431,10.974606848538603,
229,1300,2013-01-01T00:00:00,,False,,False,0001-01-01T00:00:00,1932,0,,False,True,,,,filter,59.90896420062428,10.958796706491512,
167,1400,2019-11-01T00:00:00,,False,,False,0001-01-01T00:00:00,100001899,0,,False,True,,,,filter,59.91480519322806,10.960896829772684,
8,1250,2001-05-01T00:00:00,,False,,False,0001-01-01T00:00:00,1901,0,,False,True,,,,filter,59.922313903867376,10.938253326780584,
0,1200,2021-03-01T00:00:00,,False,,False,0001-01-01T00:00:00,100002706,4,,True,False,,,,filter,59.92214988354691,10.95053829075568,
9,1400,2022-11-01T00:00:00,,False,,False,0001-01-01T00:00:00,100004051,0,,False,True,,,,filter,59.94172751197154,10.982254203050612,
197,1200,2019-09-01T00:00:00,,False,,False,0001-01-01T00:00:00,100001746,0,,False,True,,,,filter,59.92447833850636,10.95730879113311,
0,1400,2020-09-01T00:00:00,,False,,False,0001-01-01T00:00:00,100002380,0,,False,True,,,,filter,59.93996660663352,10.988834281030702,
0,1500,2023-01-01T00:00:00,,False,,False,0001-01-01T00:00:00,100004138,855,,True,False,,,,filter,59.926866169690534,10.957773820145333,
50,1350,2023-06-01T00:00:00,,False,,False,0001-01-01T00:00:00,100004539,0,,False,True,,,,filter,59.936925706831914,10.977914477852186,
0,1000,2023-09-01T00:00:00,,False,,False,0001-01-01T00:00:00,100004717,126,,True,False,,,,filter,59.9357674008524,10.944319240262747,
7,2050,2020-09-01T00:00:00,,False,,False,0001-01-01T00:00:00,100002346,0,,False,True,,,,filter,59.922900343735535,10.94940102571816,
7,1300,2019-10-01T00:00:00,,False,,False,0001-01-01T00:00:00,100001837,0,,False,True,,,,filter,59.929789066404595,10.956046924124605,
11,1100,2002-08-01T00:00:00,,False,,False,0001-01-01T00:00:00,1917,0,,False,True,,,,filter,59.92357208703672,10.94456561486573,
4,1450,2019-06-01T00:00:00,,False,,False,0001-01-01T00:00:00,100001634,0,,False,True,,,,filter,59.916151786087546,10.956695114938281,
24,1300,2006-02-01T00:00:00,,False,,False,0001-01-01T00:00:00,1918,0,,False,True,,,,filter,59.92987457753957,10.9576274155014,
0,1500,2016-02-01T00:00:00,,False,,False,0001-01-01T00:00:00,1933,222,,True,False,,,,filter,59.934628557787086,10.938141118934665,
298,1250,2020-06-01T00:00:00,,False,,False,0001-01-01T00:00:00,100002227,0,,False,True,,,,filter,59.92796413798613,10.950224331545076,
5,800,2024-10-01T00:00:00,,False,,False,0001-01-01T00:00:00,100005871,0,,False,True,,,,filter,60.20575678487936,10.722683285503685,
39,800,2022-12-01T00:00:00,,False,,False,0001-01-01T00:00:00,100004092,0,,False,True,,,,filter,60.206780874000714,10.707232635379267,
0,900,2001-05-01T00:00:00,,False,,False,0001-01-01T00:00:00,3771,29,,True,False,,,,filter,60.203350455078926,10.713391742229764,
0,800,2021-09-01T00:00:00,,False,,False,0001-01-01T00:00:00,100003069,20,,True,False,,,,filter,60.293051282994064,10.611560016170204,
63,1000,2025-09-01T00:00:00,,False,,False,0001-01-01T00:00:00,100006651,0,,False,True,,,,filter,60.297422957166255,10.609499128982824,
3,640,2023-08-01T00:00:00,,False,,False,0001-01-01T00:00:00,100004677,0,,False,True,,,,filter,60.20455702243479,10.720586648767814,
0,800,2025-11-01T00:00:00,,False,,False,0001-01-01T00:00:00,100006794,49,,True,False,,,,filter,60.2062167618256,10.706382527525022,
19,640,2024-05-01T00:00:00,,False,,False,0001-01-01T00:00:00,100005503,0,,False,True,,,,filter,60.293996868065314,10.605374847374081,
19,800,2024-08-01T00:00:00,,False,,False,0001-01-01T00:00:00,100005649,0,,False,True,,,,filter,60.29241188329338,10.598696884194656,
174,800,2022-07-01T00:00:00,,False,,False,0001-01-01T00:00:00,100003795,0,,False,True,,,,filter,60.203576158949325,10.71799956069776,
0,1000,2001-05-01T00:00:00,,False,,False,0001-01-01T00:00:00,3773,178,,True,False,,,,filter,60.29249347416727,10.612671894237918,
0,1200,2002-01-01T00:00:00,,False,,False,0001-01-01T00:00:00,2176,12,,True,False,,,,filter,60.25702136937194,11.037639415850029,
0,850,2025-06-01T00:00:00,,False,,False,0001-01-01T00:00:00,100006376,133,,True,False,,,,filter,60.25839623948537,11.026257530740507,
35,700,2023-03-01T00:00:00,,False,,False,0001-01-01T00:00:00,100004376,0,,False,True,,,,filter,60.14010223513852,11.041308005186687,
21,1500,2024-03-01T00:00:00,,False,,False,0001-01-01T00:00:00,100005288,0,,False,True,,,,filter,60.25626263450921,11.028098336879212,
0,800,2022-11-01T00:00:00,,False,,False,0001-01-01T00:00:00,100004068,7,,True,False,,,,filter,60.221089405861996,11.018142889830907,
16,850,2011-02-01T00:00:00,,False,,False,0001-01-01T00:00:00,2182,0,,False,True,,,,filter,60.13908466966745,11.031865781366111,
0,800,2022-01-01T00:00:00,,False,,False,0001-01-01T00:00:00,100003247,21,,True,False,,,,filter,60.21842563351207,11.012255630559514,
91,750,2020-03-01T00:00:00,,False,,False,0001-01-01T00:00:00,100002054,0,,False,True,,,,filter,60.216178140760945,11.017689354206016,
45,800,2022-09-01T00:00:00,,False,,False,0001-01-01T00:00:00,100003882,0,,False,True,,,,filter,60.2157369993378,11.017460947410902,
103,850,2016-03-01T00:00:00,,False,,False,0001-01-01T00:00:00,2185,0,,False,True,,,,filter,60.140026868775806,11.046659141397763,
0,750,2023-09-01T00:00:00,,False,,False,0001-01-01T00:00:00,100004714,0,,False,True,,,,filter,60.22103683124787,11.011222089953572,
5,1200,2023-02-01T00:00:00,,False,,False,0001-01-01T00:00:00,100004267,0,,False,True,,,,filter,60.25648255245722,11.036028083395626,
0,800,2023-11-01T00:00:00,,False,,False,0001-01-01T00:00:00,100004963,115,,True,False,,,,filter,60.21964512697013,11.011231222201072,
62,1200,2012-07-01T00:00:00,,False,,False,0001-01-01T00:00:00,2181,0,,False,True,,,,filter,60.13666943474063,11.04746263490153,
23,700,2025-03-01T00:00:00,,False,,False,0001-01-01T00:00:00,100006195,0,,False,True,,,,filter,60.1354120443213,11.046467252594976,
0,1200,2020-12-01T00:00:00,,False,,False,0001-01-01T00:00:00,100002556,442,,True,False,,,,filter,60.1520680721539,11.42010238527476,
0,1300,2025-01-01T00:00:00,,False,,False,0001-01-01T00:00:00,100006122,36,,True,False,,,,filter,60.11890463194067,11.481343842559701,
15,1200,2001-05-01T00:00:00,,False,,False,0001-01-01T00:00:00,2105,0,,False,True,,,,filter,60.118276217848546,11.481508128921094,
0,1500,2006-03-01T00:00:00,,False,,False,0001-01-01T00:00:00,2112,26,,True,False,,,,filter,60.119910428864564,11.485119769814597,
82,1200,2019-09-01T00:00:00,,False,,False,0001-01-01T00:00:00,100001845,0,,False,True,,,,filter,60.12027902191429,11.466578688860189,
119,700,2022-04-01T00:00:00,,False,,False,0001-01-01T00:00:00,100003462,0,,False,True,,,,filter,60.12387662300526,11.470817055341126,
209,800,2019-01-01T00:00:00,,False,,False,0001-01-01T00:00:00,100001397,0,,False,True,,,,filter,60.12391357308934,11.474766059333888,
0,1200,2024-07-01T00:00:00,,False,,False,0001-01-01T00:00:00,100005632,3,,True,False,,,,filter,60.115606378909696,11.47824472763672,
0,1200,2001-05-01T00:00:00,,False,,False,0001-01-01T00:00:00,2104,20,,True,False,,,,filter,60.118412278974716,11.471589623326336,
0,1200,2004-09-01T00:00:00,,False,,False,0001-01-01T00:00:00,2115,288,,True,False,,,,filter,60.12901142944208,11.469644814852751,
281,1100,2015-03-01T00:00:00,,False,,False,0001-01-01T00:00:00,2121,0,,False,True,,,,filter,60.12778619948762,11.470255781238244,
479,1300,2010-09-01T00:00:00,,False,,False,0001-01-01T00:00:00,2118,0,,False,True,,,,filter,60.12186710004169,11.476381174767141,
39,500,2023-09-01T00:00:00,,False,,False,0001-01-01T00:00:00,100004787,0,,False,True,,,,filter,60.12556624622423,11.462023773878721,
202,850,2024-04-01T00:00:00,,False,,False,0001-01-01T00:00:00,100005362,0,,False,True,,,,filter,60.12277169384553,11.46898769703489,
16,1100,2015-06-01T00:00:00,,False,,False,0001-01-01T00:00:00,2122,0,,False,True,,,,filter,60.125241902173094,11.472385574636538,
43,1100,2004-09-01T00:00:00,,False,,False,0001-01-01T00:00:00,2114,0,,False,True,,,,filter,60.12610957002844,11.46412184181911,
0,1150,,,False,,False,0001-01-01T00:00:00,100006123,265,,True,False,,,,filter,60.12862757205964,11.47125408664067,
0,1400,2019-10-01T00:00:00,,False,,False,0001-01-01T00:00:00,100001860,99,,True,False,,,,filter,60.12294263026091,11.472925584565035,
0,850,2021-04-01T00:00:00,,False,,False,0001-01-01T00:00:00,100002752,67,,True,False,,,,filter,60.14837091379763,11.408564208421824,
281,700,2024-02-01T00:00:00,,False,,False,0001-01-01T00:00:00,100005236,0,,False,True,,,,filter,60.12479784228255,11.467648030419078,
107,1150,2022-04-01T00:00:00,,False,,False,0001-01-01T00:00:00,100003459,0,,False,True,,,,filter,59.842350963377974,10.651336609036328,
6,1500,2007-08-01T00:00:00,,False,,False,0001-01-01T00:00:00,1520,0,,False,True,,,,filter,59.74454819935566,10.608745937244654,
18,1200,2024-03-01T00:00:00,,False,,False,0001-01-01T00:00:00,100005217,0,,False,True,,,,filter,59.744110741928154,10.605245399638942,
1,1250,2016-05-01T00:00:00,,False,,False,0001-01-01T00:00:00,1523,0,,False,True,,,,filter,59.748474255413086,10.61021822928391,
23,1000,2005-10-01T00:00:00,,False,,False,0001-01-01T00:00:00,1518,0,,False,True,,,,filter,59.74612847864839,10.609678873549212,
16,1600,2004-04-01T00:00:00,,False,,False,0001-01-01T00:00:00,1517,0,,False,True,,,,filter,59.83974389173702,10.6441384317129,
3,1100,2014-04-01T00:00:00,,False,,False,0001-01-01T00:00:00,1527,0,,False,True,,,,filter,59.85091864831895,10.654742543181847,
225,1000,2020-08-01T00:00:00,,False,,False,0001-01-01T00:00:00,100002292,0,,False,True,,,,filter,59.85684022696601,10.659602579026856,
0,1000,2026-01-01T00:00:00,,False,,False,0001-01-01T00:00:00,100006865,27,,True,False,,,,filter,59.837530222253825,10.65032425881887,
156,900,2018-01-01T00:00:00,,False,,False,0001-01-01T00:00:00,100000815,0,,False,True,,,,filter,59.857290489168996,10.663754071036246,
22,1100,2022-09-01T00:00:00,,False,,False,0001-01-01T00:00:00,100003702,0,,False,True,,,,filter,59.85516521366189,10.663995156826141,
0,1200,2024-05-01T00:00:00,,False,,False,0001-01-01T00:00:00,100005443,5,,True,False,,,,filter,59.84286563237182,10.645883251505532,
161,1200,2011-01-01T00:00:00,,False,,False,0001-01-01T00:00:00,1524,0,,False,True,,,,filter,59.84198842772881,10.643026755882863,
135,1500,2018-02-01T00:00:00,,False,,False,0001-01-01T00:00:00,100000829,0,,False,True,,,,filter,59.850679283675255,10.660488499291882,
50,900,2001-05-01T00:00:00,,False,,False,0001-01-01T00:00:00,1508,0,,False,True,,,,filter,59.85357827599183,10.66598862459307,
98,970,2001-05-01T00:00:00,,False,,False,0001-01-01T00:00:00,1511,0,,False,True,,,,filter,59.85326701326178,10.654374022980829,
14,1000,2025-07-01T00:00:00,,False,,False,0001-01-01T00:00:00,100006523,0,,False,True,,,,filter,59.74727248491453,10.610539310836488,
208,1400,2005-06-01T00:00:00,,False,,False,0001-01-01T00:00:00,1516,0,,False,True,,,,filter,59.83824632079183,10.646134514326228,
0,1000,2024-03-01T00:00:00,,False,,False,0001-01-01T00:00:00,100005326,15,,True,False,,,,filter,60.08760729746118,10.877494889087709,
121,1450,2001-05-01T00:00:00,,False,,False,0001-01-01T00:00:00,2002,0,,False,True,,,,filter,59.87066640362853,10.804737592977425,
192,1450,2001-05-01T00:00:00,,False,,False,0001-01-01T00:00:00,2003,0,,False,True,,,,filter,59.87438212677914,10.814661166027344,
58,850,2024-01-01T00:00:00,,False,,False,0001-01-01T00:00:00,100005110,0,,False,True,,,,filter,60.046361090755006,10.878663749745401,
95,1800,2004-03-01T00:00:00,,False,,False,0001-01-01T00:00:00,2013,0,,False,True,,,,filter,59.87152825533913,10.80711818493455,
0,1200,2023-01-19T00:00:00,,False,,False,0001-01-01T00:00:00,100004259,30,,True,False,,,,filter,60.08990868513351,10.872749311318126,
0,1000,2024-10-28T00:00:00,,False,,False,0001-01-01T00:00:00,100005934,10,,True,False,,,,filter,60.09030855237181,10.865016392847872,
155,1200,2007-09-01T00:00:00,,False,,False,0001-01-01T00:00:00,2015,0,,False,True,,,,filter,60.05241869821236,10.87582127949932,
8,1200,2015-10-01T00:00:00,,False,,False,0001-01-01T00:00:00,2019,0,,False,True,,,,filter,60.089583398611545,10.864053824123229,
70,1400,2001-05-01T00:00:00,,False,,False,0001-01-01T00:00:00,2008,0,,False,True,,,,filter,59.86738366222807,10.813319718625195,
227,1450,2015-02-01T00:00:00,,False,,False,0001-01-01T00:00:00,2022,0,,False,True,,,,filter,60.050897984809176,10.872694888182812,
14,850,2022-06-01T00:00:00,,False,,False,0001-01-01T00:00:00,100003592,0,,False,True,,,,filter,60.04193140770209,10.886065052727336,
249,1200,2013-06-01T00:00:00,,False,,False,0001-01-01T00:00:00,2021,0,,False,True,,,,filter,60.052413931684534,10.868467649326318,
159,1200,2004-10-01T00:00:00,,False,,False,0001-01-01T00:00:00,2012,0,,False,True,,,,filter,60.054523307134396,10.8694697149947,
184,1450,2001-05-01T00:00:00,,False,,False,0001-01-01T00:00:00,2001,0,,False,True,,,,filter,59.86849720165161,10.804027812375933,
11,1050,2024-08-19T00:00:00,,False,,False,0001-01-01T00:00:00,100005594,0,,False,True,,,,filter,60.08724040259672,10.868960886704295,
0,1400,2001-05-01T00:00:00,,False,,False,0001-01-01T00:00:00,2009,22,,True,False,,,,filter,60.00782649709465,10.922351144527438,
105,750,2001-05-01T00:00:00,,False,,False,0001-01-01T00:00:00,2006,0,,False,True,,,,filter,60.05363836175153,10.870740763879741,
172,1200,2013-06-01T00:00:00,,False,,False,0001-01-01T00:00:00,2020,0,,False,True,,,,filter,60.05515672502425,10.863699569319499,
27,1250,2018-06-01T00:00:00,,False,,False,0001-01-01T00:00:00,100001024,0,,False,True,,,,filter,59.72050284353158,10.841640707300542,
30,210,2024-02-01T00:00:00,,False,,True,0001-01-01T00:00:00,100005186,0,,False,True,,,,filter,59.72543785559953,10.845516397806328,
35,1530,2022-06-01T00:00:00,,False,,False,0001-01-01T00:00:00,100003568,0,,False,True,,,,filter,59.76846628583876,10.853432393920516,
49,205,2024-09-01T00:00:00,,False,,False,0001-01-01T00:00:00,100005739,0,,False,True,,,,filter,59.72665541364315,10.84554250064502,
58,1200,2010-01-01T00:00:00,,False,,False,0001-01-01T00:00:00,1454,0,,False,True,,,,filter,59.72053098955339,10.848812313349656,
0,2050,2016-07-01T00:00:00,,False,,False,0001-01-01T00:00:00,100000051,7,,True,False,,,,filter,59.720106723601496,10.838141892499513,
72,1400,2009-01-01T00:00:00,,False,,False,0001-01-01T00:00:00,1563,0,,False,True,,,,filter,59.80834173841123,10.794295604922304,
50,1200,2016-11-01T00:00:00,,False,,False,0001-01-01T00:00:00,100000218,0,,False,True,,,,filter,59.717833667919464,10.83752533264214,
140,476,2012-04-01T00:00:00,,False,,False,0001-01-01T00:00:00,1559,0,,False,True,,,,filter,59.770029567139744,10.800772777099251,
0,1100,2001-05-01T00:00:00,,False,,False,0001-01-01T00:00:00,1540,9,,True,False,,,,filter,59.81378897424202,10.779917692168022,
157,1120,2017-03-01T00:00:00,,False,,False,0001-01-01T00:00:00,100000359,0,,False,True,,,,filter,59.80745333397709,10.800996918182278,
57,305,2023-10-01T00:00:00,,False,,True,0001-01-01T00:00:00,100004931,0,,False,True,,,,filter,59.729927926307894,10.844699608222403,
38,1000,2017-08-01T00:00:00,,False,,False,0001-01-01T00:00:00,100000570,0,,False,True,,,,filter,59.817994954181465,10.76987629564167,
55,305,2023-03-01T00:00:00,,False,,True,0001-01-01T00:00:00,100004340,0,,False,True,,,,filter,59.72719201853886,10.851152192153105,
20,1100,2001-11-01T00:00:00,,False,,False,0001-01-01T00:00:00,1534,0,,False,True,,,,filter,59.77587879880494,10.80419688594575,
221,1150,2019-01-01T00:00:00,,False,,False,0001-01-01T00:00:00,100001375,0,,False,True,,,,filter,59.80688100125296,10.797812538349888,
4,200,2024-08-01T00:00:00,,False,,True,0001-01-01T00:00:00,100005715,0,,False,True,,,,filter,59.72512444846011,10.848958992293555,
5,250,2024-02-01T00:00:00,,False,,True,0001-01-01T00:00:00,100005187,0,,False,True,,,,filter,59.726076550262434,10.83796200275163,
204,1350,2011-02-01T00:00:00,,False,,False,0001-01-01T00:00:00,1458,0,,False,True,,,,filter,59.71892593811746,10.838055962396446,
17,1400,2012-02-01T00:00:00,,False,,False,0001-01-01T00:00:00,1463,0,,False,True,,,,filter,59.71687028687049,10.839569310421608,
59,1200,2020-07-01T00:00:00,,False,,False,0001-01-01T00:00:00,100002259,0,,False,True,,,,filter,59.72026534458458,10.845401117139328,
0,1000,2025-03-01T00:00:00,,False,,False,0001-01-01T00:00:00,100006212,0,,False,True,,,,filter,59.819572125590064,10.769747447569397,
0,305,2019-07-01T00:00:00,,False,,True,0001-01-01T00:00:00,100001663,6,,True,False,,,,filter,59.723318128123836,10.837976967940747,
0,1400,2007-07-01T00:00:00,,False,,False,0001-01-01T00:00:00,1429,3,,True,False,,,,filter,59.75426575067024,10.85323049319023,
18,1125,2025-02-01T00:00:00,,False,,False,0001-01-01T00:00:00,100006092,0,,False,True,,,,filter,59.71652897891848,10.842327730290858,
6,200,2025-06-01T00:00:00,,False,,True,0001-01-01T00:00:00,100006467,0,,False,True,,,,filter,59.723214157878715,10.843458615312873,
65,1450,2014-09-01T00:00:00,,False,,False,0001-01-01T00:00:00,1569,0,,False,True,,,,filter,59.8103563132884,10.806000618084369,
56,1350,2020-05-01T00:00:00,,False,,False,0001-01-01T00:00:00,100002182,0,,False,True,,,,filter,59.71604173284533,10.834173547207032,
94,1100,2021-05-01T00:00:00,,False,,False,0001-01-01T00:00:00,100002786,0,,False,True,,,,filter,59.718577083934505,10.838548852687593,
113,1200,2006-04-01T00:00:00,,False,,False,0001-01-01T00:00:00,1453,0,,False,True,,,,filter,59.765210172567244,10.851711889157794,
0,2200,2019-02-01T00:00:00,,False,,False,0001-01-01T00:00:00,100001414,22,,True,False,,,,filter,59.72137958515885,10.845524491843388,
0,800,2021-04-01T00:00:00,,False,,False,0001-01-01T00:00:00,100002759,12,,True,False,,,,filter,59.722049250525394,10.841118469135928,
8,305,2023-11-01T00:00:00,,False,,True,0001-01-01T00:00:00,100004974,0,,False,True,,,,filter,59.722249034290826,10.840773147202693,
7,160,2024-11-01T00:00:00,,False,,True,0001-01-01T00:00:00,100005979,0,,False,True,,,,filter,59.72375787130821,10.847608851397393,
0,2000,2021-07-01T00:00:00,,False,,False,0001-01-01T00:00:00,100002874,88,,True,False,,,,filter,59.72028753211525,10.83279091718757,
4,1000,2009-02-01T00:00:00,,False,,False,0001-01-01T00:00:00,1451,0,,False,True,,,,filter,59.71895114326886,10.83674430125853,
25,1100,2022-01-03T00:00:00,,False,,False,0001-01-01T00:00:00,100003268,0,,False,True,,,,filter,59.76832421842008,10.853697502269506,
23,2000,2018-09-01T00:00:00,,False,,False,0001-01-01T00:00:00,100001167,0,,False,True,,,,filter,59.72074488146105,10.842862935001763,
9,280,2023-10-01T00:00:00,,False,,True,0001-01-01T00:00:00,100004949,0,,False,True,,,,filter,59.72414573694841,10.846903069396339,
58,1175,2020-03-01T00:00:00,,False,,False,0001-01-01T00:00:00,100002084,0,,False,True,,,,filter,59.77431884558573,10.805712269340004,
33,1175,2020-09-01T00:00:00,,False,,False,0001-01-01T00:00:00,100002347,0,,False,True,,,,filter,59.77379029104836,10.799676047974955,
141,1175,2011-11-01T00:00:00,,False,,False,0001-01-01T00:00:00,1557,0,,False,True,,,,filter,59.775910112369154,10.811072411250844,
138,1150,2024-01-01T00:00:00,,False,,False,0001-01-01T00:00:00,100005071,0,,False,True,,,,filter,59.77219247670635,10.806996472325038,
0,500,2025-02-01T00:00:00,,False,,False,0001-01-01T00:00:00,100006039,28,,True,False,,,,filter,59.72204566558416,10.83811688168682,
4,305,2023-11-01T00:00:00,,False,,True,0001-01-01T00:00:00,100004998,0,,False,True,,,,filter,59.729371418314344,10.848077847948089,
194,1469,2013-02-01T00:00:00,,False,,False,0001-01-01T00:00:00,1567,0,,False,True,,,,filter,59.807752625020676,10.795747454709964,
170,1391,2013-12-01T00:00:00,,False,,False,0001-01-01T00:00:00,1452,0,,False,True,,,,filter,59.71564209366914,10.839042197407004,
187,1200,2001-05-01T00:00:00,,False,,False,0001-01-01T00:00:00,1445,0,,False,True,,,,filter,59.765332470770126,10.845728167056237,
70,1300,2001-05-01T00:00:00,,False,,False,0001-01-01T00:00:00,1542,0,,False,True,,,,filter,59.81280573012839,10.802292907725324,
0,1300,2023-10-01T00:00:00,,False,,False,0001-01-01T00:00:00,100004920,116,,True,False,,,,filter,59.752983233079924,10.842553270010805,
3,1050,2024-02-01T00:00:00,,False,,False,0001-01-01T00:00:00,100005196,0,,False,True,,,,filter,59.815082291624286,10.771339320164884,
100,1125,2011-10-01T00:00:00,,False,,False,0001-01-01T00:00:00,1560,0,,False,True,,,,filter,59.80649666168002,10.799262327894164,
156,1300,2013-08-01T00:00:00,,False,,False,0001-01-01T00:00:00,1568,0,,False,True,,,,filter,59.77410919227892,10.79855337443117,
102,1291,2010-07-01T00:00:00,,False,,False,0001-01-01T00:00:00,1558,0,,False,True,,,,filter,59.81237574857585,10.805192785280603,
7,50,2025-10-01T00:00:00,,False,,True,0001-01-01T00:00:00,100006709,0,,False,True,,,,filter,59.724189307764696,10.840724947279732,
64,1150,2005-10-01T00:00:00,,False,,False,0001-01-01T00:00:00,1553,0,,False,True,,,,filter,59.81537010961743,10.798123098633102,
33,1000,2023-03-01T00:00:00,,False,,False,0001-01-01T00:00:00,100004281,0,,False,True,,,,filter,59.811899687057,10.791788620874792,
20,305,2023-03-01T00:00:00,,False,,True,0001-01-01T00:00:00,100004337,0,,False,True,,,,filter,59.727619406903735,10.836577319968145,
100,1200,2014-03-01T00:00:00,,False,,False,0001-01-01T00:00:00,1461,0,,False,True,,,,filter,59.720370615114,10.834475349319654,
0,1200,2021-03-01T00:00:00,,False,,False,0001-01-01T00:00:00,100002700,3,,True,False,,,,filter,59.71855169011503,10.839347309622415,
275,1115,2007-06-01T00:00:00,,False,,False,0001-01-01T00:00:00,1556,0,,False,True,,,,filter,59.81643339802939,10.783958587094663,
30,1330,2010-11-01T00:00:00,,False,,False,0001-01-01T00:00:00,1565,0,,False,True,,,,filter,59.810826706510674,10.800245346903491,
47,1000,2023-10-01T00:00:00,,False,,False,0001-01-01T00:00:00,100004831,0,,False,True,,,,filter,59.77338647767431,10.804392609011957,
4,140,2023-03-01T00:00:00,,False,,True,0001-01-01T00:00:00,100004342,0,,False,True,,,,filter,59.7257214800665,10.845603294937913,
0,1400,2020-09-01T00:00:00,,False,,False,0001-01-01T00:00:00,100002368,11,,True,False,,,,filter,59.81341675905717,10.796102449366634,
17,305,2025-09-01T00:00:00,,False,,False,0001-01-01T00:00:00,100006617,0,,False,True,,,,filter,59.72588265521035,10.841813594538495,
46,1200,2001-05-01T00:00:00,,False,,False,0001-01-01T00:00:00,1430,0,,False,True,,,,filter,59.76667848816866,10.84463671154535,
0,800,2021-06-01T00:00:00,,False,,False,0001-01-01T00:00:00,100002836,5,,True,False,,,,filter,59.71883738556081,10.835165558518394,
9,900,2019-07-01T00:00:00,,False,,False,0001-01-01T00:00:00,100001655,0,,False,True,,,,filter,59.72092407795597,10.846846638906094,
0,600,2024-07-01T00:00:00,,False,,False,0001-01-01T00:00:00,100005627,130,,True,False,,,,filter,59.923282656193116,11.074108211413407,
0,1150,2001-05-01T00:00:00,,False,,False,0001-01-01T00:00:00,1871,35,,True,False,,,,filter,59.924636877875656,11.055637411678815,
134,1350,2021-11-01T00:00:00,,False,,False,0001-01-01T00:00:00,100003155,0,,False,True,,,,filter,59.9473537051001,11.023158013207322,
39,500,2024-07-01T00:00:00,,False,,False,0001-01-01T00:00:00,100005626,0,,False,True,,,,filter,59.920399743230774,11.070946987956212,
1,1200,2001-05-01T00:00:00,,False,,False,0001-01-01T00:00:00,1869,0,,False,True,,,,filter,59.92302053013654,11.071126885502514,
4,900,2001-05-01T00:00:00,,False,,False,0001-01-01T00:00:00,1864,0,,False,True,,,,filter,59.93513681047469,11.026801353486391,
28,1300,2017-03-01T00:00:00,,False,,False,0001-01-01T00:00:00,100000372,0,,False,True,,,,filter,59.92533135797809,11.06808889217002,
91,1300,2019-02-01T00:00:00,,False,,False,0001-01-01T00:00:00,100001441,0,,False,True,,,,filter,59.9374945508245,11.03024263484061,
0,1450,2001-05-01T00:00:00,,False,,False,0001-01-01T00:00:00,1865,89,,True,False,,,,filter,59.93967248511496,11.027133994279824,
23,1100,2016-01-01T00:00:00,,False,,False,0001-01-01T00:00:00,1878,0,,False,True,,,,filter,59.92727304532989,11.069023833285977,
325,1350,2012-06-01T00:00:00,,False,,False,0001-01-01T00:00:00,1877,0,,False,True,,,,filter,59.9425051632287,11.03141671734192,
21,900,2022-09-01T00:00:00,,False,,False,0001-01-01T00:00:00,100003743,0,,False,True,,,,filter,59.924358725999994,11.07306592439747,
15,910,2022-09-01T00:00:00,,False,,False,0001-01-01T00:00:00,100003860,0,,False,True,,,,filter,59.94375435706213,11.024732079565998,
0,1350,2003-10-01T00:00:00,,False,,False,0001-01-01T00:00:00,1874,8,,True,False,,,,filter,59.94898131991407,11.027735919472066,
14,650,2023-07-01T00:00:00,,False,,False,0001-01-01T00:00:00,100004628,0,,False,True,,,,filter,59.93579940323016,11.023834256558954,
22,1000,2001-05-01T00:00:00,,False,,False,0001-01-01T00:00:00,1868,0,,False,True,,,,filter,59.92779851952526,11.060521563875643,
0,850,2024-07-01T00:00:00,,False,,False,0001-01-01T00:00:00,100005625,337,,True,False,,,,filter,59.92376957045406,11.072413143350543,
0,1400,2005-03-01T00:00:00,,False,,False,0001-01-01T00:00:00,1875,13,,True,False,,,,filter,59.93906751284282,11.034193226058044,
0,1000,2023-05-01T00:00:00,,False,,False,0001-01-01T00:00:00,100004487,156,,True,False,,,,filter,60.14161005830056,11.180905929865354,
14,950,2020-06-01T00:00:00,,False,,False,0001-01-01T00:00:00,100002226,0,,False,True,,,,filter,60.07456281423485,11.133169768713154,
43,1050,2016-02-01T00:00:00,,False,,False,0001-01-01T00:00:00,2080,0,,False,True,,,,filter,60.13662216251271,11.1742653164086,
0,1000,2021-05-01T00:00:00,,False,,False,0001-01-01T00:00:00,100002789,6,,True,False,,,,filter,60.141247836864544,11.173666644240724,
31,1100,2023-03-01T00:00:00,,False,,False,0001-01-01T00:00:00,100004334,0,,False,True,,,,filter,60.140055352766296,11.165923342912832,
0,950,2021-07-01T00:00:00,,False,,False,0001-01-01T00:00:00,100002891,0,,False,True,,,,filter,60.1435595438093,11.178782099180669,
2,1080,2001-05-01T00:00:00,,False,,False,0001-01-01T00:00:00,2045,0,,False,True,,,,filter,60.07784496400535,11.139028225747104,
90,900,2016-08-01T00:00:00,,False,,False,0001-01-01T00:00:00,100000039,0,,False,True,,,,filter,60.14354476362567,11.186222806241224,
0,1050,2009-07-01T00:00:00,,False,,False,0001-01-01T00:00:00,2064,2,,True,False,,,,filter,60.135296851544865,11.173210989967256,
0,1400,2023-02-01T00:00:00,,False,,False,0001-01-01T00:00:00,100004264,57,,True,False,,,,filter,60.13738060474813,11.169120979894364,
17,800,2001-05-01T00:00:00,,False,,False,0001-01-01T00:00:00,2037,0,,False,True,,,,filter,60.14395720683391,11.171068565794473,
0,1200,2025-04-01T00:00:00,,False,,False,0001-01-01T00:00:00,100006295,222,,True,False,,,,filter,60.16783467452358,11.171086828874284,
19,1000,2020-08-01T00:00:00,,False,,False,0001-01-01T00:00:00,100002294,0,,False,True,,,,filter,60.14708093621898,11.168131014780522,
29,1200,2025-08-01T00:00:00,,False,,False,0001-01-01T00:00:00,100006502,0,,False,True,,,,filter,60.07635410573575,11.136937664712383,
12,1300,2012-11-01T00:00:00,,False,,False,0001-01-01T00:00:00,2078,0,,False,True,,,,filter,60.074779552820836,11.137832611428696,
196,800,2014-07-01T00:00:00,,False,,False,0001-01-01T00:00:00,2066,0,,False,True,,,,filter,60.14384218869297,11.171463437735358,
200,1050,2011-09-01T00:00:00,,False,,False,0001-01-01T00:00:00,2073,0,,False,True,,,,filter,60.13776978094877,11.169977418169111,
0,1600,2011-04-01T00:00:00,,False,,False,0001-01-01T00:00:00,2075,17,,True,False,,,,filter,60.13688066827381,11.182941814354388,
6,900,2013-07-01T00:00:00,,False,,False,0001-01-01T00:00:00,2076,0,,False,True,,,,filter,60.14647203401057,11.166210237558724,
0,1200,2011-02-01T00:00:00,,False,,False,0001-01-01T00:00:00,2071,206,,True,False,,,,filter,60.14012845682318,11.176657268344222,
102,1250,2017-09-01T00:00:00,,False,,False,0001-01-01T00:00:00,100000648,0,,False,True,,,,filter,60.07304663878534,11.131793187839035,
15,800,2024-09-01T00:00:00,,False,,False,0001-01-01T00:00:00,100005645,0,,False,True,,,,filter,60.1452176853736,11.176926348181627,
23,1200,2024-09-01T00:00:00,,False,,False,0001-01-01T00:00:00,100005678,0,,False,True,,,,filter,60.137457312658334,11.175750615655696,
0,500,2001-05-01T00:00:00,,False,,False,0001-01-01T00:00:00,2046,71,,True,False,,,,filter,60.136998203998,11.173195257916973,
94,1050,2022-03-01T00:00:00,,False,,False,0001-01-01T00:00:00,100003373,0,,False,True,,,,filter,60.14041717813297,11.175726155474017,
0,1350,2016-10-01T00:00:00,,False,,False,0001-01-01T00:00:00,100000204,10,,True,False,,,,filter,60.077619219318926,11.144253557999265,
3,900,2023-03-01T00:00:00,,False,,False,0001-01-01T00:00:00,100004333,0,,False,True,,,,filter,60.14429223448682,11.165958375281498,
12,700,2024-05-01T00:00:00,,False,,False,0001-01-01T00:00:00,100005445,0,,False,True,,,,filter,60.13725950207559,11.174866439842875,
115,1050,2007-03-01T00:00:00,,False,,False,0001-01-01T00:00:00,2070,0,,False,True,,,,filter,60.13554201831704,11.176595113237203,
0,1400,2018-12-01T00:00:00,,False,,False,0001-01-01T00:00:00,100001344,19,,True,False,,,,filter,60.13966420996454,11.172644119411647,
21,1200,2021-05-01T00:00:00,,False,,False,0001-01-01T00:00:00,100002780,0,,False,True,,,,filter,60.072369366288825,11.137467862546286,
0,1000,2024-06-01T00:00:00,,False,,False,0001-01-01T00:00:00,100005541,358,,True,False,,,,filter,60.164489308388475,11.168855880200791,
88,1500,2015-03-01T00:00:00,,False,,False,0001-01-01T00:00:00,2083,0,,False,True,,,,filter,60.144295440065754,11.178637750867749,
0,1200,2024-02-01T00:00:00,,False,,False,0001-01-01T00:00:00,100005201,529,,True,False,,,,filter,60.16683353868304,11.16043114274724,
4,1260,2004-11-01T00:00:00,,False,,False,0001-01-01T00:00:00,2059,0,,False,True,,,,filter,60.07087183409813,11.134492306528195,
0,1500,2005-12-01T00:00:00,,False,,False,0001-01-01T00:00:00,2058,38,,True,False,,,,filter,60.1375027605183,11.174324268979513,
0,1200,2024-02-01T00:00:00,,False,,False,0001-01-01T00:00:00,100005200,561,,True,False,,,,filter,60.1655212865048,11.161626206809757,
5,1600,2020-01-01T00:00:00,,False,,False,0001-01-01T00:00:00,100001974,0,,False,True,,,,filter,60.145695527068774,11.177907465080477,
272,1200,2008-05-01T00:00:00,,False,,False,0001-01-01T00:00:00,2065,0,,False,True,,,,filter,60.07405285075492,11.128420346186395,
56,800,2021-11-15T00:00:00,,False,,False,0001-01-01T00:00:00,100003177,0,,False,True,,,,filter,60.137884208233835,11.178138411382024,
0,1100,2018-04-01T00:00:00,,False,,False,0001-01-01T00:00:00,100000944,15,,True,False,,,,filter,60.13787752007797,11.181547440105522,
9,1300,2009-02-01T00:00:00,,False,,False,0001-01-01T00:00:00,2069,0,,False,True,,,,filter,60.0708878699605,11.136394219678158,
153,1050,2010-10-01T00:00:00,,False,,False,0001-01-01T00:00:00,2072,0,,False,True,,,,filter,60.13772581397443,11.179932831094836,
3,1200,2024-02-01T00:00:00,,False,,False,0001-01-01T00:00:00,100005198,0,,False,True,,,,filter,60.16866300083053,11.17201498406507,
30,750,2021-11-15T00:00:00,,False,,False,0001-01-01T00:00:00,100003168,0,,False,True,,,,filter,59.60216365909682,10.745339864193665,
15,1100,2001-05-01T00:00:00,,False,,False,0001-01-01T00:00:00,1415,0,,False,True,,,,filter,59.52166377229618,10.688451931891633,
54,800,2023-11-01T00:00:00,,False,,False,0001-01-01T00:00:00,100005021,0,,False,True,,,,filter,60.35636585555942,5.356686801642558,
115,900,2011-10-01T00:00:00,,False,,False,0001-01-01T00:00:00,1423,0,,False,True,,,,filter,60.35560782675319,5.351116582693206,
118,900,2009-01-01T00:00:00,,False,,False,0001-01-01T00:00:00,1424,0,,False,True,,,,filter,60.352065631419435,5.3436258417124565,
0,1500,2018-08-01T00:00:00,,False,,False,0001-01-01T00:00:00,100001209,8,,True,False,,,,filter,59.60145185865116,10.755040438265775,
0,850,2026-02-01T00:00:00,,False,,False,0001-01-01T00:00:00,100006934,87,,True,False,,,,filter,60.35659248272899,5.34990740244605,
47,600,2021-11-15T00:00:00,,False,,False,0001-01-01T00:00:00,100003169,0,,False,True,,,,filter,59.599328880106825,10.74936035089201,
55,425,2025-02-01T00:00:00,,False,,False,0001-01-01T00:00:00,100006156,0,,False,True,,,,filter,59.60003744565104,10.752363336779126,
87,700,2009-10-01T00:00:00,,False,,False,0001-01-01T00:00:00,1422,0,,False,True,,,,filter,59.600484174801096,10.749075431086984,
90,400,2025-01-20T00:00:00,,False,,False,0001-01-01T00:00:00,100006155,0,,False,True,,,,filter,59.5994348419942,10.747955548062409,
0,700,2025-05-15T00:00:00,,False,,False,0001-01-01T00:00:00,100006443,218,,True,False,,,,filter,59.51054677692173,10.69711895716617,
0,1450,2001-05-01T00:00:00,,False,,False,0001-01-01T00:00:00,1419,142,,True,False,,,,filter,59.50589969191255,10.690820703466851,
60,600,2001-12-01T00:00:00,,False,,False,0001-01-01T00:00:00,1421,0,,False,True,,,,filter,59.60228773761441,10.756702534181121,
171,1000,2018-03-01T00:00:00,,False,,False,0001-01-01T00:00:00,100000904,0,,False,True,,,,filter,59.5267632695123,10.695705923715629,
174,1000,2021-03-01T00:00:00,,False,,False,0001-01-01T00:00:00,100002663,0,,False,True,,,,filter,59.52084790576041,10.693823587160983,
37,700,2022-04-15T00:00:00,,False,,False,0001-01-01T00:00:00,100003500,0,,False,True,,,,filter,59.59960864000234,10.749124116142749,
64,1190,2013-01-01T00:00:00,,False,,False,0001-01-01T00:00:00,1427,0,,False,True,,,,filter,59.59986960173451,10.75139914370392,
66,950,2015-01-01T00:00:00,,False,,False,0001-01-01T00:00:00,1426,0,,False,True,,,,filter,60.35448967648151,5.341289899662929,
27,1350,2017-12-01T00:00:00,,False,,False,0001-01-01T00:00:00,100000773,0,,False,True,,,,filter,59.51134498456662,10.694161062323012,
64,400,2024-01-01T00:00:00,,False,,False,0001-01-01T00:00:00,100005157,0,,False,True,,,,filter,63.288229464786255,9.072013898995246,
0,171,2025-11-01T00:00:00,,False,,False,0001-01-01T00:00:00,100006786,75,,True,False,,,,filter,63.28772127757115,9.063104567931216,
42,400,2025-10-01T00:00:00,,False,,False,0001-01-01T00:00:00,100006733,0,,False,True,,,,filter,63.287452140795594,9.061819148745586,
5,400,2024-03-01T00:00:00,,False,,False,0001-01-01T00:00:00,100005353,0,,False,True,,,,filter,63.291652915643176,9.061780397251754,
0,567,2010-09-01T00:00:00,,False,,False,0001-01-01T00:00:00,4153,30,,True,False,,,,filter,63.290329167808345,9.075516884821901,
39,400,2014-02-01T00:00:00,,False,,False,0001-01-01T00:00:00,4154,0,,False,True,,,,filter,63.28889750311583,9.073018170416757,
52,448,2025-07-01T00:00:00,,False,,False,0001-01-01T00:00:00,100006506,0,,False,True,,,,filter,63.28939201937938,9.064054878425576,
172,608,2016-08-01T00:00:00,,False,,False,0001-01-01T00:00:00,100000068,0,,False,True,,,,filter,63.28697181969745,9.068944434877848,
0,675,2001-05-01T00:00:00,,False,,False,0001-01-01T00:00:00,4144,3,,True,False,,,,filter,63.28642247286935,9.063980687327442,
22,400,2019-03-01T00:00:00,,False,,False,0001-01-01T00:00:00,100001485,0,,False,True,,,,filter,63.29214381984713,9.066363502122105,
0,400,,,False,,False,0001-01-01T00:00:00,100006526,111,,True,False,,,,filter,63.29168407443732,9.076290601929529,
10,1000,2026-01-01T00:00:00,,False,,False,0001-01-01T00:00:00,100006885,0,,False,True,,,,filter,59.61120875234658,10.399777007872897,
61,1200,2021-07-01T00:00:00,,False,,False,0001-01-01T00:00:00,100002868,0,,False,True,,,,filter,59.70645605159373,10.15515938100835,
115,1200,2001-05-01T00:00:00,,False,,False,0001-01-01T00:00:00,3897,0,,False,True,,,,filter,59.746100663409386,10.200696327571642,
117,1000,2021-08-28T00:00:00,,False,,False,0001-01-01T00:00:00,100003016,0,,False,True,,,,filter,59.74785617619867,10.208564744283526,
40,875,2001-05-01T00:00:00,,False,,False,0001-01-01T00:00:00,3917,0,,False,True,,,,filter,59.716054208134665,10.142849097578248,
0,1000,2018-12-01T00:00:00,,False,,False,0001-01-01T00:00:00,100001405,4,,True,False,,,,filter,59.74109716610284,10.20454748645822,
124,1400,2025-07-15T00:00:00,,False,,False,0001-01-01T00:00:00,100006390,0,,False,True,,,,filter,59.415078631875495,10.48348155522454,
119,900,2018-01-01T00:00:00,,False,,False,0001-01-01T00:00:00,100000800,0,,False,True,,,,filter,59.72109249487619,10.14661407640263,
152,1240,2011-02-01T00:00:00,,False,,False,0001-01-01T00:00:00,3962,0,,False,True,,,,filter,59.753188147396266,10.125248203505231,
221,1500,2011-01-01T00:00:00,,False,,False,0001-01-01T00:00:00,4260,0,,False,True,,,,filter,59.749774394720966,10.0279345767952,
192,1100,2023-01-01T00:00:00,,False,,False,0001-01-01T00:00:00,100004175,0,,False,True,,,,filter,59.72058120495452,10.227087695103249,
32,1800,2021-02-01T00:00:00,,False,,False,0001-01-01T00:00:00,100002625,0,,False,True,,,,filter,59.734784994067404,10.202035829979405,
0,1050,2020-01-01T00:00:00,,False,,False,0001-01-01T00:00:00,100001956,0,,False,True,,,,filter,59.741539023334866,10.207899472028304,
78,1050,2019-02-01T00:00:00,,False,,False,0001-01-01T00:00:00,100001453,0,,False,True,,,,filter,59.73861862313929,10.214895167433589,
168,900,2016-09-01T00:00:00,,False,,False,0001-01-01T00:00:00,100000089,0,,False,True,,,,filter,59.737727143630394,10.211891361175393,
136,1400,2005-04-01T00:00:00,,False,,False,0001-01-01T00:00:00,3950,0,,False,True,,,,filter,59.75716366821324,10.115921202259688,
83,1000,2020-08-01T00:00:00,,False,,False,0001-01-01T00:00:00,100002295,0,,False,True,,,,filter,59.73534936847977,10.214128693943438,
7,2000,2011-09-01T00:00:00,,False,,False,0001-01-01T00:00:00,3947,0,,False,True,,,,filter,59.751639482702586,10.146655514905527,
0,1100,2022-08-01T00:00:00,,False,,False,0001-01-01T00:00:00,100003684,97,,True,False,,,,filter,59.75607993848946,10.031587015338797,
238,1500,2007-06-01T00:00:00,,False,,False,0001-01-01T00:00:00,3946,0,,False,True,,,,filter,59.741828539677314,10.207616590612462,
92,1350,2001-05-01T00:00:00,,False,,False,0001-01-01T00:00:00,4250,0,,False,True,,,,filter,59.767172784338456,10.07393992826941,
95,1100,2001-05-01T00:00:00,,False,,False,0001-01-01T00:00:00,4246,0,,False,True,,,,filter,59.76197281044215,10.069034558478515,
6,1600,2015-05-01T00:00:00,,False,,False,0001-01-01T00:00:00,3970,0,,False,True,,,,filter,59.74127570316246,10.198859422549313,
15,990,2025-01-01T00:00:00,,False,,False,0001-01-01T00:00:00,100006080,0,,False,True,,,,filter,59.756752121353124,10.123778251272656,
141,1000,2004-11-01T00:00:00,,False,,False,0001-01-01T00:00:00,4252,0,,False,True,,,,filter,59.75489090169061,10.027895580532038,
101,1100,2025-01-01T00:00:00,,False,,False,0001-01-01T00:00:00,100006052,0,,False,True,,,,filter,59.74399490139605,10.199795064349336,
0,1650,2005-07-01T00:00:00,,False,,False,0001-01-01T00:00:00,3943,13,,True,False,,,,filter,59.740727331700704,10.214022838428482,
2,1050,2001-05-01T00:00:00,,False,,False,0001-01-01T00:00:00,3921,0,,False,True,,,,filter,59.749661100744746,10.166108302668647,
24,1050,2019-05-01T00:00:00,,False,,False,0001-01-01T00:00:00,100001569,0,,False,True,,,,filter,59.71791917930924,10.157332784442763,
56,850,2022-04-01T00:00:00,,False,,False,0001-01-01T00:00:00,100003420,0,,False,True,,,,filter,59.7383578959382,10.206869791043943,
4,1200,2001-05-01T00:00:00,,False,,False,0001-01-01T00:00:00,4248,0,,False,True,,,,filter,59.766272472686516,10.066987122629982,
6,620,2025-01-01T00:00:00,,False,,False,0001-01-01T00:00:00,100006006,0,,False,True,,,,filter,59.72231167151966,10.144682257122371,
27,1300,2001-05-01T00:00:00,,False,,False,0001-01-01T00:00:00,3898,0,,False,True,,,,filter,59.74124997625789,10.202071789940975,
102,1350,2001-05-01T00:00:00,,False,,False,0001-01-01T00:00:00,4249,0,,False,True,,,,filter,59.76714732333083,10.074535436246778,
210,1000,2013-09-01T00:00:00,,False,,False,0001-01-01T00:00:00,3966,0,,False,True,,,,filter,59.745337442537476,10.211078005739543,
0,1500,2007-06-01T00:00:00,,False,,False,0001-01-01T00:00:00,3949,7,,True,False,,,,filter,59.74113052811846,10.19939217935266,
31,1050,2015-03-01T00:00:00,,False,,False,0001-01-01T00:00:00,3969,0,,False,True,,,,filter,59.712205196338836,10.15219469457413,
491,1050,2009-09-01T00:00:00,,False,,False,0001-01-01T00:00:00,3951,0,,False,True,,,,filter,59.752368430657974,10.16715081186502,
13,1300,2018-04-01T00:00:00,,False,,False,0001-01-01T00:00:00,100000961,0,,False,True,,,,filter,59.757824003612896,10.118101068865387,
26,1000,2017-10-01T00:00:00,,False,,False,0001-01-01T00:00:00,100000671,0,,False,True,,,,filter,59.74444145372739,10.212529830224032,
0,1100,2025-03-01T00:00:00,,False,,False,0001-01-01T00:00:00,100006193,96,,True,False,,,,filter,59.75702119465932,10.034366184746911,
0,1100,2019-07-01T00:00:00,,False,,False,0001-01-01T00:00:00,100001682,12,,True,False,,,,filter,59.75031159800824,10.145620639677588,
26,1000,2015-05-01T00:00:00,,False,,False,0001-01-01T00:00:00,3971,0,,False,True,,,,filter,59.742979218729715,10.210013527460502,
46,1300,2001-05-01T00:00:00,,False,,False,0001-01-01T00:00:00,3923,0,,False,True,,,,filter,59.711430011369224,10.249202631668505,
0,1300,2019-07-01T00:00:00,,False,,False,0001-01-01T00:00:00,100001683,14,,True,False,,,,filter,59.75540368136156,10.13908333604146,
0,1200,2001-05-01T00:00:00,,False,,False,0001-01-01T00:00:00,3924,0,,False,True,,,,filter,59.713908959817694,10.256537895295882,
0,1700,2022-10-01T00:00:00,,False,,False,0001-01-01T00:00:00,100003907,181,,True,False,,,,filter,59.74201828082363,10.201933308551162,
39,1050,2019-09-01T00:00:00,,False,,False,0001-01-01T00:00:00,100001844,0,,False,True,,,,filter,59.74670644274056,10.196640045630522,
0,2000,2001-05-01T00:00:00,,False,,False,0001-01-01T00:00:00,3939,31,,True,False,,,,filter,59.74021613555278,10.169713277973006,
8,1450,2023-03-01T00:00:00,,False,,False,0001-01-01T00:00:00,100004287,0,,False,True,,,,filter,59.7537823278371,10.027465446319155,
72,1350,2009-02-01T00:00:00,,False,,False,0001-01-01T00:00:00,4253,0,,False,True,,,,filter,59.74994493467142,10.020846278428335,
196,1350,2001-05-01T00:00:00,,False,,False,0001-01-01T00:00:00,3913,0,,False,True,,,,filter,59.73802864980827,10.214607666790508,
0,1470,2001-05-01T00:00:00,,False,,False,0001-01-01T00:00:00,3935,0,,False,True,,,,filter,59.70388941806688,10.148534770068503,
0,1050,2016-07-01T00:00:00,,False,,False,0001-01-01T00:00:00,100000033,0,,False,True,,,,filter,59.74466230718395,10.21635699622232,
73,900,2001-05-01T00:00:00,,False,,False,0001-01-01T00:00:00,3908,0,,False,True,,,,filter,59.73241589287279,10.2001203165598,
8,750,2025-01-01T00:00:00,,False,,False,0001-01-01T00:00:00,100006013,0,,False,True,,,,filter,59.72775396243161,10.149877447075218,
134,1250,2022-05-01T00:00:00,,False,,False,0001-01-01T00:00:00,100003508,0,,False,True,,,,filter,59.75357384434554,10.122771123643034,
0,1100,2001-05-01T00:00:00,,False,,False,0001-01-01T00:00:00,3909,70,,True,False,,,,filter,59.747942345808084,10.168371578432758,
60,1000,2020-07-01T00:00:00,,False,,False,0001-01-01T00:00:00,100002277,0,,False,True,,,,filter,59.74209600897345,10.214541587558436,
101,1200,2007-02-01T00:00:00,,False,,False,0001-01-01T00:00:00,4254,0,,False,True,,,,filter,59.75010978155506,10.02182986480477,
0,200,2026-02-01T00:00:00,,False,,False,0001-01-01T00:00:00,100006957,123,,True,False,,,,filter,59.76063626245762,10.067205115310772,
38,1400,2022-01-01T00:00:00,,False,,False,0001-01-01T00:00:00,100003329,0,,False,True,,,,filter,59.714113372455444,10.263899788222865,
0,1350,2021-03-01T00:00:00,,False,,False,0001-01-01T00:00:00,100002655,10,,True,False,,,,filter,59.740063616710955,10.161294974733703,
244,1000,2017-04-01T00:00:00,,False,,False,0001-01-01T00:00:00,100000365,0,,False,True,,,,filter,59.71109293861266,10.249259500391908,
0,1700,2009-08-01T00:00:00,,False,,False,0001-01-01T00:00:00,4257,15,,True,False,,,,filter,59.75179664467998,10.023509888791363,
3,1100,2017-10-01T00:00:00,,False,,False,0001-01-01T00:00:00,100000669,0,,False,True,,,,filter,59.72419186850745,10.227837143174273,
0,1200,2023-09-01T00:00:00,,False,,False,0001-01-01T00:00:00,100004828,278,,True,False,,,,filter,59.74113425354076,10.199016590970862,
3,1100,2011-04-01T00:00:00,,False,,False,0001-01-01T00:00:00,3957,0,,False,True,,,,filter,59.718986613431674,10.230409892661113,
0,1200,2020-10-01T00:00:00,,False,,False,0001-01-01T00:00:00,100002492,170,,True,False,,,,filter,59.611739086209745,10.402255793763967,
15,1000,2020-04-01T00:00:00,,False,,False,0001-01-01T00:00:00,100002157,0,,False,True,,,,filter,59.74430618358175,10.200214367697278,
0,1550,2023-06-01T00:00:00,,False,,False,0001-01-01T00:00:00,100004537,14,,True,False,,,,filter,59.706841108973734,10.160483321828545,
8,1000,2023-03-27T00:00:00,,False,,False,0001-01-01T00:00:00,100004404,0,,False,True,,,,filter,59.73902722658211,10.214038801978223,
0,750,2024-06-01T00:00:00,,False,,False,0001-01-01T00:00:00,100005517,4,,True,False,,,,filter,59.71451274348051,10.158967553565802,
12,1050,2019-02-01T00:00:00,,False,,False,0001-01-01T00:00:00,100001443,0,,False,True,,,,filter,59.74234672064662,10.198755724765855,
0,1100,2026-03-01T00:00:00,,False,,False,0001-01-01T00:00:00,100006962,1098,,True,False,,,,filter,59.754822249321215,10.025927215150633,
5,900,2025-08-01T00:00:00,,False,,False,0001-01-01T00:00:00,100006428,0,,False,True,,,,filter,59.72365877654239,10.148892904706404,
0,1400,2004-10-01T00:00:00,,False,,False,0001-01-01T00:00:00,3941,7,,True,False,,,,filter,59.750916949843315,10.146911405305627,
0,1000,2021-07-01T00:00:00,,False,,False,0001-01-01T00:00:00,100002867,7,,True,False,,,,filter,59.71786119149527,10.227205156408457,
122,1350,2011-06-01T00:00:00,,False,,False,0001-01-01T00:00:00,3963,0,,False,True,,,,filter,59.74376496250211,10.165696675703412,
0,800,2025-05-01T00:00:00,,False,,False,0001-01-01T00:00:00,100006399,196,,True,False,,,,filter,59.74456654737006,10.200643095684406,
78,1000,2019-02-01T00:00:00,,False,,False,0001-01-01T00:00:00,100001463,0,,False,True,,,,filter,59.765958336988405,10.079587796025423,
71,1100,2020-01-01T00:00:00,,False,,False,0001-01-01T00:00:00,100001955,0,,False,True,,,,filter,59.74796347929763,10.024196679504655,
0,1000,2025-09-01T00:00:00,,False,,False,0001-01-01T00:00:00,100006592,8,,True,False,,,,filter,59.75359251238675,10.025507690458326,
51,750,2022-08-15T00:00:00,,False,,False,0001-01-01T00:00:00,100003769,0,,False,True,,,,filter,59.723848726207144,10.143045329294191,
49,950,2016-07-01T00:00:00,,False,,False,0001-01-01T00:00:00,100000032,0,,False,True,,,,filter,59.74161302314735,10.203014769512748,
82,1500,2015-06-01T00:00:00,,False,,False,0001-01-01T00:00:00,4263,0,,False,True,,,,filter,59.74951957309039,10.027882755162256,
11,1100,2025-01-01T00:00:00,,False,,False,0001-01-01T00:00:00,100006065,0,,False,True,,,,filter,59.74443126250885,10.204841292890409,
91,1000,2013-11-01T00:00:00,,False,,False,0001-01-01T00:00:00,3955,0,,False,True,,,,filter,59.744942645861414,10.203802861698392,
0,1800,2001-05-01T00:00:00,,False,,False,0001-01-01T00:00:00,4592,10,,True,False,,,,filter,59.60756456316528,10.408002550798933,
164,1000,2014-04-01T00:00:00,,False,,False,0001-01-01T00:00:00,4261,0,,False,True,,,,filter,59.76465272575728,10.06789391279096,
59,1000,2024-09-01T00:00:00,,False,,False,0001-01-01T00:00:00,100005515,0,,False,True,,,,filter,59.74606208161504,10.199518529339672,
0,1400,2013-09-01T00:00:00,,False,,False,0001-01-01T00:00:00,3953,12,,True,False,,,,filter,59.745847695129264,10.217974844375412,
0,1200,2023-08-01T00:00:00,,False,,False,0001-01-01T00:00:00,100004673,103,,True,False,,,,filter,59.74173087434683,10.208361826815475,
85,650,2025-03-31T00:00:00,,False,,False,0001-01-01T00:00:00,100006318,0,,False,True,,,,filter,59.40930070106257,10.481608149553285,
0,700,2024-06-01T00:00:00,,False,,False,0001-01-01T00:00:00,100005516,284,,True,False,,,,filter,60.43220683653488,9.463045635944399,
0,700,2025-09-01T00:00:00,,False,,False,0001-01-01T00:00:00,100006637,72,,True,False,,,,filter,60.4297665719842,9.459630755028911,
0,800,2025-01-01T00:00:00,,False,,False,0001-01-01T00:00:00,100006075,217,,True,False,,,,filter,59.83460864129386,9.580657157739743,
0,800,2023-11-01T00:00:00,,False,,False,0001-01-01T00:00:00,100004961,75,,True,False,,,,filter,59.83287851611246,9.586723549642478,
28,800,2022-03-01T00:00:00,,False,,False,0001-01-01T00:00:00,100003469,0,,False,True,,,,filter,59.834163585438894,9.575481666853458,
0,800,2020-03-01T00:00:00,,False,,False,0001-01-01T00:00:00,100002082,88,,True,False,,,,filter,59.83178438916464,9.574174067770329,
0,800,2017-06-01T00:00:00,,False,,False,0001-01-01T00:00:00,100000488,96,,True,False,,,,filter,59.83637385320533,9.578274311695521,
17,445,2022-05-01T00:00:00,,False,,False,0001-01-01T00:00:00,100003489,0,,False,True,,,,filter,60.700577289157266,8.957626997112596,
0,1070,2001-05-01T00:00:00,,False,,False,0001-01-01T00:00:00,4116,174,,True,False,,,,filter,60.70235439316964,8.937916697582414,
9,450,2021-04-01T00:00:00,,False,,False,0001-01-01T00:00:00,100002719,0,,False,True,,,,filter,60.69854586703472,8.953153257505388,
75,800,2025-10-01T00:00:00,,False,,False,0001-01-01T00:00:00,100006580,0,,False,True,,,,filter,60.69999420028711,8.952202506076663,
97,567,2024-09-01T00:00:00,,False,,False,0001-01-01T00:00:00,100005890,0,,False,True,,,,filter,60.69804459160862,8.943321351964622,
97,720,2009-09-01T00:00:00,,False,,False,0001-01-01T00:00:00,4124,0,,False,True,,,,filter,60.70006655491507,8.949653503053076,
0,630,2013-05-01T00:00:00,,False,,False,0001-01-01T00:00:00,4127,0,,False,True,,,,filter,60.6994386930827,8.944232149756202,
0,600,2024-05-01T00:00:00,,False,,False,0001-01-01T00:00:00,100005465,40,,True,False,,,,filter,60.862692631329466,8.559325481898991,
2,600,2024-09-01T00:00:00,,False,,False,0001-01-01T00:00:00,100005723,0,,False,True,,,,filter,60.85649315496056,8.565649037524661,
43,450,2020-06-01T00:00:00,,False,,False,0001-01-01T00:00:00,100002234,0,,False,True,,,,filter,60.86264260689267,8.559010651116989,
4,700,2003-02-01T00:00:00,,False,,False,0001-01-01T00:00:00,4138,0,,False,True,,,,filter,60.856914595488135,8.56080010730103,
37,450,2018-11-01T00:00:00,,False,,False,0001-01-01T00:00:00,100001326,0,,False,True,,,,filter,60.863455996767286,8.56307124514145,
9,600,2023-05-01T00:00:00,,False,,False,0001-01-01T00:00:00,100004518,0,,False,True,,,,filter,60.530104641266924,8.200195135366496,
39,600,2010-06-01T00:00:00,,False,,False,0001-01-01T00:00:00,4161,0,,False,True,,,,filter,60.531341441772256,8.198500421743079,
0,600,2019-11-01T00:00:00,,False,,False,0001-01-01T00:00:00,100001891,13,,True,False,,,,filter,60.53497247289796,8.201945757109506,
0,400,2023-04-17T00:00:00,,False,,False,0001-01-01T00:00:00,100004519,166,,True,False,,,,filter,60.53379762045505,8.212648697271653,
0,400,2023-05-01T00:00:00,,False,,False,0001-01-01T00:00:00,100004521,18,,True,False,,,,filter,60.52953983355208,8.210962210259583,
2,300,2023-05-01T00:00:00,,False,,False,0001-01-01T00:00:00,100004520,0,,False,True,,,,filter,60.53071104070974,8.209326943447557,
24,600,2007-11-01T00:00:00,,False,,False,0001-01-01T00:00:00,4173,0,,False,True,,,,filter,60.53518388569362,8.210625512253051,
0,600,2024-09-01T00:00:00,,False,,False,0001-01-01T00:00:00,100005742,203,,True,False,,,,filter,60.53098380520892,8.208637554678178,
0,600,2025-07-21T00:00:00,,False,,False,0001-01-01T00:00:00,100006388,38,,True,False,,,,filter,60.53339434266685,8.201497441652988,
0,600,2025-01-01T00:00:00,,False,,False,0001-01-01T00:00:00,100005648,59,,True,False,,,,filter,60.53339009504723,8.209302060455611,
0,1000,2025-03-01T00:00:00,,False,,False,0001-01-01T00:00:00,100006237,205,,True,False,,,,filter,60.06601101786621,10.305162328248256,
68,1200,2005-06-01T00:00:00,,False,,False,0001-01-01T00:00:00,4096,0,,False,True,,,,filter,60.082841846589254,10.284747818229016,
19,900,2006-11-01T00:00:00,,False,,False,0001-01-01T00:00:00,4093,0,,False,True,,,,filter,60.11184984391481,10.2264378478157,
0,800,2025-03-01T00:00:00,,False,,False,0001-01-01T00:00:00,100006239,7,,True,False,,,,filter,60.061515939629516,10.309120168704212,
0,1400,2001-05-01T00:00:00,,False,,False,0001-01-01T00:00:00,4090,3,,True,False,,,,filter,60.078755492090714,10.279079890388891,
94,1300,2010-11-01T00:00:00,,False,,False,0001-01-01T00:00:00,4097,0,,False,True,,,,filter,60.07763096116373,10.287884034689979,
103,1200,2011-11-01T00:00:00,,False,,False,0001-01-01T00:00:00,4098,0,,False,True,,,,filter,60.081248384598915,10.275791729530583,
21,1200,2025-10-01T00:00:00,,False,,False,0001-01-01T00:00:00,100006754,0,,False,True,,,,filter,59.67290391557338,9.641785440363249,
101,730,2011-01-01T00:00:00,,False,,False,0001-01-01T00:00:00,4009,0,,False,True,,,,filter,59.66919630514056,9.643852470249358,
6,800,2020-02-01T00:00:00,,False,,False,0001-01-01T00:00:00,100001900,0,,False,True,,,,filter,59.6706146077131,9.647985819895833,
41,1100,2021-11-29T00:00:00,,False,,False,0001-01-01T00:00:00,100003176,0,,False,True,,,,filter,59.664556623846366,9.648948924549188,
8,1000,2018-01-01T00:00:00,,False,,False,0001-01-01T00:00:00,100000822,0,,False,True,,,,filter,59.670341812248694,9.643659470164662,
53,1000,2016-04-01T00:00:00,,False,,False,0001-01-01T00:00:00,4013,0,,False,True,,,,filter,59.66331021216139,9.642522518333676,
19,850,2005-11-01T00:00:00,,False,,False,0001-01-01T00:00:00,4002,0,,False,True,,,,filter,59.66872468476162,9.643997067822776,
170,700,2018-02-01T00:00:00,,False,,False,0001-01-01T00:00:00,100000824,0,,False,True,,,,filter,59.67444899748098,9.645368738570435,
93,800,2020-08-01T00:00:00,,False,,False,0001-01-01T00:00:00,100002297,0,,False,True,,,,filter,59.666677649033254,9.641894550015095,
25,900,2024-02-01T00:00:00,,False,,False,0001-01-01T00:00:00,100005168,0,,False,True,,,,filter,59.665004477136854,9.651407443591388,
13,900,2014-02-01T00:00:00,,False,,False,0001-01-01T00:00:00,4008,0,,False,True,,,,filter,59.67370810596032,9.647756872908564,
41,600,2013-11-01T00:00:00,,False,,False,0001-01-01T00:00:00,4014,0,,False,True,,,,filter,59.48144809449509,10.01011491777257,
51,700,2021-08-30T00:00:00,,False,,False,0001-01-01T00:00:00,100003011,0,,False,True,,,,filter,59.488103750594135,10.013181289764532,
47,1250,2020-07-01T00:00:00,,False,,False,0001-01-01T00:00:00,100002270,0,,False,True,,,,filter,59.668753630829286,9.651263972801567,
67,800,2016-05-01T00:00:00,,False,,False,0001-01-01T00:00:00,4017,0,,False,True,,,,filter,59.67616146976778,9.639982616466826,
78,1000,2007-11-01T00:00:00,,False,,False,0001-01-01T00:00:00,3975,0,,False,True,,,,filter,59.66737947748296,9.654054322985216,
32,1300,2018-07-01T00:00:00,,False,,False,0001-01-01T00:00:00,100001095,0,,False,True,,,,filter,59.664122293048806,9.64854427429511,
59,300,2026-02-01T00:00:00,,False,,False,0001-01-01T00:00:00,100006933,0,,False,True,,,,filter,59.665752437496955,9.654051768794963,
69,850,2010-01-01T00:00:00,,False,,False,0001-01-01T00:00:00,4001,0,,False,True,,,,filter,59.669404661122385,9.652911654139944,
60,950,2016-05-01T00:00:00,,False,,False,0001-01-01T00:00:00,4006,0,,False,True,,,,filter,59.66612743587288,9.640582608447872,
22,900,2012-07-01T00:00:00,,False,,False,0001-01-01T00:00:00,4010,0,,False,True,,,,filter,59.67078676965947,9.653500442587612,
206,1050,2001-08-01T00:00:00,,False,,False,0001-01-01T00:00:00,3993,0,,False,True,,,,filter,59.67149447082023,9.642713202298356,
26,900,2003-03-01T00:00:00,,False,,False,0001-01-01T00:00:00,3976,0,,False,True,,,,filter,59.66949628248935,9.64304917468279,
97,850,2013-11-01T00:00:00,,False,,False,0001-01-01T00:00:00,4004,0,,False,True,,,,filter,59.67197574318464,9.646071502240993,
34,1120,2020-04-01T00:00:00,,False,,False,0001-01-01T00:00:00,100002154,0,,False,True,,,,filter,59.66405652054874,9.643900662182096,
9,1000,2020-08-01T00:00:00,,False,,False,0001-01-01T00:00:00,100002296,0,,False,True,,,,filter,59.669033063667534,9.656075948593154,
54,1200,2020-03-01T00:00:00,,False,,False,0001-01-01T00:00:00,100002078,0,,False,True,,,,filter,59.66245900547767,9.643379062176498,
21,800,2023-05-01T00:00:00,,False,,False,0001-01-01T00:00:00,100004467,0,,False,True,,,,filter,59.66791364161679,9.643177102343099,
5,1100,2016-01-01T00:00:00,,False,,False,0001-01-01T00:00:00,4016,0,,False,True,,,,filter,59.66890469509576,9.6451213248061,
0,1500,,,False,,False,0001-01-01T00:00:00,100006971,228,,True,False,,,,filter,59.668227454127496,9.651771562610998,
24,1000,2016-12-01T00:00:00,,False,,False,0001-01-01T00:00:00,100000255,0,,False,True,,,,filter,59.66843146960245,9.646208564126113,
6,800,2022-11-01T00:00:00,,False,,False,0001-01-01T00:00:00,100004007,0,,False,True,,,,filter,59.672208704937056,9.646319771699245,
7,1000,2001-08-01T00:00:00,,False,,False,0001-01-01T00:00:00,3992,0,,False,True,,,,filter,59.67560210837915,9.642053442910623,
0,1000,2024-09-01T00:00:00,,False,,False,0001-01-01T00:00:00,100005845,204,,True,False,,,,filter,60.17982501172844,9.630495203632451,
0,1000,2014-01-01T00:00:00,,False,,True,0001-01-01T00:00:00,4190,83,,True,False,,,,filter,60.18173444687673,9.62943136406605,
4,1050,2022-09-01T00:00:00,,False,,False,0001-01-01T00:00:00,100003840,0,,False,True,,,,filter,59.81832390176879,10.323574160536202,
0,500,2023-11-01T00:00:00,,False,,False,0001-01-01T00:00:00,100004981,11,,True,False,,,,filter,59.79220354395476,10.263474097201785,
3,890,2024-09-01T00:00:00,,False,,False,0001-01-01T00:00:00,100005661,0,,False,True,,,,filter,59.81740381798797,10.279333278708371,
7,1050,2017-01-01T00:00:00,,False,,False,0001-01-01T00:00:00,100000272,0,,False,True,,,,filter,59.81088846164396,10.297504439456214,
0,1100,2026-01-01T00:00:00,,False,,False,0001-01-01T00:00:00,100006897,13,,True,False,,,,filter,59.81890017425922,10.270584733289635,
109,1075,2015-08-01T00:00:00,,False,,False,0001-01-01T00:00:00,4296,0,,False,True,,,,filter,59.81897699429674,10.32891072209159,
105,1000,2010-10-01T00:00:00,,False,,False,0001-01-01T00:00:00,4291,0,,False,True,,,,filter,59.82171566349937,10.271059515988304,
4,600,2001-05-01T00:00:00,,False,,False,0001-01-01T00:00:00,4270,0,,False,True,,,,filter,59.81393218153835,10.274364667169849,
0,700,2026-02-01T00:00:00,,False,,False,0001-01-01T00:00:00,100006949,60,,True,False,,,,filter,59.808091674595886,10.306530311554758,
23,1050,2007-03-01T00:00:00,,False,,False,0001-01-01T00:00:00,4289,0,,False,True,,,,filter,59.81957984039773,10.335003842657931,
2,1600,2001-06-01T00:00:00,,False,,False,0001-01-01T00:00:00,4273,0,,False,True,,,,filter,59.78733106168842,10.242136624947493,
0,700,2025-12-01T00:00:00,,False,,False,0001-01-01T00:00:00,100006880,102,,True,False,,,,filter,59.890931408592664,10.283793321355965,
39,1800,2012-02-01T00:00:00,,False,,False,0001-01-01T00:00:00,4287,0,,False,True,,,,filter,59.78964807504334,10.250042209379462,
17,1200,2022-08-01T00:00:00,,False,,False,0001-01-01T00:00:00,100003669,0,,False,True,,,,filter,59.74827552291567,10.230225075291404,
174,1400,2020-02-01T00:00:00,,False,,False,0001-01-01T00:00:00,100002012,0,,False,True,,,,filter,59.75279760846099,10.22378760029829,
1,1800,2001-05-01T00:00:00,,False,,False,0001-01-01T00:00:00,4275,0,,False,True,,,,filter,59.791608757563004,10.245795528356226,
0,500,2025-12-01T00:00:00,,False,,False,0001-01-01T00:00:00,100006819,12,,True,False,,,,filter,59.79348489112843,10.267460132783087,
0,700,2022-07-01T00:00:00,,False,,False,0001-01-01T00:00:00,100003664,0,,False,True,,,,filter,59.8099788021107,10.297293341330858,
0,900,2024-01-01T00:00:00,,False,,False,0001-01-01T00:00:00,100005167,75,,True,False,,,,filter,59.816105438391936,10.275107367392597,
0,1100,2001-07-01T00:00:00,,False,,False,0001-01-01T00:00:00,4267,12,,True,False,,,,filter,59.81875459624184,10.275806102188767,
33,1050,2016-07-01T00:00:00,,False,,False,0001-01-01T00:00:00,100000008,0,,False,True,,,,filter,59.82135473621007,10.32684752650022,
50,700,2021-08-01T00:00:00,,False,,False,0001-01-01T00:00:00,100002939,0,,False,True,,,,filter,59.89387496408413,10.28910404233031,
126,1150,2015-08-01T00:00:00,,False,,False,0001-01-01T00:00:00,4297,0,,False,True,,,,filter,59.75495564020639,10.234875147834677,
0,1020,2003-10-01T00:00:00,,False,,False,0001-01-01T00:00:00,4266,79,,True,False,,,,filter,59.81965743171539,10.327747780688863,
83,1500,2007-05-01T00:00:00,,False,,False,0001-01-01T00:00:00,4290,0,,False,True,,,,filter,59.751907235436924,10.234690985267038,
54,1500,2015-07-01T00:00:00,,False,,False,0001-01-01T00:00:00,4295,0,,False,True,,,,filter,59.78794135342288,10.24141946913003,
0,500,,,False,,False,0001-01-01T00:00:00,100006471,308,,True,False,,,,filter,59.747099669983506,10.23578813033682,
0,700,,,False,,False,0001-01-01T00:00:00,100006736,163,,True,False,,,,filter,59.8905669970426,10.28308505676447,
44,1400,2012-07-01T00:00:00,,False,,False,0001-01-01T00:00:00,4294,0,,False,True,,,,filter,59.789475417124045,10.242991571641504,
0,500,2025-12-15T00:00:00,,False,,False,0001-01-01T00:00:00,100006859,472,,True,False,,,,filter,59.78923259602049,10.258090467111504,
17,900,2025-03-01T00:00:00,,False,,False,0001-01-01T00:00:00,100006265,0,,False,True,,,,filter,59.96839928837825,9.998399291900675,
6,1150,2001-10-01T00:00:00,,False,,False,0001-01-01T00:00:00,4205,0,,False,True,,,,filter,59.96583271299493,9.996060043100485,
204,1100,2021-10-01T00:00:00,,False,,False,0001-01-01T00:00:00,100003045,0,,False,True,,,,filter,59.897795908408746,9.923873389687337,
6,900,2025-09-01T00:00:00,,False,,False,0001-01-01T00:00:00,100006570,0,,False,True,,,,filter,59.93181903136021,9.965517478787223,
0,800,2024-03-01T00:00:00,,False,,False,0001-01-01T00:00:00,100005340,4,,True,False,,,,filter,59.932513482621296,9.97404444131476,
108,850,2007-02-01T00:00:00,,False,,False,0001-01-01T00:00:00,4208,0,,False,True,,,,filter,59.96960335157045,9.99852553293792,
8,900,2024-08-01T00:00:00,,False,,False,0001-01-01T00:00:00,100005570,0,,False,True,,,,filter,59.97002918240007,9.99547315326878,
17,800,2024-03-01T00:00:00,,False,,False,0001-01-01T00:00:00,100005339,0,,False,True,,,,filter,59.96619848467972,9.996071841697583,
23,1000,2020-06-01T00:00:00,,False,,False,0001-01-01T00:00:00,100002246,0,,False,True,,,,filter,59.92923824488109,9.967696391667893,
3,1400,2003-10-01T00:00:00,,False,,False,0001-01-01T00:00:00,4206,0,,False,True,,,,filter,59.89073337323011,9.918548533540747,
113,850,2019-04-01T00:00:00,,False,,False,0001-01-01T00:00:00,100001523,0,,False,True,,,,filter,59.96984154841824,9.990850145967778,
24,1200,2010-04-01T00:00:00,,False,,False,0001-01-01T00:00:00,4212,0,,False,True,,,,filter,59.896669173864495,9.922272986660088,
69,900,2024-03-01T00:00:00,,False,,False,0001-01-01T00:00:00,100005287,0,,False,True,,,,filter,59.96651499577384,9.998165206615834,
191,900,2001-05-01T00:00:00,,False,,False,0001-01-01T00:00:00,4201,0,,False,True,,,,filter,59.89375515957118,9.918960414832421,
0,1500,2011-06-01T00:00:00,,False,,False,0001-01-01T00:00:00,4110,602,,True,False,,,,filter,60.56741692669393,9.091312733056947,
41,900,2001-05-01T00:00:00,,False,,False,0001-01-01T00:00:00,4108,0,,False,True,,,,filter,60.57065842741931,9.105273947212268,
29,800,2002-05-01T00:00:00,,False,,False,0001-01-01T00:00:00,4109,0,,False,True,,,,filter,60.56792656942334,9.110735213066018,
0,600,2025-12-01T00:00:00,,False,,False,0001-01-01T00:00:00,100006827,118,,True,False,,,,filter,60.57022850899421,9.107341843539583,
90,500,2022-10-01T00:00:00,,False,,False,0001-01-01T00:00:00,100003954,0,,False,True,,,,filter,60.57280938611614,9.106712322894884,
14,430,2007-06-01T00:00:00,,False,,False,0001-01-01T00:00:00,4344,0,,False,True,,,,filter,60.26419855490418,8.950765306861726,
0,300,2024-09-01T00:00:00,,False,,False,0001-01-01T00:00:00,100005734,9,,True,False,,,,filter,60.269547227507694,8.94832701152427,
0,430,2022-10-01T00:00:00,,False,,False,0001-01-01T00:00:00,100003962,7,,True,False,,,,filter,60.26680490739989,8.950025811225558,
0,620,2022-08-01T00:00:00,,False,,False,0001-01-01T00:00:00,100003750,22,,True,False,,,,filter,60.267445277587484,8.941421137366182,
0,558,2022-03-01T00:00:00,,False,,False,0001-01-01T00:00:00,100003548,9,,True,False,,,,filter,60.26788709658304,8.955660805239855,
4,1250,2001-05-01T00:00:00,,False,,False,0001-01-01T00:00:00,4214,0,,False,True,,,,filter,59.771134769833985,9.911701464622288,
241,750,2018-01-01T00:00:00,,False,,True,0001-01-01T00:00:00,100000823,0,,False,True,,,,filter,59.77073476301712,9.916174273642289,
114,1100,2022-07-01T00:00:00,,False,,False,0001-01-01T00:00:00,100003622,0,,False,True,,,,filter,59.77642604413865,9.909401452462978,
0,780,2024-12-01T00:00:00,,False,,False,0001-01-01T00:00:00,100005958,44,,True,False,,,,filter,59.841160418782806,9.880007045133617,
31,1400,2019-02-01T00:00:00,,False,,False,0001-01-01T00:00:00,100001446,0,,False,True,,,,filter,59.765724179775255,9.918127032576235,
217,750,2024-09-01T00:00:00,,False,,True,0001-01-01T00:00:00,100005614,0,,False,True,,,,filter,59.77099589142623,9.902069071566967,
234,800,2018-09-01T00:00:00,,False,,True,0001-01-01T00:00:00,100001151,0,,False,True,,,,filter,59.77159260061632,9.915924291517873,
61,900,2023-04-01T00:00:00,,False,,False,0001-01-01T00:00:00,100004461,0,,False,True,,,,filter,59.77115847841228,9.914652991942532,
16,800,2024-11-06T00:00:00,,False,,False,0001-01-01T00:00:00,100006001,0,,False,True,,,,filter,59.72883560077301,9.881870432867657,
53,800,2006-08-01T00:00:00,,False,,False,0001-01-01T00:00:00,4227,0,,False,True,,,,filter,59.841437488549914,9.883181348378322,
18,1300,2019-04-01T00:00:00,,False,,False,0001-01-01T00:00:00,100001555,0,,False,True,,,,filter,59.7281222251977,9.886009448430128,
27,1250,2001-05-01T00:00:00,,False,,False,0001-01-01T00:00:00,4222,0,,False,True,,,,filter,59.77647049304848,9.915318837258695,
0,1040,2019-09-01T00:00:00,,False,,False,0001-01-01T00:00:00,100001787,7,,True,False,,,,filter,59.77042805466506,9.907445218866254,
0,600,2025-10-01T00:00:00,,False,,False,0001-01-01T00:00:00,100006634,65,,True,False,,,,filter,59.8484017917046,9.884916657177785,
38,1050,2019-09-01T00:00:00,,False,,False,0001-01-01T00:00:00,100001751,0,,False,True,,,,filter,59.77004592928783,9.913727543065722,
170,975,2001-05-01T00:00:00,,False,,True,0001-01-01T00:00:00,4219,0,,False,True,,,,filter,59.76997740201163,9.90794735584304,
101,1000,2005-03-01T00:00:00,,False,,False,0001-01-01T00:00:00,4229,0,,False,True,,,,filter,59.766942260521326,9.917480058381171,
51,1050,2004-04-01T00:00:00,,False,,False,0001-01-01T00:00:00,4228,0,,False,True,,,,filter,59.76873937447837,9.912776768532288,
4,700,2024-09-01T00:00:00,,False,,False,0001-01-01T00:00:00,100005791,0,,False,True,,,,filter,60.0884908436104,10.09678574860532,
84,800,2019-07-01T00:00:00,,False,,False,0001-01-01T00:00:00,100001657,0,,False,True,,,,filter,60.23699350488835,9.924286674304867,
18,1250,2016-01-01T00:00:00,,False,,False,0001-01-01T00:00:00,4078,0,,False,True,,,,filter,60.56126616183698,9.984728886871702,
1,1000,2018-09-01T00:00:00,,False,,False,0001-01-01T00:00:00,100001145,0,,False,True,,,,filter,60.0832614377611,10.10270930504416,
17,300,2026-01-01T00:00:00,,False,,False,0001-01-01T00:00:00,100006929,0,,False,True,,,,filter,60.164667700266726,10.262934758193035,
22,900,2025-01-01T00:00:00,,False,,False,0001-01-01T00:00:00,100006083,0,,False,True,,,,filter,60.14652188218822,10.253297280034756,
48,1000,2018-08-01T00:00:00,,False,,False,0001-01-01T00:00:00,100001129,0,,False,True,,,,filter,60.16595591414961,10.262854895832902,
64,1000,2008-05-01T00:00:00,,False,,False,0001-01-01T00:00:00,4062,0,,False,True,,,,filter,60.17069626562377,10.266205707614088,
39,900,2019-12-01T00:00:00,,False,,False,0001-01-01T00:00:00,100001926,0,,False,True,,,,filter,60.17550991539389,10.27257938805376,
62,900,2021-09-01T00:00:00,,False,,False,0001-01-01T00:00:00,100002976,0,,False,True,,,,filter,60.15008351231546,10.251422806617754,
29,900,2025-01-01T00:00:00,,False,,False,0001-01-01T00:00:00,100006082,0,,False,True,,,,filter,60.147196853310795,10.249078385118684,
34,900,2021-09-01T00:00:00,,False,,False,0001-01-01T00:00:00,100002983,0,,False,True,,,,filter,60.14714172571073,10.248666735853545,
50,1000,2014-12-01T00:00:00,,False,,False,0001-01-01T00:00:00,4076,0,,False,True,,,,filter,60.164313358581495,10.250277197600816,
84,950,2014-07-01T00:00:00,,False,,False,0001-01-01T00:00:00,4075,0,,False,True,,,,filter,60.144730064010375,10.24644857659119,
114,950,2022-01-01T00:00:00,,False,,False,0001-01-01T00:00:00,100003265,0,,False,True,,,,filter,60.143701246471544,10.252948101751954,
24,1200,2014-04-01T00:00:00,,False,,False,0001-01-01T00:00:00,4074,0,,False,True,,,,filter,60.089868504244706,10.100229703260833,
21,750,2001-05-01T00:00:00,,False,,False,0001-01-01T00:00:00,4034,0,,False,True,,,,filter,60.16770862801911,10.256776690751309,
53,950,2001-05-01T00:00:00,,False,,False,0001-01-01T00:00:00,4035,0,,False,True,,,,filter,60.165914783837835,10.250573223776378,
34,900,2023-09-01T00:00:00,,False,,False,0001-01-01T00:00:00,100004841,0,,False,True,,,,filter,60.16237035969652,10.248789870189967,
25,900,2001-05-01T00:00:00,,False,,False,0001-01-01T00:00:00,4038,0,,False,True,,,,filter,60.142784687954126,10.244382362115337,
142,1000,2016-12-01T00:00:00,,False,,False,0001-01-01T00:00:00,100000265,0,,False,True,,,,filter,60.17679480087427,10.273561867873031,
35,900,2023-09-01T00:00:00,,False,,False,0001-01-01T00:00:00,100004840,0,,False,True,,,,filter,60.16508658032882,10.254420394172358,
24,2000,2001-05-01T00:00:00,,False,,False,0001-01-01T00:00:00,4042,0,,False,True,,,,filter,60.167228374154575,10.263512728530262,
25,1050,2001-05-01T00:00:00,,False,,False,0001-01-01T00:00:00,4043,0,,False,True,,,,filter,60.24180695214319,9.927371162939423,
23,900,2025-01-01T00:00:00,,False,,False,0001-01-01T00:00:00,100006104,0,,False,True,,,,filter,60.47584998005616,8.468259520533408,
12,1000,2001-05-01T00:00:00,,False,,False,0001-01-01T00:00:00,4046,0,,False,True,,,,filter,60.178628836227446,10.265329850816146,
22,1000,2004-12-01T00:00:00,,False,,False,0001-01-01T00:00:00,4056,0,,False,True,,,,filter,60.1419781929786,10.247260783735632,
35,1000,2018-12-01T00:00:00,,False,,False,0001-01-01T00:00:00,100001349,0,,False,True,,,,filter,60.14987356131156,10.243439923755673,
46,1000,2018-09-01T00:00:00,,False,,False,0001-01-01T00:00:00,100001147,0,,False,True,,,,filter,60.18145620880845,10.267782157169373,
0,1000,,,False,,False,0001-01-01T00:00:00,100006105,190,,True,False,,,,filter,60.47452014364674,8.469028039954232,
46,900,2025-02-01T00:00:00,,False,,False,0001-01-01T00:00:00,100006166,0,,False,True,,,,filter,60.14369058988113,10.250237895446258,
17,1200,2019-10-01T00:00:00,,False,,False,0001-01-01T00:00:00,100001894,0,,False,True,,,,filter,60.46965181743656,8.472408698349167,
33,1100,2005-05-01T00:00:00,,False,,False,0001-01-01T00:00:00,4057,0,,False,True,,,,filter,60.17417687773178,10.266169891208683,
0,800,2025-01-01T00:00:00,,False,,False,0001-01-01T00:00:00,100006075,217,,True,False,,,,filter,59.83225398995429,9.587204734497881,
0,800,2023-11-01T00:00:00,,False,,False,0001-01-01T00:00:00,100004961,75,,True,False,,,,filter,59.83028503283839,9.58499721738425,
28,800,2022-03-01T00:00:00,,False,,False,0001-01-01T00:00:00,100003469,0,,False,True,,,,filter,59.83443703052472,9.583919075076876,
0,800,2020-03-01T00:00:00,,False,,False,0001-01-01T00:00:00,100002082,88,,True,False,,,,filter,59.830043125903416,9.581472814294385,
0,800,2017-06-01T00:00:00,,False,,False,0001-01-01T00:00:00,100000488,96,,True,False,,,,filter,59.83473789179203,9.585089054716956,
0,700,2023-01-01T00:00:00,,False,,False,0001-01-01T00:00:00,100004177,27,,True,False,,,,filter,60.04575076676908,9.636161721644177,
78,650,2020-11-01T00:00:00,,False,,False,0001-01-01T00:00:00,100002500,0,,False,True,,,,filter,60.043621308621354,9.635268269022113,
0,700,2023-01-01T00:00:00,,False,,False,0001-01-01T00:00:00,100004178,3,,True,False,,,,filter,60.042709455937946,9.632004620683789,
0,700,2016-02-01T00:00:00,,False,,False,0001-01-01T00:00:00,4183,6,,True,False,,,,filter,60.04549050245091,9.638125529321618,
22,900,2015-03-01T00:00:00,,False,,False,0001-01-01T00:00:00,4182,0,,False,True,,,,filter,60.0443182691348,9.639330406171965,
27,1050,2002-02-01T00:00:00,,False,,False,0001-01-01T00:00:00,10411,0,,False,True,,,,filter,69.96882048574689,23.281956264254283,
51,520,2025-05-01T00:00:00,,False,,False,0001-01-01T00:00:00,100006415,0,,False,True,,,,filter,69.96186522327727,23.27066947287313,
72,800,2016-11-01T00:00:00,,False,,False,0001-01-01T00:00:00,100000229,0,,False,True,,,,filter,69.96344323843643,23.28466308201171,
34,650,2024-09-01T00:00:00,,False,,False,0001-01-01T00:00:00,100005817,0,,False,True,,,,filter,69.96479872140402,23.273321634379688,
214,800,2016-09-01T00:00:00,,False,,False,0001-01-01T00:00:00,100000114,0,,False,True,,,,filter,69.96379569937392,23.2803413878978,
205,750,2013-09-01T00:00:00,,False,,False,0001-01-01T00:00:00,10429,0,,False,True,,,,filter,69.96097430150381,23.284527356010166,
79,830,2010-11-01T00:00:00,,False,,False,0001-01-01T00:00:00,10425,0,,False,True,,,,filter,69.96693466791429,23.281941524803383,
60,600,2025-03-31T00:00:00,,False,,False,0001-01-01T00:00:00,100006324,0,,False,True,,,,filter,69.97578660296135,23.36350113330453,
159,750,2001-05-01T00:00:00,,False,,False,0001-01-01T00:00:00,10391,0,,False,True,,,,filter,69.96299062801862,23.274193647035816,
103,950,2001-08-01T00:00:00,,False,,False,0001-01-01T00:00:00,10409,0,,False,True,,,,filter,69.9652807547955,23.264831062737642,
30,650,2025-11-01T00:00:00,,False,,False,0001-01-01T00:00:00,100006742,0,,False,True,,,,filter,69.96759975534894,23.270481833773704,
110,850,2001-05-01T00:00:00,,False,,False,0001-01-01T00:00:00,10400,0,,False,True,,,,filter,69.95312326856188,23.24398199672035,
92,600,2024-02-01T00:00:00,,False,,False,0001-01-01T00:00:00,100005234,0,,False,True,,,,filter,69.96359130386818,23.275089424440488,
77,600,2024-05-01T00:00:00,,False,,False,0001-01-01T00:00:00,100005387,0,,False,True,,,,filter,69.96859743865605,23.279389765648904,
62,600,2023-10-01T00:00:00,,False,,False,0001-01-01T00:00:00,100004911,0,,False,True,,,,filter,69.95330623979088,23.252758744900582,
65,600,2023-01-01T00:00:00,,False,,False,0001-01-01T00:00:00,100004147,0,,False,True,,,,filter,69.96533576637079,23.277995241574658,
31,650,2013-11-01T00:00:00,,False,,False,0001-01-01T00:00:00,10433,0,,False,True,,,,filter,69.96704073711926,23.283645210166554,
27,900,2019-01-01T00:00:00,,False,,False,0001-01-01T00:00:00,100001373,0,,False,True,,,,filter,69.97200416220196,23.362781138586367,
43,800,2012-09-01T00:00:00,,False,,False,0001-01-01T00:00:00,10431,0,,False,True,,,,filter,69.94798061700702,23.249041567417585,
154,750,2023-11-01T00:00:00,,False,,False,0001-01-01T00:00:00,100005004,0,,False,True,,,,filter,69.97757692173862,23.37599895347686,
10,650,2024-02-01T00:00:00,,False,,False,0001-01-01T00:00:00,100005209,0,,False,True,,,,filter,69.96642203584739,23.272258946805838,
70,625,2023-09-01T00:00:00,,False,,False,0001-01-01T00:00:00,100004691,0,,False,True,,,,filter,69.95036989577558,23.233359607387726,
23,600,2025-02-01T00:00:00,,False,,False,0001-01-01T00:00:00,100006108,0,,False,True,,,,filter,69.97055755259407,23.365541053469734,
0,850,,,False,,False,0001-01-01T00:00:00,100003140,0,,False,False,,,,filter,69.9741131969038,23.367292326075148,
0,600,,,False,,False,0001-01-01T00:00:00,100005051,0,,False,False,,,,filter,69.96533278771695,23.277309670168908,
0,620,,,False,,False,0001-01-01T00:00:00,100006391,0,,False,False,,,,filter,69.9524856550301,23.239589089350574,
0,600,,,False,,False,0001-01-01T00:00:00,100006917,0,,False,False,,,,filter,69.97302037215117,23.36631240515841,
77,700,2001-05-01T00:00:00,,False,,False,0001-01-01T00:00:00,10399,0,,False,True,,,,filter,69.96784248425996,23.275616452783602,
143,750,2001-05-01T00:00:00,,False,,False,0001-01-01T00:00:00,10397,0,,False,True,,,,filter,69.94673633323383,23.24526927890403,
57,750,2017-04-01T00:00:00,,False,,False,0001-01-01T00:00:00,100000423,0,,False,True,,,,filter,69.9470350532537,23.25145277170957,
0,600,2026-02-01T00:00:00,,False,,False,0001-01-01T00:00:00,100007009,578,,True,False,,,,filter,70.63060429966157,29.711628235617237,
0,600,2025-01-01T00:00:00,,False,,False,0001-01-01T00:00:00,100006042,221,,True,False,,,,filter,70.63344039085082,29.716416541257423,
0,600,2026-02-01T00:00:00,,False,,False,0001-01-01T00:00:00,100006984,166,,True,False,,,,filter,70.63722157552388,29.72080824438516,
10,600,2001-05-01T00:00:00,,False,,False,0001-01-01T00:00:00,10588,0,,False,True,,,,filter,70.63460231522517,29.72470095006663,
85,600,2025-10-01T00:00:00,,False,,False,0001-01-01T00:00:00,100006616,0,,False,True,,,,filter,70.63433790967659,29.700178138935488,
0,400,2025-04-01T00:00:00,,False,,True,0001-01-01T00:00:00,100006441,151,,True,False,,,,filter,70.85714421706336,29.08833043396395,
0,400,2025-10-01T00:00:00,,False,,False,0001-01-01T00:00:00,100006746,87,,True,False,,,,filter,70.8553475843699,29.079359651008943,
0,400,2018-01-01T00:00:00,,False,,True,0001-01-01T00:00:00,100000875,136,,True,False,,,,filter,70.85314681488721,29.086372408854842,
0,600,2024-01-01T00:00:00,,False,,False,0001-01-01T00:00:00,100005150,117,,True,False,,,,filter,71.0341531540149,27.852837155314855,
0,500,2022-08-29T00:00:00,,False,,False,0001-01-01T00:00:00,100003818,23,,True,False,,,,filter,71.03682752659951,27.86049317177887,
241,700,2010-04-01T00:00:00,,False,,False,0001-01-01T00:00:00,10360,0,,False,True,,,,filter,59.133079928010226,10.223804072248392,
40,650,2025-10-01T00:00:00,,False,,False,0001-01-01T00:00:00,100006756,0,,False,True,,,,filter,59.125832154808904,10.227257246937851,
30,900,2005-09-01T00:00:00,,False,,False,0001-01-01T00:00:00,10355,0,,False,True,,,,filter,59.125753246315405,10.23082279891865,
100,600,2023-09-01T00:00:00,,False,,False,0001-01-01T00:00:00,100004752,0,,False,True,,,,filter,59.130361426478075,10.230867757433382,
74,500,2023-09-01T00:00:00,,False,,False,0001-01-01T00:00:00,100004799,0,,False,True,,,,filter,70.66384611079192,23.685148691340014,
36,650,2004-10-01T00:00:00,,False,,False,0001-01-01T00:00:00,10353,0,,False,True,,,,filter,70.66637133581372,23.674601805327487,
77,700,2013-04-01T00:00:00,,False,,False,0001-01-01T00:00:00,10366,0,,False,True,,,,filter,59.12986867642086,10.229874364439219,
23,420,2017-08-01T00:00:00,,False,,True,0001-01-01T00:00:00,100000725,0,,False,True,,,,filter,70.50299999459146,23.990138364006473,
126,510,2023-08-01T00:00:00,,False,,False,0001-01-01T00:00:00,100004706,0,,False,True,,,,filter,59.13018743296573,10.233324397371408,
70,530,2024-08-01T00:00:00,,False,,False,0001-01-01T00:00:00,100005717,0,,False,True,,,,filter,70.66479171985117,23.685127943714548,
75,650,2019-01-01T00:00:00,,False,,False,0001-01-01T00:00:00,100001409,0,,False,True,,,,filter,70.66271114411396,23.690449858546508,
55,500,2023-09-01T00:00:00,,False,,False,0001-01-01T00:00:00,100004751,0,,False,True,,,,filter,59.128537142925055,10.221596182702786,
38,700,2001-05-01T00:00:00,,False,,True,0001-01-01T00:00:00,10475,0,,False,True,,,,filter,70.50567545118498,23.98597887426932,
35,600,2025-02-01T00:00:00,,False,,False,0001-01-01T00:00:00,100006174,0,,False,True,,,,filter,59.12765234947054,10.226184759724884,
0,810,,,False,,False,0001-01-01T00:00:00,100006131,0,,False,False,,,,filter,70.66167436421887,23.687968547435208,
0,150,,,False,,False,0001-01-01T00:00:00,100006132,0,,False,False,,,,filter,70.66123835244443,23.671243748371808,
79,670,2001-05-01T00:00:00,,False,,False,0001-01-01T00:00:00,10343,0,,False,True,,,,filter,59.12791476656867,10.232976013372006,
103,650,2018-07-01T00:00:00,,False,,False,0001-01-01T00:00:00,100001155,0,,False,True,,,,filter,70.66369286850063,23.685519580832548,
0,300,2021-02-01T00:00:00,,False,,False,0001-01-01T00:00:00,100002598,51,,True,False,,,,filter,70.48496152377594,22.16757646756441,
41,400,2023-10-01T00:00:00,,False,,False,0001-01-01T00:00:00,100004892,0,,False,True,,,,filter,70.48562967756295,22.172399247081753,
0,400,2026-01-01T00:00:00,,False,,False,0001-01-01T00:00:00,100006953,115,,True,False,,,,filter,70.4842418715697,22.160681051948465,
0,530,2024-03-01T00:00:00,,False,,False,0001-01-01T00:00:00,100005323,52,,True,False,,,,filter,69.4834161562005,25.534452212956168,
0,530,2024-05-01T00:00:00,,False,,False,0001-01-01T00:00:00,100005482,47,,True,False,,,,filter,69.48219934311895,25.532447585867335,
0,485,2001-05-01T00:00:00,,False,,False,0001-01-01T00:00:00,10517,13,,True,False,,,,filter,69.48546577087419,25.5327493841596,
36,530,2017-04-01T00:00:00,,False,,False,0001-01-01T00:00:00,100000406,0,,False,True,,,,filter,69.48711859237459,25.54830141157696,
88,530,2001-05-01T00:00:00,,False,,False,0001-01-01T00:00:00,10515,0,,False,True,,,,filter,69.48169626363074,25.536536643225404,
0,580,2011-03-01T00:00:00,,False,,False,0001-01-01T00:00:00,10378,11,,True,False,,,,filter,69.00969110958408,23.023900432298458,
0,580,2023-11-01T00:00:00,,False,,False,0001-01-01T00:00:00,100005027,148,,True,False,,,,filter,69.0126913741235,23.024337693461035,
8,450,2023-01-01T00:00:00,,False,,False,0001-01-01T00:00:00,100004210,0,,False,True,,,,filter,69.00986234545508,23.036034918131964,
2,580,2024-01-01T00:00:00,,False,,False,0001-01-01T00:00:00,100005166,0,,False,True,,,,filter,69.00817577145708,23.02853882807277,
9,580,2023-01-01T00:00:00,,False,,False,0001-01-01T00:00:00,100004238,0,,False,True,,,,filter,69.006445074451,23.02307903578407,
0,600,2022-09-01T00:00:00,,False,,False,0001-01-01T00:00:00,100003816,32,,True,False,,,,filter,70.94374516903049,27.350549471307726,
0,600,2016-10-01T00:00:00,,False,,False,0001-01-01T00:00:00,100000141,39,,True,False,,,,filter,70.94036615470112,27.34503094886664,
0,300,2026-01-08T00:00:00,,False,,False,0001-01-01T00:00:00,100006939,25,,True,False,,,,filter,70.24951248555364,22.354565983247575,
0,300,2023-10-01T00:00:00,,False,,False,0001-01-01T00:00:00,100004912,59,,True,False,,,,filter,70.24552630465568,22.34593610668672,
2,300,2021-05-07T00:00:00,,False,,False,0001-01-01T00:00:00,100002837,0,,False,True,,,,filter,70.24886034754928,22.34327703766757,
0,575,2024-09-01T00:00:00,,False,,False,0001-01-01T00:00:00,100005754,101,,True,False,,,,filter,70.85959393753538,29.08590716800676,
0,575,2023-12-01T00:00:00,,False,,False,0001-01-01T00:00:00,100005079,9,,True,False,,,,filter,70.85991154366998,29.084989162940076,
0,230,2025-01-01T00:00:00,,False,,True,0001-01-01T00:00:00,100006023,37,,True,False,,,,filter,70.18058463311223,28.613834729234828,
1,345,2023-09-01T00:00:00,,False,,False,0001-01-01T00:00:00,100004798,0,,False,True,,,,filter,70.17408096294412,28.61282803908913,
0,230,2025-01-01T00:00:00,,False,,True,0001-01-01T00:00:00,100006024,22,,True,False,,,,filter,70.18098005163804,28.61783168813607,
0,230,2022-11-01T00:00:00,,False,,False,0001-01-01T00:00:00,100004070,21,,True,False,,,,filter,70.17511111016614,28.61050952303232,
0,584,2001-05-01T00:00:00,,False,,True,0001-01-01T00:00:00,10494,271,,True,False,,,,filter,70.97661366336521,25.98015972532209,
110,584,2001-05-01T00:00:00,,False,,True,0001-01-01T00:00:00,10496,0,,False,True,,,,filter,70.97611140313435,25.97535628302495,
0,584,2024-12-01T00:00:00,,False,,True,0001-01-01T00:00:00,100006034,5,,True,False,,,,filter,70.98109016606128,25.980422394945155,
0,700,2018-10-01T00:00:00,,False,,True,0001-01-01T00:00:00,100001251,197,,True,False,,,,filter,70.97766486494542,25.97727381990465,
0,350,2025-06-01T00:00:00,,False,,True,0001-01-01T00:00:00,100006448,122,,True,False,,,,filter,70.97767320820039,25.997915463853765,
0,350,2025-06-01T00:00:00,,False,,True,0001-01-01T00:00:00,100006449,70,,True,False,,,,filter,70.98025815182285,25.9929355379141,
0,585,2014-04-01T00:00:00,,False,,True,0001-01-01T00:00:00,10497,153,,True,False,,,,filter,70.97660391674339,25.990930829710415,
13,400,2023-05-08T00:00:00,,False,,False,0001-01-01T00:00:00,100004536,0,,False,True,,,,filter,70.05549961423014,24.94403000138465,
0,480,2018-09-01T00:00:00,,False,,False,0001-01-01T00:00:00,100001230,28,,True,False,,,,filter,70.05585695309169,24.954424452739566,
5,325,2001-05-01T00:00:00,,False,,False,0001-01-01T00:00:00,10500,0,,False,True,,,,filter,70.05462053976332,24.944514892225637,
16,650,2022-05-16T00:00:00,,False,,False,0001-01-01T00:00:00,100003551,0,,False,True,,,,filter,70.04916682486913,24.94235607581197,
67,650,2022-01-01T00:00:00,,False,,False,0001-01-01T00:00:00,100003213,0,,False,True,,,,filter,70.04888198414436,24.943279314381265,
24,650,2017-06-01T00:00:00,,False,,False,0001-01-01T00:00:00,100000551,0,,False,True,,,,filter,70.053584222809,24.942422838327165,
36,675,2026-01-01T00:00:00,,False,,False,0001-01-01T00:00:00,100006881,0,,False,True,,,,filter,70.05415152349993,24.95859834269371,
33,700,2024-09-01T00:00:00,,False,,False,0001-01-01T00:00:00,100005673,0,,False,True,,,,filter,59.915493830748446,10.745757758254998,
3,700,2025-05-26T00:00:00,,False,,False,0001-01-01T00:00:00,100006426,0,,False,True,,,,filter,59.909137716682565,10.752107308476191,
52,750,2018-03-01T00:00:00,,False,,False,0001-01-01T00:00:00,100000858,0,,False,True,,,,filter,59.91418674992091,10.747521043342731,
100,750,2009-12-01T00:00:00,,False,,False,0001-01-01T00:00:00,10609,0,,False,True,,,,filter,59.91128717043018,10.750259085163359,
163,800,2015-09-01T00:00:00,,False,,False,0001-01-01T00:00:00,10614,0,,False,True,,,,filter,59.91605291627686,10.744847677250545,
2,650,2023-10-01T00:00:00,,False,,False,0001-01-01T00:00:00,100004956,0,,False,True,,,,filter,59.910745513660544,10.742635217242503,
166,700,2008-09-01T00:00:00,,False,,False,0001-01-01T00:00:00,10610,0,,False,True,,,,filter,59.91464060912909,10.749157893015772,
34,900,2010-08-01T00:00:00,,False,,False,0001-01-01T00:00:00,10611,0,,False,True,,,,filter,59.91417602599808,10.752646427138854,
0,700,2024-03-01T00:00:00,,False,,False,0001-01-01T00:00:00,100005299,0,,False,True,,,,filter,59.909983662699354,10.746902328280324,
23,700,2024-10-01T00:00:00,,False,,False,0001-01-01T00:00:00,100005878,0,,False,True,,,,filter,59.9089837550616,10.748632793584898,
94,750,2014-04-01T00:00:00,,False,,False,0001-01-01T00:00:00,10613,0,,False,True,,,,filter,59.915064744582104,10.746429133810466,
5,700,2024-10-01T00:00:00,,False,,False,0001-01-01T00:00:00,100005879,0,,False,True,,,,filter,59.91690098485945,10.748585177893343,
82,750,2017-06-01T00:00:00,,False,,False,0001-01-01T00:00:00,100000526,0,,False,True,,,,filter,59.91515741618888,10.750790840668149,
43,500,2025-10-01T00:00:00,,False,,False,0001-01-01T00:00:00,100006734,0,,False,True,,,,filter,70.19431129888946,28.175722835713483,
33,325,2025-10-01T00:00:00,,False,,False,0001-01-01T00:00:00,100006628,0,,False,True,,,,filter,70.20115092988304,28.171166364470295,
0,650,2019-08-01T00:00:00,,False,,False,0001-01-01T00:00:00,100001707,30,,True,False,,,,filter,70.1951656010983,28.170594264602048,
94,325,2020-09-01T00:00:00,,False,,False,0001-01-01T00:00:00,100002398,0,,False,True,,,,filter,70.19710007801424,28.16292184390435,
0,325,,,False,,False,0001-01-01T00:00:00,100006715,0,,False,False,,,,filter,70.20240078498328,28.17962691584654,
0,750,2021-10-01T00:00:00,,False,,False,0001-01-01T00:00:00,100003091,2,,True,False,,,,filter,70.08409345981185,29.739809126462866,
11,650,2022-03-01T00:00:00,,False,,False,0001-01-01T00:00:00,100003327,0,,False,True,,,,filter,70.08519508506902,29.744884329347734,
28,750,2018-10-01T00:00:00,,False,,False,0001-01-01T00:00:00,100001287,0,,False,True,,,,filter,70.07991566771382,29.730231512603467,
4,650,2021-10-01T00:00:00,,False,,False,0001-01-01T00:00:00,100003133,0,,False,True,,,,filter,70.0838093918627,29.739991151330738,
0,300,2010-09-01T00:00:00,,False,,False,0001-01-01T00:00:00,10324,0,,False,True,,,,filter,70.08413469369106,29.726076877853398,
0,600,2025-09-01T00:00:00,,False,,False,0001-01-01T00:00:00,100006653,4,,True,False,,,,filter,70.08612643017214,29.74075942404954,
0,880,2018-11-01T00:00:00,,False,,False,0001-01-01T00:00:00,100001305,165,,True,False,,,,filter,70.08138224060352,29.72868653340074,
0,650,2025-09-01T00:00:00,,False,,False,0001-01-01T00:00:00,100006652,1,,True,False,,,,filter,70.08218987788818,29.74523541721615,
0,550,2012-05-01T00:00:00,,False,,False,0001-01-01T00:00:00,10326,0,,False,True,,,,filter,70.08102377801563,29.736525532237174,
0,600,2024-10-22T00:00:00,,False,,False,0001-01-01T00:00:00,100005957,76,,True,False,,,,filter,70.37135167798421,31.093605190862736,
24,300,2015-10-01T00:00:00,,False,,False,0001-01-01T00:00:00,10304,0,,False,True,,,,filter,70.37124646682025,31.09129703149566,
0,600,2024-12-09T00:00:00,,False,,False,0001-01-01T00:00:00,100006070,136,,True,False,,,,filter,70.37797981580084,31.092524705987973,
0,600,2025-11-01T00:00:00,,False,,False,0001-01-01T00:00:00,100006826,190,,True,False,,,,filter,70.3737634058703,31.082639792192662,
0,800,2012-06-01T00:00:00,,False,,False,0001-01-01T00:00:00,3412,101,,True,False,,,,filter,62.10973228613741,10.630685901288757,
9,520,2022-10-01T00:00:00,,False,,False,0001-01-01T00:00:00,100003987,0,,False,True,,,,filter,62.10967467237264,10.631662334174322,
0,550,,,False,,False,0001-01-01T00:00:00,100005383,140,,True,False,,,,filter,62.10828292117486,10.626089087072364,
0,650,,,False,,False,0001-01-01T00:00:00,100006213,234,,True,False,,,,filter,62.10733457076294,10.63161412806048,
51,300,2022-09-15T00:00:00,,False,,True,0001-01-01T00:00:00,100003911,0,,False,True,,,,filter,61.13152639513522,11.373564568865104,
4,600,2021-03-01T00:00:00,,False,,True,0001-01-01T00:00:00,100002666,0,,False,True,,,,filter,61.13282905539888,11.36849849911454,
129,1000,2010-03-01T00:00:00,,False,,True,0001-01-01T00:00:00,3347,0,,False,True,,,,filter,61.13190123917147,11.364789924538556,
2,850,2007-09-01T00:00:00,,False,,True,0001-01-01T00:00:00,3341,0,,False,True,,,,filter,61.131813900084495,11.377692847290126,
11,500,2024-01-01T00:00:00,,False,,True,0001-01-01T00:00:00,100005129,0,,False,True,,,,filter,61.13007027291047,11.37472698240779,
0,1000,,,False,,False,0001-01-01T00:00:00,100005068,450,,True,False,,,,filter,61.12973574924442,11.375762489815104,
0,500,,,False,,False,0001-01-01T00:00:00,100005602,433,,True,False,,,,filter,61.13246885473429,11.369667821128875,
0,150,,,False,,False,0001-01-01T00:00:00,100005696,12,,True,False,,,,filter,61.13238080817945,11.374742922681786,
0,900,2025-09-01T00:00:00,,False,,False,0001-01-01T00:00:00,100006611,233,,True,False,,,,filter,60.61440843258433,12.009263826560783,
239,844,2021-05-01T00:00:00,,False,,False,0001-01-01T00:00:00,100002808,0,,False,True,,,,filter,60.61560153272329,12.009369762019688,
40,1100,2019-08-01T00:00:00,,False,,False,0001-01-01T00:00:00,100001710,0,,False,True,,,,filter,60.610457705245736,12.014738427455553,
304,660,2002-09-01T00:00:00,,False,,False,0001-01-01T00:00:00,3273,0,,False,True,,,,filter,60.61215416921263,12.007157048166816,
5,750,2023-05-01T00:00:00,,False,,False,0001-01-01T00:00:00,100004526,0,,False,True,,,,filter,60.61403843548201,12.00505905873908,
0,750,2025-04-01T00:00:00,,False,,False,0001-01-01T00:00:00,100006320,166,,True,False,,,,filter,60.61349165687939,12.01030482145362,
12,555,2023-12-01T00:00:00,,False,,False,0001-01-01T00:00:00,100005032,0,,False,True,,,,filter,60.616339450821094,12.008081367123353,
40,500,2025-04-01T00:00:00,,False,,False,0001-01-01T00:00:00,100006322,0,,False,True,,,,filter,60.61682181058182,12.005459571498466,
33,560,2022-12-01T00:00:00,,False,,False,0001-01-01T00:00:00,100004079,0,,False,True,,,,filter,60.61577185280993,12.011779495604507,
11,560,2023-03-01T00:00:00,,False,,False,0001-01-01T00:00:00,100004313,0,,False,True,,,,filter,60.61238022392262,12.010322156053201,
0,1200,2014-01-01T00:00:00,,False,,False,0001-01-01T00:00:00,3566,694,,True,False,,,,filter,62.07290241987498,9.117167133728815,
0,1200,2006-04-01T00:00:00,,False,,True,0001-01-01T00:00:00,3563,469,,True,False,,,,filter,62.07604917282016,9.119623997220446,
3,1200,2004-06-01T00:00:00,,False,,True,0001-01-01T00:00:00,3562,0,,False,True,,,,filter,62.07132682562671,9.117650938003369,
0,1000,2023-03-08T00:00:00,,False,,False,0001-01-01T00:00:00,100004398,4,,True,False,,,,filter,59.98557530327032,12.125483724340361,
53,950,2025-04-01T00:00:00,,False,,False,0001-01-01T00:00:00,100006325,0,,False,True,,,,filter,59.98660092184645,12.117991468935006,
0,800,2025-06-01T00:00:00,,False,,False,0001-01-01T00:00:00,100006429,7,,True,False,,,,filter,59.98713227093777,12.127640389266173,
13,800,2025-11-01T00:00:00,,False,,False,0001-01-01T00:00:00,100006722,0,,False,True,,,,filter,59.988657343162934,12.122937726052076,
83,880,2010-05-01T00:00:00,,False,,False,0001-01-01T00:00:00,3243,0,,False,True,,,,filter,59.99018455583701,12.126718514380757,
0,800,2025-08-04T00:00:00,,False,,False,0001-01-01T00:00:00,100006604,33,,True,False,,,,filter,59.98508115449601,12.12197534493989,
0,1050,2021-10-01T00:00:00,,False,,False,0001-01-01T00:00:00,100003053,103,,True,False,,,,filter,60.87305008655733,11.562568537572599,
0,1000,2021-09-03T00:00:00,,False,,False,0001-01-01T00:00:00,100003037,200,,True,False,,,,filter,60.8779471114182,11.560676942416697,
171,1000,2023-02-01T00:00:00,,False,,False,0001-01-01T00:00:00,100004271,0,,False,True,,,,filter,60.88516993738607,11.56231935746698,
220,1050,2016-04-01T00:00:00,,False,,False,0001-01-01T00:00:00,3318,0,,False,True,,,,filter,60.88572799409993,11.568588451659323,
12,1000,2001-05-01T00:00:00,,False,,False,0001-01-01T00:00:00,3295,0,,False,True,,,,filter,60.88430393544984,11.558515776975952,
0,875,2022-04-01T00:00:00,,False,,False,0001-01-01T00:00:00,100003477,13,,True,False,,,,filter,60.87670065926434,11.558159207026124,
166,990,2010-02-01T00:00:00,,False,,False,0001-01-01T00:00:00,3313,0,,False,True,,,,filter,60.88328090065978,11.56653433049252,
68,1200,2023-08-28T00:00:00,,False,,False,0001-01-01T00:00:00,100004627,0,,False,True,,,,filter,60.87923503718078,11.564760829583873,
0,1100,2023-03-01T00:00:00,,False,,False,0001-01-01T00:00:00,100004290,11,,True,False,,,,filter,60.883727761806675,11.564637217314255,
249,950,2014-04-01T00:00:00,,False,,False,0001-01-01T00:00:00,3314,0,,False,True,,,,filter,60.88352551007116,11.564743044975563,
0,1300,2018-07-01T00:00:00,,False,,False,0001-01-01T00:00:00,100001066,0,,False,True,,,,filter,60.87638049813064,11.563722015079742,
94,1000,2018-01-01T00:00:00,,False,,False,0001-01-01T00:00:00,100000843,0,,False,True,,,,filter,60.88217549816897,11.552594750849893,
47,950,2022-11-01T00:00:00,,False,,False,0001-01-01T00:00:00,100004028,0,,False,True,,,,filter,60.8835275568343,11.558613020472215,
111,1500,2008-11-01T00:00:00,,False,,False,0001-01-01T00:00:00,3294,0,,False,True,,,,filter,60.88345388929819,11.572126848263718,
5,910,2001-06-01T00:00:00,,False,,False,0001-01-01T00:00:00,3309,0,,False,True,,,,filter,60.88175691146248,11.568641919441914,
147,800,2021-09-01T00:00:00,,False,,False,0001-01-01T00:00:00,100003040,0,,False,True,,,,filter,60.888255808347395,11.556506600809904,
0,1000,2001-05-01T00:00:00,,False,,False,0001-01-01T00:00:00,3292,56,,True,False,,,,filter,60.88579447619914,11.56014943645887,
139,600,2022-09-01T00:00:00,,False,,False,0001-01-01T00:00:00,100003876,0,,False,True,,,,filter,60.88190111836873,11.557334271662015,
179,910,2001-05-01T00:00:00,,False,,False,0001-01-01T00:00:00,3304,0,,False,True,,,,filter,60.8867797956888,11.56671156128507,
155,800,2018-11-01T00:00:00,,False,,False,0001-01-01T00:00:00,100001311,0,,False,True,,,,filter,60.886032850545,11.559215981136763,
123,1000,2014-08-01T00:00:00,,False,,False,0001-01-01T00:00:00,3321,0,,False,True,,,,filter,60.88063989619613,11.56351755932953,
16,1700,2013-09-01T00:00:00,,False,,False,0001-01-01T00:00:00,3319,0,,False,True,,,,filter,60.880782984148674,11.56880790969516,
0,800,2021-01-01T00:00:00,,False,,False,0001-01-01T00:00:00,100002578,247,,True,False,,,,filter,61.88009269139788,12.027328196340502,
0,900,2008-11-01T00:00:00,,False,,False,0001-01-01T00:00:00,3378,246,,True,False,,,,filter,61.882622500075435,12.028622401842485,
0,650,2001-05-01T00:00:00,,False,,False,0001-01-01T00:00:00,3851,121,,True,False,,,,filter,60.886247214987,9.635170486865794,
58,450,2021-02-01T00:00:00,,False,,False,0001-01-01T00:00:00,100002621,0,,False,True,,,,filter,60.88611092726735,9.638476253632716,
4,300,2015-11-01T00:00:00,,False,,False,0001-01-01T00:00:00,3849,0,,False,True,,,,filter,60.888161512079606,9.647922510843204,
51,850,2022-08-01T00:00:00,,False,,False,0001-01-01T00:00:00,100003672,0,,False,True,,,,filter,62.13289854217593,10.007314598400992,
0,850,2025-09-01T00:00:00,,False,,False,0001-01-01T00:00:00,100006615,140,,True,False,,,,filter,62.13679279146183,10.001668477703008,
0,733,2025-08-01T00:00:00,,False,,False,0001-01-01T00:00:00,100006469,187,,True,False,,,,filter,61.239975973197296,10.197962455647463,
0,900,2001-05-01T00:00:00,,False,,False,0001-01-01T00:00:00,3695,24,,True,False,,,,filter,61.20193472496517,10.143191559148335,
52,587,2023-05-01T00:00:00,,False,,False,0001-01-01T00:00:00,100004517,0,,False,True,,,,filter,61.23797423277622,10.203921397508692,
12,590,2024-11-01T00:00:00,,False,,False,0001-01-01T00:00:00,100005935,0,,False,True,,,,filter,61.23704695684519,10.190635141525622,
0,593,2024-09-01T00:00:00,,False,,False,0001-01-01T00:00:00,100005688,9,,True,False,,,,filter,61.23535163822314,10.202920786085913,
21,587,2023-08-01T00:00:00,,False,,False,0001-01-01T00:00:00,100004743,0,,False,True,,,,filter,61.23624726944216,10.192738002933622,
98,431,2015-11-01T00:00:00,,False,,False,0001-01-01T00:00:00,3701,0,,False,True,,,,filter,61.23351806159915,10.195225909295155,
11,733,2021-09-01T00:00:00,,False,,False,0001-01-01T00:00:00,100003022,0,,False,True,,,,filter,61.234975908145906,10.189395927227075,
215,900,2024-10-01T00:00:00,,False,,False,0001-01-01T00:00:00,100005844,0,,False,True,,,,filter,60.795223017170876,10.69609881452349,
92,700,2024-04-01T00:00:00,,False,,False,0001-01-01T00:00:00,100005335,0,,False,True,,,,filter,60.79891956589616,10.694486123649192,
158,850,2022-02-01T00:00:00,,False,,False,0001-01-01T00:00:00,100003276,0,,False,True,,,,filter,60.78016591645048,10.688301113883615,
80,700,2024-10-01T00:00:00,,False,,False,0001-01-01T00:00:00,100005848,0,,False,True,,,,filter,60.79824119204553,10.68296506763583,
228,1065,2022-08-01T00:00:00,,False,,False,0001-01-01T00:00:00,100003671,0,,False,True,,,,filter,60.959450864144046,10.610043943233935,
4,900,2013-02-01T00:00:00,,False,,False,0001-01-01T00:00:00,3532,0,,False,True,,,,filter,60.958651008376236,10.615115950297614,
303,800,2019-03-01T00:00:00,,False,,False,0001-01-01T00:00:00,100001477,0,,False,True,,,,filter,60.78873724635605,10.657217695377645,
0,700,2003-10-01T00:00:00,,False,,False,0001-01-01T00:00:00,3488,213,,True,False,,,,filter,60.88652619504278,10.35841779107154,
77,1000,2011-08-01T00:00:00,,False,,False,0001-01-01T00:00:00,3529,0,,False,True,,,,filter,60.79530139075807,10.681751050781035,
179,800,2022-02-01T00:00:00,,False,,False,0001-01-01T00:00:00,100003274,0,,False,True,,,,filter,60.77990837022538,10.688603241971174,
27,700,2025-03-01T00:00:00,,False,,False,0001-01-01T00:00:00,100006192,0,,False,True,,,,filter,60.791731216266676,10.691236284212845,
0,2200,2019-02-01T00:00:00,,False,,False,0001-01-01T00:00:00,100001454,189,,True,False,,,,filter,60.79727610326368,10.696755400550662,
44,750,2023-03-27T00:00:00,,False,,False,0001-01-01T00:00:00,100004407,0,,False,True,,,,filter,60.79745006239598,10.683635088098551,
17,1050,2004-10-01T00:00:00,,False,,False,0001-01-01T00:00:00,3512,0,,False,True,,,,filter,60.79334107770106,10.689936952287296,
86,800,2001-05-01T00:00:00,,False,,False,0001-01-01T00:00:00,3497,0,,False,True,,,,filter,60.78558504005567,10.654110597535594,
62,700,2021-10-01T00:00:00,,False,,False,0001-01-01T00:00:00,100003063,0,,False,True,,,,filter,60.79155330363054,10.681620516910264,
108,950,2022-03-01T00:00:00,,False,,False,0001-01-01T00:00:00,100003338,0,,False,True,,,,filter,60.77947271431887,10.68814486255774,
88,900,2001-05-01T00:00:00,,False,,False,0001-01-01T00:00:00,3498,0,,False,True,,,,filter,60.7859831771554,10.651277835079261,
0,900,2024-04-01T00:00:00,,False,,False,0001-01-01T00:00:00,100005404,30,,True,False,,,,filter,60.800089936706044,10.689221903442938,
123,800,2022-02-01T00:00:00,,False,,False,0001-01-01T00:00:00,100003297,0,,False,True,,,,filter,60.96074374335076,10.614725481788298,
25,1000,2011-12-01T00:00:00,,False,,False,0001-01-01T00:00:00,3540,0,,False,True,,,,filter,60.7961479517295,10.685180375137323,
127,800,2025-01-01T00:00:00,,False,,False,0001-01-01T00:00:00,100006031,0,,False,True,,,,filter,60.79004403245896,10.658960908872361,
192,900,2025-10-01T00:00:00,,False,,False,0001-01-01T00:00:00,100006560,0,,False,True,,,,filter,60.80079663007373,10.693845338081006,
91,650,2019-07-01T00:00:00,,False,,False,0001-01-01T00:00:00,100001656,0,,False,True,,,,filter,60.78823883073874,10.654781104315727,
27,1100,2025-04-01T00:00:00,,False,,False,0001-01-01T00:00:00,100006309,0,,False,True,,,,filter,60.7963353830306,10.69743047260321,
110,900,2021-08-01T00:00:00,,False,,False,0001-01-01T00:00:00,100002928,0,,False,True,,,,filter,60.77681621702138,10.689285096365952,
46,700,2024-01-01T00:00:00,,False,,False,0001-01-01T00:00:00,100005104,0,,False,True,,,,filter,60.795876913259214,10.689087853895398,
43,700,2025-03-17T00:00:00,,False,,False,0001-01-01T00:00:00,100006300,0,,False,True,,,,filter,60.79522649669485,10.681711041574928,
0,1000,2020-01-01T00:00:00,,False,,False,0001-01-01T00:00:00,100001987,38,,True,False,,,,filter,60.799210706867115,10.691638638111986,
307,950,2011-03-01T00:00:00,,False,,False,0001-01-01T00:00:00,3538,0,,False,True,,,,filter,60.788139261160424,10.65973325387845,
97,1100,2018-09-01T00:00:00,,False,,False,0001-01-01T00:00:00,100001152,0,,False,True,,,,filter,60.800683333266655,10.692086016741113,
6,850,2025-05-01T00:00:00,,False,,False,0001-01-01T00:00:00,100006351,0,,False,True,,,,filter,60.88390209026094,10.36347075745797,
0,700,,,False,,False,0001-01-01T00:00:00,100006800,21,,True,False,,,,filter,60.79356975154119,10.69012609599741,
199,900,2020-01-01T00:00:00,,False,,False,0001-01-01T00:00:00,100001950,0,,False,True,,,,filter,60.779705480154924,10.698613249892553,
20,700,2025-02-10T00:00:00,,False,,False,0001-01-01T00:00:00,100006099,0,,False,True,,,,filter,60.7947058542152,10.681460825034955,
11,1150,2024-10-01T00:00:00,,False,,False,0001-01-01T00:00:00,100005949,0,,False,True,,,,filter,60.39399925774576,10.55719174837473,
118,900,2023-08-01T00:00:00,,False,,False,0001-01-01T00:00:00,100004656,0,,False,True,,,,filter,59.076167563493165,10.052469234048719,
291,850,2001-06-01T00:00:00,,False,,False,0001-01-01T00:00:00,3793,0,,False,True,,,,filter,60.36308205710645,10.57836137062068,
0,1250,2024-01-01T00:00:00,,False,,False,0001-01-01T00:00:00,100005140,89,,True,False,,,,filter,60.39259416425205,10.569146403786139,
1,1350,2023-10-01T00:00:00,,False,,False,0001-01-01T00:00:00,100004904,0,,False,True,,,,filter,59.08140584676053,10.060895721343174,
42,1200,2001-05-01T00:00:00,,False,,False,0001-01-01T00:00:00,3783,0,,False,True,,,,filter,60.393578805113194,10.557673399092781,
143,1000,2024-03-01T00:00:00,,False,,False,0001-01-01T00:00:00,100005265,0,,False,True,,,,filter,59.07650021014147,10.051839352527567,
219,910,2016-07-01T00:00:00,,False,,False,0001-01-01T00:00:00,100000013,0,,False,True,,,,filter,60.35739708145781,10.571465581541151,
19,1000,2024-10-16T00:00:00,,False,,False,0001-01-01T00:00:00,100005948,0,,False,True,,,,filter,59.07370426977975,10.054993091152513,
5,910,2001-05-01T00:00:00,,False,,False,0001-01-01T00:00:00,3787,0,,False,True,,,,filter,60.36176279133073,10.58212163763155,
300,910,2022-11-01T00:00:00,,False,,False,0001-01-01T00:00:00,100004066,0,,False,True,,,,filter,60.359863416413276,10.571457307156642,
251,910,2013-08-01T00:00:00,,False,,False,0001-01-01T00:00:00,3801,0,,False,True,,,,filter,60.35833251159662,10.577082970768037,
34,800,2024-11-01T00:00:00,,False,,False,0001-01-01T00:00:00,100005983,0,,False,True,,,,filter,60.3903396722611,10.560158228793414,
0,1000,,,False,,False,0001-01-01T00:00:00,100002280,728,,True,False,,,,filter,59.082075865693334,10.058803100266264,
0,1000,2026-02-01T00:00:00,,False,,False,0001-01-01T00:00:00,100006954,150,,True,False,,,,filter,60.19493680334983,11.998904396358927,
0,2225,2001-05-01T00:00:00,,False,,False,0001-01-01T00:00:00,3254,97,,True,False,,,,filter,60.84448107642093,11.592494209299472,
3,1200,2016-12-01T00:00:00,,False,,False,0001-01-01T00:00:00,100000251,0,,False,True,,,,filter,60.19034766705415,11.993017876233855,
0,1000,2026-01-01T00:00:00,,False,,False,0001-01-01T00:00:00,100006829,159,,True,False,,,,filter,60.79404577767551,11.083650433809204,
59,900,2021-01-01T00:00:00,,False,,False,0001-01-01T00:00:00,100002564,0,,False,True,,,,filter,60.79902740403579,11.07301793453223,
83,1000,2017-09-01T00:00:00,,False,,False,0001-01-01T00:00:00,100000643,0,,False,True,,,,filter,60.789818300445354,11.08397181263124,
11,1400,2019-07-01T00:00:00,,False,,False,0001-01-01T00:00:00,100001680,0,,False,True,,,,filter,60.79265421825273,11.069275824932575,
150,800,2022-10-01T00:00:00,,False,,False,0001-01-01T00:00:00,100004013,0,,False,True,,,,filter,60.819524336495775,11.058777288374925,
45,1450,2017-06-01T00:00:00,,False,,False,0001-01-01T00:00:00,100000500,0,,False,True,,,,filter,60.78975118515468,11.071476803090775,
0,1600,2024-05-01T00:00:00,,False,,False,0001-01-01T00:00:00,100005464,10,,True,False,,,,filter,60.79058980571089,11.075990358059027,
31,890,2001-05-01T00:00:00,,False,,False,0001-01-01T00:00:00,3039,0,,False,True,,,,filter,60.79401137025602,11.081519893101019,
114,850,2010-10-01T00:00:00,,False,,False,0001-01-01T00:00:00,3072,0,,False,True,,,,filter,60.80160549928233,11.06666293166167,
87,800,2020-12-01T00:00:00,,False,,False,0001-01-01T00:00:00,100002557,0,,False,True,,,,filter,60.807176434624495,11.046476010992269,
11,1200,2012-07-01T00:00:00,,False,,False,0001-01-01T00:00:00,3069,0,,False,True,,,,filter,60.81871356561497,11.056124262305824,
235,1000,2007-07-01T00:00:00,,False,,False,0001-01-01T00:00:00,3061,0,,False,True,,,,filter,60.789849208251844,11.0760260763377,
110,800,2011-01-01T00:00:00,,False,,False,0001-01-01T00:00:00,3070,0,,False,True,,,,filter,60.80544133995252,11.070652952059486,
36,900,2010-12-01T00:00:00,,False,,False,0001-01-01T00:00:00,3073,0,,False,True,,,,filter,60.80368854030542,11.06354818993518,
13,1180,2016-09-01T00:00:00,,False,,False,0001-01-01T00:00:00,100000084,0,,False,True,,,,filter,60.791927350058636,11.079475351815999,
82,1250,2020-02-01T00:00:00,,False,,False,0001-01-01T00:00:00,100002048,0,,False,True,,,,filter,60.79390775138525,11.076533571669504,
58,800,2017-09-01T00:00:00,,False,,False,0001-01-01T00:00:00,100000646,0,,False,True,,,,filter,60.796854275884144,11.083041219761725,
0,1600,2024-10-01T00:00:00,,False,,False,0001-01-01T00:00:00,100005915,86,,True,False,,,,filter,60.79762823465863,11.072638027859215,
0,1300,2012-12-01T00:00:00,,False,,False,0001-01-01T00:00:00,3077,28,,True,False,,,,filter,60.81967740212092,11.06083044902785,
89,700,2020-09-01T00:00:00,,False,,False,0001-01-01T00:00:00,100002372,0,,False,True,,,,filter,60.79902208784986,11.091517220365679,
0,1030,2021-08-30T00:00:00,,False,,False,0001-01-01T00:00:00,100002946,0,,False,True,,,,filter,60.800448632402514,11.066460329106071,
71,1000,2015-03-01T00:00:00,,False,,False,0001-01-01T00:00:00,3082,0,,False,True,,,,filter,60.80646652389025,11.039919851703843,
7,1525,2020-08-01T00:00:00,,False,,False,0001-01-01T00:00:00,100002309,0,,False,True,,,,filter,60.797439454480305,11.07421463242962,
47,930,2021-07-01T00:00:00,,False,,False,0001-01-01T00:00:00,100002920,0,,False,True,,,,filter,60.813868465155544,11.05715669686201,
51,900,2015-09-01T00:00:00,,False,,False,0001-01-01T00:00:00,3083,0,,False,True,,,,filter,60.80273332853682,11.040238372622264,
1,1000,2001-05-01T00:00:00,,False,,False,0001-01-01T00:00:00,3052,0,,False,True,,,,filter,60.799036855564545,11.068430283918042,
117,700,2018-08-01T00:00:00,,False,,False,0001-01-01T00:00:00,100001127,0,,False,True,,,,filter,60.81444328521908,11.059160612176985,
25,940,2007-09-01T00:00:00,,False,,False,0001-01-01T00:00:00,3055,0,,False,True,,,,filter,60.793807402700175,11.07670843195162,
63,860,2008-08-01T00:00:00,,False,,False,0001-01-01T00:00:00,3026,0,,False,True,,,,filter,60.789906304818,11.077714611674555,
146,500,2022-03-01T00:00:00,,False,,False,0001-01-01T00:00:00,100003353,0,,False,True,,,,filter,60.8043590876699,11.068304000682433,
18,1000,2007-09-01T00:00:00,,False,,False,0001-01-01T00:00:00,3027,0,,False,True,,,,filter,60.78986980812291,11.069691111525671,
0,1250,2020-02-01T00:00:00,,False,,False,0001-01-01T00:00:00,100002047,8,,True,False,,,,filter,60.79145813734469,11.072930978723944,
88,1050,2006-01-01T00:00:00,,False,,False,0001-01-01T00:00:00,3064,0,,False,True,,,,filter,60.80251581366526,11.044203577396042,
91,850,2016-08-01T00:00:00,,False,,False,0001-01-01T00:00:00,100000044,0,,False,True,,,,filter,60.797538153775136,11.092129821214568,
175,700,2007-09-01T00:00:00,,False,,False,0001-01-01T00:00:00,3057,0,,False,True,,,,filter,60.78891602304954,11.078310643714547,
30,1800,2012-03-01T00:00:00,,False,,False,0001-01-01T00:00:00,3076,0,,False,True,,,,filter,60.79458237639935,11.07137338854665,
0,1200,2025-07-01T00:00:00,,False,,False,0001-01-01T00:00:00,100006427,54,,True,False,,,,filter,60.793854617011704,11.066856545324633,
39,1100,2014-09-01T00:00:00,,False,,False,0001-01-01T00:00:00,3036,0,,False,True,,,,filter,60.79105690917675,11.074895080451991,
0,1300,2009-05-01T00:00:00,,False,,False,0001-01-01T00:00:00,3012,32,,True,False,,,,filter,60.193872952389924,12.002948693768657,
0,800,2001-06-01T00:00:00,,False,,False,0001-01-01T00:00:00,3008,4,,True,False,,,,filter,60.19167842466651,11.987550110627845,
74,600,2024-10-01T00:00:00,,False,,False,0001-01-01T00:00:00,100005868,0,,False,True,,,,filter,60.186652134570224,11.99424447108895,
99,610,2016-04-01T00:00:00,,False,,False,0001-01-01T00:00:00,3020,0,,False,True,,,,filter,60.197010352157264,12.001612806379262,
103,1100,2001-05-01T00:00:00,,False,,False,0001-01-01T00:00:00,3004,0,,False,True,,,,filter,59.92594151763518,10.850091750639427,
32,650,2020-01-01T00:00:00,,False,,False,0001-01-01T00:00:00,100001952,0,,False,True,,,,filter,59.931900570822926,10.844393754804026,
189,700,2023-10-01T00:00:00,,False,,False,0001-01-01T00:00:00,100004887,0,,False,True,,,,filter,60.18860054597925,12.001433612057264,
126,700,2019-12-01T00:00:00,,False,,False,0001-01-01T00:00:00,100001931,0,,False,True,,,,filter,60.19293315515438,11.998225201421441,
22,1050,2025-10-01T00:00:00,,False,,False,0001-01-01T00:00:00,100006672,0,,False,True,,,,filter,60.19762347853796,11.997403527332422,
38,950,2025-10-01T00:00:00,,False,,False,0001-01-01T00:00:00,100006728,0,,False,True,,,,filter,60.19707165494227,11.998398581530974,
12,1600,2021-04-01T00:00:00,,False,,False,0001-01-01T00:00:00,100002749,0,,False,True,,,,filter,60.189395394890276,12.009459459545123,
2,2500,2001-05-01T00:00:00,,False,,False,0001-01-01T00:00:00,2999,0,,False,True,,,,filter,60.19551079885386,11.98926318829389,
16,1200,2001-05-01T00:00:00,,False,,False,0001-01-01T00:00:00,3001,0,,False,True,,,,filter,60.197203681199106,12.003625419957581,
185,1100,2011-06-01T00:00:00,,False,,False,0001-01-01T00:00:00,3018,0,,False,True,,,,filter,60.18929487561472,12.004357452913196,
0,1200,2001-06-01T00:00:00,,False,,False,0001-01-01T00:00:00,3009,295,,True,False,,,,filter,60.19326092821048,11.990858006611177,
8,1100,2026-01-01T00:00:00,,False,,False,0001-01-01T00:00:00,100006874,0,,False,True,,,,filter,60.191854721414046,11.999284690321451,
236,1200,2016-04-01T00:00:00,,False,,False,0001-01-01T00:00:00,3019,0,,False,True,,,,filter,60.19582837232306,12.00476545984336,
208,1100,2018-05-01T00:00:00,,False,,False,0001-01-01T00:00:00,100000973,0,,False,True,,,,filter,60.192252485701694,12.003544283347022,
104,1000,2009-09-01T00:00:00,,False,,False,0001-01-01T00:00:00,3017,0,,False,True,,,,filter,60.19497868148581,11.995671336300065,
6,800,2024-01-01T00:00:00,,False,,False,0001-01-01T00:00:00,100005093,0,,False,True,,,,filter,62.11504659008087,8.860082481782596,
0,700,2022-03-01T00:00:00,,False,,False,0001-01-01T00:00:00,100003334,42,,True,False,,,,filter,62.11934326106683,8.858781842544273,
0,500,2009-11-01T00:00:00,,False,,False,0001-01-01T00:00:00,3574,17,,True,False,,,,filter,62.119936975966304,8.848506413328053,
49,1065,2018-07-01T00:00:00,,False,,False,0001-01-01T00:00:00,100001094,0,,False,True,,,,filter,61.120588263844944,10.461684644655012,
12,1150,2017-02-01T00:00:00,,False,,False,0001-01-01T00:00:00,100000346,0,,False,True,,,,filter,61.11188117628337,10.46711396028191,
0,950,2025-08-01T00:00:00,,False,,False,0001-01-01T00:00:00,100006438,737,,True,False,,,,filter,61.11380335481679,10.467367131291622,
0,1300,2025-06-01T00:00:00,,False,,False,0001-01-01T00:00:00,100006434,301,,True,False,,,,filter,61.119721146078135,10.460459773385812,
3,860,2023-06-01T00:00:00,,False,,False,0001-01-01T00:00:00,100004538,0,,False,True,,,,filter,61.11585536452277,10.471863528139425,
63,800,2018-03-01T00:00:00,,False,,False,0001-01-01T00:00:00,100000884,0,,False,True,,,,filter,61.120078150385375,10.467025542538952,
6,700,2024-09-01T00:00:00,,False,,False,0001-01-01T00:00:00,100005685,0,,False,True,,,,filter,61.11495507613588,10.461357387126515,
4,1350,2016-02-01T00:00:00,,False,,False,0001-01-01T00:00:00,3472,0,,False,True,,,,filter,61.116543098366485,10.461897885647545,
194,1000,2013-08-01T00:00:00,,False,,False,0001-01-01T00:00:00,3476,0,,False,True,,,,filter,61.11660630313993,10.475830245578514,
0,600,2025-01-01T00:00:00,,False,,False,0001-01-01T00:00:00,100005961,58,,True,False,,,,filter,61.11564099874012,10.464472423124938,
15,1100,1993-01-01T00:00:00,,False,,False,0001-01-01T00:00:00,3444,0,,False,True,,,,filter,61.11648156667623,10.464524240386176,
0,1500,1993-01-01T00:00:00,,False,,False,0001-01-01T00:00:00,3437,15,,True,False,,,,filter,61.11606285171571,10.45642830250129,
0,1650,2003-09-01T00:00:00,,False,,False,0001-01-01T00:00:00,3460,0,,False,True,,,,filter,61.11915355658507,10.455816183083233,
0,950,2025-09-01T00:00:00,,False,,True,0001-01-01T00:00:00,100006450,690,,True,False,,,,filter,61.11591327892583,10.471729373434885,
148,1000,2005-01-01T00:00:00,,False,,False,0001-01-01T00:00:00,3466,0,,False,True,,,,filter,61.1152485727932,10.461360732298115,
96,900,2008-06-01T00:00:00,,False,,False,0001-01-01T00:00:00,3464,0,,False,True,,,,filter,61.12123763848123,10.46695187556528,
0,1400,2019-09-01T00:00:00,,False,,False,0001-01-01T00:00:00,100001760,54,,True,False,,,,filter,70.85516596430898,29.089006183672154,
0,1050,1993-01-01T00:00:00,,False,,False,0001-01-01T00:00:00,3438,5,,True,False,,,,filter,61.11450413683521,10.463375493184996,
3,1300,2010-03-01T00:00:00,,False,,False,0001-01-01T00:00:00,3470,0,,False,True,,,,filter,61.12042565629759,10.459495355015717,
6,980,2022-09-01T00:00:00,,False,,False,0001-01-01T00:00:00,100003726,0,,False,True,,,,filter,61.117572375930784,10.471186876388678,
1,600,2025-03-01T00:00:00,,False,,False,0001-01-01T00:00:00,100006222,0,,False,True,,,,filter,61.11406035007631,10.46369793738299,
44,500,2022-05-01T00:00:00,,False,,True,0001-01-01T00:00:00,100003506,0,,False,True,,,,filter,61.115279170786266,10.470700954661526,
14,900,2024-06-24T00:00:00,,False,,False,0001-01-01T00:00:00,100005568,0,,False,True,,,,filter,61.11869580975349,10.460572852683477,
0,600,2024-10-01T00:00:00,,False,,False,0001-01-01T00:00:00,100005931,13,,True,False,,,,filter,61.11209428939662,10.462942598247638,
2,1300,2010-05-01T00:00:00,,False,,False,0001-01-01T00:00:00,3468,0,,False,True,,,,filter,61.118290085974564,10.472972066050515,
38,600,2022-05-01T00:00:00,,False,,False,0001-01-01T00:00:00,100003507,0,,False,True,,,,filter,61.11782679604771,10.470029272780744,
0,800,2022-10-01T00:00:00,,False,,False,0001-01-01T00:00:00,100004001,0,,False,True,,,,filter,61.114783725147575,10.459278688515095,
96,900,2021-09-01T00:00:00,,False,,False,0001-01-01T00:00:00,100003012,0,,False,True,,,,filter,61.11321389931651,10.470567577816949,
0,400,2024-08-01T00:00:00,,False,,False,0001-01-01T00:00:00,100005641,7,,True,False,,,,filter,61.11940012735429,10.460202516948229,
85,1000,2009-07-01T00:00:00,,False,,False,0001-01-01T00:00:00,3474,0,,False,True,,,,filter,61.113048536526826,10.464842547251003,
9,850,2001-01-01T00:00:00,,False,,False,0001-01-01T00:00:00,3461,0,,False,True,,,,filter,61.1194736337529,10.464185240989103,
39,1000,2004-07-01T00:00:00,,False,,False,0001-01-01T00:00:00,3467,0,,False,True,,,,filter,61.11466695227351,10.466577114515001,
0,600,2022-08-01T00:00:00,,False,,False,0001-01-01T00:00:00,100003701,6,,True,False,,,,filter,61.11426929237986,10.460441908441377,
20,730,2022-10-01T00:00:00,,False,,False,0001-01-01T00:00:00,100004002,0,,False,True,,,,filter,61.114009644269906,10.463693092164014,
29,400,1993-01-01T00:00:00,,False,,True,0001-01-01T00:00:00,3457,0,,False,True,,,,filter,61.117171170264186,10.461388988583245,
0,580,2024-12-01T00:00:00,,False,,False,0001-01-01T00:00:00,100006004,0,,False,True,,,,filter,61.11602183496544,10.469854748628904,
6,760,2022-08-01T00:00:00,,False,,False,0001-01-01T00:00:00,100003700,0,,False,True,,,,filter,61.11818166108143,10.4593259928134,
4,1050,2024-09-01T00:00:00,,False,,False,0001-01-01T00:00:00,100005684,0,,False,True,,,,filter,61.11068832059641,10.46618246313703,
0,700,2026-01-01T00:00:00,,False,,False,0001-01-01T00:00:00,100006873,111,,True,False,,,,filter,61.841102122907785,8.558449136244688,
37,425,2023-04-01T00:00:00,,False,,False,0001-01-01T00:00:00,100004439,0,,False,True,,,,filter,61.839059131079814,8.560029876504668,
79,500,2009-07-01T00:00:00,,False,,False,0001-01-01T00:00:00,3597,0,,False,True,,,,filter,61.83580242589498,8.558219482007644,
35,600,2012-02-01T00:00:00,,False,,False,0001-01-01T00:00:00,3593,0,,False,True,,,,filter,61.8390932299051,8.561185678866702,
25,900,2021-03-01T00:00:00,,False,,False,0001-01-01T00:00:00,100002670,0,,False,True,,,,filter,60.8164244730736,11.346515919539037,
93,850,2005-09-01T00:00:00,,False,,False,0001-01-01T00:00:00,3153,0,,False,True,,,,filter,60.81904382460412,11.340852837938925,
22,860,2022-11-16T00:00:00,,False,,False,0001-01-01T00:00:00,100004101,0,,False,True,,,,filter,60.81926864650172,11.343766528479701,
17,950,2007-11-01T00:00:00,,False,,False,0001-01-01T00:00:00,3154,0,,False,True,,,,filter,60.823680767423966,11.341802756356756,
64,800,2019-08-01T00:00:00,,False,,False,0001-01-01T00:00:00,100001700,0,,False,True,,,,filter,60.82408686084812,11.336873850190054,
98,800,2014-09-01T00:00:00,,False,,False,0001-01-01T00:00:00,3156,0,,False,True,,,,filter,60.82290535381568,11.345156455285789,
69,1020,2003-07-01T00:00:00,,False,,False,0001-01-01T00:00:00,3151,0,,False,True,,,,filter,60.81796688813139,11.336116172049971,
54,940,2003-09-01T00:00:00,,False,,False,0001-01-01T00:00:00,3152,0,,False,True,,,,filter,60.82244719574977,11.34805597554433,
24,850,2023-01-01T00:00:00,,False,,False,0001-01-01T00:00:00,100004240,0,,False,True,,,,filter,60.82130576598814,11.338202197767934,
0,800,2026-01-01T00:00:00,,False,,False,0001-01-01T00:00:00,100006903,34,,True,False,,,,filter,60.98664823418122,9.251245568123466,
194,800,2006-03-01T00:00:00,,False,,False,0001-01-01T00:00:00,3866,0,,False,True,,,,filter,60.98990227362834,9.237975935523517,
0,800,2015-12-01T00:00:00,,False,,False,0001-01-01T00:00:00,3865,11,,True,False,,,,filter,60.98457632803687,9.236579422308623,
9,400,2001-05-01T00:00:00,,False,,False,0001-01-01T00:00:00,3858,0,,False,True,,,,filter,60.991089809485146,9.242452289986856,
0,800,2001-05-01T00:00:00,,False,,False,0001-01-01T00:00:00,3857,7,,True,False,,,,filter,60.989622349250986,9.241695075555638,
186,800,2013-09-01T00:00:00,,False,,False,0001-01-01T00:00:00,3867,0,,False,True,,,,filter,60.98750007251838,9.248560670769793,
0,800,2023-07-01T00:00:00,,False,,False,0001-01-01T00:00:00,100004629,31,,True,False,,,,filter,60.984701432069365,9.240899201568038,
45,400,2022-12-01T00:00:00,,False,,False,0001-01-01T00:00:00,100004152,0,,False,True,,,,filter,60.988575520354914,9.246165762224306,
155,800,2014-10-01T00:00:00,,False,,False,0001-01-01T00:00:00,3868,0,,False,True,,,,filter,60.98455935941171,9.241054244612878,
48,800,2004-09-01T00:00:00,,False,,False,0001-01-01T00:00:00,3863,0,,False,True,,,,filter,60.99093245361667,9.245066789117907,
0,600,2024-09-01T00:00:00,,False,,False,0001-01-01T00:00:00,100005741,1,,True,False,,,,filter,61.5977138924886,9.741093456735454,
0,750,2024-05-01T00:00:00,,False,,False,0001-01-01T00:00:00,100005519,0,,False,True,,,,filter,61.599237444054445,9.73272971825184,
5,650,2024-04-01T00:00:00,,False,,False,0001-01-01T00:00:00,100005432,0,,False,True,,,,filter,61.603155292111886,9.7373700305936,
225,600,2023-09-01T00:00:00,,False,,False,0001-01-01T00:00:00,100004835,0,,False,True,,,,filter,61.59942882281224,9.732063061687311,
0,900,2025-10-01T00:00:00,,False,,False,0001-01-01T00:00:00,100006539,12,,True,False,,,,filter,61.59885278149641,9.747704516335371,
262,650,2021-01-01T00:00:00,,False,,False,0001-01-01T00:00:00,100002590,0,,False,True,,,,filter,61.60536085951968,9.74061953071412,
0,700,2024-04-01T00:00:00,,False,,False,0001-01-01T00:00:00,100005448,19,,True,False,,,,filter,61.59789288853989,9.74204840345978,
0,800,2024-09-01T00:00:00,,False,,False,0001-01-01T00:00:00,100005740,1,,True,False,,,,filter,61.5985654487078,9.734848056644665,
127,1000,2016-07-01T00:00:00,,False,,False,0001-01-01T00:00:00,100000002,0,,False,True,,,,filter,60.39283422677193,11.539963486809482,
118,1100,2022-01-01T00:00:00,,False,,False,0001-01-01T00:00:00,100003285,0,,False,True,,,,filter,60.39608655044018,11.541097855084754,
14,900,2012-11-01T00:00:00,,False,,False,0001-01-01T00:00:00,3214,0,,False,True,,,,filter,60.395692105828736,11.541447032420864,
19,850,2008-08-01T00:00:00,,False,,False,0001-01-01T00:00:00,3213,0,,False,True,,,,filter,60.39163599274822,11.547175392197468,
0,880,,,False,,False,0001-01-01T00:00:00,100006801,0,,False,False,,,,filter,60.395737285938104,11.548732950440783,
114,800,2019-04-01T00:00:00,,False,,False,0001-01-01T00:00:00,100001548,0,,False,True,,,,filter,60.84067536690242,10.073865951356773,
33,800,2023-09-01T00:00:00,,False,,False,0001-01-01T00:00:00,100004839,0,,False,True,,,,filter,60.83644869423247,10.066872088757368,
161,800,2024-09-01T00:00:00,,False,,False,0001-01-01T00:00:00,100005761,0,,False,True,,,,filter,60.838442870452106,10.072161721271156,
138,800,2024-03-01T00:00:00,,False,,False,0001-01-01T00:00:00,100005319,0,,False,True,,,,filter,60.83792111247809,10.063002473990288,
25,1350,2001-05-01T00:00:00,,False,,False,0001-01-01T00:00:00,3840,0,,False,True,,,,filter,60.96404197131093,10.109830812961533,
0,1300,2001-05-01T00:00:00,,False,,False,0001-01-01T00:00:00,3837,196,,True,False,,,,filter,60.964197223047144,10.096861235510698,
0,800,,,False,,False,0001-01-01T00:00:00,100006409,107,,True,False,,,,filter,60.8429199439858,10.071260659980238,
18,900,2025-09-01T00:00:00,,False,,False,0001-01-01T00:00:00,100006579,0,,False,True,,,,filter,60.840914463190316,10.071513185768142,
33,50,2024-05-01T00:00:00,,False,,False,0001-01-01T00:00:00,100005593,0,,False,True,,,,filter,62.49788789731438,11.232967801287993,
0,600,2018-04-01T00:00:00,,False,,True,0001-01-01T00:00:00,100000962,54,,True,False,,,,filter,62.49624166137296,11.220904067186629,
0,650,2021-10-11T00:00:00,,False,,False,0001-01-01T00:00:00,100003156,73,,True,False,,,,filter,62.49608970005521,11.228282211118843,
18,600,2020-01-01T00:00:00,,False,,True,0001-01-01T00:00:00,100001981,0,,False,True,,,,filter,62.49687792934177,11.232723101156928,
15,675,2012-07-01T00:00:00,,False,,False,0001-01-01T00:00:00,3723,0,,False,True,,,,filter,60.60790917192262,10.761751781863744,
14,600,2023-10-01T00:00:00,,False,,False,0001-01-01T00:00:00,100005017,0,,False,True,,,,filter,60.60974575254746,10.747430500223496,
69,680,2021-05-01T00:00:00,,False,,False,0001-01-01T00:00:00,100002795,0,,False,True,,,,filter,60.67514554004576,10.819288198292519,
120,900,2002-02-01T00:00:00,,False,,False,0001-01-01T00:00:00,3718,0,,False,True,,,,filter,60.67453751694185,10.816978208378734,
179,800,2015-09-01T00:00:00,,False,,False,0001-01-01T00:00:00,3725,0,,False,True,,,,filter,60.651158163640076,10.933742507477504,
54,600,2024-08-01T00:00:00,,False,,False,0001-01-01T00:00:00,100005640,0,,False,True,,,,filter,60.607952964169016,10.751467424600202,
150,800,2015-10-01T00:00:00,,False,,False,0001-01-01T00:00:00,3729,0,,False,True,,,,filter,60.653710789926784,10.93051959157866,
105,900,2021-09-01T00:00:00,,False,,False,0001-01-01T00:00:00,100003010,0,,False,True,,,,filter,60.64991082488674,10.931179097853217,
100,700,2023-11-01T00:00:00,,False,,False,0001-01-01T00:00:00,100005009,0,,False,True,,,,filter,60.67197150570972,10.819777950250302,
101,675,2020-04-01T00:00:00,,False,,False,0001-01-01T00:00:00,100002135,0,,False,True,,,,filter,60.6058695863078,10.762186287428996,
111,450,2021-05-01T00:00:00,,False,,False,0001-01-01T00:00:00,100002793,0,,False,True,,,,filter,60.6735743210071,10.814803365181987,
24,500,2023-09-01T00:00:00,,False,,False,0001-01-01T00:00:00,100004721,0,,False,True,,,,filter,60.71392543960817,10.870318549330024,
129,900,2016-09-02T00:00:00,,False,,False,0001-01-01T00:00:00,100000206,0,,False,True,,,,filter,60.71466646149477,10.878506041742797,
80,900,2022-03-01T00:00:00,,False,,False,0001-01-01T00:00:00,100003350,0,,False,True,,,,filter,60.65189788704828,10.932029103383888,
110,550,2013-02-01T00:00:00,,False,,False,0001-01-01T00:00:00,3727,0,,False,True,,,,filter,60.611059441230815,10.752033997653342,
133,450,2021-05-01T00:00:00,,False,,False,0001-01-01T00:00:00,100002794,0,,False,True,,,,filter,60.673125955362124,10.812656103010127,
161,814,2022-07-01T00:00:00,,False,,False,0001-01-01T00:00:00,100003619,0,,False,True,,,,filter,60.672540555559515,10.809260337427341,
0,600,,,False,,False,0001-01-01T00:00:00,100006159,6,,True,False,,,,filter,60.60656788707032,10.74830448663929,
0,800,,,False,,False,0001-01-01T00:00:00,100006775,15,,True,False,,,,filter,60.71701147162528,10.86458322122578,
56,1000,2001-05-01T00:00:00,,False,,False,0001-01-01T00:00:00,3709,0,,False,True,,,,filter,60.71809235285136,10.872437002932026,
28,1000,2019-11-01T00:00:00,,False,,False,0001-01-01T00:00:00,100001918,0,,False,True,,,,filter,61.24504230236374,10.441846566294227,
43,900,2024-09-01T00:00:00,,False,,False,0001-01-01T00:00:00,100005674,0,,False,True,,,,filter,61.2429636327338,10.442819010826309,
24,1000,2024-09-01T00:00:00,,False,,False,0001-01-01T00:00:00,100005676,0,,False,True,,,,filter,61.24249309140841,10.436762950959208,
38,800,2021-10-11T00:00:00,,False,,False,0001-01-01T00:00:00,100003130,0,,False,True,,,,filter,61.24028342815048,10.44693636349688,
0,900,2022-10-01T00:00:00,,False,,False,0001-01-01T00:00:00,100003944,8,,True,False,,,,filter,61.23977476869378,10.433375420972054,
0,800,,,False,,False,0001-01-01T00:00:00,100006969,797,,True,False,,,,filter,61.24291851440631,10.431588947456552,
0,800,2025-09-01T00:00:00,,False,,False,0001-01-01T00:00:00,100006555,198,,True,False,,,,filter,61.139252783177895,9.076238429246056,
0,900,2024-09-01T00:00:00,,False,,False,0001-01-01T00:00:00,100005691,6,,True,False,,,,filter,61.13470825651109,9.081229485120717,
0,900,2023-10-01T00:00:00,,False,,False,0001-01-01T00:00:00,100004863,0,,False,True,,,,filter,61.135350159646094,9.077937517387165,
101,1000,2001-05-01T00:00:00,,False,,False,0001-01-01T00:00:00,3884,0,,False,True,,,,filter,61.13673549516665,9.074227683734055,
0,900,2021-04-01T00:00:00,,False,,False,0001-01-01T00:00:00,100002772,386,,True,False,,,,filter,61.75860127054148,11.180923582534676,
0,900,2024-10-01T00:00:00,,False,,False,0001-01-01T00:00:00,100005872,133,,True,False,,,,filter,61.759185020671666,11.171105696214006,
0,560,2024-01-01T00:00:00,,False,,False,0001-01-01T00:00:00,100005243,2,,True,False,,,,filter,61.4555597152582,10.19213642732709,
31,500,2013-08-01T00:00:00,,False,,False,0001-01-01T00:00:00,3669,0,,False,True,,,,filter,61.45261493250325,10.194285204509363,
8,560,2024-01-01T00:00:00,,False,,False,0001-01-01T00:00:00,100005114,0,,False,True,,,,filter,61.451786459050936,10.198302355511174,
0,700,2025-09-01T00:00:00,,False,,False,0001-01-01T00:00:00,100006707,379,,True,False,,,,filter,61.453149755830445,10.194246229556466,
27,800,2020-04-01T00:00:00,,False,,False,0001-01-01T00:00:00,100002145,0,,False,True,,,,filter,61.451156042629734,10.197961629996415,
24,800,2006-03-01T00:00:00,,False,,False,0001-01-01T00:00:00,3665,0,,False,True,,,,filter,61.458008665112075,10.190919553697997,
27,560,2022-09-01T00:00:00,,False,,False,0001-01-01T00:00:00,100003708,0,,False,True,,,,filter,61.45668437657679,10.189943622014615,
2,1200,2011-09-01T00:00:00,,False,,False,0001-01-01T00:00:00,3114,0,,False,True,,,,filter,60.8863290810871,10.934170478582883,
0,1050,2026-01-01T00:00:00,,False,,False,0001-01-01T00:00:00,100006950,298,,True,False,,,,filter,60.47315578351887,8.462448747069724,
47,1000,2017-11-01T00:00:00,,False,,False,0001-01-01T00:00:00,100000717,0,,False,True,,,,filter,60.88938214923154,10.938620389434787,
2,1100,2022-09-01T00:00:00,,False,,False,0001-01-01T00:00:00,100003804,0,,False,True,,,,filter,60.92754536958655,10.710485956676488,
0,850,2025-10-01T00:00:00,,False,,False,0001-01-01T00:00:00,100006716,54,,True,False,,,,filter,60.75918843203648,10.931612000878097,
3,1250,2019-11-01T00:00:00,,False,,False,0001-01-01T00:00:00,100001915,0,,False,True,,,,filter,60.8877639944133,10.940520462952781,
0,800,2022-10-01T00:00:00,,False,,False,0001-01-01T00:00:00,100003928,27,,True,False,,,,filter,60.76197800551027,10.929379558152382,
18,1250,2015-09-01T00:00:00,,False,,False,0001-01-01T00:00:00,3137,0,,False,True,,,,filter,60.88060111217058,10.936368457534781,
0,1140,2008-03-01T00:00:00,,False,,False,0001-01-01T00:00:00,3112,8,,True,False,,,,filter,61.02824831779646,10.558118443048807,
3,1400,2009-06-01T00:00:00,,False,,False,0001-01-01T00:00:00,3128,0,,False,True,,,,filter,60.88333494262896,10.943175552635221,
0,1000,2001-05-01T00:00:00,,False,,False,0001-01-01T00:00:00,3107,64,,True,False,,,,filter,61.02414923991666,10.555220568786813,
6,900,2009-09-01T00:00:00,,False,,False,0001-01-01T00:00:00,3129,0,,False,True,,,,filter,60.92737132118389,10.7053410766973,
13,1420,2001-05-01T00:00:00,,False,,False,0001-01-01T00:00:00,3094,0,,False,True,,,,filter,60.886124650251176,10.939636039663533,
195,1000,2003-04-01T00:00:00,,False,,False,0001-01-01T00:00:00,3118,0,,False,True,,,,filter,60.92566208442053,10.70675967521595,
0,800,2025-09-01T00:00:00,,False,,False,0001-01-01T00:00:00,100006545,335,,True,False,,,,filter,60.932970514146696,10.700644438238317,
5,900,2023-06-01T00:00:00,,False,,False,0001-01-01T00:00:00,100004575,0,,False,True,,,,filter,60.93259251771,10.698405151497754,
34,1060,2025-04-01T00:00:00,,False,,False,0001-01-01T00:00:00,100006050,0,,False,True,,,,filter,60.8852891232339,10.943951112903347,
0,1500,2009-03-01T00:00:00,,False,,False,0001-01-01T00:00:00,3126,284,,True,False,,,,filter,60.887159479149446,10.936776163018587,
0,1000,2018-01-01T00:00:00,,False,,False,0001-01-01T00:00:00,100000793,0,,False,True,,,,filter,60.93049438706991,10.701637234078845,
0,800,2025-01-01T00:00:00,,False,,False,0001-01-01T00:00:00,100006048,300,,True,False,,,,filter,60.88549740427162,10.942929036286202,
12,1200,2014-03-01T00:00:00,,False,,False,0001-01-01T00:00:00,3133,0,,False,True,,,,filter,60.883986779327074,10.93562402217714,
0,1100,2025-10-01T00:00:00,,False,,False,0001-01-01T00:00:00,100006717,178,,True,False,,,,filter,60.88456697626069,10.943872483699906,
0,900,2018-03-01T00:00:00,,False,,False,0001-01-01T00:00:00,100000906,0,,False,True,,,,filter,60.880633992451244,10.943947983829881,
0,800,2020-09-01T00:00:00,,False,,False,0001-01-01T00:00:00,100002366,5,,True,False,,,,filter,60.76155272371343,10.921985533386488,
16,1000,2008-03-01T00:00:00,,False,,False,0001-01-01T00:00:00,3123,0,,False,True,,,,filter,60.467570946760915,8.469759483752764,
0,1400,2022-03-01T00:00:00,,False,,False,0001-01-01T00:00:00,100003359,197,,True,False,,,,filter,60.88183756359781,10.93694363077243,
0,1950,2014-09-01T00:00:00,,False,,False,0001-01-01T00:00:00,3135,59,,True,False,,,,filter,60.884862867126195,10.94847947917307,
6,1000,2009-03-01T00:00:00,,False,,False,0001-01-01T00:00:00,3125,0,,False,True,,,,filter,60.88848701411345,10.932868035182793,
20,900,2017-08-01T00:00:00,,False,,False,0001-01-01T00:00:00,100000588,0,,False,True,,,,filter,60.761434382799145,10.920913250279856,
14,1000,2020-02-01T00:00:00,,False,,False,0001-01-01T00:00:00,100002063,0,,False,True,,,,filter,60.88446366107598,10.935415367244339,
109,800,2021-09-01T00:00:00,,False,,False,0001-01-01T00:00:00,100002994,0,,False,True,,,,filter,60.474856656960974,8.470574994916284,
109,500,2022-02-01T00:00:00,,False,,False,0001-01-01T00:00:00,100003304,0,,False,True,,,,filter,60.47189951243204,8.471827123794943,
89,650,2018-03-01T00:00:00,,False,,True,0001-01-01T00:00:00,100000929,0,,False,True,,,,filter,61.77278014519684,9.530086988953043,
151,550,2024-03-01T00:00:00,,False,,False,0001-01-01T00:00:00,100005344,0,,False,True,,,,filter,61.773995156134,9.533534989885625,
16,1050,2001-05-01T00:00:00,,False,,True,0001-01-01T00:00:00,3624,0,,False,True,,,,filter,61.77086078082052,9.535368536513328,
299,1150,2005-09-01T00:00:00,,False,,True,0001-01-01T00:00:00,3630,0,,False,True,,,,filter,61.771687212977035,9.529614982891317,
33,650,2002-02-01T00:00:00,,False,,True,0001-01-01T00:00:00,3629,0,,False,True,,,,filter,61.76834216821098,9.53649853223199,
0,1100,,,False,,False,0001-01-01T00:00:00,100006738,260,,True,False,,,,filter,61.76928109207887,9.539572380748062,
0,1100,,,False,,False,0001-01-01T00:00:00,100006739,363,,True,False,,,,filter,61.76988895311521,9.539558196308931,
6,430,2017-04-01T00:00:00,,False,,False,0001-01-01T00:00:00,100000402,0,,False,True,,,,filter,61.88398630384669,8.274601194467158,
5,640,2020-03-01T00:00:00,,False,,False,0001-01-01T00:00:00,100002113,0,,False,True,,,,filter,61.87992924955739,8.263856857195057,
2,570,2021-10-18T00:00:00,,False,,False,0001-01-01T00:00:00,100003107,0,,False,True,,,,filter,61.885125810416056,8.266696943738507,
37,480,2019-09-01T00:00:00,,False,,False,0001-01-01T00:00:00,100001821,0,,False,True,,,,filter,61.884031121413614,8.273180328548841,
8,1000,2008-09-01T00:00:00,,False,,False,0001-01-01T00:00:00,3823,0,,False,True,,,,filter,60.698383097817896,10.355883456836269,
2,950,2016-02-01T00:00:00,,False,,False,0001-01-01T00:00:00,3822,0,,False,True,,,,filter,60.703089573091496,10.355980904052302,
2,800,2002-02-01T00:00:00,,False,,False,0001-01-01T00:00:00,3816,0,,False,True,,,,filter,60.697800805692346,10.357614846204552,
83,825,2014-02-01T00:00:00,,False,,False,0001-01-01T00:00:00,3829,0,,False,True,,,,filter,60.70135940244174,10.34827835646749,
0,700,,,False,,False,0001-01-01T00:00:00,100006245,237,,True,False,,,,filter,60.70146460560926,10.355078996984437,
0,900,2011-02-01T00:00:00,,False,,False,0001-01-01T00:00:00,3827,28,,True,False,,,,filter,60.6966563365527,10.349492044147887,
0,900,2001-08-01T00:00:00,,False,,False,0001-01-01T00:00:00,3846,5,,True,False,,,,filter,60.82650859766951,9.549272395007927,
0,400,2024-01-01T00:00:00,,False,,True,0001-01-01T00:00:00,100005117,12,,True,False,,,,filter,60.823722009193034,9.551456138345932,
0,700,2022-01-01T00:00:00,,False,,False,0001-01-01T00:00:00,100003197,39,,True,False,,,,filter,60.81924293864443,9.544968800147297,
0,100,,,False,,False,0001-01-01T00:00:00,100006298,13,,True,False,,,,filter,60.82534502109392,9.54476739869791,
0,750,2024-03-01T00:00:00,,False,,False,0001-01-01T00:00:00,100005250,5,,True,False,,,,filter,61.554300063167126,9.942519541141714,
103,580,2013-11-01T00:00:00,,False,,False,0001-01-01T00:00:00,3651,0,,False,True,,,,filter,61.556392070435464,9.945241682310295,
25,700,2005-03-01T00:00:00,,False,,False,0001-01-01T00:00:00,3646,0,,False,True,,,,filter,61.558302372407496,9.93536266715887,
0,600,2020-09-01T00:00:00,,False,,False,0001-01-01T00:00:00,100002375,157,,True,False,,,,filter,61.555082410411394,9.935539222795049,
22,760,2001-05-01T00:00:00,,False,,False,0001-01-01T00:00:00,3645,0,,False,True,,,,filter,61.55819549047825,9.947138585258417,
0,1100,2010-09-01T00:00:00,,False,,False,0001-01-01T00:00:00,3226,30,,True,False,,,,filter,60.258622635112886,11.678490920510201,
16,1200,2021-04-01T00:00:00,,False,,False,0001-01-01T00:00:00,100002723,0,,False,True,,,,filter,60.25011011530331,11.67856993960862,
42,1200,2001-05-01T00:00:00,,False,,False,0001-01-01T00:00:00,3221,0,,False,True,,,,filter,60.25817767394615,11.66119263652242,
3,1200,2001-05-01T00:00:00,,False,,False,0001-01-01T00:00:00,3222,0,,False,True,,,,filter,60.25248466343729,11.663395374432255,
0,850,2024-07-01T00:00:00,,False,,False,0001-01-01T00:00:00,100005621,63,,True,False,,,,filter,60.25437675190926,11.674046332207451,
130,1200,2021-04-01T00:00:00,,False,,False,0001-01-01T00:00:00,100002724,0,,False,True,,,,filter,60.2551178425581,11.676788278970223,
0,1150,2018-09-01T00:00:00,,False,,False,0001-01-01T00:00:00,100001149,46,,True,False,,,,filter,60.61566780801786,11.266322625438892,
0,1200,2019-10-01T00:00:00,,False,,False,0001-01-01T00:00:00,100001862,20,,True,False,,,,filter,60.721162156977535,11.186201040921953,
24,900,2024-09-01T00:00:00,,False,,False,0001-01-01T00:00:00,100005821,0,,False,True,,,,filter,60.788222235087055,11.125785593841734,
0,850,2001-05-01T00:00:00,,False,,False,0001-01-01T00:00:00,3169,13,,True,False,,,,filter,60.72327813184564,11.185259531360394,
0,1200,2005-01-01T00:00:00,,False,,False,0001-01-01T00:00:00,3179,9,,True,False,,,,filter,60.71677507564017,11.17585695369564,
62,520,2024-11-01T00:00:00,,False,,False,0001-01-01T00:00:00,100005936,0,,False,True,,,,filter,60.78313772056586,11.111306504390116,
38,800,2023-04-01T00:00:00,,False,,False,0001-01-01T00:00:00,100004413,0,,False,True,,,,filter,60.73880633580141,11.292085085707095,
10,900,2022-08-14T00:00:00,,False,,False,0001-01-01T00:00:00,100003748,0,,False,True,,,,filter,60.78102948708296,11.107747500783706,
0,900,2022-09-01T00:00:00,,False,,False,0001-01-01T00:00:00,100003746,4,,True,False,,,,filter,60.78579534927333,11.112691090848402,
97,900,2019-01-01T00:00:00,,False,,False,0001-01-01T00:00:00,100001372,0,,False,True,,,,filter,60.7209928050182,11.181768185407964,
1,800,2018-09-01T00:00:00,,False,,False,0001-01-01T00:00:00,100001137,0,,False,True,,,,filter,60.74121193032601,11.295945771476719,
14,800,2024-09-01T00:00:00,,False,,False,0001-01-01T00:00:00,100005749,0,,False,True,,,,filter,60.78482764953142,11.115525448879914,
0,800,2025-04-01T00:00:00,,False,,False,0001-01-01T00:00:00,100006326,0,,False,True,,,,filter,60.78852555497306,11.128126025953213,
46,800,2022-09-01T00:00:00,,False,,False,0001-01-01T00:00:00,100003745,0,,False,True,,,,filter,60.78221064035808,11.112102008542859,
7,1000,2016-01-01T00:00:00,,False,,False,0001-01-01T00:00:00,3195,0,,False,True,,,,filter,60.71908578353927,11.174910924159132,
10,900,2019-05-01T00:00:00,,False,,False,0001-01-01T00:00:00,100001574,0,,False,True,,,,filter,60.78410299719643,11.10839716623776,
0,900,2024-10-01T00:00:00,,False,,False,0001-01-01T00:00:00,100005904,0,,False,True,,,,filter,60.79004254591957,11.123388435434446,
31,800,2025-04-01T00:00:00,,False,,False,0001-01-01T00:00:00,100006286,0,,False,True,,,,filter,60.7849389458739,11.131236308798528,
1,800,2025-09-01T00:00:00,,False,,False,0001-01-01T00:00:00,100006668,0,,False,True,,,,filter,60.73733580772309,11.291560309638344,
9,850,2020-04-01T00:00:00,,False,,False,0001-01-01T00:00:00,100002136,0,,False,True,,,,filter,60.7352149290198,11.296517125242984,
19,750,2025-06-01T00:00:00,,False,,False,0001-01-01T00:00:00,100006442,0,,False,True,,,,filter,60.61960959580839,11.27562340046998,
82,350,2022-03-01T00:00:00,,False,,False,0001-01-01T00:00:00,100003400,0,,False,True,,,,filter,61.57094404494646,11.042685098924135,
0,400,2022-03-01T00:00:00,,False,,False,0001-01-01T00:00:00,100003397,101,,True,False,,,,filter,61.573751725368396,11.047705521214723,
0,400,2022-03-01T00:00:00,,False,,False,0001-01-01T00:00:00,100003398,83,,True,False,,,,filter,61.572530088957166,11.049565795657038,
10,350,2023-10-01T00:00:00,,False,,False,0001-01-01T00:00:00,100004899,0,,False,True,,,,filter,61.57357997260683,11.050638956245496,
6,400,2024-04-01T00:00:00,,False,,False,0001-01-01T00:00:00,100005457,0,,False,True,,,,filter,61.57677947514762,11.04545172044499,
4,450,2022-03-01T00:00:00,,False,,False,0001-01-01T00:00:00,100003399,0,,False,True,,,,filter,61.5744873434782,11.04344829476855,
14,650,2016-01-01T00:00:00,,False,,False,0001-01-01T00:00:00,3391,0,,False,True,,,,filter,62.41058264499203,11.00044881524544,
38,650,2018-05-01T00:00:00,,False,,False,0001-01-01T00:00:00,100000902,0,,False,True,,,,filter,62.412612825389374,11.000225711199242,
0,1350,2001-05-01T00:00:00,,False,,False,0001-01-01T00:00:00,3328,42,,True,False,,,,filter,61.31640544384012,12.26214697461944,
18,800,2011-05-01T00:00:00,,False,,False,0001-01-01T00:00:00,3331,0,,False,True,,,,filter,61.315263035645195,12.270090502838125,
0,950,2023-10-01T00:00:00,,False,,False,0001-01-01T00:00:00,100004960,4,,True,False,,,,filter,61.312819890926235,12.272974484397887,
71,650,2018-10-01T00:00:00,,False,,False,0001-01-01T00:00:00,100001289,0,,False,True,,,,filter,61.31798600329348,12.26889012384409,
62,650,2012-10-01T00:00:00,,False,,False,0001-01-01T00:00:00,3332,0,,False,True,,,,filter,61.31762702369804,12.269133812160147,
10,600,2015-08-01T00:00:00,,False,,False,0001-01-01T00:00:00,3333,0,,False,True,,,,filter,61.316735709738936,12.262707451643529,
1,1350,2001-05-01T00:00:00,,False,,False,0001-01-01T00:00:00,3326,0,,False,True,,,,filter,61.31221621662592,12.273831776233333,
16,920,2025-09-01T00:00:00,,False,,False,0001-01-01T00:00:00,100006575,0,,False,True,,,,filter,62.276416262148274,10.770229864732952,
110,750,2023-09-18T00:00:00,,False,,False,0001-01-01T00:00:00,100004894,0,,False,True,,,,filter,62.274524209381966,10.77024746587985,
39,800,2008-01-01T00:00:00,,False,,False,0001-01-01T00:00:00,3405,0,,False,True,,,,filter,62.27357865998835,10.771975496170867,
14,750,2024-09-01T00:00:00,,False,,False,0001-01-01T00:00:00,100005659,0,,False,True,,,,filter,62.27507205399798,10.776148053773053,
65,800,2025-09-01T00:00:00,,False,,False,0001-01-01T00:00:00,100006574,0,,False,True,,,,filter,62.277495704119914,10.77477240515463,
103,900,2016-09-01T00:00:00,,False,,False,0001-01-01T00:00:00,100000161,0,,False,True,,,,filter,62.27460907443492,10.77038698015496,
136,900,2001-05-01T00:00:00,,False,,False,0001-01-01T00:00:00,3399,0,,False,True,,,,filter,62.27225521755666,10.77154081421211,
51,700,2025-09-01T00:00:00,,False,,False,0001-01-01T00:00:00,100006275,0,,False,True,,,,filter,62.273077490334124,10.778693750881713,
28,700,2022-08-01T00:00:00,,False,,False,0001-01-01T00:00:00,100003693,0,,False,True,,,,filter,61.874039890789,9.094991565670904,
0,800,2001-05-01T00:00:00,,False,,False,0001-01-01T00:00:00,3605,10,,True,False,,,,filter,61.87462725571743,9.100298308991691,
44,900,2001-05-01T00:00:00,,False,,True,0001-01-01T00:00:00,3604,0,,False,True,,,,filter,61.87378433554725,9.098671464722301,
0,700,2025-08-01T00:00:00,,False,,True,0001-01-01T00:00:00,100006512,0,,False,True,,,,filter,61.8713500489219,9.094789765250832,
0,600,2024-09-01T00:00:00,,False,,True,0001-01-01T00:00:00,100005683,192,,True,False,,,,filter,61.87183741354869,9.092954645291703,
0,1200,2023-07-01T00:00:00,,False,,False,0001-01-01T00:00:00,100004640,425,,True,False,,,,filter,60.67588707391198,11.831626368951412,
0,700,2024-03-01T00:00:00,,False,,False,0001-01-01T00:00:00,100005295,30,,True,False,,,,filter,60.677584661161966,11.830576918013971,
42,660,2023-09-01T00:00:00,,False,,False,0001-01-01T00:00:00,100004772,0,,False,True,,,,filter,60.67084867527632,11.826095563982662,
76,600,2023-09-01T00:00:00,,False,,False,0001-01-01T00:00:00,100004770,0,,False,True,,,,filter,60.674203164619016,11.82701374960672,
0,660,2023-09-01T00:00:00,,False,,False,0001-01-01T00:00:00,100004771,2,,True,False,,,,filter,60.67763356187133,11.832660102330918,
0,550,2013-06-01T00:00:00,,False,,False,0001-01-01T00:00:00,3891,15,,True,False,,,,filter,61.13426496043224,8.617832320412194,
16,500,2018-03-01T00:00:00,,False,,False,0001-01-01T00:00:00,100000915,0,,False,True,,,,filter,61.132672269149914,8.614971505387063,
0,500,2023-06-01T00:00:00,,False,,False,0001-01-01T00:00:00,100004601,0,,False,True,,,,filter,61.133279358871974,8.61076018207823,
0,400,2023-09-01T00:00:00,,False,,False,0001-01-01T00:00:00,100004726,21,,True,False,,,,filter,61.088840581260975,8.996142973875553,
0,500,2001-05-01T00:00:00,,False,,False,0001-01-01T00:00:00,3874,7,,True,False,,,,filter,61.0906650967539,8.998466630307082,
0,400,2023-09-01T00:00:00,,False,,False,0001-01-01T00:00:00,100004727,51,,True,False,,,,filter,61.093675341831876,8.998813953141873,
0,400,2023-09-01T00:00:00,,False,,False,0001-01-01T00:00:00,100004725,29,,True,False,,,,filter,61.09311144604684,9.005385145549981,
2,870,2024-05-01T00:00:00,,False,,False,0001-01-01T00:00:00,100005446,0,,False,True,,,,filter,60.72617663244243,10.609787152929364,
29,900,2024-07-01T00:00:00,,False,,False,0001-01-01T00:00:00,100005574,0,,False,True,,,,filter,60.722735294664886,10.61247666183726,
104,850,2023-03-01T00:00:00,,False,,False,0001-01-01T00:00:00,100004307,0,,False,True,,,,filter,60.72080656985565,10.612201978449404,
125,600,2023-01-01T00:00:00,,False,,False,0001-01-01T00:00:00,100004166,0,,False,True,,,,filter,60.66469040613142,10.67476568986905,
63,538,2025-09-01T00:00:00,,False,,False,0001-01-01T00:00:00,100006516,0,,False,True,,,,filter,60.66766031204357,10.68573648614682,
0,850,2007-10-01T00:00:00,,False,,False,0001-01-01T00:00:00,3747,174,,True,False,,,,filter,60.72390105193963,10.621036290981811,
281,800,2005-09-01T00:00:00,,False,,False,0001-01-01T00:00:00,3746,0,,False,True,,,,filter,60.72682432423228,10.614818336420202,
301,977,2022-03-01T00:00:00,,False,,False,0001-01-01T00:00:00,100003455,0,,False,True,,,,filter,60.720827596816704,10.61592197802022,
0,900,2024-12-16T00:00:00,,False,,False,0001-01-01T00:00:00,100006056,96,,True,False,,,,filter,60.729922606341724,10.606958442744514,
29,900,2025-02-01T00:00:00,,False,,False,0001-01-01T00:00:00,100006173,0,,False,True,,,,filter,60.724646332987405,10.615099615043082,
0,900,2025-02-01T00:00:00,,False,,False,0001-01-01T00:00:00,100006145,61,,True,False,,,,filter,60.723156133261355,10.616891355604334,
0,750,2025-05-01T00:00:00,,False,,False,0001-01-01T00:00:00,100006357,70,,True,False,,,,filter,60.72248270893871,10.610329489988917,
178,900,2001-05-01T00:00:00,,False,,False,0001-01-01T00:00:00,3744,0,,False,True,,,,filter,60.66506984903933,10.676505441766789,
3,900,2024-11-01T00:00:00,,False,,False,0001-01-01T00:00:00,100005940,0,,False,True,,,,filter,60.72308245358643,10.603359104834913,
140,850,2009-05-01T00:00:00,,False,,False,0001-01-01T00:00:00,3748,0,,False,True,,,,filter,60.666679732466676,10.69024277592338,
0,700,,,False,,False,0001-01-01T00:00:00,100006514,412,,True,False,,,,filter,60.72525685608733,10.61450919661044,
91,800,2018-02-01T00:00:00,,False,,False,0001-01-01T00:00:00,100000852,0,,False,True,,,,filter,62.46621992387343,6.235026886246265,
106,1000,2023-03-01T00:00:00,,False,,False,0001-01-01T00:00:00,100004381,0,,False,True,,,,filter,62.440544521944624,6.368996306602675,
33,1800,2001-05-01T00:00:00,,False,,False,0001-01-01T00:00:00,7551,0,,False,True,,,,filter,62.47304597553931,6.146004923190195,
0,900,2010-08-01T00:00:00,,False,,False,0001-01-01T00:00:00,7568,3,,True,False,,,,filter,62.46122241787396,6.353489753643852,
162,1300,2020-06-01T00:00:00,,False,,False,0001-01-01T00:00:00,100002245,0,,False,True,,,,filter,62.47407927421267,6.151525757701056,
0,1000,2024-06-28T00:00:00,,False,,False,0001-01-01T00:00:00,100005622,13,,True,False,,,,filter,62.46947973111779,6.167408736053043,
6,1280,2024-04-01T00:00:00,,False,,False,0001-01-01T00:00:00,100005365,0,,False,True,,,,filter,62.47096874074024,6.173342582224095,
1,800,2001-05-01T00:00:00,,False,,False,0001-01-01T00:00:00,7792,0,,False,True,,,,filter,62.479771041526135,6.832520062398638,
28,1700,2006-03-01T00:00:00,,False,,False,0001-01-01T00:00:00,7563,0,,False,True,,,,filter,62.444381998745584,6.368869494271171,
2,560,2023-10-01T00:00:00,,False,,False,0001-01-01T00:00:00,100004882,0,,False,True,,,,filter,62.48259008326036,6.8290665067171625,
210,1500,2018-08-01T00:00:00,,False,,False,0001-01-01T00:00:00,100001110,0,,False,True,,,,filter,62.44587624075682,6.3766896752963484,
0,1200,2010-12-01T00:00:00,,False,,False,0001-01-01T00:00:00,7845,77,,True,False,,,,filter,60.39189470744835,5.330325630261307,
37,1050,2003-04-01T00:00:00,,False,,False,0001-01-01T00:00:00,7553,0,,False,True,,,,filter,62.461248199238184,6.370340745622499,
7,1050,2024-08-01T00:00:00,,False,,False,0001-01-01T00:00:00,100005634,0,,False,True,,,,filter,62.47199243697636,6.177314471586364,
34,850,2004-12-01T00:00:00,,False,,False,0001-01-01T00:00:00,7793,0,,False,True,,,,filter,62.480974857013585,6.823590255267719,
359,900,2001-05-01T00:00:00,,False,,False,0001-01-01T00:00:00,7542,0,,False,True,,,,filter,62.46511443850963,6.240748987281308,
242,800,2012-02-01T00:00:00,,False,,False,0001-01-01T00:00:00,7564,0,,False,True,,,,filter,62.44160063511517,6.378893521562102,
147,1350,2002-10-01T00:00:00,,False,,False,0001-01-01T00:00:00,7557,0,,False,True,,,,filter,62.441026299472355,6.378414130351859,
8,800,2025-03-01T00:00:00,,False,,False,0001-01-01T00:00:00,100006293,0,,False,True,,,,filter,62.46302008369671,6.357137905205206,
276,1000,2010-03-01T00:00:00,,False,,False,0001-01-01T00:00:00,7574,0,,False,True,,,,filter,62.441647800793525,6.376741915970709,
27,1100,2019-02-01T00:00:00,,False,,False,0001-01-01T00:00:00,100001450,0,,False,True,,,,filter,60.39219987131157,5.326139156188121,
22,1200,2001-05-01T00:00:00,,False,,False,0001-01-01T00:00:00,7527,0,,False,True,,,,filter,62.474646029742345,6.156068900643544,
7,1400,2017-01-01T00:00:00,,False,,False,0001-01-01T00:00:00,100000269,0,,False,True,,,,filter,62.46983576701043,6.1615946831276895,
110,1700,2011-03-01T00:00:00,,False,,False,0001-01-01T00:00:00,7572,0,,False,True,,,,filter,62.442816840266225,6.382101052880685,
154,1100,2001-05-01T00:00:00,,False,,False,0001-01-01T00:00:00,7842,0,,False,True,,,,filter,60.392653239659055,5.331276574720484,
31,1058,2022-06-13T00:00:00,,False,,False,0001-01-01T00:00:00,100003629,0,,False,True,,,,filter,62.47518361978876,6.158951252954237,
19,750,2023-09-01T00:00:00,,False,,False,0001-01-01T00:00:00,100004761,0,,False,True,,,,filter,62.46631507910094,6.343179833337643,
8,800,2001-05-01T00:00:00,,False,,False,0001-01-01T00:00:00,7843,0,,False,True,,,,filter,60.393379752947276,5.323886496238501,
57,750,2014-07-01T00:00:00,,False,,False,0001-01-01T00:00:00,7570,0,,False,True,,,,filter,62.46406596699948,6.355732016214813,
1,1100,2022-08-01T00:00:00,,False,,False,0001-01-01T00:00:00,100003739,0,,False,True,,,,filter,62.46468035900427,6.342378504646225,
20,1300,2018-10-01T00:00:00,,False,,False,0001-01-01T00:00:00,100001257,0,,False,True,,,,filter,62.46966838217331,6.150628119523686,
28,800,2001-05-01T00:00:00,,False,,False,0001-01-01T00:00:00,7530,0,,False,True,,,,filter,62.4425221472605,6.3798310034115016,
49,1200,2017-08-01T00:00:00,,False,,False,0001-01-01T00:00:00,100000582,0,,False,True,,,,filter,62.46566053482475,6.37005798398394,
60,1200,2025-04-01T00:00:00,,False,,False,0001-01-01T00:00:00,100006365,0,,False,True,,,,filter,62.47541478335296,6.1580240815198,
198,1250,2012-12-01T00:00:00,,False,,False,0001-01-01T00:00:00,7575,0,,False,True,,,,filter,62.47260873596011,6.151042848641115,
90,800,2022-05-01T00:00:00,,False,,False,0001-01-01T00:00:00,100003542,0,,False,True,,,,filter,62.46883170487914,6.342496916372663,
102,1250,2015-04-01T00:00:00,,False,,False,0001-01-01T00:00:00,7581,0,,False,True,,,,filter,62.47147462927715,6.155497600892992,
45,1200,2025-04-01T00:00:00,,False,,False,0001-01-01T00:00:00,100006366,0,,False,True,,,,filter,62.473555622919086,6.163126311954085,
122,1200,2022-08-01T00:00:00,,False,,False,0001-01-01T00:00:00,100003740,0,,False,True,,,,filter,62.471729013556654,6.14923466345852,
1,800,2025-10-01T00:00:00,,False,,False,0001-01-01T00:00:00,100006725,0,,False,True,,,,filter,62.48225639027743,6.84024573448376,
59,800,2020-09-01T00:00:00,,False,,False,0001-01-01T00:00:00,100002333,0,,False,True,,,,filter,62.4732939607939,6.165394775054038,
91,900,2023-03-01T00:00:00,,False,,False,0001-01-01T00:00:00,100004379,0,,False,True,,,,filter,62.47243656759148,6.1604940091971425,
136,1200,2020-07-01T00:00:00,,False,,False,0001-01-01T00:00:00,100002287,0,,False,True,,,,filter,62.474787628484464,6.155996324293047,
33,1000,2024-05-01T00:00:00,,False,,False,0001-01-01T00:00:00,100005470,0,,False,True,,,,filter,62.460186042386354,6.3609193977589085,
11,800,2025-10-01T00:00:00,,False,,False,0001-01-01T00:00:00,100006702,0,,False,True,,,,filter,62.46612124193863,6.346517757037808,
18,1100,2023-03-01T00:00:00,,False,,False,0001-01-01T00:00:00,100004380,0,,False,True,,,,filter,62.44468552336354,6.374851461880472,
0,800,2025-09-01T00:00:00,,False,,False,0001-01-01T00:00:00,100006678,8,,True,False,,,,filter,62.46782297133191,6.351825383311978,
8,800,2010-02-01T00:00:00,,False,,False,0001-01-01T00:00:00,7567,0,,False,True,,,,filter,62.47105197933787,6.163272190896173,
64,1000,2018-06-01T00:00:00,,False,,False,0001-01-01T00:00:00,100001042,0,,False,True,,,,filter,62.466025648904214,6.360457820281932,
88,850,2023-03-01T00:00:00,,False,,False,0001-01-01T00:00:00,100004377,0,,False,True,,,,filter,62.465951086456734,6.34377206130352,
0,800,,,False,,False,0001-01-01T00:00:00,100004760,158,,True,False,,,,filter,62.471062949399006,6.162698440905696,
0,900,,,False,,False,0001-01-01T00:00:00,100005635,27,,True,False,,,,filter,62.46749785325628,6.234991615332376,
0,850,,,False,,False,0001-01-01T00:00:00,100006630,322,,True,False,,,,filter,62.46236988426247,6.347485801925647,
0,1050,,,False,,False,0001-01-01T00:00:00,100006666,191,,True,False,,,,filter,62.47152074923723,6.173154565447896,
79,800,2006-11-01T00:00:00,,False,,False,0001-01-01T00:00:00,7555,0,,False,True,,,,filter,62.4738746016767,6.150204859286926,
17,1111,2001-05-01T00:00:00,,False,,False,0001-01-01T00:00:00,7952,0,,False,True,,,,filter,62.7847251439168,6.47063946623737,
0,1400,2017-01-01T00:00:00,,False,,False,0001-01-01T00:00:00,100000268,341,,True,False,,,,filter,62.469753585769176,6.173460365957103,
14,1200,2006-10-01T00:00:00,,False,,False,0001-01-01T00:00:00,7558,0,,False,True,,,,filter,62.47455405034449,6.159946812326315,
0,1800,2021-04-01T00:00:00,,False,,False,0001-01-01T00:00:00,100002771,370,,True,False,,,,filter,62.46987323789417,6.176990393827932,
0,1300,2023-03-01T00:00:00,,False,,False,0001-01-01T00:00:00,100004378,18,,True,False,,,,filter,62.464277177293916,6.356889732456836,
0,700,2023-07-01T00:00:00,,False,,False,0001-01-01T00:00:00,100004668,0,,False,True,,,,filter,62.80883526738989,6.889884469746198,
12,50,2024-04-01T00:00:00,,False,,False,0001-01-01T00:00:00,100005313,0,,False,True,,,,filter,62.802946185276,6.884809406686345,
0,700,2023-07-01T00:00:00,,False,,False,0001-01-01T00:00:00,100004643,0,,False,True,,,,filter,62.80555361491682,6.892291863710018,
70,1100,2020-09-01T00:00:00,,False,,False,0001-01-01T00:00:00,100002404,0,,False,True,,,,filter,62.80301129911202,6.88558844191938,
25,750,2024-03-01T00:00:00,,False,,False,0001-01-01T00:00:00,100005305,0,,False,True,,,,filter,63.26883606924591,8.524349520795228,
0,750,2019-04-01T00:00:00,,False,,False,0001-01-01T00:00:00,100001551,41,,True,False,,,,filter,63.26778928871026,8.538058537245108,
18,1000,2016-04-01T00:00:00,,False,,False,0001-01-01T00:00:00,8040,0,,False,True,,,,filter,63.26650943638158,8.530143366697784,
0,700,2025-03-01T00:00:00,,False,,False,0001-01-01T00:00:00,100006194,61,,True,False,,,,filter,63.272136431531806,8.537799784139022,
48,850,2024-01-01T00:00:00,,False,,False,0001-01-01T00:00:00,100005202,0,,False,True,,,,filter,63.05420608165498,7.624858348435038,
83,500,2001-05-01T00:00:00,,False,,False,0001-01-01T00:00:00,7977,0,,False,True,,,,filter,63.05466846576556,7.637260529607119,
262,850,2018-07-01T00:00:00,,False,,False,0001-01-01T00:00:00,100001071,0,,False,True,,,,filter,63.053552626281174,7.637675871567957,
110,850,2022-08-01T00:00:00,,False,,False,0001-01-01T00:00:00,100003657,0,,False,True,,,,filter,63.05293736461221,7.624044680615591,
24,850,2001-05-01T00:00:00,,False,,False,0001-01-01T00:00:00,7976,0,,False,True,,,,filter,63.05208520809779,7.624358211962934,
140,850,2023-01-01T00:00:00,,False,,False,0001-01-01T00:00:00,100004192,0,,False,True,,,,filter,63.05127861843261,7.624616388626199,
14,700,2024-06-01T00:00:00,,False,,False,0001-01-01T00:00:00,100005501,0,,False,True,,,,filter,63.05081248501247,7.627341609656333,
0,698,2019-07-01T00:00:00,,False,,True,0001-01-01T00:00:00,100001703,11,,True,False,,,,filter,62.2970777294188,7.2552110092572795,
18,560,2020-03-01T00:00:00,,False,,True,0001-01-01T00:00:00,100002127,0,,False,True,,,,filter,62.29790504951167,7.257770244563264,
0,559,2023-03-01T00:00:00,,False,,False,0001-01-01T00:00:00,100004325,5,,True,False,,,,filter,62.384919899946176,6.986610703306408,
3,554,2019-11-01T00:00:00,,False,,True,0001-01-01T00:00:00,100001907,0,,False,True,,,,filter,62.29863776191841,7.247278426754131,
3,850,2010-04-01T00:00:00,,False,,False,0001-01-01T00:00:00,7880,0,,False,True,,,,filter,62.50545235880565,6.093880919687447,
7,960,2020-07-01T00:00:00,,False,,False,0001-01-01T00:00:00,100002254,0,,False,True,,,,filter,62.50757051724366,6.110598868313202,
10,625,2020-03-01T00:00:00,,False,,False,0001-01-01T00:00:00,100002120,0,,False,True,,,,filter,62.50794296152717,6.1035658745938175,
12,900,2020-09-01T00:00:00,,False,,False,0001-01-01T00:00:00,100002396,0,,False,True,,,,filter,62.508567313888854,6.098230460234516,
29,900,2012-11-01T00:00:00,,False,,False,0001-01-01T00:00:00,7882,0,,False,True,,,,filter,62.50690058037975,6.10493922145951,
174,860,2007-01-01T00:00:00,,False,,False,0001-01-01T00:00:00,7879,0,,False,True,,,,filter,62.503830991414624,6.104531593156017,
7,950,2018-06-01T00:00:00,,False,,False,0001-01-01T00:00:00,100001027,0,,False,True,,,,filter,62.50654664289318,6.093256326399148,
77,500,2012-02-01T00:00:00,,False,,False,0001-01-01T00:00:00,7881,0,,False,True,,,,filter,62.50550778297147,6.105218714148823,
45,584,2023-10-16T00:00:00,,False,,False,0001-01-01T00:00:00,100004973,0,,False,True,,,,filter,62.50753109671577,6.103440320037443,
0,800,,,False,,False,0001-01-01T00:00:00,100005809,106,,True,False,,,,filter,62.50939040863267,6.0958482183538125,
135,800,2023-03-01T00:00:00,,False,,False,0001-01-01T00:00:00,100004305,0,,False,True,,,,filter,62.507831274003905,6.105314553569233,
0,900,2026-02-01T00:00:00,,False,,False,0001-01-01T00:00:00,100006814,290,,True,False,,,,filter,62.894667165213704,7.681407929439961,
0,900,2021-02-01T00:00:00,,False,,False,0001-01-01T00:00:00,100002603,68,,True,False,,,,filter,62.89445350399356,7.686193495065586,
24,800,2023-10-01T00:00:00,,False,,False,0001-01-01T00:00:00,100004661,0,,False,True,,,,filter,62.8906333694713,7.672574972480441,
26,700,2001-05-01T00:00:00,,False,,False,0001-01-01T00:00:00,7886,0,,False,True,,,,filter,62.638925545536566,6.272857939565515,
19,650,2024-08-12T00:00:00,,False,,False,0001-01-01T00:00:00,100005697,0,,False,True,,,,filter,62.598675690254964,6.437278572628404,
207,730,2018-12-01T00:00:00,,False,,False,0001-01-01T00:00:00,100001354,0,,False,True,,,,filter,62.54341091545992,6.59376591489827,
30,800,2025-01-20T00:00:00,,False,,False,0001-01-01T00:00:00,100006071,0,,False,True,,,,filter,62.63463834868083,6.274328920119306,
0,750,2024-03-01T00:00:00,,False,,False,0001-01-01T00:00:00,100005342,4,,True,False,,,,filter,62.548497236351494,6.591807193099755,
37,650,2024-06-01T00:00:00,,False,,False,0001-01-01T00:00:00,100005532,0,,False,True,,,,filter,62.59604092094435,6.44604155423916,
39,800,2025-06-01T00:00:00,,False,,False,0001-01-01T00:00:00,100006452,0,,False,True,,,,filter,62.59624095493038,6.449550390555151,
188,625,2018-10-01T00:00:00,,False,,False,0001-01-01T00:00:00,100001292,0,,False,True,,,,filter,62.54493805352663,6.586708806546662,
17,635,2024-09-23T00:00:00,,False,,False,0001-01-01T00:00:00,100005851,0,,False,True,,,,filter,62.59885182019736,6.452571308166235,
51,700,2025-06-01T00:00:00,,False,,False,0001-01-01T00:00:00,100006451,0,,False,True,,,,filter,62.59356338991098,6.450909670757434,
108,650,2024-03-01T00:00:00,,False,,False,0001-01-01T00:00:00,100005258,0,,False,True,,,,filter,62.54241256516391,6.584215658448381,
54,900,2025-11-01T00:00:00,,False,,False,0001-01-01T00:00:00,100006778,0,,False,True,,,,filter,62.598625124487626,6.4510896198530325,
165,800,2022-01-01T00:00:00,,False,,False,0001-01-01T00:00:00,100003249,0,,False,True,,,,filter,62.37098059495266,6.027063209957909,
81,450,2023-04-01T00:00:00,,False,,False,0001-01-01T00:00:00,100004416,0,,False,True,,,,filter,62.37110111404283,6.032336262374713,
89,600,2006-09-01T00:00:00,,False,,False,0001-01-01T00:00:00,7733,0,,False,True,,,,filter,62.370233775612796,6.024296610592612,
7,600,2024-03-01T00:00:00,,False,,False,0001-01-01T00:00:00,100005264,0,,False,True,,,,filter,62.367652104047735,6.027611662865248,
17,709,2018-05-01T00:00:00,,False,,False,0001-01-01T00:00:00,100000999,0,,False,True,,,,filter,62.37482313164088,6.029087617192227,
0,720,,,False,,False,0001-01-01T00:00:00,100004222,0,,False,False,,,,filter,62.37064410569247,6.019932298099165,
0,770,,,False,,False,0001-01-01T00:00:00,100006670,21,,True,False,,,,filter,62.37328426589274,6.025498153631134,
80,800,2017-01-01T00:00:00,,False,,False,0001-01-01T00:00:00,100000280,0,,False,True,,,,filter,62.280565263135884,5.793528019622364,
22,800,2025-01-01T00:00:00,,False,,False,0001-01-01T00:00:00,100006027,0,,False,True,,,,filter,62.326403596392765,5.643007467059269,
0,900,2017-01-01T00:00:00,,False,,False,0001-01-01T00:00:00,100000279,2,,True,False,,,,filter,62.32562805156763,5.643638853535091,
13,600,2021-09-01T00:00:00,,False,,False,0001-01-01T00:00:00,100003008,0,,False,True,,,,filter,62.322602115913014,5.642053625309081,
0,640,2021-09-01T00:00:00,,False,,False,0001-01-01T00:00:00,100003009,0,,False,True,,,,filter,62.32782939632496,5.639716907096144,
16,640,2022-04-01T00:00:00,,False,,False,0001-01-01T00:00:00,100003480,0,,False,True,,,,filter,62.3228317679241,5.64434665874644,
163,850,2016-09-01T00:00:00,,False,,False,0001-01-01T00:00:00,100000105,0,,False,True,,,,filter,62.28062570476122,5.793501962367439,
93,500,2022-01-01T00:00:00,,False,,False,0001-01-01T00:00:00,100003246,0,,False,True,,,,filter,62.280139585092655,5.801331818818294,
14,1350,2012-01-01T00:00:00,,False,,False,0001-01-01T00:00:00,7691,0,,False,True,,,,filter,62.330132072502835,5.651060910389995,
0,800,2024-04-01T00:00:00,,False,,False,0001-01-01T00:00:00,100005373,108,,True,False,,,,filter,62.32171347703367,5.642797317476265,
0,750,2023-08-01T00:00:00,,False,,False,0001-01-01T00:00:00,100004645,42,,True,False,,,,filter,62.28133102747405,5.7969824622480015,
0,950,2001-05-01T00:00:00,,False,,False,0001-01-01T00:00:00,7957,8,,True,False,,,,filter,62.85888274662098,7.163229117320962,
33,800,2022-06-27T00:00:00,,False,,False,0001-01-01T00:00:00,100003632,0,,False,True,,,,filter,62.85197582783016,7.158981848226231,
34,600,2020-03-01T00:00:00,,False,,False,0001-01-01T00:00:00,100002107,0,,False,True,,,,filter,62.85514413886282,7.163213939457771,
52,1650,2001-05-01T00:00:00,,False,,False,0001-01-01T00:00:00,7958,0,,False,True,,,,filter,62.85710121788052,7.16107154748935,
12,1300,2013-12-01T00:00:00,,False,,False,0001-01-01T00:00:00,7966,0,,False,True,,,,filter,62.855117760653386,7.164484296129942,
53,630,2022-08-01T00:00:00,,False,,False,0001-01-01T00:00:00,100003687,0,,False,True,,,,filter,62.85265482275999,7.153334394720753,
0,1056,2015-08-01T00:00:00,,False,,False,0001-01-01T00:00:00,7968,111,,True,False,,,,filter,62.85413500227037,7.151717264371821,
14,850,2024-10-01T00:00:00,,False,,False,0001-01-01T00:00:00,100005892,0,,False,True,,,,filter,62.855025536588826,7.160227856897755,
0,1400,2018-09-01T00:00:00,,False,,False,0001-01-01T00:00:00,100001202,20,,True,False,,,,filter,62.852019931520324,7.162174578012008,
78,650,2024-10-01T00:00:00,,False,,False,0001-01-01T00:00:00,100005893,0,,False,True,,,,filter,62.859058878565165,7.164552533443844,
4,710,2024-01-01T00:00:00,,False,,False,0001-01-01T00:00:00,100005107,0,,False,True,,,,filter,62.85876229413896,7.162371040843245,
180,1100,2010-11-01T00:00:00,,False,,False,0001-01-01T00:00:00,7964,0,,False,True,,,,filter,62.855422371784606,7.151220972483752,
7,800,2023-09-01T00:00:00,,False,,False,0001-01-01T00:00:00,100004848,0,,False,True,,,,filter,70.86634115149305,29.0967997610323,
32,600,2023-09-01T00:00:00,,False,,False,0001-01-01T00:00:00,100005207,0,,False,True,,,,filter,63.107815248760836,7.7233065952483955,
8,700,2016-03-01T00:00:00,,False,,False,0001-01-01T00:00:00,7631,0,,False,True,,,,filter,63.107896777352835,7.736978515928254,
29,700,2025-10-01T00:00:00,,False,,False,0001-01-01T00:00:00,100006559,0,,False,True,,,,filter,63.114147212367996,7.734002247597293,
0,600,2023-02-01T00:00:00,,False,,False,0001-01-01T00:00:00,100004250,18,,True,False,,,,filter,70.86156782184914,29.10544076109126,
14,650,2013-05-01T00:00:00,,False,,False,0001-01-01T00:00:00,7628,0,,False,True,,,,filter,63.10936956240148,7.729658374244487,
245,900,2013-02-01T00:00:00,,False,,False,0001-01-01T00:00:00,7627,0,,False,True,,,,filter,59.75341904473007,10.025052289703686,
46,900,2001-05-01T00:00:00,,False,,False,0001-01-01T00:00:00,7598,0,,False,True,,,,filter,63.10681679161304,7.7728641785161825,
40,900,2017-08-01T00:00:00,,False,,False,0001-01-01T00:00:00,100000572,0,,False,True,,,,filter,63.109015232349535,7.76959655740323,
106,900,2020-04-01T00:00:00,,False,,False,0001-01-01T00:00:00,100002159,0,,False,True,,,,filter,63.10600721625683,7.770164786090864,
0,1000,2017-03-01T00:00:00,,False,,False,0001-01-01T00:00:00,100000390,1,,True,False,,,,filter,63.11219476146162,7.705271698486749,
0,981,2021-07-01T00:00:00,,False,,False,0001-01-01T00:00:00,100002881,8,,True,False,,,,filter,63.11107172139178,7.7178423905388,
27,800,2024-09-01T00:00:00,,False,,False,0001-01-01T00:00:00,100005735,0,,False,True,,,,filter,63.10944288649732,7.71729224247256,
20,800,2025-09-01T00:00:00,,False,,False,0001-01-01T00:00:00,100006540,0,,False,True,,,,filter,70.86118346227452,29.087075431955803,
28,800,2025-03-01T00:00:00,,False,,False,0001-01-01T00:00:00,100006161,0,,False,True,,,,filter,70.86705500182048,29.09610642700353,
66,800,2001-05-01T00:00:00,,False,,False,0001-01-01T00:00:00,7608,0,,False,True,,,,filter,59.74964197009147,10.029132793647596,
58,1000,2004-03-01T00:00:00,,False,,False,0001-01-01T00:00:00,7619,0,,False,True,,,,filter,63.10976359817256,7.696323926412021,
87,1100,2009-12-01T00:00:00,,False,,False,0001-01-01T00:00:00,7621,0,,False,True,,,,filter,63.11130652560603,7.695055727124186,
5,700,2001-05-01T00:00:00,,False,,False,0001-01-01T00:00:00,7593,0,,False,True,,,,filter,63.1068952842078,7.7220893837216655,
38,900,2001-05-01T00:00:00,,False,,False,0001-01-01T00:00:00,7609,0,,False,True,,,,filter,63.108820949604755,7.764997196841893,
55,1000,2017-08-01T00:00:00,,False,,False,0001-01-01T00:00:00,100000559,0,,False,True,,,,filter,59.74916187981403,10.022240911343173,
80,800,2018-10-01T00:00:00,,False,,False,0001-01-01T00:00:00,100001162,0,,False,True,,,,filter,63.10737469157552,7.703838661511041,
0,800,2020-04-01T00:00:00,,False,,False,0001-01-01T00:00:00,100002134,0,,False,True,,,,filter,63.10644493791499,7.733369954245734,
9,600,2023-05-22T00:00:00,,False,,False,0001-01-01T00:00:00,100004548,0,,False,True,,,,filter,70.86486179839306,29.09079963559528,
62,700,2001-05-01T00:00:00,,False,,False,0001-01-01T00:00:00,7594,0,,False,True,,,,filter,63.10584616319955,7.7326448112790125,
59,900,2006-08-01T00:00:00,,False,,False,0001-01-01T00:00:00,7623,0,,False,True,,,,filter,63.105482480011894,7.698493274562144,
0,700,,,False,,False,0001-01-01T00:00:00,100006870,99,,True,False,,,,filter,70.85923966491758,29.095178920115426,
44,1000,2003-03-01T00:00:00,,False,,False,0001-01-01T00:00:00,7616,0,,False,True,,,,filter,59.74789872724537,10.022922639301886,
76,900,2024-05-20T00:00:00,,False,,False,0001-01-01T00:00:00,100005485,0,,False,True,,,,filter,63.11138704739518,7.780137511462301,
162,1000,2008-12-01T00:00:00,,False,,False,0001-01-01T00:00:00,7615,0,,False,True,,,,filter,59.75454350170345,10.032475293546556,
2,800,2024-04-01T00:00:00,,False,,False,0001-01-01T00:00:00,100005366,0,,False,True,,,,filter,63.10799730855503,7.727361803040694,
64,675,2023-01-01T00:00:00,,False,,False,0001-01-01T00:00:00,100004162,0,,False,True,,,,filter,62.74197760658226,7.166799137258173,
24,910,2009-06-01T00:00:00,,False,,False,0001-01-01T00:00:00,7517,0,,False,True,,,,filter,62.734213625232925,7.089845083460019,
71,1200,2001-05-01T00:00:00,,False,,False,0001-01-01T00:00:00,7495,0,,False,True,,,,filter,62.738408858878735,7.199466227911263,
91,950,2017-02-01T00:00:00,,False,,False,0001-01-01T00:00:00,100000348,0,,False,True,,,,filter,62.73889913125559,7.19997987197638,
63,900,2001-05-01T00:00:00,,False,,False,0001-01-01T00:00:00,7509,0,,False,True,,,,filter,62.735623715037235,7.156212229342068,
58,700,2025-01-01T00:00:00,,False,,False,0001-01-01T00:00:00,100006045,0,,False,True,,,,filter,62.736867438321916,7.153754613987275,
24,950,2023-12-01T00:00:00,,False,,False,0001-01-01T00:00:00,100005056,0,,False,True,,,,filter,62.738425177047816,7.149489100207534,
288,1000,2020-04-01T00:00:00,,False,,False,0001-01-01T00:00:00,100002142,0,,False,True,,,,filter,62.7414119230759,7.19337149025242,
10,1100,2001-05-01T00:00:00,,False,,False,0001-01-01T00:00:00,7492,0,,False,True,,,,filter,62.69866627009842,7.4186155618622704,
15,500,2025-08-01T00:00:00,,False,,False,0001-01-01T00:00:00,100006345,0,,False,True,,,,filter,62.70131069839816,7.419667417776959,
194,1050,2007-05-01T00:00:00,,False,,False,0001-01-01T00:00:00,7488,0,,False,True,,,,filter,62.74155859832047,7.193121085236005,
62,835,2020-03-01T00:00:00,,False,,False,0001-01-01T00:00:00,100002099,0,,False,True,,,,filter,62.73177127762342,7.160159632317,
14,1000,2021-08-16T00:00:00,,False,,False,0001-01-01T00:00:00,100002940,0,,False,True,,,,filter,62.74027192919486,7.096889753083351,
68,1400,2012-07-01T00:00:00,,False,,False,0001-01-01T00:00:00,7516,0,,False,True,,,,filter,62.735821116792,7.1579636722873685,
37,625,2023-03-01T00:00:00,,False,,False,0001-01-01T00:00:00,100004364,0,,False,True,,,,filter,62.73805739916367,7.1606987011072025,
0,400,2024-05-01T00:00:00,,False,,False,0001-01-01T00:00:00,100005475,0,,False,True,,,,filter,62.67164830721487,6.672876933114159,
190,1000,2001-05-01T00:00:00,,False,,False,0001-01-01T00:00:00,7939,0,,False,True,,,,filter,62.77725059537544,8.070544229285435,
26,1100,2007-05-01T00:00:00,,False,,False,0001-01-01T00:00:00,7490,0,,False,True,,,,filter,62.70079492968253,7.428372533207947,
11,430,2024-05-01T00:00:00,,False,,False,0001-01-01T00:00:00,100005477,0,,False,True,,,,filter,62.67034293183855,6.68551966090995,
105,1350,2017-05-01T00:00:00,,False,,False,0001-01-01T00:00:00,100000450,0,,False,True,,,,filter,62.73253330885061,7.155694603172605,
111,1100,2007-04-01T00:00:00,,False,,False,0001-01-01T00:00:00,7514,0,,False,True,,,,filter,62.73328434769702,7.148910422248709,
41,1050,2003-01-01T00:00:00,,False,,False,0001-01-01T00:00:00,7489,0,,False,True,,,,filter,62.73670168974448,7.162014204048014,
165,1200,2001-05-01T00:00:00,,False,,False,0001-01-01T00:00:00,7507,0,,False,True,,,,filter,62.74070299874981,7.193740656999998,
62,1300,2016-09-01T00:00:00,,False,,False,0001-01-01T00:00:00,100000078,0,,False,True,,,,filter,62.73059163051761,7.152916567854593,
6,895,2023-07-01T00:00:00,,False,,False,0001-01-01T00:00:00,100004609,0,,False,True,,,,filter,62.77518374628565,8.072770961219515,
38,1300,2016-09-01T00:00:00,,False,,False,0001-01-01T00:00:00,100000079,0,,False,True,,,,filter,62.73718269073382,7.160389771147209,
38,250,2022-10-01T00:00:00,,False,,False,0001-01-01T00:00:00,100003938,0,,False,True,,,,filter,62.73659195157372,7.151992703073445,
91,1100,2021-09-01T00:00:00,,False,,False,0001-01-01T00:00:00,100003027,0,,False,True,,,,filter,62.740229472656054,7.199611542334788,
9,430,2024-05-01T00:00:00,,False,,False,0001-01-01T00:00:00,100005476,0,,False,True,,,,filter,62.672305821475064,6.677794421089891,
33,900,2025-08-25T00:00:00,,False,,False,0001-01-01T00:00:00,100006527,0,,False,True,,,,filter,62.73652733204721,7.159586783154129,
0,410,2024-05-01T00:00:00,,False,,False,0001-01-01T00:00:00,100005473,7,,True,False,,,,filter,62.67654027754585,6.680291472173312,
133,900,2008-12-01T00:00:00,,False,,False,0001-01-01T00:00:00,7510,0,,False,True,,,,filter,62.73503180388151,7.100823675209231,
17,920,2025-10-03T00:00:00,,False,,False,0001-01-01T00:00:00,100006763,0,,False,True,,,,filter,62.73773081361465,7.095876458764079,
15,950,2019-09-01T00:00:00,,False,,False,0001-01-01T00:00:00,100001815,0,,False,True,,,,filter,62.73711414382632,7.101583844424566,
129,900,2015-02-01T00:00:00,,False,,False,0001-01-01T00:00:00,7521,0,,False,True,,,,filter,62.73663467628232,7.159113535195308,
79,1050,2018-05-01T00:00:00,,False,,False,0001-01-01T00:00:00,100000984,0,,False,True,,,,filter,62.73287963938719,7.1609814581871705,
47,660,2023-11-01T00:00:00,,False,,False,0001-01-01T00:00:00,100004997,0,,False,True,,,,filter,62.738976727852425,7.162258855440807,
79,1200,2014-03-01T00:00:00,,False,,False,0001-01-01T00:00:00,7518,0,,False,True,,,,filter,62.73844309674737,7.188515168328506,
0,950,,,False,,False,0001-01-01T00:00:00,100003983,52,,True,False,,,,filter,62.779647013979634,8.069427304798936,
56,50,2023-08-01T00:00:00,,False,,False,0001-01-01T00:00:00,100004672,0,,False,True,,,,filter,62.737043798586775,7.190345640062919,
13,440,2024-05-01T00:00:00,,False,,False,0001-01-01T00:00:00,100005474,0,,False,True,,,,filter,62.675676661965674,6.673345078124175,
80,650,2024-04-01T00:00:00,,False,,False,0001-01-01T00:00:00,100005391,0,,False,True,,,,filter,62.19969187331285,6.136826348822013,
117,650,2014-04-01T00:00:00,,False,,False,0001-01-01T00:00:00,7781,0,,False,True,,,,filter,62.19566018873689,6.1334040157122285,
59,650,2014-04-01T00:00:00,,False,,False,0001-01-01T00:00:00,7780,0,,False,True,,,,filter,62.19809804901707,6.128934956025388,
247,880,2005-11-01T00:00:00,,False,,False,0001-01-01T00:00:00,7775,0,,False,True,,,,filter,62.20139666985777,6.131621017533118,
39,650,2021-12-01T00:00:00,,False,,False,0001-01-01T00:00:00,100003196,0,,False,True,,,,filter,62.201176650566936,6.135553672186213,
20,650,2001-05-01T00:00:00,,False,,False,0001-01-01T00:00:00,7765,0,,False,True,,,,filter,62.19518006465487,6.1366784794426605,
70,820,2006-09-01T00:00:00,,False,,False,0001-01-01T00:00:00,7776,0,,False,True,,,,filter,62.20067521600655,6.129643799903594,
55,650,2008-05-01T00:00:00,,False,,False,0001-01-01T00:00:00,7771,0,,False,True,,,,filter,62.19780003285908,6.139042223029636,
85,700,2024-05-01T00:00:00,,False,,False,0001-01-01T00:00:00,100005390,0,,False,True,,,,filter,62.19651341793219,6.139877011008358,
87,750,2009-08-01T00:00:00,,False,,False,0001-01-01T00:00:00,7777,0,,False,True,,,,filter,62.19583254299794,6.133143317532517,
39,530,2024-09-01T00:00:00,,False,,False,0001-01-01T00:00:00,100005623,0,,False,True,,,,filter,62.197856158594774,6.133942730291974,
80,650,2001-05-01T00:00:00,,False,,False,0001-01-01T00:00:00,7762,0,,False,True,,,,filter,62.19631688027511,6.140650268509508,
14,750,2001-05-01T00:00:00,,False,,False,0001-01-01T00:00:00,7763,0,,False,True,,,,filter,62.19712268160544,6.142742880018127,
0,735,,,False,,False,0001-01-01T00:00:00,100003488,1,,True,False,,,,filter,62.20090679153975,6.1373688287672765,
66,850,2002-09-01T00:00:00,,False,,False,0001-01-01T00:00:00,7774,0,,False,True,,,,filter,62.19779185565403,6.126301022580212,
112,800,2018-07-01T00:00:00,,False,,False,0001-01-01T00:00:00,100001080,0,,False,True,,,,filter,62.57069914455338,7.68297911008336,
67,800,2020-03-01T00:00:00,,False,,False,0001-01-01T00:00:00,100002065,0,,False,True,,,,filter,62.56754552451273,7.692014146790662,
18,980,2001-05-01T00:00:00,,False,,False,0001-01-01T00:00:00,7926,0,,False,True,,,,filter,62.57166513694441,7.685295103308922,
8,800,2023-05-01T00:00:00,,False,,False,0001-01-01T00:00:00,100004505,0,,False,True,,,,filter,62.56668509817123,7.687147457150763,
0,800,2025-09-01T00:00:00,,False,,False,0001-01-01T00:00:00,100006620,34,,True,False,,,,filter,62.57045592375847,7.689950690665315,
29,600,2025-08-01T00:00:00,,False,,False,0001-01-01T00:00:00,100006614,0,,False,True,,,,filter,62.56500013668295,7.686428649553815,
4,800,2023-07-01T00:00:00,,False,,False,0001-01-01T00:00:00,100004650,0,,False,True,,,,filter,62.571308148606306,7.689601909727837,
125,800,2011-05-01T00:00:00,,False,,False,0001-01-01T00:00:00,7929,0,,False,True,,,,filter,62.56647283193955,7.692904532463446,
0,800,2022-11-01T00:00:00,,False,,False,0001-01-01T00:00:00,100004076,2,,True,False,,,,filter,62.567588766450875,7.6776545591043055,
0,900,2022-12-01T00:00:00,,False,,False,0001-01-01T00:00:00,100004133,197,,True,False,,,,filter,62.21012802264685,5.574420191967376,
3,900,2014-04-01T00:00:00,,False,,False,0001-01-01T00:00:00,7677,0,,False,True,,,,filter,62.20434423858016,5.571007953521339,
1,700,2011-10-01T00:00:00,,False,,False,0001-01-01T00:00:00,7673,0,,False,True,,,,filter,62.20456919191191,5.572596502148082,
0,1137,2011-02-01T00:00:00,,False,,False,0001-01-01T00:00:00,8032,1,,True,False,,,,filter,63.33104468335843,8.082382206369505,
0,1000,2024-01-01T00:00:00,,False,,False,0001-01-01T00:00:00,100005124,238,,True,False,,,,filter,63.3330157109995,8.071192464762944,
0,650,2024-01-01T00:00:00,,False,,False,0001-01-01T00:00:00,100005125,346,,True,False,,,,filter,63.331734820654674,8.087041068828833,
0,750,2018-05-01T00:00:00,,False,,False,0001-01-01T00:00:00,100000996,30,,True,False,,,,filter,62.30688704214698,6.937957838325709,
0,600,2025-03-01T00:00:00,,False,,False,0001-01-01T00:00:00,100006274,8,,True,False,,,,filter,62.30343056117856,6.944514186239359,
0,600,2024-03-01T00:00:00,,False,,False,0001-01-01T00:00:00,100005329,13,,True,False,,,,filter,62.308542991631924,6.937403802204537,
28,480,2023-03-01T00:00:00,,False,,False,0001-01-01T00:00:00,100004299,0,,False,True,,,,filter,62.30758461579851,6.942926494999278,
0,600,2026-01-01T00:00:00,,False,,False,0001-01-01T00:00:00,100006839,46,,True,False,,,,filter,62.311413855539726,6.939830272648713,
4,750,2021-04-01T00:00:00,,False,,False,0001-01-01T00:00:00,100002726,0,,False,True,,,,filter,62.30365528798403,6.941409594820382,
0,600,2023-10-01T00:00:00,,False,,False,0001-01-01T00:00:00,100004929,4,,True,False,,,,filter,62.31027147551745,6.94222110537726,
114,700,2015-04-01T00:00:00,,False,,False,0001-01-01T00:00:00,7863,0,,False,True,,,,filter,62.43863849101769,6.185438650120201,
0,700,2024-12-01T00:00:00,,False,,False,0001-01-01T00:00:00,100006005,188,,True,False,,,,filter,62.438696655684495,6.190073703214612,
3,800,2025-09-01T00:00:00,,False,,False,0001-01-01T00:00:00,100006425,0,,False,True,,,,filter,62.4430389644835,6.1925986103928,
35,1000,2019-07-01T00:00:00,,False,,False,0001-01-01T00:00:00,100001661,0,,False,True,,,,filter,62.442741536430105,6.191490129267211,
0,1000,2013-06-01T00:00:00,,False,,False,0001-01-01T00:00:00,7861,183,,True,False,,,,filter,62.4412710850558,6.192679644280805,
0,1000,2021-09-01T00:00:00,,False,,False,0001-01-01T00:00:00,100002934,0,,False,True,,,,filter,62.43879633426547,6.192163813259787,
4,925,2019-08-01T00:00:00,,False,,False,0001-01-01T00:00:00,100001698,0,,False,True,,,,filter,62.4422543697499,6.192689576282857,
36,1000,2015-01-01T00:00:00,,False,,False,0001-01-01T00:00:00,7864,0,,False,True,,,,filter,62.4395953885817,6.183277341617426,
1,900,2013-06-01T00:00:00,,False,,False,0001-01-01T00:00:00,7859,0,,False,True,,,,filter,62.437460198689124,6.188201167432843,
9,1000,2014-09-01T00:00:00,,False,,False,0001-01-01T00:00:00,7862,0,,False,True,,,,filter,62.440972235137345,6.185467635761751,
84,850,2025-10-01T00:00:00,,False,,False,0001-01-01T00:00:00,100006701,0,,False,True,,,,filter,62.676454274915415,8.559151243173705,
0,1400,2001-05-01T00:00:00,,False,,False,0001-01-01T00:00:00,7990,20,,True,False,,,,filter,62.54073202268859,8.549795536234727,
94,850,2023-03-01T00:00:00,,False,,False,0001-01-01T00:00:00,100004397,0,,False,True,,,,filter,62.67605863495573,8.557458041576247,
75,800,2013-09-01T00:00:00,,False,,False,0001-01-01T00:00:00,7995,0,,False,True,,,,filter,62.676850031047955,8.55977971460534,
68,1150,2001-05-01T00:00:00,,False,,False,0001-01-01T00:00:00,7991,0,,False,True,,,,filter,62.67535164814311,8.5511037266767,
3,1340,2001-05-01T00:00:00,,False,,False,0001-01-01T00:00:00,7993,0,,False,True,,,,filter,62.539281047924405,8.558363758471186,
0,500,,,False,,False,0001-01-01T00:00:00,100006684,34,,True,False,,,,filter,62.67287347681774,8.553606428179561,
0,1000,2024-11-01T00:00:00,,False,,False,0001-01-01T00:00:00,100005884,70,,True,False,,,,filter,62.977610958885876,8.731330541175307,
56,1000,2001-05-01T00:00:00,,False,,False,0001-01-01T00:00:00,8006,0,,False,True,,,,filter,62.97655029652948,8.72720528025711,
38,1000,2024-10-01T00:00:00,,False,,False,0001-01-01T00:00:00,100005883,0,,False,True,,,,filter,62.975572015162385,8.73226285033567,
30,1000,2022-03-01T00:00:00,,False,,False,0001-01-01T00:00:00,100003387,0,,False,True,,,,filter,62.976017571506326,8.719860257552039,
13,1000,2025-09-01T00:00:00,,False,,False,0001-01-01T00:00:00,100006665,0,,False,True,,,,filter,62.97833990286445,8.724765721896018,
60,900,2016-05-01T00:00:00,,False,,False,0001-01-01T00:00:00,8009,0,,False,True,,,,filter,62.974973638719874,8.733046061371617,
153,850,2023-10-01T00:00:00,,False,,False,0001-01-01T00:00:00,100004875,0,,False,True,,,,filter,62.391828567695946,6.584190732372547,
29,910,2023-02-01T00:00:00,,False,,False,0001-01-01T00:00:00,100004214,0,,False,True,,,,filter,62.38881858956104,6.5879821151172395,
0,900,2023-10-01T00:00:00,,False,,False,0001-01-01T00:00:00,100004876,15,,True,False,,,,filter,62.38975950503108,6.582156690155438,
1,725,2026-01-01T00:00:00,,False,,False,0001-01-01T00:00:00,100006895,0,,False,True,,,,filter,62.38850480176867,6.577214397454127,
73,825,2023-01-01T00:00:00,,False,,False,0001-01-01T00:00:00,100004213,0,,False,True,,,,filter,62.39389039471619,6.582248939176921,
0,750,2025-09-01T00:00:00,,False,,False,0001-01-01T00:00:00,100006610,0,,False,True,,,,filter,62.39134836009312,6.5777832240960254,
52,675,2025-04-01T00:00:00,,False,,False,0001-01-01T00:00:00,100006350,0,,False,True,,,,filter,62.38826905122832,6.577601154297169,
41,775,2024-10-01T00:00:00,,False,,False,0001-01-01T00:00:00,100005885,0,,False,True,,,,filter,62.392862453149824,6.57579189366184,
143,700,2023-08-01T00:00:00,,False,,False,0001-01-01T00:00:00,100004662,0,,False,True,,,,filter,62.38693509756185,6.585033158425937,
0,1000,2004-09-01T00:00:00,,False,,False,0001-01-01T00:00:00,7987,4,,True,False,,,,filter,62.91362975552432,8.197944095633767,
0,800,2022-08-01T00:00:00,,False,,False,0001-01-01T00:00:00,100003753,16,,True,False,,,,filter,62.913751147338346,8.211369975588738,
61,974,2002-12-01T00:00:00,,False,,False,0001-01-01T00:00:00,7986,0,,False,True,,,,filter,62.909438461382116,8.200414246496958,
10,800,2024-02-01T00:00:00,,False,,False,0001-01-01T00:00:00,100005205,0,,False,True,,,,filter,62.344512952287715,5.852304120299674,
31,1400,2001-05-01T00:00:00,,False,,False,0001-01-01T00:00:00,7712,0,,False,True,,,,filter,62.341154972254905,5.843534493729372,
104,800,2020-01-01T00:00:00,,False,,False,0001-01-01T00:00:00,100001989,0,,False,True,,,,filter,62.33891046287597,5.845553413369885,
63,900,2012-03-01T00:00:00,,False,,False,0001-01-01T00:00:00,7718,0,,False,True,,,,filter,62.339136587392154,5.859575614791854,
24,1000,2013-03-01T00:00:00,,False,,False,0001-01-01T00:00:00,7716,0,,False,True,,,,filter,62.34012303782972,5.854754234092804,
62,700,2014-06-01T00:00:00,,False,,False,0001-01-01T00:00:00,7722,0,,False,True,,,,filter,62.33736579753788,5.845569881824812,
38,925,2018-03-01T00:00:00,,False,,False,0001-01-01T00:00:00,100000892,0,,False,True,,,,filter,62.341373263552455,5.850328255641127,
57,1000,2006-03-01T00:00:00,,False,,False,0001-01-01T00:00:00,7719,0,,False,True,,,,filter,62.343361138720375,5.855951340695428,
53,700,2016-10-01T00:00:00,,False,,False,0001-01-01T00:00:00,100000193,0,,False,True,,,,filter,62.34060826451047,5.857797847696772,
296,800,2023-02-01T00:00:00,,False,,False,0001-01-01T00:00:00,100004225,0,,False,True,,,,filter,62.343705166480255,5.853764504053695,
103,900,2005-02-01T00:00:00,,False,,False,0001-01-01T00:00:00,7717,0,,False,True,,,,filter,62.34098473956534,5.844714927716167,
21,400,2026-02-01T00:00:00,,False,,False,0001-01-01T00:00:00,100007000,0,,False,True,,,,filter,62.09896728566585,5.56037833853362,
0,800,2011-04-01T00:00:00,,False,,False,0001-01-01T00:00:00,7650,112,,True,False,,,,filter,62.10304709478857,5.55964335636066,
0,800,2017-04-01T00:00:00,,False,,False,0001-01-01T00:00:00,100000428,110,,True,False,,,,filter,62.099632117078094,5.562200386507829,
216,680,2020-03-01T00:00:00,,False,,False,0001-01-01T00:00:00,100002124,0,,False,True,,,,filter,62.10296723530977,5.553718072418255,
0,217,,,False,,False,0001-01-01T00:00:00,100006758,5,,True,False,,,,filter,62.104239363136145,5.555094929367941,
134,960,2007-03-01T00:00:00,,False,,False,0001-01-01T00:00:00,7914,0,,False,True,,,,filter,62.62327591051721,7.098903806602948,
90,880,2017-06-01T00:00:00,,False,,False,0001-01-01T00:00:00,100000524,0,,False,True,,,,filter,62.622712360327064,7.099736055192028,
53,800,2023-10-01T00:00:00,,False,,False,0001-01-01T00:00:00,100004893,0,,False,True,,,,filter,62.6207677128704,7.09337124997025,
122,830,2010-10-01T00:00:00,,False,,False,0001-01-01T00:00:00,7913,0,,False,True,,,,filter,62.62239630423677,7.100852481322054,
35,800,2025-11-01T00:00:00,,False,,False,0001-01-01T00:00:00,100006761,0,,False,True,,,,filter,62.625050638249235,7.097392169510166,
11,800,2023-03-01T00:00:00,,False,,False,0001-01-01T00:00:00,100004311,0,,False,True,,,,filter,62.61918759463699,7.093503285698849,
0,900,2005-10-01T00:00:00,,False,,False,0001-01-01T00:00:00,7912,5,,True,False,,,,filter,62.62177313792277,7.082163292549041,
32,880,2018-05-01T00:00:00,,False,,False,0001-01-01T00:00:00,100000997,0,,False,True,,,,filter,62.62010399686028,7.089587745025968,
29,810,2001-05-01T00:00:00,,False,,False,0001-01-01T00:00:00,7746,0,,False,True,,,,filter,62.148879930490274,6.0701237144889015,
89,650,2015-06-01T00:00:00,,False,,False,0001-01-01T00:00:00,7754,0,,False,True,,,,filter,62.143477146100885,6.0722386036993505,
2,1000,2001-05-01T00:00:00,,False,,False,0001-01-01T00:00:00,7747,0,,False,True,,,,filter,62.14568542881495,6.064400187342199,
84,800,2009-02-01T00:00:00,,False,,False,0001-01-01T00:00:00,7749,0,,False,True,,,,filter,62.147108556036095,6.062992713586608,
43,800,2022-11-01T00:00:00,,False,,False,0001-01-01T00:00:00,100004060,0,,False,True,,,,filter,62.14710826912553,6.068260761136264,
132,800,2014-02-01T00:00:00,,False,,False,0001-01-01T00:00:00,7752,0,,False,True,,,,filter,62.14854786260053,6.073146811993251,
33,650,2012-07-01T00:00:00,,False,,False,0001-01-01T00:00:00,7443,0,,False,True,,,,filter,60.47600375722696,8.46715076503154,
79,800,2022-12-01T00:00:00,,False,,False,0001-01-01T00:00:00,100004085,0,,False,True,,,,filter,62.14860484953341,6.069014241746905,
46,850,2001-05-01T00:00:00,,False,,False,0001-01-01T00:00:00,7743,0,,False,True,,,,filter,62.14771638333867,6.073382201360332,
0,600,2025-10-01T00:00:00,,False,,False,0001-01-01T00:00:00,100006750,127,,True,False,,,,filter,60.47573401558412,8.47310885328041,
87,800,2017-01-01T00:00:00,,False,,False,0001-01-01T00:00:00,100000295,0,,False,True,,,,filter,62.14702190663706,6.06735544358233,
29,800,2023-11-01T00:00:00,,False,,False,0001-01-01T00:00:00,100004990,0,,False,True,,,,filter,62.144154572881654,6.062191368413331,
40,675,2022-10-01T00:00:00,,False,,False,0001-01-01T00:00:00,100003930,0,,False,True,,,,filter,60.469913201039454,8.467459429745853,
25,800,2021-09-01T00:00:00,,False,,False,0001-01-01T00:00:00,100002949,0,,False,True,,,,filter,62.14583795032391,6.06653422730119,
64,850,2015-03-01T00:00:00,,False,,False,0001-01-01T00:00:00,7755,0,,False,True,,,,filter,62.14670799390586,6.073871618161273,
8,700,2001-05-01T00:00:00,,False,,False,0001-01-01T00:00:00,9185,0,,False,True,,,,filter,66.0162659298427,12.619152834576084,
48,960,2004-11-01T00:00:00,,False,,False,0001-01-01T00:00:00,9180,0,,False,True,,,,filter,66.022672608647,12.624430846345795,
10,480,2026-01-01T00:00:00,,False,,False,0001-01-01T00:00:00,100006871,0,,False,True,,,,filter,66.02072897579784,12.61376059582307,
20,800,2024-11-01T00:00:00,,False,,False,0001-01-01T00:00:00,100005987,0,,False,True,,,,filter,66.01794155650585,12.611276349344651,
23,840,2012-06-01T00:00:00,,False,,False,0001-01-01T00:00:00,9193,0,,False,True,,,,filter,66.01732727311459,12.627940605013782,
62,850,2024-02-01T00:00:00,,False,,False,0001-01-01T00:00:00,100005224,0,,False,True,,,,filter,66.02181064794391,12.620269936387098,
86,605,2001-05-01T00:00:00,,False,,False,0001-01-01T00:00:00,9184,0,,False,True,,,,filter,66.01528844069709,12.623128497762288,
63,840,2016-05-01T00:00:00,,False,,False,0001-01-01T00:00:00,9196,0,,False,True,,,,filter,66.01968945659611,12.625436112319946,
25,720,2018-11-01T00:00:00,,False,,False,0001-01-01T00:00:00,100001294,0,,False,True,,,,filter,66.01694272431382,12.622351009002273,
6,770,2001-05-01T00:00:00,,False,,False,0001-01-01T00:00:00,9181,0,,False,True,,,,filter,66.02093356337352,12.611780087824284,
0,450,2023-10-01T00:00:00,,False,,False,0001-01-01T00:00:00,100004906,4,,True,False,,,,filter,69.31984183794196,16.122583085897567,
23,450,2023-03-27T00:00:00,,False,,False,0001-01-01T00:00:00,100004395,0,,False,True,,,,filter,69.31943675134478,16.115985616235378,
0,1000,2023-05-01T00:00:00,,False,,False,0001-01-01T00:00:00,100004506,17,,True,False,,,,filter,69.32475746531536,16.108916859566072,
7,700,2020-09-01T00:00:00,,False,,False,0001-01-01T00:00:00,100002359,0,,False,True,,,,filter,69.32524070457457,16.112118083326372,
21,650,2025-10-01T00:00:00,,False,,False,0001-01-01T00:00:00,100006731,0,,False,True,,,,filter,69.32333778152407,16.120465637814345,
0,100,,,False,,False,0001-01-01T00:00:00,100002076,0,,False,False,,,,filter,69.31988419341259,16.115563804961084,
0,800,,,False,,False,0001-01-01T00:00:00,100006729,86,,True,False,,,,filter,69.32187877134479,16.130507877006632,
0,500,2025-03-01T00:00:00,,False,,False,0001-01-01T00:00:00,100006073,96,,True,False,,,,filter,69.32017461906017,16.106660881220574,
0,800,2020-02-01T00:00:00,,False,,False,0001-01-01T00:00:00,100002018,392,,True,False,,,,filter,67.11909312457159,15.009267130130473,
54,500,2001-05-01T00:00:00,,False,,False,0001-01-01T00:00:00,9430,0,,False,True,,,,filter,67.12215223585206,15.0024952920013,
0,600,2024-01-01T00:00:00,,False,,False,0001-01-01T00:00:00,100005134,58,,True,False,,,,filter,67.12085245322845,15.005033424287484,
0,435,2023-09-01T00:00:00,,False,,True,0001-01-01T00:00:00,100004681,22,,True,False,,,,filter,65.08950632880874,12.367749418865642,
36,435,2022-10-01T00:00:00,,False,,True,0001-01-01T00:00:00,100004018,0,,False,True,,,,filter,65.09119657452335,12.373386730355769,
39,435,2025-03-01T00:00:00,,False,,True,0001-01-01T00:00:00,100006210,0,,False,True,,,,filter,65.08912774072458,12.37259606249231,
0,435,2026-02-01T00:00:00,,False,,False,0001-01-01T00:00:00,100006947,57,,True,False,,,,filter,65.08545792032153,12.372629628872572,
27,760,2020-11-01T00:00:00,,False,,False,0001-01-01T00:00:00,100002515,0,,False,True,,,,filter,68.68443881138991,14.46398128249317,
10,590,2024-04-01T00:00:00,,False,,False,0001-01-01T00:00:00,100005418,0,,False,True,,,,filter,68.68185198990923,14.469115720504133,
0,420,2001-05-01T00:00:00,,False,,False,0001-01-01T00:00:00,9699,6,,True,False,,,,filter,68.67873144187301,14.467880650622897,
0,760,,,False,,False,0001-01-01T00:00:00,100006674,105,,True,False,,,,filter,68.67800313958679,14.46540763415593,
5,1000,2018-06-01T00:00:00,,False,,False,0001-01-01T00:00:00,100001040,0,,False,True,,,,filter,67.27678399105307,14.473166187736515,
59,1050,2012-10-01T00:00:00,,False,,False,0001-01-01T00:00:00,9036,0,,False,True,,,,filter,67.2823266114352,14.384524832285566,
20,570,2012-02-01T00:00:00,,False,,False,0001-01-01T00:00:00,9043,0,,False,True,,,,filter,67.2783510145272,14.376578195603308,
5,950,2011-07-01T00:00:00,,False,,False,0001-01-01T00:00:00,9040,0,,False,True,,,,filter,67.28813943933933,14.419477149833972,
112,1000,2011-05-01T00:00:00,,False,,False,0001-01-01T00:00:00,9038,0,,False,True,,,,filter,67.28283280320393,14.373382049543869,
0,780,2022-01-01T00:00:00,,False,,False,0001-01-01T00:00:00,100003215,4,,True,False,,,,filter,67.29221196367752,14.74201302053972,
5,850,2024-04-01T00:00:00,,False,,False,0001-01-01T00:00:00,100005398,0,,False,True,,,,filter,67.2782179116994,14.461919349510172,
13,950,2011-04-01T00:00:00,,False,,False,0001-01-01T00:00:00,9017,0,,False,True,,,,filter,67.28993613666263,14.423374757853985,
1,800,2011-10-01T00:00:00,,False,,False,0001-01-01T00:00:00,9015,0,,False,True,,,,filter,67.29766748153797,14.416068688037614,
5,680,2023-11-01T00:00:00,,False,,False,0001-01-01T00:00:00,100004987,0,,False,True,,,,filter,67.27777897854727,14.37430806221194,
83,1300,2013-12-01T00:00:00,,False,,False,0001-01-01T00:00:00,9047,0,,False,True,,,,filter,67.29181302148731,14.567839570355925,
6,1000,2001-05-01T00:00:00,,False,,False,0001-01-01T00:00:00,8995,0,,False,True,,,,filter,67.29093070801868,14.421630894979302,
82,900,2012-03-01T00:00:00,,False,,False,0001-01-01T00:00:00,9046,0,,False,True,,,,filter,67.29013941821263,14.571604499778523,
8,1250,2019-10-01T00:00:00,,False,,False,0001-01-01T00:00:00,100001871,0,,False,True,,,,filter,67.27453638389942,14.417422023101098,
6,950,2022-06-01T00:00:00,,False,,False,0001-01-01T00:00:00,100003570,0,,False,True,,,,filter,67.28513879394801,14.38510217819843,
109,1000,2001-05-01T00:00:00,,False,,False,0001-01-01T00:00:00,8999,0,,False,True,,,,filter,67.28242833250131,14.368984981082955,
3,1000,2006-05-01T00:00:00,,False,,False,0001-01-01T00:00:00,9023,0,,False,True,,,,filter,67.27429856617626,14.429417495718466,
34,950,2020-10-01T00:00:00,,False,,False,0001-01-01T00:00:00,100002418,0,,False,True,,,,filter,67.27475798672126,14.4526393121239,
8,1200,2006-02-01T00:00:00,,False,,False,0001-01-01T00:00:00,9020,0,,False,True,,,,filter,67.29316173218908,14.415913160379818,
0,1817,2001-05-01T00:00:00,,False,,False,0001-01-01T00:00:00,9002,43,,True,False,,,,filter,67.28605082979347,14.38019369505374,
8,1190,2011-09-01T00:00:00,,False,,False,0001-01-01T00:00:00,9028,0,,False,True,,,,filter,67.29189152232593,14.575506457818529,
0,530,2025-12-01T00:00:00,,False,,False,0001-01-01T00:00:00,100006764,142,,True,False,,,,filter,67.28007522479855,14.378262178112859,
4,640,2020-02-01T00:00:00,,False,,False,0001-01-01T00:00:00,100002023,0,,False,True,,,,filter,67.28266967877452,14.385862900155553,
0,1150,2014-04-01T00:00:00,,False,,False,0001-01-01T00:00:00,9048,97,,True,False,,,,filter,67.29175353252734,14.563577243279449,
0,1200,2011-05-01T00:00:00,,False,,False,0001-01-01T00:00:00,9025,8,,True,False,,,,filter,67.27482462791018,14.421130845146134,
2,650,2018-03-01T00:00:00,,False,,False,0001-01-01T00:00:00,100000931,0,,False,True,,,,filter,67.28139951908263,14.385801192996809,
11,1100,2006-12-01T00:00:00,,False,,False,0001-01-01T00:00:00,9024,0,,False,True,,,,filter,67.28029305656402,14.369063362186427,
4,1000,2001-05-01T00:00:00,,False,,False,0001-01-01T00:00:00,8984,0,,False,True,,,,filter,67.292308934468,14.569642162049822,
0,600,2014-08-01T00:00:00,,False,,False,0001-01-01T00:00:00,9049,35,,True,False,,,,filter,67.28049851937601,14.382661037164555,
11,1300,2013-09-01T00:00:00,,False,,False,0001-01-01T00:00:00,9012,0,,False,True,,,,filter,67.281597061504,14.38861821574012,
0,950,2023-10-01T00:00:00,,False,,False,0001-01-01T00:00:00,100004886,12,,True,False,,,,filter,67.29533827442657,14.406555008160364,
0,600,2024-01-01T00:00:00,,False,,False,0001-01-01T00:00:00,100005134,58,,True,False,,,,filter,67.11497769879996,15.005115699792269,
40,800,2013-06-01T00:00:00,,False,,False,0001-01-01T00:00:00,9042,0,,False,True,,,,filter,67.29153972517962,14.56683509953852,
11,700,2021-10-01T00:00:00,,False,,False,0001-01-01T00:00:00,100003096,0,,False,True,,,,filter,67.2930660760985,14.40496317764855,
65,650,2001-05-01T00:00:00,,False,,False,0001-01-01T00:00:00,8980,0,,False,True,,,,filter,67.29201931186196,14.413391668808742,
0,650,2023-09-01T00:00:00,,False,,False,0001-01-01T00:00:00,100004838,28,,True,False,,,,filter,67.27983813775415,14.37011147628891,
7,1000,2024-09-01T00:00:00,,False,,False,0001-01-01T00:00:00,100005825,0,,False,True,,,,filter,67.2863284931013,14.56927892649027,
57,840,2022-01-01T00:00:00,,False,,False,0001-01-01T00:00:00,100003212,0,,False,True,,,,filter,67.2885526021377,14.575628767260644,
99,750,2010-01-01T00:00:00,,False,,False,0001-01-01T00:00:00,9037,0,,False,True,,,,filter,67.29067908370669,14.561264419711492,
0,1400,2013-02-01T00:00:00,,False,,False,0001-01-01T00:00:00,9033,97,,True,False,,,,filter,67.28970800717472,14.562906163685488,
13,1100,2021-08-01T00:00:00,,False,,False,0001-01-01T00:00:00,100002930,0,,False,True,,,,filter,67.28085746333306,14.380127320379449,
3,700,2024-05-01T00:00:00,,False,,False,0001-01-01T00:00:00,100005451,0,,False,True,,,,filter,67.28003032368403,14.388343675517541,
0,930,2025-03-01T00:00:00,,False,,False,0001-01-01T00:00:00,100006226,12,,True,False,,,,filter,67.29312522272915,14.418684412810533,
3,1100,2018-08-01T00:00:00,,False,,False,0001-01-01T00:00:00,100001088,0,,False,True,,,,filter,67.28455172978404,14.370638654243843,
0,1000,2009-09-01T00:00:00,,False,,False,0001-01-01T00:00:00,9035,65,,True,False,,,,filter,67.29592911648326,14.751814221044004,
27,900,2001-05-01T00:00:00,,False,,False,0001-01-01T00:00:00,8994,0,,False,True,,,,filter,67.29866135822141,14.74167453366276,
157,850,2014-09-01T00:00:00,,False,,False,0001-01-01T00:00:00,9027,0,,False,True,,,,filter,67.28449571623551,14.37616273981877,
0,800,2024-06-01T00:00:00,,False,,False,0001-01-01T00:00:00,100005553,156,,True,False,,,,filter,67.2848638718929,14.390757745811447,
165,950,2016-02-01T00:00:00,,False,,False,0001-01-01T00:00:00,9045,0,,False,True,,,,filter,67.2757993596533,14.466885700289536,
22,850,2008-12-01T00:00:00,,False,,False,0001-01-01T00:00:00,9034,0,,False,True,,,,filter,67.2777702043749,14.380917908059008,
0,720,2022-12-01T00:00:00,,False,,False,0001-01-01T00:00:00,100004119,28,,True,False,,,,filter,67.29851600390991,14.73467882268144,
0,1950,2001-05-01T00:00:00,,False,,False,0001-01-01T00:00:00,9004,62,,True,False,,,,filter,67.27931446542264,14.36885877950344,
0,500,2025-06-01T00:00:00,,False,,False,0001-01-01T00:00:00,100006475,112,,True,False,,,,filter,67.27841484630537,14.367929699474308,
12,1000,2022-07-01T00:00:00,,False,,False,0001-01-01T00:00:00,100003607,0,,False,True,,,,filter,67.27622519158216,14.46109109414454,
0,1100,2016-09-01T00:00:00,,False,,False,0001-01-01T00:00:00,100000146,56,,True,False,,,,filter,67.27670854045759,14.4170305167791,
4,700,2024-11-01T00:00:00,,False,,False,0001-01-01T00:00:00,100005977,0,,False,True,,,,filter,67.28199514841339,14.395318287234465,
0,860,2021-11-01T00:00:00,,False,,False,0001-01-01T00:00:00,100003152,3,,True,False,,,,filter,67.2945608142597,14.415919117474173,
0,750,2022-10-03T00:00:00,,False,,False,0001-01-01T00:00:00,100004011,126,,True,False,,,,filter,67.28836168058709,14.410754712993974,
11,800,2021-08-10T00:00:00,,False,,False,0001-01-01T00:00:00,100003005,0,,False,True,,,,filter,67.28372743380265,14.389175649844551,
0,750,2024-09-20T00:00:00,,False,,False,0001-01-01T00:00:00,100005895,100,,True,False,,,,filter,67.28066629471469,14.391855325637328,
30,970,2024-10-01T00:00:00,,False,,False,0001-01-01T00:00:00,100005917,0,,False,True,,,,filter,67.28357594038471,14.36908484595086,
198,164,2012-04-01T00:00:00,,False,,False,0001-01-01T00:00:00,9135,0,,False,True,,,,filter,65.461645986279,12.209128078214999,
149,410,2015-09-01T00:00:00,,False,,False,0001-01-01T00:00:00,9143,0,,False,True,,,,filter,65.4612088669689,12.200191362242686,
80,656,2021-03-01T00:00:00,,False,,False,0001-01-01T00:00:00,100002704,0,,False,True,,,,filter,65.46378758550627,12.199068187986258,
64,820,2025-01-01T00:00:00,,False,,False,0001-01-01T00:00:00,100006098,0,,False,True,,,,filter,65.46238244733517,12.198905186305804,
27,820,2022-01-01T00:00:00,,False,,False,0001-01-01T00:00:00,100003263,0,,False,True,,,,filter,65.46448478458464,12.214768499201819,
38,656,2019-09-01T00:00:00,,False,,False,0001-01-01T00:00:00,100001786,0,,False,True,,,,filter,65.46408737447379,12.21421182952339,
31,600,2025-03-01T00:00:00,,False,,False,0001-01-01T00:00:00,100006266,0,,False,True,,,,filter,65.46322636571767,12.210063169615381,
52,164,2016-05-01T00:00:00,,False,,False,0001-01-01T00:00:00,9144,0,,False,True,,,,filter,65.46602595636891,12.203098905522054,
67,820,2026-01-01T00:00:00,,False,,False,0001-01-01T00:00:00,100006884,0,,False,True,,,,filter,65.46609350379842,12.208257776887072,
203,820,2019-03-01T00:00:00,,False,,False,0001-01-01T00:00:00,100001507,0,,False,True,,,,filter,65.4625439427595,12.203377406357239,
0,820,,,False,,False,0001-01-01T00:00:00,100006888,48,,True,False,,,,filter,65.46330868115511,12.198333245415155,
39,600,2024-03-01T00:00:00,,False,,False,0001-01-01T00:00:00,100005330,0,,False,True,,,,filter,65.46492616775095,12.206404309766667,
0,800,2019-05-01T00:00:00,,False,,True,0001-01-01T00:00:00,100001580,240,,True,False,,,,filter,66.10912746803001,12.487729362274962,
0,800,2001-05-01T00:00:00,,False,,True,0001-01-01T00:00:00,9282,22,,True,False,,,,filter,66.103769642765,12.483309938322229,
17,800,2016-01-01T00:00:00,,False,,False,0001-01-01T00:00:00,10022,0,,False,True,,,,filter,68.58289665282442,16.582532268808027,
16,300,2018-09-01T00:00:00,,False,,False,0001-01-01T00:00:00,100001199,0,,False,True,,,,filter,68.58088952822139,16.58002279856866,
0,850,2024-03-01T00:00:00,,False,,False,0001-01-01T00:00:00,100005311,80,,True,False,,,,filter,68.58575784159383,16.57894131660353,
51,830,2022-12-01T00:00:00,,False,,False,0001-01-01T00:00:00,100004095,0,,False,True,,,,filter,68.5834601952252,16.58532133428461,
0,900,2023-12-01T00:00:00,,False,,False,0001-01-01T00:00:00,100005066,102,,True,False,,,,filter,68.5854664943716,16.578355772062377,
3,800,2018-05-01T00:00:00,,False,,False,0001-01-01T00:00:00,100000989,0,,False,True,,,,filter,68.5872756552103,16.571425072762455,
3,650,2023-01-01T00:00:00,,False,,False,0001-01-01T00:00:00,100004100,0,,False,True,,,,filter,68.58313331989255,16.57359449587868,
33,500,2019-05-01T00:00:00,,False,,False,0001-01-01T00:00:00,100001565,0,,False,True,,,,filter,67.2990612536586,15.187584060915336,
32,850,2012-10-01T00:00:00,,False,,False,0001-01-01T00:00:00,9461,0,,False,True,,,,filter,67.25823355137571,15.404319049814925,
9,930,2019-02-01T00:00:00,,False,,False,0001-01-01T00:00:00,100001413,0,,False,True,,,,filter,67.25642403948913,15.387444928032131,
0,850,2025-10-01T00:00:00,,False,,False,0001-01-01T00:00:00,100006691,274,,True,False,,,,filter,67.30002312101523,15.183052899406837,
0,850,2024-09-01T00:00:00,,False,,False,0001-01-01T00:00:00,100005775,3,,True,False,,,,filter,67.26270092618414,15.403586524277731,
81,930,2001-05-01T00:00:00,,False,,False,0001-01-01T00:00:00,9448,0,,False,True,,,,filter,67.2614033741578,15.400869750374605,
0,850,2023-01-01T00:00:00,,False,,False,0001-01-01T00:00:00,100004189,2,,True,False,,,,filter,67.26255731026987,15.394529814333298,
0,510,2024-01-01T00:00:00,,False,,False,0001-01-01T00:00:00,100005102,7,,True,False,,,,filter,67.25802521660763,15.394516301738046,
0,850,2019-10-01T00:00:00,,False,,False,0001-01-01T00:00:00,100001847,6,,True,False,,,,filter,67.25924329611397,15.389436918380234,
0,500,2019-04-01T00:00:00,,False,,False,0001-01-01T00:00:00,100001542,0,,False,True,,,,filter,67.2615071101486,15.403876876810651,
0,850,2007-02-01T00:00:00,,False,,False,0001-01-01T00:00:00,9455,8,,True,False,,,,filter,67.30430159936556,15.183693609770936,
0,930,,,False,,False,0001-01-01T00:00:00,100005773,106,,True,False,,,,filter,67.2612787083522,15.406277209491995,
0,400,2026-02-01T00:00:00,,False,,False,0001-01-01T00:00:00,100006986,0,,False,True,,,,filter,70.08578005181805,29.737292502503585,
0,600,,,False,,False,0001-01-01T00:00:00,100006175,0,,False,False,,,,filter,70.08342677854253,29.730243642388846,
54,500,2007-10-01T00:00:00,,False,,False,0001-01-01T00:00:00,9420,0,,False,True,,,,filter,67.03797389553341,14.02094957165317,
0,500,2021-03-01T00:00:00,,False,,False,0001-01-01T00:00:00,100002705,211,,True,False,,,,filter,67.03690468508084,14.03455054710646,
0,500,2024-10-01T00:00:00,,False,,False,0001-01-01T00:00:00,100005859,149,,True,False,,,,filter,67.03891983010965,14.022302416474497,
0,500,2024-01-01T00:00:00,,False,,False,0001-01-01T00:00:00,100005159,80,,True,False,,,,filter,67.0337703229475,14.039122965256443,
0,800,2026-02-01T00:00:00,,False,,False,0001-01-01T00:00:00,100006910,378,,True,False,,,,filter,65.53650674644612,13.407396200772373,
7,550,2024-06-01T00:00:00,,False,,False,0001-01-01T00:00:00,100005543,0,,False,True,,,,filter,65.54026269521937,13.408885740742074,
23,350,2024-04-01T00:00:00,,False,,False,0001-01-01T00:00:00,100005419,0,,False,True,,,,filter,65.53866166785066,13.41331977074925,
9,500,2025-06-01T00:00:00,,False,,False,0001-01-01T00:00:00,100006377,0,,False,True,,,,filter,68.55890475290111,14.897703256406613,
5,600,2017-03-01T00:00:00,,False,,False,0001-01-01T00:00:00,100000384,0,,False,True,,,,filter,68.56143030230692,14.897253904560888,
21,700,2020-02-01T00:00:00,,False,,False,0001-01-01T00:00:00,100002016,0,,False,True,,,,filter,68.56025960385138,14.913255713467562,
11,620,2026-01-01T00:00:00,,False,,False,0001-01-01T00:00:00,100006777,0,,False,True,,,,filter,68.5581736470367,14.912406792190858,
66,730,2019-06-01T00:00:00,,False,,False,0001-01-01T00:00:00,100001671,0,,False,True,,,,filter,68.5620073562443,14.896447291248368,
14,670,2023-01-01T00:00:00,,False,,False,0001-01-01T00:00:00,100004251,0,,False,True,,,,filter,68.5574004095226,14.902892471934482,
23,500,2016-10-01T00:00:00,,False,,False,0001-01-01T00:00:00,100000197,0,,False,True,,,,filter,68.56284732004474,14.917276645577363,
12,650,2017-02-01T00:00:00,,False,,False,0001-01-01T00:00:00,100000385,0,,False,True,,,,filter,68.56364901801741,14.899253407366826,
31,720,2016-09-01T00:00:00,,False,,False,0001-01-01T00:00:00,100000132,0,,False,True,,,,filter,68.55951658925378,14.909026853472533,
78,700,2015-03-01T00:00:00,,False,,False,0001-01-01T00:00:00,9676,0,,False,True,,,,filter,68.55816905720428,14.90630684457549,
15,720,2020-04-01T00:00:00,,False,,False,0001-01-01T00:00:00,100002169,0,,False,True,,,,filter,68.55807666166498,14.909126458855175,
14,720,2023-06-01T00:00:00,,False,,False,0001-01-01T00:00:00,100004559,0,,False,True,,,,filter,68.55652219420882,14.902806828764458,
0,500,,,False,,False,0001-01-01T00:00:00,100006812,7,,True,False,,,,filter,68.56163762049847,14.919141201114892,
14,450,2025-05-01T00:00:00,,False,,False,0001-01-01T00:00:00,100006424,0,,False,True,,,,filter,68.08486924392292,15.62107335019775,
9,500,2023-03-20T00:00:00,,False,,False,0001-01-01T00:00:00,100004412,0,,False,True,,,,filter,68.08222434394158,15.62128528541636,
0,600,2024-04-28T00:00:00,,False,,False,0001-01-01T00:00:00,100005493,72,,True,False,,,,filter,68.08462844333131,15.624446810829298,
0,550,,,False,,False,0001-01-01T00:00:00,100006375,10,,True,False,,,,filter,68.08589156099794,15.618231599070022,
0,550,,,False,,False,0001-01-01T00:00:00,100006474,121,,True,False,,,,filter,68.08567584310299,15.606069749995648,
0,180,2025-03-01T00:00:00,,False,,False,0001-01-01T00:00:00,100006263,0,,False,True,,,,filter,65.59763375644927,14.00153483562672,
0,300,2024-03-01T00:00:00,,False,,True,0001-01-01T00:00:00,100005310,0,,False,True,,,,filter,65.59494408563715,13.996586149332797,
0,300,2025-03-01T00:00:00,,False,,False,0001-01-01T00:00:00,100006262,34,,True,False,,,,filter,65.59573597061207,13.994028941235936,
7,450,2023-05-01T00:00:00,,False,,True,0001-01-01T00:00:00,100004471,0,,False,True,,,,filter,65.60016069213222,14.001539944548094,
0,750,2021-09-01T00:00:00,,False,,False,0001-01-01T00:00:00,100003029,20,,True,False,,,,filter,66.07462141099987,13.828154842369498,
27,500,2025-03-01T00:00:00,,False,,False,0001-01-01T00:00:00,100006225,0,,False,True,,,,filter,66.07587576249757,13.817982983124208,
9,900,2001-05-01T00:00:00,,False,,False,0001-01-01T00:00:00,9298,0,,False,True,,,,filter,66.0746294571564,13.824459699331369,
0,680,2025-08-01T00:00:00,,False,,False,0001-01-01T00:00:00,100006500,2,,True,False,,,,filter,66.07890101812848,13.82260515564517,
161,900,2023-01-01T00:00:00,,False,,False,0001-01-01T00:00:00,100004149,0,,False,True,,,,filter,66.07681756892177,13.81811697034183,
45,750,2002-10-01T00:00:00,,False,,False,0001-01-01T00:00:00,9301,0,,False,True,,,,filter,66.07816107971884,13.812415779374238,
0,950,2015-10-01T00:00:00,,False,,False,0001-01-01T00:00:00,9175,13,,True,False,,,,filter,65.98097501949835,12.284509043573335,
0,950,2024-10-01T00:00:00,,False,,False,0001-01-01T00:00:00,100005923,122,,True,False,,,,filter,65.97839036814823,12.283454557183772,
0,50,,,False,,False,0001-01-01T00:00:00,100005914,6,,True,False,,,,filter,65.98175536691086,12.27870267834608,
21,1000,2011-05-01T00:00:00,,False,,False,0001-01-01T00:00:00,9204,0,,False,True,,,,filter,66.06623443427394,12.942135982416653,
6,750,2021-10-01T00:00:00,,False,,False,0001-01-01T00:00:00,100003058,0,,False,True,,,,filter,66.06259064726689,12.928929673598141,
8,600,2011-02-01T00:00:00,,False,,False,0001-01-01T00:00:00,9207,0,,False,True,,,,filter,66.06463099164125,12.934342709971279,
0,650,2019-10-01T00:00:00,,False,,False,0001-01-01T00:00:00,100001826,87,,True,False,,,,filter,68.41221511953938,15.986061120371064,
45,500,2004-03-01T00:00:00,,False,,False,0001-01-01T00:00:00,9535,0,,False,True,,,,filter,68.41559490625781,15.999396210230799,
0,650,,,False,,False,0001-01-01T00:00:00,100003737,463,,True,False,,,,filter,68.41710928837873,16.000463884898753,
0,700,2024-09-01T00:00:00,,False,,False,0001-01-01T00:00:00,100005827,1,,True,False,,,,filter,68.41349644638835,15.985627069263154,
0,400,2025-06-01T00:00:00,,False,,False,0001-01-01T00:00:00,100006439,72,,True,False,,,,filter,66.39861144592729,12.840894064083994,
1,400,2024-04-01T00:00:00,,False,,False,0001-01-01T00:00:00,100005410,0,,False,True,,,,filter,66.39474147326642,12.82427726841898,
0,400,2023-03-06T00:00:00,,False,,True,0001-01-01T00:00:00,100004386,224,,True,False,,,,filter,66.39436715000078,12.82807933209614,
1,600,2023-01-01T00:00:00,,False,,True,0001-01-01T00:00:00,100004182,0,,False,True,,,,filter,66.40025146842683,12.834182477643196,
0,400,2025-01-01T00:00:00,,False,,True,0001-01-01T00:00:00,100006101,203,,True,False,,,,filter,66.39494342293432,12.831610871757047,
0,400,2023-01-16T00:00:00,,False,,True,0001-01-01T00:00:00,100004231,237,,True,False,,,,filter,66.3984009020789,12.83226972614339,
0,1100,2026-01-01T00:00:00,,False,,False,0001-01-01T00:00:00,100006935,618,,True,False,,,,filter,66.87105348591327,13.70173167926769,
0,750,2022-09-01T00:00:00,,False,,False,0001-01-01T00:00:00,100003784,63,,True,False,,,,filter,66.87082959519479,13.705231850747227,
0,350,2025-08-01T00:00:00,,False,,True,0001-01-01T00:00:00,100006589,0,,False,True,,,,filter,66.87658834554263,13.699619676916829,
0,500,2024-08-01T00:00:00,,False,,False,0001-01-01T00:00:00,100005713,9,,True,False,,,,filter,66.78971644629729,13.49751389768251,
0,800,2024-03-01T00:00:00,,False,,False,0001-01-01T00:00:00,100005256,7,,True,False,,,,filter,66.87493017243186,13.716202084603003,
0,600,2024-05-20T00:00:00,,False,,False,0001-01-01T00:00:00,100005487,13,,True,False,,,,filter,66.87505246964203,13.712063123079762,
0,700,2015-07-01T00:00:00,,False,,False,0001-01-01T00:00:00,9384,69,,True,False,,,,filter,66.78729661831626,13.499374290774387,
4,350,2025-08-01T00:00:00,,False,,True,0001-01-01T00:00:00,100006588,0,,False,True,,,,filter,66.87482753549405,13.714571456567576,
0,550,2025-09-01T00:00:00,,False,,False,0001-01-01T00:00:00,100006591,13,,True,False,,,,filter,66.87829727317532,13.711672302686214,
0,500,2024-11-18T00:00:00,,False,,False,0001-01-01T00:00:00,100005995,67,,True,False,,,,filter,66.79414485335828,13.51092481049647,
0,350,2022-10-01T00:00:00,,False,,False,0001-01-01T00:00:00,100004012,61,,True,False,,,,filter,66.87501457385022,13.715474247410093,
8,500,2025-07-01T00:00:00,,False,,False,0001-01-01T00:00:00,100006460,0,,False,True,,,,filter,67.93159325343267,13.095589143439382,
0,750,,,False,,False,0001-01-01T00:00:00,100004123,343,,True,False,,,,filter,67.93406807102514,13.08055433286681,
73,750,2022-06-01T00:00:00,,False,,False,0001-01-01T00:00:00,100003595,0,,False,True,,,,filter,68.4433334182415,17.423255993677103,
0,550,2014-04-01T00:00:00,,False,,False,0001-01-01T00:00:00,9552,40,,True,False,,,,filter,68.342258025866,16.828980977471186,
4,885,2025-04-01T00:00:00,,False,,False,0001-01-01T00:00:00,100006313,0,,False,True,,,,filter,68.43905657492125,17.419531478222275,
47,200,2007-10-01T00:00:00,,False,,False,0001-01-01T00:00:00,9078,0,,False,True,,,,filter,68.448057348908,17.463427370381204,
16,2200,2001-05-01T00:00:00,,False,,False,0001-01-01T00:00:00,9062,0,,False,True,,,,filter,68.55189024344764,17.51496737817888,
3,1000,2017-05-01T00:00:00,,False,,False,0001-01-01T00:00:00,100000463,0,,False,True,,,,filter,68.43926951444578,17.41133565979993,
63,1000,2023-03-01T00:00:00,,False,,False,0001-01-01T00:00:00,100004316,0,,False,True,,,,filter,68.43597731794418,17.421590206565924,
0,1000,2002-07-01T00:00:00,,False,,False,0001-01-01T00:00:00,9077,14,,True,False,,,,filter,68.4384087781211,17.42875974386281,
17,1000,2001-05-01T00:00:00,,False,,False,0001-01-01T00:00:00,9064,0,,False,True,,,,filter,59.585084709903356,11.175354125815705,
16,750,2022-06-01T00:00:00,,False,,False,0001-01-01T00:00:00,100003561,0,,False,True,,,,filter,59.584379527365144,11.169782762068715,
372,1000,2012-06-01T00:00:00,,False,,False,0001-01-01T00:00:00,9082,0,,False,True,,,,filter,59.58736971768957,11.177206709576003,
11,850,2024-07-22T00:00:00,,False,,False,0001-01-01T00:00:00,100005585,0,,False,True,,,,filter,68.43950094275468,17.417115780497227,
82,705,2020-11-01T00:00:00,,False,,False,0001-01-01T00:00:00,100002517,0,,False,True,,,,filter,68.45089705009849,17.46733705280284,
122,1000,2008-12-01T00:00:00,,False,,False,0001-01-01T00:00:00,9080,0,,False,True,,,,filter,68.44109041013336,17.42012121332363,
1,750,2024-04-01T00:00:00,,False,,False,0001-01-01T00:00:00,100005377,0,,False,True,,,,filter,68.4402808001763,17.42809415032026,
17,800,2005-12-01T00:00:00,,False,,False,0001-01-01T00:00:00,9072,0,,False,True,,,,filter,68.44392830396278,17.46103512641971,
11,750,2022-03-01T00:00:00,,False,,False,0001-01-01T00:00:00,100003364,0,,False,True,,,,filter,68.43624490010187,17.41856909522026,
0,675,2025-01-13T00:00:00,,False,,False,0001-01-01T00:00:00,100006146,0,,False,True,,,,filter,68.44915461459411,17.45764355124516,
0,550,2020-03-01T00:00:00,,False,,False,0001-01-01T00:00:00,100002130,95,,True,False,,,,filter,68.09980987646098,16.385779432101604,
0,600,2025-04-01T00:00:00,,False,,False,0001-01-01T00:00:00,100006314,98,,True,False,,,,filter,68.44695114746457,17.474033065754565,
24,620,2022-10-01T00:00:00,,False,,False,0001-01-01T00:00:00,100003992,0,,False,True,,,,filter,68.34141238180139,16.82071750188997,
76,620,2018-06-01T00:00:00,,False,,False,0001-01-01T00:00:00,100001021,0,,False,True,,,,filter,68.34247892265152,16.81421097749033,
9,750,2022-10-01T00:00:00,,False,,False,0001-01-01T00:00:00,100003990,0,,False,True,,,,filter,59.58352147213475,11.1762686278992,
1,200,2025-10-01T00:00:00,,False,,False,0001-01-01T00:00:00,100006732,0,,False,True,,,,filter,68.44883507157267,17.459870557822374,
4,750,2022-05-01T00:00:00,,False,,False,0001-01-01T00:00:00,100003521,0,,False,True,,,,filter,68.44084929570587,17.410565701809382,
0,550,2021-04-01T00:00:00,,False,,False,0001-01-01T00:00:00,100002768,35,,True,False,,,,filter,68.09702418775932,16.37940796882231,
1,900,2001-05-01T00:00:00,,False,,False,0001-01-01T00:00:00,9076,0,,False,True,,,,filter,68.44071079085772,17.427670758505727,
0,600,2025-07-01T00:00:00,,False,,False,0001-01-01T00:00:00,100006529,51,,True,False,,,,filter,68.44787833114873,17.470920017588174,
54,950,2008-02-01T00:00:00,,False,,False,0001-01-01T00:00:00,9079,0,,False,True,,,,filter,59.587268238597645,11.17470240715654,
0,850,2026-02-01T00:00:00,,False,,False,0001-01-01T00:00:00,100006966,1,,True,False,,,,filter,66.20191805359859,13.01638213725633,
102,500,2024-11-01T00:00:00,,False,,False,0001-01-01T00:00:00,100005680,0,,False,True,,,,filter,66.20283025945149,13.029077959797275,
0,850,,,False,,False,0001-01-01T00:00:00,100006967,727,,True,False,,,,filter,66.20311855999526,13.02000601578427,
47,600,2006-09-01T00:00:00,,False,,False,0001-01-01T00:00:00,9717,0,,False,True,,,,filter,68.91498849270035,15.089411546430663,
0,800,2024-01-01T00:00:00,,False,,False,0001-01-01T00:00:00,100005126,0,,False,True,,,,filter,68.91157655738189,15.07857393702985,
8,846,2019-08-01T00:00:00,,False,,False,0001-01-01T00:00:00,100001705,0,,False,True,,,,filter,68.90998471678645,15.085212945963551,
21,846,2016-03-01T00:00:00,,False,,False,0001-01-01T00:00:00,9722,0,,False,True,,,,filter,68.91207078600722,15.0932675612839,
93,870,2011-08-01T00:00:00,,False,,False,0001-01-01T00:00:00,9720,0,,False,True,,,,filter,68.91400202606013,15.095986629357697,
0,616,2001-05-01T00:00:00,,False,,False,0001-01-01T00:00:00,9710,0,,False,True,,,,filter,68.91529957596681,15.094904698675302,
297,950,2012-04-01T00:00:00,,False,,False,0001-01-01T00:00:00,9339,0,,False,True,,,,filter,66.33965398016628,14.13546556457113,
328,950,2014-10-01T00:00:00,,False,,False,0001-01-01T00:00:00,9337,0,,False,True,,,,filter,66.34336320566653,14.144020277398019,
31,900,2026-01-01T00:00:00,,False,,False,0001-01-01T00:00:00,100006844,0,,False,True,,,,filter,66.30975145439962,14.132884199622247,
264,950,2005-01-01T00:00:00,,False,,False,0001-01-01T00:00:00,9333,0,,False,True,,,,filter,66.33961486888805,14.15111659769437,
0,1400,2026-01-01T00:00:00,,False,,False,0001-01-01T00:00:00,100006843,157,,True,False,,,,filter,66.30791091126028,14.134132356009662,
26,900,2024-09-01T00:00:00,,False,,False,0001-01-01T00:00:00,100005679,0,,False,True,,,,filter,66.32615823800973,14.155838879253771,
58,700,2025-01-01T00:00:00,,False,,False,0001-01-01T00:00:00,100006037,0,,False,True,,,,filter,66.32243886131835,14.15656060513669,
0,1300,2010-10-01T00:00:00,,False,,False,0001-01-01T00:00:00,9325,0,,False,True,,,,filter,66.30849058654503,14.131913813070357,
103,950,2007-08-01T00:00:00,,False,,False,0001-01-01T00:00:00,9330,0,,False,True,,,,filter,66.33769769958533,14.14807577283189,
56,1000,2001-05-01T00:00:00,,False,,False,0001-01-01T00:00:00,9308,0,,False,True,,,,filter,66.32658647906663,14.148903403238549,
177,720,2021-12-01T00:00:00,,False,,False,0001-01-01T00:00:00,100003194,0,,False,True,,,,filter,66.33771959163873,14.14529186375967,
143,800,2023-04-01T00:00:00,,False,,False,0001-01-01T00:00:00,100004435,0,,False,True,,,,filter,66.31146573438313,14.125028973991766,
193,950,2023-03-13T00:00:00,,False,,False,0001-01-01T00:00:00,100004388,0,,False,True,,,,filter,66.30955498112597,14.136091680748569,
0,900,2025-01-01T00:00:00,,False,,False,0001-01-01T00:00:00,100006033,4,,True,False,,,,filter,66.30676700249447,14.128403574349338,
22,700,2025-10-01T00:00:00,,False,,False,0001-01-01T00:00:00,100006680,0,,False,True,,,,filter,66.31777165222753,14.15251174303164,
354,950,2013-06-01T00:00:00,,False,,False,0001-01-01T00:00:00,9342,0,,False,True,,,,filter,66.31326188821468,14.140023923404783,
109,700,2019-02-01T00:00:00,,False,,True,0001-01-01T00:00:00,100001425,0,,False,True,,,,filter,66.31602658922274,14.149918996395911,
157,900,2022-07-01T00:00:00,,False,,False,0001-01-01T00:00:00,100003645,0,,False,True,,,,filter,66.31430840764588,14.13662278969351,
29,900,2023-11-01T00:00:00,,False,,False,0001-01-01T00:00:00,100004989,0,,False,True,,,,filter,66.325383659663,14.148871487533327,
20,560,2026-01-01T00:00:00,,False,,False,0001-01-01T00:00:00,100006841,0,,False,True,,,,filter,66.31602447509401,14.14964983944092,
134,700,2016-01-01T00:00:00,,False,,True,0001-01-01T00:00:00,9346,0,,False,True,,,,filter,66.32189178138395,14.155140556922174,
176,850,2012-12-01T00:00:00,,False,,False,0001-01-01T00:00:00,9340,0,,False,True,,,,filter,66.30464848122412,14.142005548744747,
0,1500,2021-02-01T00:00:00,,False,,False,0001-01-01T00:00:00,100002631,20,,True,False,,,,filter,66.30787933844377,14.131754277843388,
0,800,,,False,,False,0001-01-01T00:00:00,100005400,33,,True,False,,,,filter,66.31012378985491,14.142095883559184,
0,950,,,False,,False,0001-01-01T00:00:00,100005403,87,,True,False,,,,filter,66.3054973387377,14.133627547495351,
0,700,,,False,,False,0001-01-01T00:00:00,100006608,121,,True,False,,,,filter,66.32192010417856,14.145060944350549,
0,850,,,False,,True,0001-01-01T00:00:00,100006710,301,,True,False,,,,filter,66.31876828691654,14.152738208083951,
186,1210,2015-01-01T00:00:00,,False,,False,0001-01-01T00:00:00,9334,0,,False,True,,,,filter,66.30573503167246,14.133483136146824,
67,720,2025-08-11T00:00:00,,False,,False,0001-01-01T00:00:00,100006488,0,,False,True,,,,filter,66.32290062585494,14.146786967015531,
0,500,2025-08-01T00:00:00,,False,,False,0001-01-01T00:00:00,100006600,265,,True,False,,,,filter,66.69921928786091,13.418984367475899,
0,500,2025-08-01T00:00:00,,False,,False,0001-01-01T00:00:00,100006599,253,,True,False,,,,filter,66.69559745791136,13.422788169932712,
0,250,2025-01-06T00:00:00,,False,,True,0001-01-01T00:00:00,100006158,35,,True,False,,,,filter,66.69600336151699,13.421111539347786,
0,350,2025-11-24T00:00:00,,False,,False,0001-01-01T00:00:00,100006851,145,,True,False,,,,filter,66.69611463567374,13.428423964625097,
0,500,2024-06-01T00:00:00,,False,,False,0001-01-01T00:00:00,100005549,76,,True,False,,,,filter,67.40580057213451,12.078380925583135,
0,700,2021-10-01T00:00:00,,False,,True,0001-01-01T00:00:00,100003064,6,,True,False,,,,filter,67.09625315380114,15.388620071082437,
106,800,2001-05-01T00:00:00,,False,,True,0001-01-01T00:00:00,9441,0,,False,True,,,,filter,67.0975581314895,15.385931512288385,
0,700,2024-09-01T00:00:00,,False,,True,0001-01-01T00:00:00,100005747,23,,True,False,,,,filter,67.10069405731328,15.396193245654656,
0,800,2025-07-01T00:00:00,,False,,True,0001-01-01T00:00:00,100006483,81,,True,False,,,,filter,67.09784193220327,15.400983996670018,
0,400,2001-05-01T00:00:00,,False,,True,0001-01-01T00:00:00,9440,26,,True,False,,,,filter,67.09554706089702,15.395340875088626,
0,800,2025-09-01T00:00:00,,False,,True,0001-01-01T00:00:00,100006482,343,,True,False,,,,filter,67.0955982161595,15.386246122226622,
216,700,2012-04-01T00:00:00,,False,,True,0001-01-01T00:00:00,9444,0,,False,True,,,,filter,67.09913099287701,15.392117776514597,
20,400,2004-09-01T00:00:00,,False,,False,0001-01-01T00:00:00,9107,0,,False,True,,,,filter,65.30607792787218,12.166321808865508,
9,700,2014-05-01T00:00:00,,False,,False,0001-01-01T00:00:00,9109,0,,False,True,,,,filter,65.3135721779173,12.17133531311898,
3,650,2021-02-01T00:00:00,,False,,False,0001-01-01T00:00:00,100002610,0,,False,True,,,,filter,65.31097154727141,12.17118913645682,
33,600,2024-07-01T00:00:00,,False,,False,0001-01-01T00:00:00,100005576,0,,False,True,,,,filter,65.31069716101416,12.175658024324825,
48,800,2022-09-01T00:00:00,,False,,False,0001-01-01T00:00:00,100003728,0,,False,True,,,,filter,65.84134535138034,13.203788533283895,
0,800,2018-09-01T00:00:00,,False,,False,0001-01-01T00:00:00,100001168,51,,True,False,,,,filter,65.84194215404094,13.20459581348215,
0,600,2021-08-01T00:00:00,,False,,False,0001-01-01T00:00:00,100002926,52,,True,False,,,,filter,65.84022404980168,13.191546673207053,
52,675,2014-01-01T00:00:00,,False,,False,0001-01-01T00:00:00,9756,0,,False,True,,,,filter,68.69712711365483,15.418938409000052,
12,720,2022-09-01T00:00:00,,False,,False,0001-01-01T00:00:00,100003806,0,,False,True,,,,filter,68.69781115064792,15.414157317382873,
21,900,2005-11-01T00:00:00,,False,,False,0001-01-01T00:00:00,9749,0,,False,True,,,,filter,68.69306920222621,15.416313181974377,
98,680,2015-09-01T00:00:00,,False,,False,0001-01-01T00:00:00,9754,0,,False,True,,,,filter,68.69578339765533,15.419283321170338,
96,450,2007-10-01T00:00:00,,False,,False,0001-01-01T00:00:00,9751,0,,False,True,,,,filter,68.6945452880786,15.40818551897381,
47,700,2018-09-01T00:00:00,,False,,False,0001-01-01T00:00:00,100001193,0,,False,True,,,,filter,68.6927099204861,15.402748390340449,
101,765,2016-06-01T00:00:00,,False,,False,0001-01-01T00:00:00,9761,0,,False,True,,,,filter,68.69492159029198,15.418946572143293,
31,700,2025-03-01T00:00:00,,False,,False,0001-01-01T00:00:00,100006301,0,,False,True,,,,filter,68.6976484476447,15.417505939949283,
70,810,2020-11-01T00:00:00,,False,,False,0001-01-01T00:00:00,100002511,0,,False,True,,,,filter,68.69867147559413,15.411230958447554,
40,670,2016-06-01T00:00:00,,False,,False,0001-01-01T00:00:00,9760,0,,False,True,,,,filter,68.69620953540057,15.418712410121723,
33,325,2020-11-01T00:00:00,,False,,False,0001-01-01T00:00:00,100002512,0,,False,True,,,,filter,68.69947367178558,15.412181121158886,
93,765,2024-04-01T00:00:00,,False,,False,0001-01-01T00:00:00,100005396,0,,False,True,,,,filter,68.69285698193953,15.403601778035108,
16,560,2024-08-26T00:00:00,,False,,False,0001-01-01T00:00:00,100005677,0,,False,True,,,,filter,68.69706392393225,15.400881961066075,
22,810,2017-09-01T00:00:00,,False,,False,0001-01-01T00:00:00,100000730,0,,False,True,,,,filter,68.69423882507196,15.400668715066994,
66,810,2018-11-01T00:00:00,,False,,False,0001-01-01T00:00:00,100001304,0,,False,True,,,,filter,68.69623003901944,15.408909056796645,
0,720,,,False,,False,0001-01-01T00:00:00,100006893,0,,False,False,,,,filter,68.69837620541266,15.408355352000482,
0,700,2017-02-01T00:00:00,,False,,False,0001-01-01T00:00:00,100000343,26,,True,False,,,,filter,67.77493068014414,15.013465518601935,
49,350,2023-09-01T00:00:00,,False,,False,0001-01-01T00:00:00,100004784,0,,False,True,,,,filter,67.77783830818143,15.016774517265318,
0,700,2025-03-31T00:00:00,,False,,False,0001-01-01T00:00:00,100006334,38,,True,False,,,,filter,67.77119734716631,15.015895109543541,
0,500,2023-09-01T00:00:00,,False,,False,0001-01-01T00:00:00,100004783,50,,True,False,,,,filter,67.77228989938708,15.015255421815553,
45,386,2021-05-01T00:00:00,,False,,False,0001-01-01T00:00:00,100002817,0,,False,True,,,,filter,67.77248740090974,15.01211898661865,
0,500,2011-02-01T00:00:00,,False,,False,0001-01-01T00:00:00,9371,78,,True,False,,,,filter,66.49938839783192,12.1016465285791,
0,400,2021-01-01T00:00:00,,False,,True,0001-01-01T00:00:00,100002879,196,,True,False,,,,filter,67.6654867601082,12.698745339337991,
0,400,2024-06-17T00:00:00,,False,,True,0001-01-01T00:00:00,100005603,204,,True,False,,,,filter,67.66542194497215,12.698846490006533,
0,400,2016-09-01T00:00:00,,False,,True,0001-01-01T00:00:00,100000083,208,,True,False,,,,filter,67.6693843425179,12.70421054575969,
84,450,2020-10-01T00:00:00,,False,,False,0001-01-01T00:00:00,100002470,0,,False,True,,,,filter,68.22828559895207,14.559601303658718,
237,900,2006-05-01T00:00:00,,False,,False,0001-01-01T00:00:00,9623,0,,False,True,,,,filter,68.23832085174571,14.56579597599194,
31,720,2023-06-01T00:00:00,,False,,False,0001-01-01T00:00:00,100004554,0,,False,True,,,,filter,68.23450261256363,14.558469011410592,
95,800,2013-08-01T00:00:00,,False,,False,0001-01-01T00:00:00,9626,0,,False,True,,,,filter,68.23189510757919,14.55306550612195,
40,700,2016-10-01T00:00:00,,False,,False,0001-01-01T00:00:00,100000199,0,,False,True,,,,filter,68.23550327900891,14.558413238157687,
46,450,2020-10-01T00:00:00,,False,,False,0001-01-01T00:00:00,100002473,0,,False,True,,,,filter,68.23628942283273,14.55766350152322,
53,900,2025-01-01T00:00:00,,False,,False,0001-01-01T00:00:00,100006081,0,,False,True,,,,filter,68.23024197435849,14.564512309865995,
90,900,2008-02-01T00:00:00,,False,,False,0001-01-01T00:00:00,9624,0,,False,True,,,,filter,68.23480867853026,14.56800834521728,
26,550,2024-01-01T00:00:00,,False,,False,0001-01-01T00:00:00,100005149,0,,False,True,,,,filter,68.23570350497806,14.556939464677027,
61,900,2010-04-01T00:00:00,,False,,False,0001-01-01T00:00:00,9625,0,,False,True,,,,filter,68.23469467756863,14.561790796041008,
26,720,2020-03-01T00:00:00,,False,,False,0001-01-01T00:00:00,100002103,0,,False,True,,,,filter,68.23319343870695,14.556727361007027,
42,1000,2005-09-01T00:00:00,,False,,False,0001-01-01T00:00:00,9622,0,,False,True,,,,filter,68.2350765866249,14.56887348133558,
36,500,2022-04-01T00:00:00,,False,,False,0001-01-01T00:00:00,100003430,0,,False,True,,,,filter,68.23494330216415,14.558964600669498,
138,1100,2010-06-01T00:00:00,,False,,False,0001-01-01T00:00:00,9239,0,,False,True,,,,filter,65.83582922890749,13.19253875051621,
221,700,2019-02-01T00:00:00,,False,,False,0001-01-01T00:00:00,100001434,0,,False,True,,,,filter,65.82896160487566,13.210467368214813,
243,950,2022-06-01T00:00:00,,False,,False,0001-01-01T00:00:00,100003559,0,,False,True,,,,filter,65.83322324289426,13.19143978668645,
194,1000,2008-06-01T00:00:00,,False,,False,0001-01-01T00:00:00,9237,0,,False,True,,,,filter,65.83777379191267,13.193559644074208,
263,1100,2006-04-01T00:00:00,,False,,False,0001-01-01T00:00:00,9230,0,,False,True,,,,filter,65.83433497380274,13.1864707505093,
223,900,2016-09-01T00:00:00,,False,,False,0001-01-01T00:00:00,100000115,0,,False,True,,,,filter,65.83441979120546,13.184913342693582,
19,900,2007-03-01T00:00:00,,False,,False,0001-01-01T00:00:00,9235,0,,False,True,,,,filter,65.83798271330485,13.183531163211649,
56,900,2008-09-01T00:00:00,,False,,False,0001-01-01T00:00:00,9238,0,,False,True,,,,filter,65.83738981963612,13.18264207584612,
115,740,2024-04-01T00:00:00,,False,,False,0001-01-01T00:00:00,100005405,0,,False,True,,,,filter,65.83255915048366,13.20481075255301,
147,770,2026-01-01T00:00:00,,False,,False,0001-01-01T00:00:00,100006913,0,,False,True,,,,filter,65.83371681879359,13.218179093982055,
19,1000,2016-03-01T00:00:00,,False,,False,0001-01-01T00:00:00,9244,0,,False,True,,,,filter,65.8374122405457,13.193205135149826,
73,720,2019-02-01T00:00:00,,False,,False,0001-01-01T00:00:00,100001435,0,,False,True,,,,filter,65.82932137825458,13.222847063645624,
84,1100,2010-12-01T00:00:00,,False,,False,0001-01-01T00:00:00,9240,0,,False,True,,,,filter,65.83678969053602,13.18952235200745,
0,660,,,False,,False,0001-01-01T00:00:00,100003966,0,,False,False,,,,filter,65.83243976872286,13.2263043129989,
0,660,,,False,,False,0001-01-01T00:00:00,100006912,0,,False,False,,,,filter,65.83581597896719,13.196651180480808,
78,150,2005-04-01T00:00:00,,False,,True,0001-01-01T00:00:00,9157,0,,False,True,,,,filter,65.67482336015246,11.959570138826065,
0,600,2022-02-07T00:00:00,,False,,True,0001-01-01T00:00:00,100003339,161,,True,False,,,,filter,65.67953386302824,11.96609441142306,
0,800,,,False,,True,0001-01-01T00:00:00,100001835,294,,True,False,,,,filter,65.67989051864582,11.961587716800985,
209,900,2017-10-01T00:00:00,,False,,False,0001-01-01T00:00:00,100000712,0,,False,True,,,,filter,68.15087143878029,13.623151803261797,
11,800,2019-11-01T00:00:00,,False,,False,0001-01-01T00:00:00,100001895,0,,False,True,,,,filter,60.471988468028115,8.477943713020906,
16,600,2023-10-01T00:00:00,,False,,False,0001-01-01T00:00:00,100004933,0,,False,True,,,,filter,60.470832794914635,8.466289975924147,
70,700,2012-09-01T00:00:00,,False,,False,0001-01-01T00:00:00,9597,0,,False,True,,,,filter,60.472943085826934,8.460929803465048,
29,480,2023-10-01T00:00:00,,False,,False,0001-01-01T00:00:00,100004934,0,,False,True,,,,filter,60.47513794786285,8.472508767782255,
15,850,2022-08-01T00:00:00,,False,,False,0001-01-01T00:00:00,100003733,0,,False,True,,,,filter,68.15029028019806,13.623344614370579,
7,600,2022-09-01T00:00:00,,False,,False,0001-01-01T00:00:00,100003823,0,,False,True,,,,filter,60.47256738877352,8.46856343066223,
54,600,2023-01-01T00:00:00,,False,,False,0001-01-01T00:00:00,100004160,0,,False,True,,,,filter,60.47142447674179,8.472067262394193,
71,1050,2011-02-01T00:00:00,,False,,False,0001-01-01T00:00:00,9593,0,,False,True,,,,filter,68.14921646789274,13.605318611970969,
69,1000,2020-02-01T00:00:00,,False,,False,0001-01-01T00:00:00,100002029,0,,False,True,,,,filter,68.1514025981428,13.608174238786681,
64,600,2022-07-01T00:00:00,,False,,False,0001-01-01T00:00:00,100003647,0,,False,True,,,,filter,60.47534286965642,8.473012388273549,
128,800,2021-01-01T00:00:00,,False,,False,0001-01-01T00:00:00,100002569,0,,False,True,,,,filter,60.469627942922905,8.46834311221365,
0,600,,,False,,False,0001-01-01T00:00:00,100006411,164,,True,False,,,,filter,60.47345923907126,8.471752271808338,
0,800,,,False,,False,0001-01-01T00:00:00,100006412,134,,True,False,,,,filter,60.470368638499636,8.475471092021214,
0,750,,,False,,False,0001-01-01T00:00:00,100006868,16,,True,False,,,,filter,68.14933746481259,13.62426927365891,
122,900,2014-07-01T00:00:00,,False,,False,0001-01-01T00:00:00,9596,0,,False,True,,,,filter,68.15025782519518,13.623937011268255,
0,615,2001-05-01T00:00:00,,False,,False,0001-01-01T00:00:00,9163,10,,True,False,,,,filter,67.35205598710496,15.592612799692272,
0,1350,2020-12-01T00:00:00,,False,,False,0001-01-01T00:00:00,100002537,6,,True,False,,,,filter,59.94398183948086,10.905726369845384,
0,1500,2014-04-01T00:00:00,,False,,False,0001-01-01T00:00:00,2911,26,,True,False,,,,filter,59.94236076020928,10.842869762135717,
0,1500,2018-05-01T00:00:00,,False,,False,0001-01-01T00:00:00,100000990,25,,True,False,,,,filter,59.94005269135135,10.8341480812665,
0,2000,2019-04-01T00:00:00,,False,,False,0001-01-01T00:00:00,100001518,21,,True,False,,,,filter,59.92529482406798,10.713599035859577,
6,1200,2025-06-01T00:00:00,,False,,False,0001-01-01T00:00:00,100006454,0,,False,True,,,,filter,59.913852381050354,10.784604833704435,
0,1200,2025-03-01T00:00:00,,False,,False,0001-01-01T00:00:00,100006238,434,,True,False,,,,filter,59.933522755041714,10.874174877788047,
0,2000,2014-02-01T00:00:00,,False,,False,0001-01-01T00:00:00,2906,4,,True,False,,,,filter,59.91531127884586,10.749369287809694,
0,1100,2024-06-01T00:00:00,,False,,False,0001-01-01T00:00:00,100005528,0,,False,True,,,,filter,59.94252639398674,10.806562921031084,
0,1400,2022-05-01T00:00:00,,False,,False,0001-01-01T00:00:00,100003502,10,,True,False,,,,filter,59.96061934173933,10.869915837458157,
0,1600,2010-08-01T00:00:00,,False,,False,0001-01-01T00:00:00,2820,3,,True,False,,,,filter,59.408918899169144,5.294335893643076,
2,1200,2023-02-01T00:00:00,,False,,False,0001-01-01T00:00:00,100004266,0,,False,True,,,,filter,59.947493822797874,10.91782561746685,
19,1390,2021-10-15T00:00:00,,False,,False,0001-01-01T00:00:00,100003127,0,,False,True,,,,filter,59.960516959338754,10.887406696968542,
90,1500,2024-09-01T00:00:00,,False,,False,0001-01-01T00:00:00,100005609,0,,False,True,,,,filter,59.896612815328766,10.786597035719975,
62,1150,2013-06-01T00:00:00,,False,,False,0001-01-01T00:00:00,2833,0,,False,True,,,,filter,59.87424767900705,10.812562145332,
0,1750,2017-08-01T00:00:00,,False,,False,0001-01-01T00:00:00,100000546,186,,True,False,,,,filter,59.900069563105305,10.835902263971406,
0,1200,2019-04-01T00:00:00,,False,,False,0001-01-01T00:00:00,100001520,92,,True,False,,,,filter,59.93660075378272,10.880275014182399,
0,2000,2019-07-01T00:00:00,,False,,False,0001-01-01T00:00:00,100001649,30,,True,False,,,,filter,59.91736034916362,10.758360710663073,
45,2000,2016-09-01T00:00:00,,False,,False,0001-01-01T00:00:00,100000120,0,,False,True,,,,filter,59.925091035340415,10.76677514193917,
51,1500,2014-05-01T00:00:00,,False,,False,0001-01-01T00:00:00,2931,0,,False,True,,,,filter,59.91661123014707,10.791249504435976,
0,1400,2018-04-01T00:00:00,,False,,False,0001-01-01T00:00:00,100000947,2,,True,False,,,,filter,59.949488270825846,10.847047359043675,
213,1350,2022-06-01T00:00:00,,False,,False,0001-01-01T00:00:00,100003588,0,,False,True,,,,filter,59.920815562985595,10.752714875075286,
0,1300,2007-10-01T00:00:00,,False,,False,0001-01-01T00:00:00,2703,585,,True,False,,,,filter,59.93781167437339,10.679371218928983,
0,1000,2024-11-01T00:00:00,,False,,False,0001-01-01T00:00:00,100005959,180,,True,False,,,,filter,59.91337854963247,10.786482321675491,
128,1900,2006-01-01T00:00:00,,False,,False,0001-01-01T00:00:00,2691,0,,False,True,,,,filter,59.94654743762072,10.643220005491893,
53,1170,2025-12-01T00:00:00,,False,,False,0001-01-01T00:00:00,100006869,0,,False,True,,,,filter,59.91148878199234,10.768462927276934,
5,1400,2012-12-01T00:00:00,,False,,False,0001-01-01T00:00:00,2878,0,,False,True,,,,filter,59.93119181186194,10.796714049997211,
0,2000,2001-05-01T00:00:00,,False,,False,0001-01-01T00:00:00,2429,203,,True,False,,,,filter,59.947742466862344,10.768534825466647,
25,1500,2001-05-01T00:00:00,,False,,False,0001-01-01T00:00:00,2503,0,,False,True,,,,filter,59.91537113084267,10.847438478448673,
0,1200,2025-09-01T00:00:00,,False,,False,0001-01-01T00:00:00,100006622,113,,True,False,,,,filter,59.963471700749686,10.909292284324563,
100,950,2015-03-01T00:00:00,,False,,False,0001-01-01T00:00:00,2907,0,,False,True,,,,filter,59.92891907615043,10.73817111387387,
3,2300,2024-09-23T00:00:00,,False,,False,0001-01-01T00:00:00,100005860,0,,False,True,,,,filter,59.92868157069548,10.709201493182121,
16,950,2025-10-01T00:00:00,,False,,False,0001-01-01T00:00:00,100006730,0,,False,True,,,,filter,59.93122139671148,10.75028436252006,
0,1450,2015-08-01T00:00:00,,False,,False,0001-01-01T00:00:00,2909,8,,True,False,,,,filter,59.92528554727605,10.71081130827958,
0,1300,2014-04-01T00:00:00,,False,,False,0001-01-01T00:00:00,2872,120,,True,False,,,,filter,59.965079646555374,10.880783668031922,
55,1300,2021-09-01T00:00:00,,False,,False,0001-01-01T00:00:00,100002951,0,,False,True,,,,filter,59.937200218644236,10.682985336131894,
3,1000,2018-07-01T00:00:00,,False,,False,0001-01-01T00:00:00,100001067,0,,False,True,,,,filter,59.95286343036891,10.75975970558374,
3,2000,2015-09-01T00:00:00,,False,,False,0001-01-01T00:00:00,2969,0,,False,True,,,,filter,59.91885649000249,10.746487685505873,
0,1750,2007-11-01T00:00:00,,False,,False,0001-01-01T00:00:00,2767,26,,True,False,,,,filter,59.86580668168678,10.811971067375119,
203,2000,2011-04-01T00:00:00,,False,,False,0001-01-01T00:00:00,2856,0,,False,True,,,,filter,59.84827636468989,10.831038174201913,
74,1250,2018-01-01T00:00:00,,False,,False,0001-01-01T00:00:00,100000857,0,,False,True,,,,filter,59.836436076833955,10.797747715038907,
0,1600,2024-10-01T00:00:00,,False,,False,0001-01-01T00:00:00,100005850,547,,True,False,,,,filter,59.825943677914715,10.782004537466719,
0,1250,2019-10-01T00:00:00,,False,,False,0001-01-01T00:00:00,100001872,53,,True,False,,,,filter,59.84544997736508,10.815596253088339,
0,1550,2012-06-01T00:00:00,,False,,False,0001-01-01T00:00:00,2799,275,,True,False,,,,filter,59.909482310000854,10.810092308288187,
5,1800,2015-11-01T00:00:00,,False,,False,0001-01-01T00:00:00,2770,0,,False,True,,,,filter,59.943105746456546,10.790015466582272,
41,1000,2022-08-01T00:00:00,,False,,False,0001-01-01T00:00:00,100003730,0,,False,True,,,,filter,59.93883199659603,10.896943063616698,
6,1300,2022-06-01T00:00:00,,False,,False,0001-01-01T00:00:00,100003600,0,,False,True,,,,filter,59.93271427258228,10.716657252635292,
0,500,2025-07-01T00:00:00,,False,,False,0001-01-01T00:00:00,100006557,244,,True,False,,,,filter,59.911174753160466,10.796600930837805,
0,1600,2021-07-01T00:00:00,,False,,False,0001-01-01T00:00:00,100002924,42,,True,False,,,,filter,59.945255585039256,10.83626027452269,
0,1400,2020-02-01T00:00:00,,False,,False,0001-01-01T00:00:00,100002014,18,,True,False,,,,filter,59.89884022258146,10.799296178607108,
0,1450,2022-08-04T00:00:00,,False,,False,0001-01-01T00:00:00,100003749,191,,True,False,,,,filter,59.951090072593374,10.762999357682325,
39,1100,2023-01-01T00:00:00,,False,,False,0001-01-01T00:00:00,100004168,0,,False,True,,,,filter,59.939355643797875,10.904173090835751,
0,2200,2012-12-01T00:00:00,,False,,False,0001-01-01T00:00:00,2930,11,,True,False,,,,filter,59.92204666377756,10.726519541100519,
0,1100,2023-01-01T00:00:00,,False,,False,0001-01-01T00:00:00,100004219,101,,True,False,,,,filter,59.962264282038234,10.779150601375546,
0,2000,2019-06-01T00:00:00,,False,,False,0001-01-01T00:00:00,100001609,30,,True,False,,,,filter,59.94623421597903,10.63808258858877,
1,1200,2019-11-01T00:00:00,,False,,False,0001-01-01T00:00:00,100001911,0,,False,True,,,,filter,59.921864424355945,10.778986422527595,
0,1100,2025-09-01T00:00:00,,False,,False,0001-01-01T00:00:00,100006567,5,,True,False,,,,filter,59.93673177060515,10.772124524121477,
116,1100,2001-05-01T00:00:00,,False,,False,0001-01-01T00:00:00,2349,0,,False,True,,,,filter,59.970275002854926,10.930954525751833,
55,1000,2011-03-01T00:00:00,,False,,False,0001-01-01T00:00:00,2841,0,,False,True,,,,filter,59.91986228874374,10.854416209501823,
153,900,2024-02-01T00:00:00,,False,,False,0001-01-01T00:00:00,100005169,0,,False,True,,,,filter,59.939207468849965,10.753796060573434,
375,800,2021-09-01T00:00:00,,False,,False,0001-01-01T00:00:00,100003014,0,,False,True,,,,filter,59.91812392352428,10.795817182430717,
0,1600,2001-05-01T00:00:00,,False,,False,0001-01-01T00:00:00,2410,195,,True,False,,,,filter,59.93872482938729,10.781730020262934,
0,1400,2014-03-01T00:00:00,,False,,False,0001-01-01T00:00:00,2837,0,,False,True,,,,filter,59.940048239112606,10.89640919804671,
0,1300,2004-06-01T00:00:00,,False,,False,0001-01-01T00:00:00,2701,5,,True,False,,,,filter,59.94528008767309,10.84210027707036,
75,1000,2020-02-01T00:00:00,,False,,False,0001-01-01T00:00:00,100002010,0,,False,True,,,,filter,59.948292937230896,10.73871920654165,
0,1700,2019-11-01T00:00:00,,False,,False,0001-01-01T00:00:00,100001890,205,,True,False,,,,filter,59.94974879459982,10.737938942679616,
60,1800,2014-08-01T00:00:00,,False,,False,0001-01-01T00:00:00,2900,0,,False,True,,,,filter,59.93750335814193,10.654434446875861,
13,1000,2001-05-01T00:00:00,,False,,False,0001-01-01T00:00:00,2548,0,,False,True,,,,filter,59.920440483970644,10.733576178999696,
3,1450,2024-03-01T00:00:00,,False,,False,0001-01-01T00:00:00,100005290,0,,False,True,,,,filter,59.919506394357704,10.74730887501098,
20,1100,2025-01-01T00:00:00,,False,,False,0001-01-01T00:00:00,100005998,0,,False,True,,,,filter,59.89094363860485,10.840750182012163,
167,1500,2015-05-01T00:00:00,,False,,False,0001-01-01T00:00:00,2752,0,,False,True,,,,filter,59.928539048059065,10.708524802980113,
10,1200,2020-02-01T00:00:00,,False,,False,0001-01-01T00:00:00,100002061,0,,False,True,,,,filter,59.956916692897885,10.663879412530806,
118,1280,2001-06-01T00:00:00,,False,,False,0001-01-01T00:00:00,2674,0,,False,True,,,,filter,59.91474746956836,10.74602197456037,
14,1450,2023-09-01T00:00:00,,False,,False,0001-01-01T00:00:00,100004731,0,,False,True,,,,filter,59.92602963906836,10.677735134376977,
13,2100,2009-02-01T00:00:00,,False,,False,0001-01-01T00:00:00,2789,0,,False,True,,,,filter,59.939902557802746,10.648581547462275,
79,1200,2021-04-01T00:00:00,,False,,False,0001-01-01T00:00:00,100002751,0,,False,True,,,,filter,59.942122969000636,10.773481014666087,
44,1300,2001-05-01T00:00:00,,False,,False,0001-01-01T00:00:00,2562,0,,False,True,,,,filter,59.93437150716625,10.68162536449778,
10,1200,2011-09-01T00:00:00,,False,,False,0001-01-01T00:00:00,2877,0,,False,True,,,,filter,59.92948170517477,10.713747955010756,
119,1300,2025-04-01T00:00:00,,False,,False,0001-01-01T00:00:00,100006304,0,,False,True,,,,filter,59.93005038451841,10.739206564282863,
107,1100,2001-05-01T00:00:00,,False,,False,0001-01-01T00:00:00,2408,0,,False,True,,,,filter,59.93315571639009,10.777204974468527,
34,1300,2001-05-01T00:00:00,,False,,False,0001-01-01T00:00:00,2374,0,,False,True,,,,filter,59.93051773733188,10.740397955566257,
6,1300,2001-05-01T00:00:00,,False,,False,0001-01-01T00:00:00,2557,0,,False,True,,,,filter,59.9324895454094,10.720131208334012,
143,1700,2010-10-01T00:00:00,,False,,False,0001-01-01T00:00:00,2843,0,,False,True,,,,filter,59.93515784626246,10.745048594808889,
0,2500,2018-01-01T00:00:00,,False,,False,0001-01-01T00:00:00,100000795,171,,True,False,,,,filter,59.925976848642826,10.797148645125533,
24,1400,2010-01-01T00:00:00,,False,,False,0001-01-01T00:00:00,2842,0,,False,True,,,,filter,59.915703323105134,10.712318733143144,
289,1250,2020-06-01T00:00:00,,False,,False,0001-01-01T00:00:00,100002235,0,,False,True,,,,filter,59.94440475095949,10.818367652802007,
47,1000,2025-09-01T00:00:00,,False,,False,0001-01-01T00:00:00,100006549,0,,False,True,,,,filter,59.93638935113419,10.87110441761604,
21,1400,2007-12-01T00:00:00,,False,,False,0001-01-01T00:00:00,2716,0,,False,True,,,,filter,59.929358131490794,10.75144669863372,
3,1400,2001-05-01T00:00:00,,False,,False,0001-01-01T00:00:00,2373,0,,False,True,,,,filter,59.91112934369322,10.736827401400609,
3,1100,2007-08-01T00:00:00,,False,,False,0001-01-01T00:00:00,2649,0,,False,True,,,,filter,59.934946178465836,10.703164543459827,
9,1025,2001-05-01T00:00:00,,False,,True,0001-01-01T00:00:00,2220,0,,False,True,,,,filter,59.91657548640657,10.705256449514179,
0,1530,2022-11-01T00:00:00,,False,,False,0001-01-01T00:00:00,100004053,24,,True,False,,,,filter,59.92540700138255,10.649937926147638,
119,1300,2024-09-01T00:00:00,,False,,False,0001-01-01T00:00:00,100005750,0,,False,True,,,,filter,59.87752802203653,10.790551091007835,
0,2500,2011-04-01T00:00:00,,False,,False,0001-01-01T00:00:00,2818,1067,,True,False,,,,filter,59.92991639098053,10.7767163394706,
0,1500,2024-04-01T00:00:00,,False,,False,0001-01-01T00:00:00,100005411,264,,True,False,,,,filter,59.84668864207735,10.8326447911815,
0,2000,2005-04-01T00:00:00,,False,,False,0001-01-01T00:00:00,2798,287,,True,False,,,,filter,59.94694127504946,10.777657596816553,
0,1150,2017-01-01T00:00:00,,True,,True,0001-01-01T00:00:00,100000300,8,,True,False,,,,filter,59.948659049868986,10.763705244466314,
47,900,2022-09-01T00:00:00,,False,,False,0001-01-01T00:00:00,100003829,0,,False,True,,,,filter,60.05776279789847,10.86170752250627,
0,1500,2019-06-01T00:00:00,,False,,False,0001-01-01T00:00:00,100001637,723,,True,False,,,,filter,59.93825719569132,10.657310148882447,
279,1200,2013-10-01T00:00:00,,False,,False,0001-01-01T00:00:00,2943,0,,False,True,,,,filter,59.909132938123214,10.768805667810328,
157,1000,2015-09-01T00:00:00,,False,,False,0001-01-01T00:00:00,2959,0,,False,True,,,,filter,59.89751190600156,10.846385306372692,
240,1500,2021-01-01T00:00:00,,False,,False,0001-01-01T00:00:00,100002580,0,,False,True,,,,filter,59.919603283600765,10.728463709933672,
24,1500,2009-07-01T00:00:00,,False,,False,0001-01-01T00:00:00,2754,0,,False,True,,,,filter,59.940063587076736,10.899676216982156,
0,1000,2023-06-01T00:00:00,,False,,False,0001-01-01T00:00:00,100004553,238,,True,False,,,,filter,59.93017253326123,10.650967282105821,
36,1150,2025-01-01T00:00:00,,False,,True,0001-01-01T00:00:00,100006011,0,,False,True,,,,filter,59.92580251315121,10.801458371310357,
0,1600,2022-07-01T00:00:00,,False,,False,0001-01-01T00:00:00,100003614,187,,True,False,,,,filter,59.94196833877439,10.768318288270203,
0,500,2025-09-01T00:00:00,,False,,False,0001-01-01T00:00:00,100006558,290,,True,False,,,,filter,59.92244051506871,10.780940294789444,
63,1500,2015-09-01T00:00:00,,False,,False,0001-01-01T00:00:00,2895,0,,False,True,,,,filter,59.95303072790195,10.862618354183116,
279,1500,2020-05-01T00:00:00,,False,,False,0001-01-01T00:00:00,100002211,0,,False,True,,,,filter,59.930620057237036,10.790576680218878,
8,1300,2020-03-01T00:00:00,,False,,False,0001-01-01T00:00:00,100002126,0,,False,True,,,,filter,59.848572397701496,10.819072076003511,
19,1500,2021-04-01T00:00:00,,False,,False,0001-01-01T00:00:00,100002770,0,,False,True,,,,filter,59.9345733343239,10.785742666678983,
0,1300,2001-05-01T00:00:00,,False,,False,0001-01-01T00:00:00,2575,3,,True,False,,,,filter,59.92660730474119,10.669991552126815,
0,2500,2015-02-01T00:00:00,,False,,False,0001-01-01T00:00:00,2519,225,,True,False,,,,filter,59.95336639042676,10.688083976900037,
90,1250,2009-10-01T00:00:00,,False,,False,0001-01-01T00:00:00,2678,0,,False,True,,,,filter,59.948264355684316,10.851151199079297,
28,1000,2017-10-01T00:00:00,,False,,False,0001-01-01T00:00:00,100000692,0,,False,True,,,,filter,59.92046813175274,10.862475039248773,
0,2000,2001-05-01T00:00:00,,False,,False,0001-01-01T00:00:00,2402,118,,True,False,,,,filter,59.927717655066196,10.774454305166376,
90,650,2024-01-01T00:00:00,,False,,False,0001-01-01T00:00:00,100005136,0,,False,True,,,,filter,59.87526350530665,10.85176654449351,
205,1100,2022-09-01T00:00:00,,False,,False,0001-01-01T00:00:00,100003870,0,,False,True,,,,filter,59.90851273110277,10.766487262461968,
7,1300,2022-01-05T00:00:00,,False,,False,0001-01-01T00:00:00,100003283,0,,False,True,,,,filter,59.93292670928942,10.752553615211756,
3,1400,2001-05-01T00:00:00,,False,,False,0001-01-01T00:00:00,2592,0,,False,True,,,,filter,59.916797147576375,10.706835153317616,
49,850,2025-09-26T00:00:00,,False,,False,0001-01-01T00:00:00,100006753,0,,False,True,,,,filter,59.94285617171658,10.775091712760831,
127,1300,2016-03-01T00:00:00,,False,,False,0001-01-01T00:00:00,2971,0,,False,True,,,,filter,59.94182287653897,10.70486866018184,
7,1650,2001-05-01T00:00:00,,False,,False,0001-01-01T00:00:00,2262,0,,False,True,,,,filter,59.94994948561605,10.739100812496787,
0,1200,2025-06-01T00:00:00,,False,,False,0001-01-01T00:00:00,100006437,240,,True,False,,,,filter,59.95141007866602,10.911193158273338,
0,1800,2019-02-01T00:00:00,,False,,False,0001-01-01T00:00:00,100001455,109,,True,False,,,,filter,59.933297468504705,10.741374034221607,
222,1500,2007-05-01T00:00:00,,False,,False,0001-01-01T00:00:00,2810,0,,False,True,,,,filter,59.917062898490435,10.845119373146245,
3,1150,2020-09-01T00:00:00,,False,,False,0001-01-01T00:00:00,100002405,0,,False,True,,,,filter,59.917511875416714,10.748824626750867,
126,1500,2011-10-01T00:00:00,,False,,False,0001-01-01T00:00:00,2815,0,,False,True,,,,filter,59.9548994896888,10.671845380295169,
7,1600,2022-11-15T00:00:00,,False,,False,0001-01-01T00:00:00,100004097,0,,False,True,,,,filter,59.928908626205406,10.704054501488935,
0,900,2023-09-01T00:00:00,,False,,False,0001-01-01T00:00:00,100004785,28,,True,False,,,,filter,59.90210098223344,10.815558487076943,
1,1200,2019-06-01T00:00:00,,False,,False,0001-01-01T00:00:00,100001624,0,,False,True,,,,filter,59.97604717046033,10.931145389519996,
29,1320,2001-05-01T00:00:00,,False,,False,0001-01-01T00:00:00,2666,0,,False,True,,,,filter,59.9412405069769,10.913739447961422,
12,1250,2019-04-01T00:00:00,,False,,False,0001-01-01T00:00:00,100001535,0,,False,True,,,,filter,59.95112504714015,10.917846765460968,
127,1350,2014-04-01T00:00:00,,False,,False,0001-01-01T00:00:00,2928,0,,False,True,,,,filter,59.940642921501194,10.894765613772442,
0,1100,2010-01-01T00:00:00,,False,,False,0001-01-01T00:00:00,2875,128,,True,False,,,,filter,59.96354163386404,10.888810486372918,
7,1400,2014-10-01T00:00:00,,False,,False,0001-01-01T00:00:00,2956,0,,False,True,,,,filter,59.92176515580036,10.77381522039315,
0,500,2025-07-01T00:00:00,,False,,False,0001-01-01T00:00:00,100006531,133,,True,False,,,,filter,59.82425552780024,10.79114409512538,
0,2500,2001-05-01T00:00:00,,False,,False,0001-01-01T00:00:00,2226,3,,True,False,,,,filter,59.913585680955684,10.74700955434044,
88,1400,2012-06-01T00:00:00,,False,,False,0001-01-01T00:00:00,2817,0,,False,True,,,,filter,59.9195192117192,10.712537949807162,
2,1900,2001-05-01T00:00:00,,False,,False,0001-01-01T00:00:00,2552,0,,False,True,,,,filter,59.93245377233448,10.70161891543766,
3,1400,2010-11-01T00:00:00,,False,,False,0001-01-01T00:00:00,2749,0,,False,True,,,,filter,59.91307107943842,10.70817963357012,
2,1070,2013-09-01T00:00:00,,False,,False,0001-01-01T00:00:00,2705,0,,False,True,,,,filter,59.92834462227258,10.709789450638697,
0,1900,2001-05-01T00:00:00,,False,,False,0001-01-01T00:00:00,2479,201,,True,False,,,,filter,59.92810675279251,10.658259364797711,
0,1450,2006-07-01T00:00:00,,False,,False,0001-01-01T00:00:00,2811,133,,True,False,,,,filter,59.941656080263584,10.726400668223057,
64,1500,2005-09-01T00:00:00,,False,,False,0001-01-01T00:00:00,2739,0,,False,True,,,,filter,59.929491498365174,10.713508100290928,
0,1035,2021-02-01T00:00:00,,True,,True,0001-01-01T00:00:00,100002609,181,,True,False,,,,filter,59.94516496853234,10.759504195110573,
186,1500,2007-04-01T00:00:00,,False,,False,0001-01-01T00:00:00,2747,0,,False,True,,,,filter,59.94942750472235,10.649077296950619,
96,900,2001-05-01T00:00:00,,False,,False,0001-01-01T00:00:00,2549,0,,False,True,,,,filter,59.922432209095476,10.733872195629518,
0,1200,2023-07-15T00:00:00,,False,,False,0001-01-01T00:00:00,100004696,306,,True,False,,,,filter,59.94844380664652,10.767675588907444,
21,1050,2022-12-01T00:00:00,,False,,False,0001-01-01T00:00:00,100004088,0,,False,True,,,,filter,59.924684286140035,10.67470873575337,
0,1200,2022-01-01T00:00:00,,False,,False,0001-01-01T00:00:00,100003254,15,,True,False,,,,filter,59.95901361383679,10.902966879172789,
250,1100,2015-02-01T00:00:00,,False,,False,0001-01-01T00:00:00,2924,0,,False,True,,,,filter,59.87483299215411,10.810260086352216,
4,1350,2016-02-01T00:00:00,,False,,False,0001-01-01T00:00:00,2963,0,,False,True,,,,filter,59.926322377637455,10.720061812989105,
141,1100,2001-05-01T00:00:00,,False,,False,0001-01-01T00:00:00,2652,0,,False,True,,,,filter,59.87977284420435,10.81596544572806,
23,415,2014-05-01T00:00:00,,False,,False,0001-01-01T00:00:00,2697,0,,False,True,,,,filter,59.9438623999727,10.78288838779516,
27,1600,2019-06-01T00:00:00,,False,,False,0001-01-01T00:00:00,100001621,0,,False,True,,,,filter,59.87227358500549,10.81032676215274,
2,1200,2021-10-01T00:00:00,,False,,False,0001-01-01T00:00:00,100003065,0,,False,True,,,,filter,59.96566446486274,10.90965387531688,
60,1400,2010-07-01T00:00:00,,False,,False,0001-01-01T00:00:00,2732,0,,False,True,,,,filter,59.923100807804786,10.726654101857457,
0,1500,2023-08-01T00:00:00,,False,,False,0001-01-01T00:00:00,100004653,15,,True,False,,,,filter,59.92521336171388,10.670898547677176,
28,1200,2001-05-01T00:00:00,,False,,False,0001-01-01T00:00:00,2356,0,,False,True,,,,filter,59.96289015976843,10.908479081439127,
67,1200,2024-01-01T00:00:00,,False,,False,0001-01-01T00:00:00,100005165,0,,False,True,,,,filter,59.925271209952925,10.799026302067809,
25,1300,2020-05-01T00:00:00,,False,,False,0001-01-01T00:00:00,100002209,0,,False,True,,,,filter,59.83051134455935,10.841483636490622,
18,900,2006-04-01T00:00:00,,False,,False,0001-01-01T00:00:00,2812,0,,False,True,,,,filter,59.96832478285476,10.773636884943327,
199,225,2016-03-01T00:00:00,,False,,False,0001-01-01T00:00:00,2926,0,,False,True,,,,filter,59.94702060330438,10.770681711135,
0,1300,2013-03-01T00:00:00,,False,,False,0001-01-01T00:00:00,2912,0,,False,True,,,,filter,59.87025552636158,10.811133543407323,
0,700,2025-01-20T00:00:00,,False,,False,0001-01-01T00:00:00,100006164,128,,True,False,,,,filter,59.9528134661234,10.73702740455755,
34,1250,2020-03-01T00:00:00,,False,,False,0001-01-01T00:00:00,100002073,0,,False,True,,,,filter,59.96484468653927,10.768606982485272,
13,1600,2018-09-01T00:00:00,,False,,False,0001-01-01T00:00:00,100001227,0,,False,True,,,,filter,59.89697560792541,10.839137098946038,
2,2100,2001-05-01T00:00:00,,False,,True,0001-01-01T00:00:00,2238,0,,False,True,,,,filter,59.91585721926945,10.704958299596496,
51,1050,2020-01-01T00:00:00,,False,,False,0001-01-01T00:00:00,100001978,0,,False,True,,,,filter,59.92956185295302,10.7310429726684,
0,500,2025-12-01T00:00:00,,False,,False,0001-01-01T00:00:00,100006853,309,,True,False,,,,filter,59.95138724994424,10.729715188254897,
18,1500,2001-05-01T00:00:00,,False,,False,0001-01-01T00:00:00,2278,0,,False,True,,,,filter,59.932012729548795,10.782676275591728,
5,1600,2022-07-01T00:00:00,,False,,False,0001-01-01T00:00:00,100003656,0,,False,True,,,,filter,59.923680015317586,10.791404792351193,
106,1000,2023-09-01T00:00:00,,False,,False,0001-01-01T00:00:00,100004687,0,,False,True,,,,filter,59.9229877775773,10.86214854429694,
167,1200,2003-02-01T00:00:00,,False,,False,0001-01-01T00:00:00,2712,0,,False,True,,,,filter,59.944303903047995,10.647095794459593,
0,1035,2022-09-01T00:00:00,,True,,True,0001-01-01T00:00:00,100003706,5,,True,False,,,,filter,59.95074667554296,10.772039587570136,
28,1550,2012-04-01T00:00:00,,False,,False,0001-01-01T00:00:00,2734,0,,False,True,,,,filter,59.94618750822644,10.701527902058073,
66,1400,2021-06-01T00:00:00,,False,,False,0001-01-01T00:00:00,100002850,0,,False,True,,,,filter,59.891311458816475,10.840085720979086,
0,2000,2008-12-01T00:00:00,,False,,False,0001-01-01T00:00:00,2871,12,,True,False,,,,filter,59.91423208629298,10.73663897580814,
26,1150,2025-05-01T00:00:00,,False,,False,0001-01-01T00:00:00,100006397,0,,False,True,,,,filter,59.87780124344604,10.811156187658739,
5,1100,2024-01-01T00:00:00,,False,,False,0001-01-01T00:00:00,100005139,0,,False,True,,,,filter,59.92895931319149,10.720360595251568,
307,1400,2006-10-01T00:00:00,,False,,False,0001-01-01T00:00:00,2779,0,,False,True,,,,filter,59.940107356654764,10.7667930492177,
0,1050,2023-09-01T00:00:00,,False,,False,0001-01-01T00:00:00,100004782,4,,True,False,,,,filter,59.82923285643859,10.843093910271726,
305,1100,2017-03-01T00:00:00,,False,,False,0001-01-01T00:00:00,100000410,0,,False,True,,,,filter,59.89175458735068,10.843448302779661,
260,1100,2019-10-01T00:00:00,,False,,False,0001-01-01T00:00:00,100001848,0,,False,True,,,,filter,59.91430465628978,10.771216279497922,
18,1200,2001-05-01T00:00:00,,False,,False,0001-01-01T00:00:00,2258,0,,False,True,,,,filter,59.95500553911523,10.751868671334705,
111,1400,2001-05-01T00:00:00,,False,,False,0001-01-01T00:00:00,2312,0,,False,True,,,,filter,59.8994145731788,10.805802400287519,
39,1050,2022-01-01T00:00:00,,False,,False,0001-01-01T00:00:00,100003241,0,,False,True,,,,filter,59.8862980818078,10.823772049898194,
62,700,2025-09-01T00:00:00,,False,,False,0001-01-01T00:00:00,100006556,0,,False,True,,,,filter,59.912875833214265,10.781155477934036,
0,900,2023-07-01T00:00:00,,False,,False,0001-01-01T00:00:00,100004642,31,,True,False,,,,filter,59.941760851281416,10.725328740012822,
118,1400,2015-09-01T00:00:00,,False,,False,0001-01-01T00:00:00,2958,0,,False,True,,,,filter,59.9379253852168,10.900244532769108,
373,1400,2014-05-01T00:00:00,,False,,False,0001-01-01T00:00:00,2954,0,,False,True,,,,filter,59.92418214702162,10.75260611540854,
7,1600,2011-06-01T00:00:00,,False,,False,0001-01-01T00:00:00,2786,0,,False,True,,,,filter,59.924928581930445,10.772048625090271,
81,1150,2014-11-01T00:00:00,,False,,False,0001-01-01T00:00:00,2365,0,,False,True,,,,filter,59.964976595050956,10.776290162268445,
0,1150,2015-05-01T00:00:00,,True,,True,0001-01-01T00:00:00,2968,0,,False,False,,,,filter,59.9447015497971,10.7669040420722,
27,1200,2001-05-01T00:00:00,,False,,False,0001-01-01T00:00:00,2370,0,,False,True,,,,filter,59.945159630456274,10.838125211953013,
5,1175,2025-06-01T00:00:00,,False,,False,0001-01-01T00:00:00,100006477,0,,False,True,,,,filter,59.93985828109144,10.724696428932697,
27,1300,2024-01-01T00:00:00,,False,,False,0001-01-01T00:00:00,100005098,0,,False,True,,,,filter,59.92224057339877,10.77188702961825,
463,1160,2015-05-01T00:00:00,,False,,False,0001-01-01T00:00:00,2962,0,,False,True,,,,filter,59.90370869194716,10.827604695031384,
213,1200,2010-10-01T00:00:00,,False,,False,0001-01-01T00:00:00,2836,0,,False,True,,,,filter,59.967481849588815,10.766770463758686,
31,1200,2022-12-01T00:00:00,,False,,False,0001-01-01T00:00:00,100004117,0,,False,True,,,,filter,59.4063786374709,5.291236504773017,
25,1100,2001-05-01T00:00:00,,False,,False,0001-01-01T00:00:00,2574,0,,False,True,,,,filter,59.92831892080626,10.673613009780896,
0,1450,2023-01-01T00:00:00,,False,,False,0001-01-01T00:00:00,100004140,17,,True,False,,,,filter,59.88509396950566,10.810899663589016,
0,1030,2004-01-01T00:00:00,,False,,False,0001-01-01T00:00:00,2324,25,,True,False,,,,filter,59.96931379442936,10.7736879335606,
0,2500,2016-05-01T00:00:00,,False,,False,0001-01-01T00:00:00,2947,98,,True,False,,,,filter,59.932677735241114,10.713598547958517,
34,1450,2023-09-01T00:00:00,,False,,False,0001-01-01T00:00:00,100004874,0,,False,True,,,,filter,59.91693487689208,10.739147490333577,
0,1350,2019-06-01T00:00:00,,False,,False,0001-01-01T00:00:00,100001614,58,,True,False,,,,filter,60.05563931932102,10.854977489715537,
0,1150,2025-05-01T00:00:00,,False,,False,0001-01-01T00:00:00,100006362,1,,True,False,,,,filter,59.96844059156958,10.77892992693864,
101,1400,2014-04-01T00:00:00,,False,,False,0001-01-01T00:00:00,2925,0,,False,True,,,,filter,59.96563410359546,10.885775510710063,
158,1200,2020-08-01T00:00:00,,False,,False,0001-01-01T00:00:00,100002323,0,,False,True,,,,filter,59.862167958792064,10.803489062910442,
184,1350,2001-05-01T00:00:00,,False,,False,0001-01-01T00:00:00,2343,0,,False,True,,,,filter,59.95374802899756,10.918394311410566,
0,1700,2016-01-01T00:00:00,,False,,False,0001-01-01T00:00:00,2919,281,,True,False,,,,filter,59.92850812339695,10.64593254892663,
28,1200,2001-05-01T00:00:00,,False,,False,0001-01-01T00:00:00,2217,0,,False,True,,,,filter,59.916844648410155,10.795272644739452,
0,1100,2022-10-01T00:00:00,,False,,False,0001-01-01T00:00:00,100003999,175,,True,False,,,,filter,59.90873380458007,10.8083163011259,
0,1050,2001-05-01T00:00:00,,False,,False,0001-01-01T00:00:00,2643,15,,True,False,,,,filter,59.95631142901967,10.874994686291936,
0,500,2025-09-01T00:00:00,,False,,False,0001-01-01T00:00:00,100006612,248,,True,False,,,,filter,59.88627722971596,10.804487537723093,
0,2000,2016-06-01T00:00:00,,False,,False,0001-01-01T00:00:00,2795,53,,True,False,,,,filter,59.94419165226034,10.76948478997908,
52,1200,2022-10-01T00:00:00,,False,,False,0001-01-01T00:00:00,100003958,0,,False,True,,,,filter,59.953820072744605,10.912005250741753,
0,1200,2001-05-01T00:00:00,,False,,False,0001-01-01T00:00:00,2523,67,,True,False,,,,filter,59.92637242388136,10.680252793308744,
65,1600,2025-06-01T00:00:00,,False,,False,0001-01-01T00:00:00,100006464,0,,False,True,,,,filter,59.408240681120155,5.2878273820077135,
0,2000,2001-05-01T00:00:00,,False,,False,0001-01-01T00:00:00,2419,97,,True,False,,,,filter,59.944367382648,10.779763853182411,
4,1300,2001-05-01T00:00:00,,False,,False,0001-01-01T00:00:00,2474,0,,False,True,,,,filter,59.87192872670572,10.844637248264549,
203,1200,2005-10-01T00:00:00,,False,,False,0001-01-01T00:00:00,2759,0,,False,True,,,,filter,60.47426696464713,8.468986784504292,
1,1250,2023-09-01T00:00:00,,False,,False,0001-01-01T00:00:00,100004756,0,,False,True,,,,filter,59.93481770026977,10.672210565848388,
208,1100,2022-11-01T00:00:00,,False,,False,0001-01-01T00:00:00,100004063,0,,False,True,,,,filter,59.949315863120205,10.760113530427992,
5,1200,2007-12-01T00:00:00,,False,,False,0001-01-01T00:00:00,2808,0,,False,True,,,,filter,59.9131000715121,10.753056340424822,
0,1400,2007-05-01T00:00:00,,False,,False,0001-01-01T00:00:00,2741,10,,True,False,,,,filter,59.948853969252646,10.75417526705348,
0,1250,2025-09-01T00:00:00,,False,,False,0001-01-01T00:00:00,100006513,4,,True,False,,,,filter,59.92398912786565,10.859222779349313,
7,1150,2001-05-01T00:00:00,,False,,False,0001-01-01T00:00:00,2497,0,,False,True,,,,filter,59.96257360744191,10.776728493071415,
0,1350,2013-06-01T00:00:00,,False,,False,0001-01-01T00:00:00,2927,0,,False,True,,,,filter,59.93542502343341,10.679431073164425,
0,2000,2001-05-01T00:00:00,,False,,False,0001-01-01T00:00:00,2529,631,,True,False,,,,filter,59.92542997340099,10.73273524397211,
0,800,2019-11-01T00:00:00,,False,,False,0001-01-01T00:00:00,100001920,224,,True,False,,,,filter,59.967602096014126,10.792306002779748,
0,1150,2010-02-01T00:00:00,,True,,True,0001-01-01T00:00:00,2864,194,,True,False,,,,filter,59.949478915321286,10.765353105921493,
447,1000,2014-08-01T00:00:00,,False,,False,0001-01-01T00:00:00,2849,0,,False,True,,,,filter,59.95118456945429,10.77494743756211,
75,580,2021-02-01T00:00:00,,False,,False,0001-01-01T00:00:00,100002618,0,,False,True,,,,filter,59.890983110715695,10.844791206585759,
5,1000,2001-05-01T00:00:00,,False,,False,0001-01-01T00:00:00,2279,0,,False,True,,,,filter,59.92577757207308,10.77169865757458,
0,600,2001-05-01T00:00:00,,False,,False,0001-01-01T00:00:00,2593,5,,True,False,,,,filter,59.91741810080299,10.715155586235388,
0,2500,2019-09-01T00:00:00,,False,,False,0001-01-01T00:00:00,100001718,2,,True,False,,,,filter,59.9169660336703,10.763241642665752,
147,1250,2014-12-01T00:00:00,,False,,False,0001-01-01T00:00:00,2945,0,,False,True,,,,filter,59.93478509850911,10.685861595626802,
0,2000,2021-11-01T00:00:00,,False,,False,0001-01-01T00:00:00,100003167,228,,True,False,,,,filter,59.91620172075017,10.796834062489747,
0,1000,2025-10-01T00:00:00,,False,,False,0001-01-01T00:00:00,100006643,799,,True,False,,,,filter,59.89346335798177,10.843954932530298,
20,1100,2008-05-01T00:00:00,,False,,False,0001-01-01T00:00:00,2840,0,,False,True,,,,filter,59.94979090547452,10.75937079547968,
153,1500,2024-08-01T00:00:00,,False,,False,0001-01-01T00:00:00,100005725,0,,False,True,,,,filter,59.91355157256618,10.765741785612013,
0,1400,2001-05-01T00:00:00,,False,,False,0001-01-01T00:00:00,2228,26,,True,False,,,,filter,59.913242656904714,10.740950732877732,
6,1200,2007-02-01T00:00:00,,False,,False,0001-01-01T00:00:00,2753,0,,False,True,,,,filter,59.91683296174922,10.755875539353147,
2,1500,2024-09-01T00:00:00,,False,,False,0001-01-01T00:00:00,100005608,0,,False,True,,,,filter,59.89583865293581,10.782067271418246,
0,1100,2021-09-01T00:00:00,,False,,False,0001-01-01T00:00:00,100002970,122,,True,False,,,,filter,59.94266276809817,10.90334217648565,
19,1200,2001-08-01T00:00:00,,False,,False,0001-01-01T00:00:00,2693,0,,False,True,,,,filter,59.910335543736046,10.813162473259379,
0,1050,2025-12-25T00:00:00,,False,,False,0001-01-01T00:00:00,100006922,63,,True,False,,,,filter,59.950271308584085,10.860256903064027,
0,1100,2022-08-01T00:00:00,,False,,False,0001-01-01T00:00:00,100003658,90,,True,False,,,,filter,59.93436035538243,10.770510441905245,
0,1800,2020-09-01T00:00:00,,False,,False,0001-01-01T00:00:00,100002392,400,,True,False,,,,filter,59.94314130179152,10.763657691462376,
0,1300,2014-04-01T00:00:00,,False,,False,0001-01-01T00:00:00,2830,24,,True,False,,,,filter,59.973692943039865,10.936285368893667,
104,2000,2024-01-01T00:00:00,,False,,False,0001-01-01T00:00:00,100005161,0,,False,True,,,,filter,59.91258961504073,10.708238461648376,
0,1035,2016-06-01T00:00:00,,True,,True,0001-01-01T00:00:00,2973,0,,False,False,,,,filter,59.949065844626276,10.75571194407452,
0,900,2024-09-01T00:00:00,,False,,False,0001-01-01T00:00:00,100005718,29,,True,False,,,,filter,59.94452441016158,10.729423833436085,
0,1050,2001-05-01T00:00:00,,False,,False,0001-01-01T00:00:00,2357,16,,True,False,,,,filter,59.946406122696324,10.839254821857246,
104,1100,2019-10-01T00:00:00,,False,,False,0001-01-01T00:00:00,100001832,0,,False,True,,,,filter,59.89577757896354,10.807920250018613,
3,1300,2005-09-01T00:00:00,,False,,False,0001-01-01T00:00:00,2707,0,,False,True,,,,filter,59.86547195109586,10.819079322639462,
33,1000,2024-11-01T00:00:00,,False,,False,0001-01-01T00:00:00,100005763,0,,False,True,,,,filter,59.88018458266785,10.846562366745772,
0,1000,2025-09-01T00:00:00,,False,,False,0001-01-01T00:00:00,100006636,842,,True,False,,,,filter,59.881441869939366,10.842732468860063,
0,1400,2024-08-01T00:00:00,,False,,False,0001-01-01T00:00:00,100005587,392,,True,False,,,,filter,59.90240740373698,10.815183744778128,
0,2300,2024-04-01T00:00:00,,False,,False,0001-01-01T00:00:00,100005371,0,,False,True,,,,filter,59.931089000559915,10.781546747229825,
0,500,2025-05-01T00:00:00,,False,,False,0001-01-01T00:00:00,100006420,243,,True,False,,,,filter,59.92608138458829,10.783529083212068,
0,1150,2017-10-01T00:00:00,,False,,False,0001-01-01T00:00:00,100000681,164,,True,False,,,,filter,59.9226281838593,10.682538992263186,
0,2000,2001-05-01T00:00:00,,False,,False,0001-01-01T00:00:00,2428,72,,True,False,,,,filter,59.949789803080556,10.78020557915861,
0,1150,2023-08-01T00:00:00,,True,,True,0001-01-01T00:00:00,100004641,52,,True,False,,,,filter,59.949924002554006,10.769603163698427,
92,1700,2001-05-01T00:00:00,,False,,False,0001-01-01T00:00:00,2516,0,,False,True,,,,filter,59.938667914214285,10.702859060410235,
41,1500,2001-05-01T00:00:00,,False,,False,0001-01-01T00:00:00,2515,0,,False,True,,,,filter,59.94149104166842,10.700639282332977,
89,1200,2008-12-01T00:00:00,,False,,False,0001-01-01T00:00:00,2839,0,,False,True,,,,filter,59.931389099603074,10.7866264661446,
0,1650,2005-09-01T00:00:00,,False,,False,0001-01-01T00:00:00,2710,3,,True,False,,,,filter,59.848535023664766,10.810694671991437,
2,680,2007-07-01T00:00:00,,False,,False,0001-01-01T00:00:00,2784,0,,False,True,,,,filter,59.92734355284941,10.785215093198797,
101,1200,2020-10-01T00:00:00,,False,,False,0001-01-01T00:00:00,100002456,0,,False,True,,,,filter,59.964503426183526,10.876277122549647,
16,1500,2011-02-01T00:00:00,,False,,False,0001-01-01T00:00:00,2723,0,,False,True,,,,filter,59.92251603195825,10.670581643131069,
0,1700,2014-05-01T00:00:00,,False,,False,0001-01-01T00:00:00,2922,0,,False,True,,,,filter,59.915353199151696,10.793604671009144,
96,1300,2024-03-01T00:00:00,,False,,False,0001-01-01T00:00:00,100005274,0,,False,True,,,,filter,59.88117193584265,10.7784149142367,
0,500,2025-04-14T00:00:00,,False,,False,0001-01-01T00:00:00,100006384,244,,True,False,,,,filter,59.96283102059187,10.786436459642136,
5,1100,2001-05-01T00:00:00,,False,,False,0001-01-01T00:00:00,2276,0,,False,True,,,,filter,59.861565791498364,10.803525224843272,
70,1100,2001-05-01T00:00:00,,False,,False,0001-01-01T00:00:00,2305,0,,False,True,,,,filter,59.89295884879965,10.848612716926208,
1,1500,2001-05-01T00:00:00,,False,,False,0001-01-01T00:00:00,2553,0,,False,True,,,,filter,59.92820798190016,10.732808995569755,
3,1450,2001-05-01T00:00:00,,False,,False,0001-01-01T00:00:00,2211,0,,False,True,,,,filter,59.93938104705927,10.762999101005244,
113,700,2018-09-01T00:00:00,,False,,False,0001-01-01T00:00:00,100001238,0,,False,True,,,,filter,59.835799159192504,10.7975335487882,
0,1950,2018-08-01T00:00:00,,False,,False,0001-01-01T00:00:00,100001114,93,,True,False,,,,filter,59.91873988020564,10.630612837817415,
3,1250,2023-07-15T00:00:00,,False,,False,0001-01-01T00:00:00,100004697,0,,False,True,,,,filter,59.9548945403931,10.77171229393727,
96,850,2019-06-01T00:00:00,,False,,False,0001-01-01T00:00:00,100001608,0,,False,True,,,,filter,59.8938735390926,10.840962271901853,
203,1300,2005-07-01T00:00:00,,False,,False,0001-01-01T00:00:00,2762,0,,False,True,,,,filter,59.87622628598819,10.785409226516007,
113,1200,2001-12-01T00:00:00,,False,,False,0001-01-01T00:00:00,2686,0,,False,True,,,,filter,59.931912180875145,10.881397198799085,
0,2180,2023-01-01T00:00:00,,False,,False,0001-01-01T00:00:00,100004151,107,,True,False,,,,filter,59.92847519461381,10.712264155391562,
206,1650,2013-08-01T00:00:00,,False,,False,0001-01-01T00:00:00,2750,0,,False,True,,,,filter,59.40859639701957,5.287415653715223,
0,1500,2019-08-01T00:00:00,,False,,False,0001-01-01T00:00:00,100001704,0,,False,True,,,,filter,59.91959552680402,10.767084184355678,
0,1000,2001-05-01T00:00:00,,False,,False,0001-01-01T00:00:00,2281,65,,True,False,,,,filter,59.90737866725422,10.810319532175956,
15,1200,2001-05-01T00:00:00,,False,,False,0001-01-01T00:00:00,2397,0,,False,True,,,,filter,59.92455834363559,10.75487475285547,
0,2050,2001-05-01T00:00:00,,False,,False,0001-01-01T00:00:00,2426,121,,True,False,,,,filter,59.94232905582875,10.760809110560501,
0,1600,2001-05-01T00:00:00,,False,,True,0001-01-01T00:00:00,2282,190,,True,False,,,,filter,59.93021772101986,10.800937806334284,
80,1000,2019-03-01T00:00:00,,False,,False,0001-01-01T00:00:00,100001478,0,,False,True,,,,filter,59.95049373564883,10.751295742532891,
36,1200,2018-07-01T00:00:00,,False,,False,0001-01-01T00:00:00,100001084,0,,False,True,,,,filter,59.88165483716021,10.790510776616628,
5,1800,2004-09-01T00:00:00,,False,,False,0001-01-01T00:00:00,2744,0,,False,True,,,,filter,59.911173341203124,10.80033233926963,
78,1500,2021-11-01T00:00:00,,False,,False,0001-01-01T00:00:00,100003158,0,,False,True,,,,filter,59.83565716289089,10.80978185599492,
29,1350,2022-09-01T00:00:00,,False,,False,0001-01-01T00:00:00,100003927,0,,False,True,,,,filter,59.909312843301166,10.78855349560556,
0,1200,2022-03-01T00:00:00,,False,,False,0001-01-01T00:00:00,100003415,9,,True,False,,,,filter,59.9406129341712,10.903055798919992,
4,1600,2021-08-01T00:00:00,,False,,False,0001-01-01T00:00:00,100002944,0,,False,True,,,,filter,59.936373059788856,10.777560750085351,
8,1400,2024-03-01T00:00:00,,False,,False,0001-01-01T00:00:00,100005291,0,,False,True,,,,filter,59.908459268088464,10.761252699593273,
0,2200,2001-05-01T00:00:00,,False,,False,0001-01-01T00:00:00,2316,37,,True,False,,,,filter,59.9077219312573,10.775068613538005,
17,1400,2024-08-01T00:00:00,,False,,False,0001-01-01T00:00:00,100005624,0,,False,True,,,,filter,59.934105675953894,10.789547620334602,
6,1750,2009-11-01T00:00:00,,False,,False,0001-01-01T00:00:00,2721,0,,False,True,,,,filter,59.90947023643454,10.764566431071776,
75,1200,2020-05-01T00:00:00,,False,,False,0001-01-01T00:00:00,100002212,0,,False,True,,,,filter,59.91080320196097,10.816273126747792,
3,1200,2025-05-01T00:00:00,,False,,False,0001-01-01T00:00:00,100006400,0,,False,True,,,,filter,59.928255188905844,10.732590364062453,
33,1080,2018-01-01T00:00:00,,False,,False,0001-01-01T00:00:00,100000859,0,,False,True,,,,filter,59.88406600916896,10.808914786079766,
173,1300,2009-09-01T00:00:00,,False,,False,0001-01-01T00:00:00,2848,0,,False,True,,,,filter,59.91193741607253,10.637114685845015,
1,1300,2002-09-01T00:00:00,,False,,False,0001-01-01T00:00:00,2740,0,,False,True,,,,filter,59.93392924635391,10.745208111435584,
0,1150,2020-10-01T00:00:00,,True,,True,0001-01-01T00:00:00,100002414,0,,False,False,,,,filter,59.946115635333996,10.759840268935278,
2,1400,2024-08-01T00:00:00,,False,,False,0001-01-01T00:00:00,100005598,0,,False,True,,,,filter,59.92649634143037,10.781049201948415,
72,1200,2014-04-01T00:00:00,,False,,False,0001-01-01T00:00:00,2951,0,,False,True,,,,filter,59.91752265314002,10.787844571018733,
4,1200,2017-10-01T00:00:00,,False,,False,0001-01-01T00:00:00,100000699,0,,False,True,,,,filter,59.86515839597532,10.813234171768862,
27,1000,2025-01-01T00:00:00,,False,,False,0001-01-01T00:00:00,100006047,0,,False,True,,,,filter,59.966390847806764,10.769437053465063,
17,1050,2024-05-01T00:00:00,,False,,False,0001-01-01T00:00:00,100005467,0,,False,True,,,,filter,59.908168380218406,10.766916715276842,
0,1000,2023-10-01T00:00:00,,False,,False,0001-01-01T00:00:00,100004962,227,,True,False,,,,filter,59.92891829035067,10.808552524777214,
0,1300,2018-04-01T00:00:00,,False,,False,0001-01-01T00:00:00,100000967,0,,False,True,,,,filter,59.89740434476684,10.803044178686436,
49,900,2023-12-01T00:00:00,,False,,False,0001-01-01T00:00:00,100005069,0,,False,True,,,,filter,59.94953230945079,10.731484152668333,
1,1900,2001-05-01T00:00:00,,False,,False,0001-01-01T00:00:00,2405,0,,False,True,,,,filter,59.92584783626555,10.765081384330001,
0,1150,2023-10-01T00:00:00,,True,,True,0001-01-01T00:00:00,100004937,226,,True,False,,,,filter,59.94624089879272,10.759233379719072,
0,1700,2001-05-01T00:00:00,,False,,False,0001-01-01T00:00:00,2587,631,,True,False,,,,filter,59.91660560371868,10.74530633935152,
0,2000,2023-03-23T00:00:00,,False,,False,0001-01-01T00:00:00,100004446,196,,True,False,,,,filter,59.95028341237839,10.868775511896787,
190,1500,2017-06-01T00:00:00,,False,,False,0001-01-01T00:00:00,100000574,0,,False,True,,,,filter,59.92258203613663,10.73896916429913,
0,1800,2001-05-01T00:00:00,,False,,False,0001-01-01T00:00:00,2366,131,,True,False,,,,filter,59.941452506927675,10.833232958446525,
50,1300,2018-01-01T00:00:00,,False,,False,0001-01-01T00:00:00,100000806,0,,False,True,,,,filter,59.92417149423278,10.726683850731842,
11,1300,2001-05-01T00:00:00,,False,,False,0001-01-01T00:00:00,2569,0,,False,True,,,,filter,59.91213233599212,10.63709394015624,
0,1500,2025-04-01T00:00:00,,False,,False,0001-01-01T00:00:00,100006311,99,,True,False,,,,filter,59.8335846934405,10.80527347039725,
0,2000,2001-05-01T00:00:00,,False,,False,0001-01-01T00:00:00,2284,53,,True,False,,,,filter,59.948626929741366,10.782981931805523,
0,1700,2011-02-01T00:00:00,,False,,True,0001-01-01T00:00:00,2657,9,,True,False,,,,filter,59.917169047243604,10.704600970575664,
0,1950,2001-05-01T00:00:00,,False,,False,0001-01-01T00:00:00,2393,4,,True,False,,,,filter,59.91963306497351,10.762028017765633,
0,2300,2023-02-01T00:00:00,,False,,False,0001-01-01T00:00:00,100004304,222,,True,False,,,,filter,59.93466918629229,10.71769503932722,
0,2500,2003-06-01T00:00:00,,False,,False,0001-01-01T00:00:00,2729,254,,True,False,,,,filter,59.89842025865022,10.813811252668552,
0,1000,2012-08-01T00:00:00,,False,,False,0001-01-01T00:00:00,2932,16,,True,False,,,,filter,59.9338419966706,10.878123166105366,
6,1000,2022-12-01T00:00:00,,False,,False,0001-01-01T00:00:00,100004082,0,,False,True,,,,filter,59.92093890999289,10.859806697608198,
15,900,2001-05-01T00:00:00,,False,,False,0001-01-01T00:00:00,2257,0,,False,True,,,,filter,59.954449222059964,10.74698227502271,
26,1200,2001-05-01T00:00:00,,False,,False,0001-01-01T00:00:00,2285,0,,False,True,,,,filter,59.92798352858369,10.785540919399647,
0,2200,2018-10-01T00:00:00,,False,,False,0001-01-01T00:00:00,100001284,176,,True,False,,,,filter,59.926092768045564,10.714565327219994,
10,1400,2023-11-01T00:00:00,,False,,False,0001-01-01T00:00:00,100005012,0,,False,True,,,,filter,59.91464096930567,10.708878083666404,
24,800,2013-12-01T00:00:00,,False,,False,0001-01-01T00:00:00,2724,0,,False,True,,,,filter,59.962699920977535,10.888132260079253,
60,1000,2023-09-01T00:00:00,,False,,False,0001-01-01T00:00:00,100004818,0,,False,True,,,,filter,59.947221081488266,10.80292343940137,
0,1400,2020-02-01T00:00:00,,False,,False,0001-01-01T00:00:00,100002011,115,,True,False,,,,filter,59.94856929114214,10.807646517991849,
171,800,2021-08-01T00:00:00,,False,,False,0001-01-01T00:00:00,100002899,0,,False,True,,,,filter,59.918262422289786,10.792821093267571,
34,1250,2011-05-01T00:00:00,,False,,False,0001-01-01T00:00:00,2910,0,,False,True,,,,filter,59.92418574911958,10.678073763894377,
0,1500,2011-04-01T00:00:00,,False,,False,0001-01-01T00:00:00,2889,4,,True,False,,,,filter,59.88133492544415,10.82234437758924,
7,1050,2002-03-01T00:00:00,,False,,False,0001-01-01T00:00:00,2444,0,,False,True,,,,filter,59.947296137415435,10.803281810299252,
0,2000,2001-05-01T00:00:00,,False,,False,0001-01-01T00:00:00,2467,113,,True,False,,,,filter,59.89745533910841,10.807809779555331,
0,1300,2002-07-01T00:00:00,,False,,False,0001-01-01T00:00:00,2387,162,,True,False,,,,filter,59.91292875496557,10.794197039067763,
338,850,2020-05-01T00:00:00,,False,,False,0001-01-01T00:00:00,100002187,0,,False,True,,,,filter,59.96410161832299,10.86993561190471,
0,1350,2018-09-01T00:00:00,,False,,False,0001-01-01T00:00:00,100001174,123,,True,False,,,,filter,59.91151388518775,10.793298005105896,
0,1500,2022-08-01T00:00:00,,False,,False,0001-01-01T00:00:00,100003670,137,,True,False,,,,filter,59.860469655828425,10.796522382869734,
0,2000,2025-01-01T00:00:00,,False,,False,0001-01-01T00:00:00,100006116,191,,True,False,,,,filter,59.910960299572565,10.762979788591919,
0,1300,2024-10-01T00:00:00,,False,,False,0001-01-01T00:00:00,100005877,163,,True,False,,,,filter,59.84854569133275,10.83800915517757,
0,1300,2022-06-01T00:00:00,,False,,False,0001-01-01T00:00:00,100003807,203,,True,False,,,,filter,59.847539899089206,10.812291330518969,
6,1350,2020-07-01T00:00:00,,False,,False,0001-01-01T00:00:00,100002265,0,,False,True,,,,filter,59.92972934279724,10.710190198706583,
0,1100,2024-03-01T00:00:00,,False,,False,0001-01-01T00:00:00,100005337,63,,True,False,,,,filter,59.956163917485796,10.767992687125558,
0,1000,2018-11-01T00:00:00,,False,,False,0001-01-01T00:00:00,100001296,179,,True,False,,,,filter,59.95834636075469,10.888411886643347,
0,1950,2019-04-01T00:00:00,,False,,False,0001-01-01T00:00:00,100001528,23,,True,False,,,,filter,59.93097131846904,10.776160648940605,
7,900,2014-12-01T00:00:00,,False,,False,0001-01-01T00:00:00,2960,0,,False,True,,,,filter,59.96386105905933,10.885767960058724,
0,1500,2023-06-01T00:00:00,,False,,False,0001-01-01T00:00:00,100004564,311,,True,False,,,,filter,59.91048805833094,10.74994896713925,
4,1200,2020-07-01T00:00:00,,False,,False,0001-01-01T00:00:00,100002274,0,,False,True,,,,filter,59.92545277895263,10.645219888361241,
0,1500,2018-12-01T00:00:00,,False,,False,0001-01-01T00:00:00,100001338,95,,True,False,,,,filter,59.92826461305201,10.714092599630757,
80,1100,2022-11-01T00:00:00,,False,,False,0001-01-01T00:00:00,100004037,0,,False,True,,,,filter,59.930766385371605,10.734397886036655,
89,1300,2020-12-01T00:00:00,,False,,False,0001-01-01T00:00:00,100002535,0,,False,True,,,,filter,59.92859515452924,10.728650990907479,
29,1200,2013-05-01T00:00:00,,False,,False,0001-01-01T00:00:00,2813,0,,False,True,,,,filter,59.91308950740535,10.746611737014165,
30,1500,2008-07-01T00:00:00,,False,,False,0001-01-01T00:00:00,2780,0,,False,True,,,,filter,59.91879896819153,10.745046637994292,
52,900,2025-02-01T00:00:00,,False,,False,0001-01-01T00:00:00,100006038,0,,False,True,,,,filter,59.89680156559712,10.806018047322159,
0,1900,2012-01-01T00:00:00,,False,,False,0001-01-01T00:00:00,2822,195,,True,False,,,,filter,59.90951980912745,10.761503996560077,
0,1200,2016-07-01T00:00:00,,False,,False,0001-01-01T00:00:00,100000027,49,,True,False,,,,filter,59.92886032843169,10.870391776958012,
0,800,2023-12-01T00:00:00,,False,,False,0001-01-01T00:00:00,100005050,242,,True,False,,,,filter,59.91651178404727,10.735990037129366,
0,1300,2014-05-01T00:00:00,,False,,False,0001-01-01T00:00:00,2916,30,,True,False,,,,filter,59.94408040908486,10.855847931874473,
0,1500,2020-03-01T00:00:00,,False,,False,0001-01-01T00:00:00,100002122,186,,True,False,,,,filter,59.907788176500496,10.765623941918086,
0,1250,2001-05-01T00:00:00,,False,,False,0001-01-01T00:00:00,2545,41,,True,False,,,,filter,59.924713932767695,10.676504410749148,
9,1300,2020-02-01T00:00:00,,False,,False,0001-01-01T00:00:00,100002022,0,,False,True,,,,filter,59.95249840570945,10.861826887436395,
0,1500,2004-07-01T00:00:00,,False,,False,0001-01-01T00:00:00,2778,5,,True,False,,,,filter,59.94422752699662,10.894639442745603,
0,1250,2024-08-01T00:00:00,,False,,False,0001-01-01T00:00:00,100005653,18,,True,False,,,,filter,60.05039221143574,10.865067272373121,
4,1700,2002-03-01T00:00:00,,False,,False,0001-01-01T00:00:00,2728,0,,False,True,,,,filter,59.95275798165406,10.760616893715577,
1,1200,2001-05-01T00:00:00,,False,,False,0001-01-01T00:00:00,2409,9,,True,False,,,,filter,59.935940179627345,10.775345667361604,
0,1000,2015-05-01T00:00:00,,False,,False,0001-01-01T00:00:00,2726,121,,True,False,,,,filter,59.9368859404479,10.773249305214199,
0,1500,2022-05-01T00:00:00,,False,,False,0001-01-01T00:00:00,100003528,14,,True,False,,,,filter,59.92235707276243,10.74732459515234,
0,1500,2001-05-01T00:00:00,,False,,False,0001-01-01T00:00:00,2202,461,,True,False,,,,filter,59.92667717079948,10.717375397491793,
0,1350,2001-05-01T00:00:00,,False,,False,0001-01-01T00:00:00,2259,16,,True,False,,,,filter,59.95366067878108,10.744121412932378,
0,1300,2001-05-01T00:00:00,,False,,False,0001-01-01T00:00:00,2369,68,,True,False,,,,filter,59.94580860344969,10.844978454428952,
61,1000,2021-06-01T00:00:00,,False,,False,0001-01-01T00:00:00,100002827,0,,False,True,,,,filter,59.936562861968596,10.75432744382993,
8,1150,2003-09-01T00:00:00,,False,,False,0001-01-01T00:00:00,2743,0,,False,True,,,,filter,59.95343331917445,10.762561536119813,
93,1950,2001-05-01T00:00:00,,False,,False,0001-01-01T00:00:00,2268,0,,False,True,,,,filter,59.877468442126876,10.793073549347477,
0,1400,2025-02-01T00:00:00,,False,,False,0001-01-01T00:00:00,100006180,121,,True,False,,,,filter,59.94647385933218,10.73087389956447,
0,1200,2021-09-01T00:00:00,,False,,False,0001-01-01T00:00:00,100002988,213,,True,False,,,,filter,59.95009533951574,10.90045207988796,
9,1500,2001-05-01T00:00:00,,False,,False,0001-01-01T00:00:00,2508,0,,False,True,,,,filter,59.91328493148486,10.843992912854388,
5,1800,2019-04-01T00:00:00,,False,,False,0001-01-01T00:00:00,100001559,0,,False,True,,,,filter,59.92034634888314,10.729678470239334,
56,1250,2010-01-01T00:00:00,,False,,False,0001-01-01T00:00:00,2891,0,,False,True,,,,filter,59.96141810107491,10.904140072690234,
0,1500,2021-08-16T00:00:00,,False,,False,0001-01-01T00:00:00,100002984,77,,True,False,,,,filter,59.92090150416225,10.677302156270205,
5,1200,2022-01-01T00:00:00,,False,,False,0001-01-01T00:00:00,100003211,0,,False,True,,,,filter,59.97368220044694,10.92982576009665,
82,1200,2023-01-01T00:00:00,,False,,False,0001-01-01T00:00:00,100004167,0,,False,True,,,,filter,59.93030304125245,10.8822894235928,
0,1300,2024-01-01T00:00:00,,False,,False,0001-01-01T00:00:00,100005128,251,,True,False,,,,filter,59.86842787989316,10.79567416650924,
0,1350,2025-07-01T00:00:00,,False,,False,0001-01-01T00:00:00,100006522,43,,True,False,,,,filter,59.86676865459932,10.79409410743201,
0,1450,2018-07-01T00:00:00,,False,,False,0001-01-01T00:00:00,100001096,2,,True,False,,,,filter,59.858174929317414,10.793586749459829,
25,1000,2001-05-01T00:00:00,,False,,False,0001-01-01T00:00:00,2286,0,,False,True,,,,filter,59.90943072050548,10.807144163230165,
127,570,2011-06-01T00:00:00,,False,,False,0001-01-01T00:00:00,2819,0,,False,True,,,,filter,59.89674537515876,10.843331350217433,
0,1200,2023-08-01T00:00:00,,False,,False,0001-01-01T00:00:00,100004708,11,,True,False,,,,filter,59.96412989779622,10.776158361475357,
0,950,2001-05-01T00:00:00,,False,,False,0001-01-01T00:00:00,2196,55,,True,False,,,,filter,59.84558704507912,10.81662400902433,
0,1500,2012-11-01T00:00:00,,False,,False,0001-01-01T00:00:00,2896,210,,True,False,,,,filter,59.94202055514071,10.890955765813347,
2,1000,2019-05-01T00:00:00,,False,,False,0001-01-01T00:00:00,100001579,0,,False,True,,,,filter,59.950016453991324,10.75103295875977,
25,1400,2020-09-01T00:00:00,,False,,False,0001-01-01T00:00:00,100002350,0,,False,True,,,,filter,59.92740035708697,10.728343363728396,
0,1600,2025-09-01T00:00:00,,False,,False,0001-01-01T00:00:00,100006587,8,,True,False,,,,filter,59.934877633629796,10.78071908562327,
0,2000,2001-05-01T00:00:00,,False,,False,0001-01-01T00:00:00,2581,74,,True,False,,,,filter,59.92076861511516,10.749451253677853,
0,1500,2021-07-01T00:00:00,,False,,False,0001-01-01T00:00:00,100002858,83,,True,False,,,,filter,59.90338547686989,10.836815901140524,
83,1200,2024-07-01T00:00:00,,False,,False,0001-01-01T00:00:00,100005560,0,,False,True,,,,filter,60.46768201868317,8.46905262704644,
330,1100,2013-04-01T00:00:00,,False,,False,0001-01-01T00:00:00,2929,0,,False,True,,,,filter,59.92827550093685,10.740919010390927,
0,920,2022-03-01T00:00:00,,True,,True,0001-01-01T00:00:00,100003382,0,,False,False,,,,filter,59.951162029835885,10.764158978907687,
0,1150,2015-04-01T00:00:00,,False,,False,0001-01-01T00:00:00,2883,220,,True,False,,,,filter,59.924929986460334,10.71966370003775,
37,1500,2004-11-01T00:00:00,,False,,False,0001-01-01T00:00:00,2702,0,,False,True,,,,filter,59.83515314616314,10.790171716164155,
10,1300,2022-01-01T00:00:00,,False,,False,0001-01-01T00:00:00,100003224,0,,False,True,,,,filter,59.92882938115204,10.751896147895168,
12,1350,2019-08-01T00:00:00,,False,,False,0001-01-01T00:00:00,100001693,0,,False,True,,,,filter,59.92355246862416,10.75617193043937,
26,1075,2022-03-21T00:00:00,,False,,False,0001-01-01T00:00:00,100003460,0,,False,True,,,,filter,59.88326971172645,10.813595868316561,
376,1800,2009-10-01T00:00:00,,False,,False,0001-01-01T00:00:00,2888,0,,False,True,,,,filter,59.846891373957554,10.825132741553876,
0,1900,2002-07-01T00:00:00,,False,,False,0001-01-01T00:00:00,2735,65,,True,False,,,,filter,59.95106076896532,10.863164793006176,
50,1200,2014-10-01T00:00:00,,False,,False,0001-01-01T00:00:00,2918,0,,False,True,,,,filter,59.91491868917955,10.813019736336381,
0,1350,2025-04-01T00:00:00,,False,,False,0001-01-01T00:00:00,100006312,202,,True,False,,,,filter,59.83210671175367,10.793466967646783,
0,1200,2024-12-01T00:00:00,,False,,False,0001-01-01T00:00:00,100006018,618,,True,False,,,,filter,59.96474790554497,10.906081402074863,
0,1500,2022-06-01T00:00:00,,False,,False,0001-01-01T00:00:00,100003557,126,,True,False,,,,filter,59.93825053977246,10.762304678856614,
13,1250,2023-08-01T00:00:00,,False,,False,0001-01-01T00:00:00,100004658,0,,False,True,,,,filter,59.92003696131824,10.861129584057554,
38,1100,2023-10-01T00:00:00,,False,,False,0001-01-01T00:00:00,100004957,0,,False,True,,,,filter,60.47452848258788,8.474804578202974,
0,2000,2019-12-01T00:00:00,,False,,False,0001-01-01T00:00:00,100001922,1018,,True,False,,,,filter,59.92507370553283,10.722798633398789,
14,1700,2013-08-01T00:00:00,,False,,False,0001-01-01T00:00:00,2901,0,,False,True,,,,filter,59.940944149854346,10.778177388351287,
60,1500,2020-09-01T00:00:00,,False,,False,0001-01-01T00:00:00,100002343,0,,False,True,,,,filter,59.89694635886315,10.808653946825848,
23,1300,2008-11-01T00:00:00,,False,,False,0001-01-01T00:00:00,2826,0,,False,True,,,,filter,59.927573624532094,10.782633492759283,
10,1250,2018-12-01T00:00:00,,False,,False,0001-01-01T00:00:00,100001367,0,,False,True,,,,filter,59.96373541178969,10.90712925112941,
0,1200,2013-07-01T00:00:00,,False,,False,0001-01-01T00:00:00,2868,121,,True,False,,,,filter,59.966655569640785,10.904342586122523,
0,1300,2021-09-01T00:00:00,,False,,False,0001-01-01T00:00:00,100003030,128,,True,False,,,,filter,59.83625818092604,10.787608538381434,
111,1400,2020-01-01T00:00:00,,False,,False,0001-01-01T00:00:00,100001985,0,,False,True,,,,filter,59.92867826721995,10.747634144316406,
0,1250,2010-09-01T00:00:00,,False,,False,0001-01-01T00:00:00,2388,189,,True,False,,,,filter,59.96389721039001,10.912791664461526,
0,2150,2012-02-01T00:00:00,,False,,False,0001-01-01T00:00:00,2458,187,,True,False,,,,filter,59.92645229436323,10.71109059956878,
61,975,2005-10-01T00:00:00,,False,,False,0001-01-01T00:00:00,2725,0,,False,True,,,,filter,59.92135229205103,10.852280931880186,
0,1450,2019-06-01T00:00:00,,False,,False,0001-01-01T00:00:00,100001632,79,,True,False,,,,filter,59.92584056042844,10.711053583943078,
45,1500,2023-09-01T00:00:00,,False,,False,0001-01-01T00:00:00,100004809,0,,False,True,,,,filter,59.87775854661798,10.792767658083456,
0,550,2025-10-02T00:00:00,,False,,False,0001-01-01T00:00:00,100006781,46,,True,False,,,,filter,59.920545485517586,10.67188617470668,
5,1800,2006-04-01T00:00:00,,False,,False,0001-01-01T00:00:00,2801,0,,False,True,,,,filter,59.94550993495215,10.829134962813862,
0,1050,2018-09-01T00:00:00,,False,,False,0001-01-01T00:00:00,100001269,51,,True,False,,,,filter,59.92287368313865,10.682749345003874,
328,1400,2017-06-01T00:00:00,,False,,False,0001-01-01T00:00:00,100000486,0,,False,True,,,,filter,59.92670560182658,10.670588029257926,
0,1450,2001-05-01T00:00:00,,False,,False,0001-01-01T00:00:00,2260,39,,True,False,,,,filter,59.95610943934338,10.755153168069166,
22,650,2024-01-01T00:00:00,,False,,False,0001-01-01T00:00:00,100005135,0,,False,True,,,,filter,59.873414680883265,10.841158989126024,
0,1200,2025-07-01T00:00:00,,False,,False,0001-01-01T00:00:00,100006568,205,,True,False,,,,filter,59.952915392785705,10.774828427359969,
68,1000,2008-03-01T00:00:00,,False,,False,0001-01-01T00:00:00,2763,0,,False,True,,,,filter,59.922030131170175,10.862406513846105,
198,1200,2017-07-01T00:00:00,,False,,False,0001-01-01T00:00:00,100000529,0,,False,True,,,,filter,59.94202184731545,10.828972139222298,
0,1400,2013-03-01T00:00:00,,False,,False,0001-01-01T00:00:00,2937,39,,True,False,,,,filter,59.93905209262855,10.799161008723193,
57,1600,2014-11-01T00:00:00,,False,,False,0001-01-01T00:00:00,2860,0,,False,True,,,,filter,59.93073053139691,10.677696004839017,
7,1150,2006-02-01T00:00:00,,False,,False,0001-01-01T00:00:00,2805,0,,False,True,,,,filter,59.920379128667776,10.748203915056429,
74,1200,2001-05-01T00:00:00,,False,,False,0001-01-01T00:00:00,2288,0,,False,True,,,,filter,59.912882180960246,10.77417695230742,
35,1380,2018-09-01T00:00:00,,False,,False,0001-01-01T00:00:00,100001237,0,,False,True,,,,filter,59.85109188521821,10.812379290734755,
0,1400,2012-12-01T00:00:00,,False,,False,0001-01-01T00:00:00,2874,159,,True,False,,,,filter,59.96478142555581,10.88546180118692,
0,1500,2021-01-01T00:00:00,,False,,False,0001-01-01T00:00:00,100002577,118,,True,False,,,,filter,59.944117786531706,10.649982568869914,
0,1100,2021-04-01T00:00:00,,False,,False,0001-01-01T00:00:00,100002714,27,,True,False,,,,filter,59.914517468907135,10.797207119913589,
2,1200,2020-02-01T00:00:00,,False,,True,0001-01-01T00:00:00,100002019,0,,False,True,,,,filter,59.92991619371735,10.803928398430994,
0,1500,2020-07-01T00:00:00,,False,,False,0001-01-01T00:00:00,100002273,261,,True,False,,,,filter,59.948093824360896,10.65002782929809,
0,1400,2022-12-01T00:00:00,,False,,False,0001-01-01T00:00:00,100004132,200,,True,False,,,,filter,59.8823884399682,10.851970714039167,
0,1500,2019-09-01T00:00:00,,False,,False,0001-01-01T00:00:00,100001738,240,,True,False,,,,filter,59.91501574621958,10.765198823908436,
0,900,2023-05-01T00:00:00,,False,,False,0001-01-01T00:00:00,100004527,213,,True,False,,,,filter,59.8742135871901,10.809150765381707,
0,700,2025-01-20T00:00:00,,False,,False,0001-01-01T00:00:00,100006163,12,,True,False,,,,filter,59.948204313158676,10.728115328980268,
50,1300,2001-05-01T00:00:00,,False,,False,0001-01-01T00:00:00,2272,0,,False,True,,,,filter,59.87820208196777,10.789462278849824,
86,1400,2010-04-01T00:00:00,,False,,False,0001-01-01T00:00:00,2659,0,,False,True,,,,filter,59.86094961419011,10.801917197391088,
144,1300,2001-05-01T00:00:00,,False,,False,0001-01-01T00:00:00,2434,0,,False,True,,,,filter,59.87836055239199,10.78331408953715,
7,1200,2023-08-01T00:00:00,,False,,False,0001-01-01T00:00:00,100004608,0,,False,True,,,,filter,59.858883389689275,10.79250890122894,
0,460,2010-02-01T00:00:00,,True,,True,0001-01-01T00:00:00,2838,0,,False,False,,,,filter,59.948034685225096,10.765497490849443,
31,1000,2018-08-01T00:00:00,,False,,False,0001-01-01T00:00:00,100001098,0,,False,True,,,,filter,59.85651265174792,10.813906403226495,
20,1500,2012-02-01T00:00:00,,False,,False,0001-01-01T00:00:00,2905,0,,False,True,,,,filter,59.870794945126605,10.814825459560234,
146,1300,2023-01-01T00:00:00,,False,,False,0001-01-01T00:00:00,100004302,0,,False,True,,,,filter,59.939010448052365,10.773100572031785,
0,1000,2023-12-01T00:00:00,,False,,False,0001-01-01T00:00:00,100005073,407,,True,False,,,,filter,59.95289074524806,10.86104055171032,
34,1300,2018-05-01T00:00:00,,False,,False,0001-01-01T00:00:00,100001004,0,,False,True,,,,filter,59.870424496337066,10.843762560918265,
97,1300,2009-12-01T00:00:00,,False,,False,0001-01-01T00:00:00,2886,0,,False,True,,,,filter,59.872668681304425,10.847962809863759,
0,1150,2019-01-01T00:00:00,,True,,True,0001-01-01T00:00:00,100001384,328,,True,False,,,,filter,59.947794555377946,10.76238252273292,
0,950,2025-01-01T00:00:00,,False,,False,0001-01-01T00:00:00,100006063,0,,False,True,,,,filter,59.932304471361114,10.746386432963178,
19,1000,2002-11-01T00:00:00,,False,,False,0001-01-01T00:00:00,2681,0,,False,True,,,,filter,59.931497386219135,10.883998592911793,
2,1250,2022-01-01T00:00:00,,False,,False,0001-01-01T00:00:00,100003261,0,,False,True,,,,filter,59.88825662186922,10.809844987547983,
28,1300,2026-02-01T00:00:00,,False,,False,0001-01-01T00:00:00,100006886,0,,False,True,,,,filter,59.926579656189084,10.753905977698423,
0,800,2013-02-01T00:00:00,,False,,False,0001-01-01T00:00:00,2935,5,,True,False,,,,filter,59.96635646955367,10.889626319010715,
9,1220,2020-05-01T00:00:00,,False,,False,0001-01-01T00:00:00,100002191,0,,False,True,,,,filter,59.94393279861328,10.91762728166969,
0,1800,2014-02-01T00:00:00,,False,,False,0001-01-01T00:00:00,2791,368,,True,False,,,,filter,59.91435600503424,10.7560616797551,
0,900,2019-12-01T00:00:00,,False,,False,0001-01-01T00:00:00,100001930,68,,True,False,,,,filter,59.884867517138886,10.844004036437434,
0,900,2022-12-01T00:00:00,,False,,False,0001-01-01T00:00:00,100004099,189,,True,False,,,,filter,59.952887502644906,10.860039927259455,
0,1500,2012-09-01T00:00:00,,False,,False,0001-01-01T00:00:00,2824,22,,True,False,,,,filter,59.92238700597157,10.765939197154633,
5,750,2017-09-01T00:00:00,,False,,False,0001-01-01T00:00:00,100000614,0,,False,True,,,,filter,59.92223672521896,10.74472991520264,
0,2000,2024-12-01T00:00:00,,False,,False,0001-01-01T00:00:00,100005994,182,,True,False,,,,filter,59.923909982253846,10.772816613377572,
113,1400,2020-11-01T00:00:00,,False,,False,0001-01-01T00:00:00,100002499,0,,False,True,,,,filter,59.89839867542261,10.808148759890166,
0,700,2004-03-01T00:00:00,,False,,False,0001-01-01T00:00:00,2769,4,,True,False,,,,filter,59.92515652070181,10.73726539959702,
49,1400,2023-09-01T00:00:00,,False,,False,0001-01-01T00:00:00,100004729,0,,False,True,,,,filter,59.92258116692678,10.677228419988333,
0,1650,2019-12-01T00:00:00,,False,,False,0001-01-01T00:00:00,100001939,85,,True,False,,,,filter,59.94497477708639,10.650723084585717,
1,1000,2026-02-01T00:00:00,,False,,False,0001-01-01T00:00:00,100006995,0,,False,True,,,,filter,59.90931451135358,10.81549467647908,
3,1100,2024-04-01T00:00:00,,False,,False,0001-01-01T00:00:00,100005397,0,,False,True,,,,filter,59.93579682596335,10.701677756579237,
0,1600,2010-05-01T00:00:00,,False,,False,0001-01-01T00:00:00,2783,12,,True,False,,,,filter,59.836658122600326,10.804364413120489,
89,1340,2014-08-01T00:00:00,,False,,False,0001-01-01T00:00:00,2950,0,,False,True,,,,filter,59.910569913191665,10.786914150107737,
112,850,2001-05-01T00:00:00,,False,,False,0001-01-01T00:00:00,2418,0,,False,True,,,,filter,59.93982770408178,10.779006982822743,
48,1000,2021-06-01T00:00:00,,False,,False,0001-01-01T00:00:00,100002826,0,,False,True,,,,filter,59.93686433569813,10.76270985776422,
72,800,2020-05-01T00:00:00,,False,,False,0001-01-01T00:00:00,100002214,0,,False,True,,,,filter,59.970031875079876,10.76907332437905,
0,1400,2001-05-01T00:00:00,,False,,False,0001-01-01T00:00:00,2367,45,,True,False,,,,filter,60.46829131817431,8.465693535078172,
16,1400,2001-05-01T00:00:00,,False,,True,0001-01-01T00:00:00,2584,0,,False,True,,,,filter,59.91849466044146,10.707582061744993,
5,1250,2010-12-01T00:00:00,,False,,False,0001-01-01T00:00:00,2884,0,,False,True,,,,filter,59.94706753350034,10.76896003825236,
0,920,2020-10-01T00:00:00,,True,,True,0001-01-01T00:00:00,100002415,0,,False,False,,,,filter,59.95056776870885,10.765255778441587,
0,1300,2001-05-01T00:00:00,,False,,False,0001-01-01T00:00:00,2241,13,,True,False,,,,filter,59.870536668644384,10.848423353185908,
0,1800,2018-07-01T00:00:00,,False,,False,0001-01-01T00:00:00,100001068,103,,True,False,,,,filter,59.966428189746466,10.772865197908244,
10,2000,2004-03-01T00:00:00,,False,,False,0001-01-01T00:00:00,2772,0,,False,True,,,,filter,59.915267312217985,10.734623461732271,
2,1600,2008-07-01T00:00:00,,False,,False,0001-01-01T00:00:00,2756,0,,False,True,,,,filter,59.9431834706741,10.6476179927555,
20,1200,2001-05-01T00:00:00,,False,,False,0001-01-01T00:00:00,2476,0,,False,True,,,,filter,59.88388232569217,10.846981442183198,
40,1600,2012-04-01T00:00:00,,False,,False,0001-01-01T00:00:00,2809,0,,False,True,,,,filter,59.93744010555894,10.773329364781125,
43,635,2011-05-01T00:00:00,,False,,False,0001-01-01T00:00:00,2773,0,,False,True,,,,filter,59.9462015247279,10.770845154973054,
0,1600,2001-05-01T00:00:00,,False,,False,0001-01-01T00:00:00,2205,128,,True,False,,,,filter,59.93134368755763,10.73336854034484,
115,1800,2020-02-01T00:00:00,,False,,True,0001-01-01T00:00:00,100002024,0,,False,True,,,,filter,59.91335411493975,10.71297303628498,
20,1500,2001-05-01T00:00:00,,False,,False,0001-01-01T00:00:00,2383,0,,False,True,,,,filter,59.92501980792862,10.727855557303554,
34,1000,2006-09-01T00:00:00,,False,,False,0001-01-01T00:00:00,2610,0,,False,True,,,,filter,59.935178013266324,10.879253650892108,
68,1600,2020-10-01T00:00:00,,False,,False,0001-01-01T00:00:00,100002458,0,,False,True,,,,filter,59.938078464013536,10.773630277933362,
0,1400,2001-05-01T00:00:00,,False,,False,0001-01-01T00:00:00,2223,69,,True,False,,,,filter,59.91757125138084,10.71526393319887,
42,1350,2001-05-01T00:00:00,,False,,False,0001-01-01T00:00:00,2382,0,,False,True,,,,filter,59.92965073817177,10.727185028815576,
406,1650,2014-02-01T00:00:00,,False,,False,0001-01-01T00:00:00,2948,0,,False,True,,,,filter,59.9476180444238,10.697542684206832,
12,1350,2001-05-01T00:00:00,,False,,False,0001-01-01T00:00:00,2535,0,,False,True,,,,filter,59.9302647324149,10.715226383543923,
91,1200,2021-08-15T00:00:00,,False,,False,0001-01-01T00:00:00,100002968,0,,False,True,,,,filter,59.883363183969124,10.785401638406768,
0,2500,2001-05-01T00:00:00,,False,,True,0001-01-01T00:00:00,2218,98,,True,False,,,,filter,59.91350048302172,10.709527588194305,
394,1800,2018-09-01T00:00:00,,False,,False,0001-01-01T00:00:00,100001219,0,,False,True,,,,filter,59.917114980938166,10.783923390309804,
354,1200,2011-05-01T00:00:00,,False,,False,0001-01-01T00:00:00,2807,0,,False,True,,,,filter,59.90951133940948,10.742763920092877,
0,2300,2001-05-01T00:00:00,,False,,False,0001-01-01T00:00:00,2234,190,,True,False,,,,filter,59.95149095587941,10.725858067701923,
55,1100,2006-04-01T00:00:00,,False,,False,0001-01-01T00:00:00,2680,0,,False,True,,,,filter,59.92101354811878,10.673182502870208,
16,1500,2021-10-01T00:00:00,,False,,False,0001-01-01T00:00:00,100003109,0,,False,True,,,,filter,59.93434387701833,10.706022777679623,
105,1200,2021-11-01T00:00:00,,False,,False,0001-01-01T00:00:00,100003126,0,,False,True,,,,filter,59.930109294003245,10.784325751318562,
0,1700,2001-05-01T00:00:00,,False,,False,0001-01-01T00:00:00,2582,62,,True,False,,,,filter,59.918924997012724,10.750128369870149,
0,1900,2018-03-01T00:00:00,,False,,False,0001-01-01T00:00:00,100000928,347,,True,False,,,,filter,59.91479806044952,10.744606620817768,
0,1500,2021-01-01T00:00:00,,False,,False,0001-01-01T00:00:00,100002568,160,,True,False,,,,filter,59.927861166515264,10.796266526363931,
0,1500,2009-04-01T00:00:00,,False,,False,0001-01-01T00:00:00,2760,37,,True,False,,,,filter,59.83907024993636,10.793974305713501,
5,1200,2023-08-01T00:00:00,,False,,False,0001-01-01T00:00:00,100004651,0,,False,True,,,,filter,59.41288907578838,5.294155636695927,
51,1000,2019-07-01T00:00:00,,False,,False,0001-01-01T00:00:00,100001646,0,,False,True,,,,filter,59.92084929982142,10.734923217841006,
55,850,2024-02-01T00:00:00,,False,,False,0001-01-01T00:00:00,100005170,0,,False,True,,,,filter,59.94928683368409,10.780531617267439,
110,1100,2019-10-01T00:00:00,,False,,False,0001-01-01T00:00:00,100001853,0,,False,True,,,,filter,59.883850505960055,10.84530893348127,
0,2000,2001-05-01T00:00:00,,False,,False,0001-01-01T00:00:00,2335,124,,True,False,,,,filter,59.91180872689216,10.743778392446348,
0,2200,2022-09-01T00:00:00,,False,,False,0001-01-01T00:00:00,100003855,303,,True,False,,,,filter,59.93399810034228,10.70444508326022,
56,1100,2014-02-01T00:00:00,,False,,False,0001-01-01T00:00:00,2908,0,,False,True,,,,filter,59.91389419045523,10.772344700948992,
0,1650,2001-05-01T00:00:00,,False,,False,0001-01-01T00:00:00,2236,227,,True,False,,,,filter,59.41026228662629,5.281034502516847,
0,500,2025-09-01T00:00:00,,False,,False,0001-01-01T00:00:00,100006658,122,,True,False,,,,filter,59.951626079984436,10.732646805607272,
173,1100,2014-03-01T00:00:00,,False,,False,0001-01-01T00:00:00,2949,0,,False,True,,,,filter,59.94363377021767,10.693019952896487,
0,825,2023-01-01T00:00:00,,False,,False,0001-01-01T00:00:00,100004176,8,,True,False,,,,filter,59.941288834239465,10.777002548349792,
103,700,2014-09-01T00:00:00,,False,,False,0001-01-01T00:00:00,2782,0,,False,True,,,,filter,59.835373132647675,10.792320149884494,
0,1200,2025-04-01T00:00:00,,False,,False,0001-01-01T00:00:00,100006243,251,,True,False,,,,filter,59.93998865557689,10.77530933367333,
0,1600,2001-05-01T00:00:00,,False,,False,0001-01-01T00:00:00,2533,10,,True,False,,,,filter,59.92280538865996,10.640418782963485,
0,1100,2014-02-01T00:00:00,,False,,False,0001-01-01T00:00:00,2940,221,,True,False,,,,filter,59.911373770927405,10.795828687184432,
87,1800,2019-06-01T00:00:00,,False,,False,0001-01-01T00:00:00,100001639,0,,False,True,,,,filter,59.94430817253615,10.798256426142933,
8,1200,2014-02-01T00:00:00,,False,,False,0001-01-01T00:00:00,2298,0,,False,True,,,,filter,59.93208923691931,10.886458185174233,
0,1300,2019-08-01T00:00:00,,False,,False,0001-01-01T00:00:00,100001706,164,,True,False,,,,filter,59.92541347003086,10.681125977647799,
0,1450,2001-05-01T00:00:00,,False,,False,0001-01-01T00:00:00,2275,58,,True,False,,,,filter,59.857576065288406,10.814972744667271,
1,1470,2001-05-01T00:00:00,,False,,False,0001-01-01T00:00:00,2263,0,,False,True,,,,filter,59.86249308715588,10.803187107377775,
2,200,2001-05-01T00:00:00,,False,,False,0001-01-01T00:00:00,2416,0,,False,True,,,,filter,59.947088655790594,10.773683313813947,
33,1600,2013-07-01T00:00:00,,False,,False,0001-01-01T00:00:00,2941,0,,False,True,,,,filter,59.83782891486121,10.79911478191321,
97,1300,2017-03-01T00:00:00,,False,,False,0001-01-01T00:00:00,100000394,0,,False,True,,,,filter,59.94870642978643,10.64096510111635,
0,1500,2023-07-01T00:00:00,,False,,False,0001-01-01T00:00:00,100004623,27,,True,False,,,,filter,59.94528245416586,10.728547655516767,
1,1450,2021-05-01T00:00:00,,False,,False,0001-01-01T00:00:00,100002790,0,,False,True,,,,filter,59.93413638986933,10.667235687603227,
0,1350,2012-09-01T00:00:00,,True,,True,0001-01-01T00:00:00,2917,429,,True,False,,,,filter,59.94831908831846,10.761701961244258,
3,1000,2019-10-01T00:00:00,,False,,False,0001-01-01T00:00:00,100001874,0,,False,True,,,,filter,59.923566063359175,10.684119682844774,
0,1210,2001-05-01T00:00:00,,False,,False,0001-01-01T00:00:00,2352,50,,True,False,,,,filter,59.96552217776027,10.911270007613634,
73,1100,2018-01-01T00:00:00,,False,,False,0001-01-01T00:00:00,100000805,0,,False,True,,,,filter,59.931770752036336,10.672012141783743,
21,1950,2012-01-01T00:00:00,,False,,False,0001-01-01T00:00:00,2885,0,,False,True,,,,filter,59.92219345581795,10.679589006325193,
19,1300,2001-05-01T00:00:00,,False,,False,0001-01-01T00:00:00,2618,0,,False,True,,,,filter,59.87918104850619,10.7909558255671,
67,1500,2011-07-01T00:00:00,,False,,False,0001-01-01T00:00:00,2794,0,,False,True,,,,filter,59.95570998580708,10.662097282340426,
160,1200,2009-02-01T00:00:00,,False,,False,0001-01-01T00:00:00,2711,0,,False,True,,,,filter,59.944800360427635,10.914988217156882,
36,1150,2001-05-01T00:00:00,,False,,False,0001-01-01T00:00:00,2290,0,,False,True,,,,filter,59.91113837005427,10.812261157463228,
41,1060,2025-07-01T00:00:00,,False,,False,0001-01-01T00:00:00,100006504,0,,False,True,,,,filter,59.87458638482868,10.816775796925171,
9,1700,2025-06-01T00:00:00,,False,,False,0001-01-01T00:00:00,100006453,0,,False,True,,,,filter,59.91132766162779,10.786238825827615,
94,1150,2023-03-01T00:00:00,,False,,False,0001-01-01T00:00:00,100004278,0,,False,True,,,,filter,59.87659705989653,10.8077444502567,
4,1300,2001-05-01T00:00:00,,False,,False,0001-01-01T00:00:00,2517,0,,False,True,,,,filter,59.94478121427353,10.696986054154479,
53,1000,2014-04-01T00:00:00,,False,,False,0001-01-01T00:00:00,2887,0,,False,True,,,,filter,59.97548778509512,10.923397676896258,
12,1400,2017-04-01T00:00:00,,False,,False,0001-01-01T00:00:00,100000480,0,,False,True,,,,filter,59.927145211580196,10.761776877092853,
0,1200,2022-06-01T00:00:00,,False,,False,0001-01-01T00:00:00,100003573,59,,True,False,,,,filter,59.91413508654149,10.80759085099344,
10,1650,2015-11-01T00:00:00,,False,,False,0001-01-01T00:00:00,2854,0,,False,True,,,,filter,59.92670431057695,10.67802472686282,
47,635,2019-09-01T00:00:00,,False,,False,0001-01-01T00:00:00,100001785,0,,False,True,,,,filter,59.945586209594325,10.775335753141576,
0,1250,2001-06-01T00:00:00,,False,,False,0001-01-01T00:00:00,2675,59,,True,False,,,,filter,59.920634146563664,10.74656066533092,
0,1100,2024-10-01T00:00:00,,False,,False,0001-01-01T00:00:00,100005876,15,,True,False,,,,filter,59.89799717166566,10.808622562693184,
38,1500,2021-12-01T00:00:00,,False,,False,0001-01-01T00:00:00,100003216,0,,False,True,,,,filter,59.931213113560105,10.745957454231297,
5,1650,2011-07-01T00:00:00,,False,,False,0001-01-01T00:00:00,2718,0,,False,True,,,,filter,59.411825760329265,5.28756108106665,
3,1600,2012-04-01T00:00:00,,False,,False,0001-01-01T00:00:00,2708,0,,False,True,,,,filter,59.92847227160778,10.712934023956068,
0,1400,2007-02-01T00:00:00,,False,,False,0001-01-01T00:00:00,2755,143,,True,False,,,,filter,59.93304592558978,10.717239062549098,
111,1550,2019-05-01T00:00:00,,False,,False,0001-01-01T00:00:00,100001595,0,,False,True,,,,filter,59.92483212889145,10.756332021381484,
98,2500,2015-09-01T00:00:00,,False,,False,0001-01-01T00:00:00,2654,0,,False,True,,,,filter,59.944468465801855,10.83440166998924,
0,2000,2001-06-01T00:00:00,,False,,False,0001-01-01T00:00:00,2677,487,,True,False,,,,filter,59.82880251306287,10.830884156670473,
9,960,2022-08-01T00:00:00,,False,,False,0001-01-01T00:00:00,100003731,0,,False,True,,,,filter,59.92521459286306,10.861355936447355,
0,950,2001-05-01T00:00:00,,False,,False,0001-01-01T00:00:00,2198,44,,True,False,,,,filter,59.921956441808334,10.674284376795756,
22,850,2017-05-01T00:00:00,,False,,False,0001-01-01T00:00:00,100000452,0,,False,True,,,,filter,59.967180499011974,10.895858178849053,
0,1500,2021-10-01T00:00:00,,False,,False,0001-01-01T00:00:00,100003038,1,,True,False,,,,filter,59.946020134060795,10.659814185681446,
0,1250,2026-01-01T00:00:00,,False,,False,0001-01-01T00:00:00,100006918,158,,True,False,,,,filter,59.94124519299671,10.753123789723135,
0,1500,2012-01-01T00:00:00,,False,,False,0001-01-01T00:00:00,2893,640,,True,False,,,,filter,59.913789942913844,10.764721000400362,
0,1200,2019-10-01T00:00:00,,False,,False,0001-01-01T00:00:00,100001830,56,,True,False,,,,filter,59.96226034877601,10.912673580246953,
0,1300,2001-05-01T00:00:00,,False,,False,0001-01-01T00:00:00,2340,216,,True,False,,,,filter,59.94954944857887,10.911406347261584,
0,1300,2001-05-01T00:00:00,,False,,False,0001-01-01T00:00:00,2531,54,,True,False,,,,filter,59.93771803665192,10.710578053444257,
23,1010,2022-03-01T00:00:00,,False,,False,0001-01-01T00:00:00,100003394,0,,False,True,,,,filter,59.96086406977448,10.884812993611007,
2,1500,2007-12-01T00:00:00,,False,,False,0001-01-01T00:00:00,2774,0,,False,True,,,,filter,59.91165487441251,10.837606819161683,
0,1800,2015-04-01T00:00:00,,False,,False,0001-01-01T00:00:00,2903,19,,True,False,,,,filter,59.90721134905049,10.779860989001895,
0,1300,2001-05-01T00:00:00,,False,,False,0001-01-01T00:00:00,2611,197,,True,False,,,,filter,59.943821104087306,10.889773729781899,
0,1800,2002-01-01T00:00:00,,False,,False,0001-01-01T00:00:00,2715,92,,True,False,,,,filter,59.9220509370597,10.71132677464192,
67,1300,2024-10-01T00:00:00,,False,,False,0001-01-01T00:00:00,100005887,0,,False,True,,,,filter,59.94121903183198,10.711151127940783,
13,900,2001-05-01T00:00:00,,False,,False,0001-01-01T00:00:00,2534,0,,False,True,,,,filter,59.92925138122338,10.716802505046081,
103,1200,2001-05-01T00:00:00,,False,,False,0001-01-01T00:00:00,2620,0,,False,True,,,,filter,59.94598911307503,10.899059360337558,
8,1800,2001-05-01T00:00:00,,False,,True,0001-01-01T00:00:00,2219,0,,False,True,,,,filter,59.912515584149915,10.711178881383196,
0,1600,2008-02-01T00:00:00,,False,,False,0001-01-01T00:00:00,2802,5,,True,False,,,,filter,59.93816393721966,10.781883738222385,
115,1500,2016-09-01T00:00:00,,False,,False,0001-01-01T00:00:00,100000080,0,,False,True,,,,filter,59.95697277334342,10.657410813329323,
0,1125,2001-05-01T00:00:00,,False,,False,0001-01-01T00:00:00,2332,46,,True,False,,,,filter,59.914702677887135,10.797131398384789,
161,1300,2001-05-01T00:00:00,,False,,False,0001-01-01T00:00:00,2264,0,,False,True,,,,filter,59.8836210626279,10.789437879681632,
0,1500,2019-10-01T00:00:00,,False,,False,0001-01-01T00:00:00,100001831,578,,True,False,,,,filter,59.94851625020909,10.649733704623392,
67,1450,2008-07-01T00:00:00,,False,,False,0001-01-01T00:00:00,2706,0,,False,True,,,,filter,59.87991375645597,10.795151731260058,
0,1150,2019-03-01T00:00:00,,True,,True,0001-01-01T00:00:00,100001474,50,,True,False,,,,filter,59.94539251292542,10.763249575782869,
0,1000,2020-02-01T00:00:00,,False,,False,0001-01-01T00:00:00,100002049,40,,True,False,,,,filter,59.902605206478476,10.814129764929728,
42,1200,2001-05-01T00:00:00,,False,,False,0001-01-01T00:00:00,2240,0,,False,True,,,,filter,59.87471218455561,10.83875484420963,
8,1400,2021-06-01T00:00:00,,False,,False,0001-01-01T00:00:00,100002829,0,,False,True,,,,filter,59.917600723189345,10.710131349095127,
0,2500,2001-05-01T00:00:00,,False,,False,0001-01-01T00:00:00,2527,35,,True,False,,,,filter,59.932093336296894,10.7167556317738,
70,1500,2022-04-01T00:00:00,,False,,False,0001-01-01T00:00:00,100003492,0,,False,True,,,,filter,59.89862641972361,10.790133223088608,
0,1700,2016-09-01T00:00:00,,False,,False,0001-01-01T00:00:00,100000108,43,,True,False,,,,filter,59.94925008005778,10.769862229347314,
56,1300,2001-05-01T00:00:00,,False,,False,0001-01-01T00:00:00,2561,0,,False,True,,,,filter,59.935503903500575,10.680679537183059,
17,1600,2012-04-01T00:00:00,,False,,False,0001-01-01T00:00:00,2846,0,,False,True,,,,filter,59.93611391703444,10.784973085834322,
35,650,2024-06-01T00:00:00,,False,,False,0001-01-01T00:00:00,100005545,0,,False,True,,,,filter,59.22579488860605,11.696401966366052,
0,600,2024-06-01T00:00:00,,False,,False,0001-01-01T00:00:00,100005743,0,,False,True,,,,filter,59.22059610574699,11.704494997237818,
118,925,2018-01-01T00:00:00,,False,,False,0001-01-01T00:00:00,100000838,0,,False,True,,,,filter,59.21819514730417,10.910345073513236,
0,1300,2016-03-01T00:00:00,,False,,False,0001-01-01T00:00:00,1263,9,,True,False,,,,filter,59.21106301718011,10.948917063114857,
1,1400,2009-11-01T00:00:00,,False,,False,0001-01-01T00:00:00,1271,0,,False,True,,,,filter,59.2330738505359,10.90561990948124,
49,500,2022-12-01T00:00:00,,False,,False,0001-01-01T00:00:00,100004118,0,,False,True,,,,filter,59.21261663000452,10.93660118190376,
0,1000,2023-09-01T00:00:00,,False,,False,0001-01-01T00:00:00,100004753,10,,True,False,,,,filter,59.21263737335297,10.933669115206023,
254,700,2004-04-01T00:00:00,,False,,False,0001-01-01T00:00:00,1244,0,,False,True,,,,filter,59.23159569309202,10.967468904537313,
0,2000,2024-09-01T00:00:00,,False,,False,0001-01-01T00:00:00,100005681,746,,True,False,,,,filter,59.21231054793825,10.944609199330884,
1,1500,2017-02-01T00:00:00,,False,,False,0001-01-01T00:00:00,100000342,0,,False,True,,,,filter,59.21230457675702,10.940653205379084,
14,1200,2008-09-01T00:00:00,,False,,False,0001-01-01T00:00:00,1250,0,,False,True,,,,filter,59.21332716915963,10.912841972235059,
7,875,2020-03-01T00:00:00,,False,,False,0001-01-01T00:00:00,100002093,0,,False,True,,,,filter,59.228315734684024,10.997543761061737,
49,1000,2021-04-01T00:00:00,,False,,False,0001-01-01T00:00:00,100002747,0,,False,True,,,,filter,59.22936891005959,10.991705682793508,
23,1050,2009-02-01T00:00:00,,False,,False,0001-01-01T00:00:00,1267,0,,False,True,,,,filter,59.22605874891304,10.995310530270233,
47,900,2018-08-01T00:00:00,,False,,False,0001-01-01T00:00:00,100001099,0,,False,True,,,,filter,59.2274347095563,10.993927368150226,
213,1600,2002-07-01T00:00:00,,False,,False,0001-01-01T00:00:00,1242,0,,False,True,,,,filter,59.209709904535565,10.942413960287503,
5,900,2023-12-01T00:00:00,,False,,False,0001-01-01T00:00:00,100005064,0,,False,True,,,,filter,59.22675074394399,10.925268582418255,
65,1400,2015-12-01T00:00:00,,False,,False,0001-01-01T00:00:00,1285,0,,False,True,,,,filter,59.21437768634267,10.937715009634875,
48,850,2020-09-01T00:00:00,,False,,False,0001-01-01T00:00:00,100002391,0,,False,True,,,,filter,59.206059285467724,10.937915026208914,
17,800,2024-02-01T00:00:00,,False,,False,0001-01-01T00:00:00,100005191,0,,False,True,,,,filter,59.207501450494135,10.941914197466795,
0,1050,2023-03-01T00:00:00,,False,,False,0001-01-01T00:00:00,100004362,33,,True,False,,,,filter,59.21443937622489,10.930513709726995,
0,800,2025-03-01T00:00:00,,False,,False,0001-01-01T00:00:00,100006140,85,,True,False,,,,filter,59.21264974531906,10.964472504194656,
0,1000,2017-10-01T00:00:00,,False,,False,0001-01-01T00:00:00,100000722,16,,True,False,,,,filter,59.224513326858855,10.91463609418372,
6,1326,2001-05-01T00:00:00,,False,,False,0001-01-01T00:00:00,1213,0,,False,True,,,,filter,59.211721458342225,10.92937188942069,
7,1000,2001-05-01T00:00:00,,False,,False,0001-01-01T00:00:00,1222,0,,False,True,,,,filter,59.208519604682685,10.935344627957438,
6,1500,2025-10-03T00:00:00,,False,,False,0001-01-01T00:00:00,100006798,0,,False,True,,,,filter,59.212758638465324,10.944103259695629,
0,500,2026-01-01T00:00:00,,False,,False,0001-01-01T00:00:00,100006899,378,,True,False,,,,filter,59.210154939593444,10.92752041283246,
72,1150,2023-12-01T00:00:00,,False,,False,0001-01-01T00:00:00,100005057,0,,False,True,,,,filter,59.20718265511335,10.934538709163315,
49,980,2017-08-01T00:00:00,,False,,False,0001-01-01T00:00:00,100000577,0,,False,True,,,,filter,59.21473432103288,10.933377618232392,
0,1000,2024-08-01T00:00:00,,False,,False,0001-01-01T00:00:00,100005567,43,,True,False,,,,filter,59.22400660348019,10.91195695421252,
0,800,2019-01-01T00:00:00,,False,,False,0001-01-01T00:00:00,100001371,2,,True,False,,,,filter,59.20942154970092,10.937591133701149,
9,1250,2003-08-01T00:00:00,,False,,False,0001-01-01T00:00:00,1253,0,,False,True,,,,filter,59.210363113702215,10.938017212852229,
59,500,2025-02-01T00:00:00,,False,,False,0001-01-01T00:00:00,100006157,0,,False,True,,,,filter,59.22032580699979,10.902428971531496,
0,850,2021-05-01T00:00:00,,False,,False,0001-01-01T00:00:00,100002803,3,,True,False,,,,filter,59.218682246905175,10.905829237179699,
0,900,2025-09-01T00:00:00,,False,,False,0001-01-01T00:00:00,100006576,17,,True,False,,,,filter,59.23659092712281,10.904657137986398,
75,800,2021-09-01T00:00:00,,False,,False,0001-01-01T00:00:00,100002963,0,,False,True,,,,filter,59.20698729085516,10.93849742628926,
203,1200,2001-05-01T00:00:00,,False,,False,0001-01-01T00:00:00,1238,0,,False,True,,,,filter,59.262539864795194,11.003342914390561,
71,800,2016-10-01T00:00:00,,False,,False,0001-01-01T00:00:00,100000189,0,,False,True,,,,filter,59.20617328579784,10.92976643664652,
166,1000,2016-01-01T00:00:00,,False,,False,0001-01-01T00:00:00,1286,0,,False,True,,,,filter,59.27656075750647,10.768925709630786,
0,600,2023-11-01T00:00:00,,False,,False,0001-01-01T00:00:00,100004996,9,,True,False,,,,filter,59.23293602214047,10.903884835821316,
3,1000,2003-04-01T00:00:00,,False,,False,0001-01-01T00:00:00,1247,0,,False,True,,,,filter,59.207351763961,10.940540911692787,
0,900,2022-09-01T00:00:00,,False,,False,0001-01-01T00:00:00,100003770,0,,False,True,,,,filter,59.21360116068724,10.929039017145051,
9,800,2025-03-01T00:00:00,,False,,False,0001-01-01T00:00:00,100006209,0,,False,True,,,,filter,59.22479889862618,10.93308130283321,
11,1200,2001-05-01T00:00:00,,False,,False,0001-01-01T00:00:00,1234,0,,False,True,,,,filter,59.22494942745548,10.936998920096615,
1,1400,2001-05-01T00:00:00,,False,,False,0001-01-01T00:00:00,1205,0,,False,True,,,,filter,59.2257800203071,10.997351438488025,
0,1000,2021-06-01T00:00:00,,False,,False,0001-01-01T00:00:00,100002839,21,,True,False,,,,filter,59.21248497701007,10.939924130791695,
0,900,2024-02-01T00:00:00,,False,,False,0001-01-01T00:00:00,100005192,18,,True,False,,,,filter,59.208769351118804,10.930892676715363,
13,675,2025-08-01T00:00:00,,False,,False,0001-01-01T00:00:00,100006562,0,,False,True,,,,filter,59.20771656773752,10.936115868445835,
0,650,2022-08-01T00:00:00,,False,,False,0001-01-01T00:00:00,100003698,44,,True,False,,,,filter,59.21511976177873,10.937579408123442,
45,1100,2002-11-01T00:00:00,,False,,False,0001-01-01T00:00:00,1243,0,,False,True,,,,filter,59.266806049097426,11.000425285627419,
41,1250,2001-05-01T00:00:00,,False,,False,0001-01-01T00:00:00,1198,0,,False,True,,,,filter,59.21361245602283,10.930388824484746,
28,1100,2001-05-01T00:00:00,,False,,False,0001-01-01T00:00:00,1195,0,,False,True,,,,filter,59.21664560286306,10.904167265707027,
54,675,2023-11-01T00:00:00,,False,,False,0001-01-01T00:00:00,100005001,0,,False,True,,,,filter,59.22020873143605,10.910236211573466,
1,1250,2006-06-01T00:00:00,,False,,False,0001-01-01T00:00:00,1261,0,,False,True,,,,filter,59.21505817413314,10.93289753317221,
83,800,2023-08-01T00:00:00,,False,,False,0001-01-01T00:00:00,100004638,0,,False,True,,,,filter,59.21122018958162,10.946549146284488,
102,1000,2006-01-01T00:00:00,,False,,False,0001-01-01T00:00:00,1257,0,,False,True,,,,filter,59.208105950340695,10.935971067238716,
47,600,2024-03-01T00:00:00,,False,,False,0001-01-01T00:00:00,100005268,0,,False,True,,,,filter,59.215601592930085,10.903507353742961,
6,1150,2009-09-01T00:00:00,,False,,False,0001-01-01T00:00:00,1266,0,,False,True,,,,filter,59.26618441235941,11.01025606847734,
0,1100,2013-06-01T00:00:00,,False,,False,0001-01-01T00:00:00,1280,0,,False,True,,,,filter,59.227424258513565,10.928515800017955,
55,700,2015-09-01T00:00:00,,False,,False,0001-01-01T00:00:00,1274,0,,False,True,,,,filter,59.21574080540197,10.924152881053471,
43,600,2022-09-01T00:00:00,,False,,False,0001-01-01T00:00:00,100003771,0,,False,True,,,,filter,59.2297567052013,10.993429809683139,
131,800,2019-10-01T00:00:00,,False,,False,0001-01-01T00:00:00,100001851,0,,False,True,,,,filter,59.22989202646663,10.960427022751357,
0,900,2010-02-01T00:00:00,,False,,False,0001-01-01T00:00:00,1265,5,,True,False,,,,filter,59.20673294608696,10.941244349203414,
35,1150,2020-07-01T00:00:00,,False,,False,0001-01-01T00:00:00,100002262,0,,False,True,,,,filter,59.21163234040659,10.934150439201892,
0,1000,2024-03-01T00:00:00,,False,,False,0001-01-01T00:00:00,100005325,16,,True,False,,,,filter,59.22981451249282,10.908778141735947,
0,500,2026-02-01T00:00:00,,False,,False,0001-01-01T00:00:00,100006958,352,,True,False,,,,filter,59.21453635429169,10.905487265660767,
0,1000,2019-03-01T00:00:00,,False,,False,0001-01-01T00:00:00,100001494,11,,True,False,,,,filter,59.20721050887334,10.938491136456268,
0,900,2022-06-01T00:00:00,,False,,False,0001-01-01T00:00:00,100003553,20,,True,False,,,,filter,59.20911517996351,10.931974148668631,
19,1400,2013-08-01T00:00:00,,False,,False,0001-01-01T00:00:00,1282,0,,False,True,,,,filter,59.21086029743907,10.958600952500865,
0,1000,2005-02-01T00:00:00,,False,,False,0001-01-01T00:00:00,1252,11,,True,False,,,,filter,59.207885492571556,10.93592528130981,
0,1200,2011-09-01T00:00:00,,False,,False,0001-01-01T00:00:00,1262,245,,True,False,,,,filter,59.21237869231778,10.948910968580229,
0,500,2025-06-01T00:00:00,,False,,False,0001-01-01T00:00:00,100006498,18,,True,False,,,,filter,59.22997572680056,10.992526824492368,
43,1200,2001-05-01T00:00:00,,False,,False,0001-01-01T00:00:00,1208,0,,False,True,,,,filter,59.21009192759907,10.930662771683705,
40,1400,2001-05-01T00:00:00,,False,,False,0001-01-01T00:00:00,1237,0,,False,True,,,,filter,59.211201494611686,10.935666025495815,
0,1000,2004-08-01T00:00:00,,False,,False,0001-01-01T00:00:00,1245,65,,True,False,,,,filter,59.212316799755456,10.93438413448615,
20,900,2018-12-01T00:00:00,,False,,False,0001-01-01T00:00:00,100001342,0,,False,True,,,,filter,59.225462250142286,10.997381837273071,
11,950,2024-09-01T00:00:00,,False,,False,0001-01-01T00:00:00,100005682,0,,False,True,,,,filter,59.22413518490522,10.99734304065851,
58,800,2023-07-01T00:00:00,,False,,False,0001-01-01T00:00:00,100004602,0,,False,True,,,,filter,59.207897521288814,10.938848921090365,
184,850,2011-10-01T00:00:00,,False,,False,0001-01-01T00:00:00,1275,0,,False,True,,,,filter,59.20952583968495,10.947698403120027,
18,900,2022-07-01T00:00:00,,False,,False,0001-01-01T00:00:00,100003648,0,,False,True,,,,filter,59.21654017484408,10.932366060977976,
70,900,2019-07-01T00:00:00,,False,,False,0001-01-01T00:00:00,100001647,0,,False,True,,,,filter,59.213721267757805,10.945429041999727,
0,1100,2001-05-01T00:00:00,,False,,False,0001-01-01T00:00:00,1239,20,,True,False,,,,filter,59.20959829831427,10.941032651341745,
11,700,2022-08-01T00:00:00,,False,,False,0001-01-01T00:00:00,100003697,0,,False,True,,,,filter,59.224751261457,10.98876318171734,
0,1000,2024-10-01T00:00:00,,False,,False,0001-01-01T00:00:00,100005843,11,,True,False,,,,filter,59.20990294291923,10.933807470932818,
23,750,2020-07-01T00:00:00,,False,,False,0001-01-01T00:00:00,100002261,0,,False,True,,,,filter,59.23051279962956,10.96035594278685,
0,700,2024-03-01T00:00:00,,False,,False,0001-01-01T00:00:00,100005270,133,,True,False,,,,filter,59.23292297574437,10.90470944414047,
105,1200,2003-02-01T00:00:00,,False,,False,0001-01-01T00:00:00,1251,0,,False,True,,,,filter,59.231678549365554,10.973121993051478,
35,1500,2001-05-01T00:00:00,,False,,False,0001-01-01T00:00:00,1206,0,,False,True,,,,filter,59.22954387891225,10.999810927883578,
3,1000,2019-10-01T00:00:00,,False,,False,0001-01-01T00:00:00,100001827,0,,False,True,,,,filter,59.22986242726401,10.992376801312796,
0,1000,2024-10-01T00:00:00,,False,,False,0001-01-01T00:00:00,100005643,81,,True,False,,,,filter,59.27148291276036,10.767729152685408,
58,800,2016-09-01T00:00:00,,False,,False,0001-01-01T00:00:00,100000098,0,,False,True,,,,filter,59.21207871399912,10.925427462976579,
0,1200,2023-09-01T00:00:00,,False,,False,0001-01-01T00:00:00,100004754,3,,True,False,,,,filter,59.209819705999784,10.935378159195588,
0,1300,2012-02-01T00:00:00,,False,,False,0001-01-01T00:00:00,1277,44,,True,False,,,,filter,59.21980519406122,10.903522998420176,
0,1100,2023-07-01T00:00:00,,False,,False,0001-01-01T00:00:00,100004603,119,,True,False,,,,filter,59.22579400600575,10.911563892396108,
0,500,2025-12-01T00:00:00,,False,,False,0001-01-01T00:00:00,100006821,283,,True,False,,,,filter,59.21150832614128,10.932660858381643,
0,500,2026-01-01T00:00:00,,False,,False,0001-01-01T00:00:00,100006900,279,,True,False,,,,filter,59.27488765161702,10.767935457131005,
0,800,2025-03-01T00:00:00,,False,,False,0001-01-01T00:00:00,100006252,305,,True,False,,,,filter,59.218317528409834,10.908831777080522,
0,900,2023-11-01T00:00:00,,False,,False,0001-01-01T00:00:00,100005026,211,,True,False,,,,filter,59.13251150747957,11.375194505828809,
47,1020,2022-11-01T00:00:00,,False,,False,0001-01-01T00:00:00,100004058,0,,False,True,,,,filter,59.11327997815759,11.391843516348828,
35,1000,2025-02-01T00:00:00,,False,,False,0001-01-01T00:00:00,100006207,0,,False,True,,,,filter,59.1170455418237,11.383393173250672,
172,900,2003-08-01T00:00:00,,False,,False,0001-01-01T00:00:00,1028,0,,False,True,,,,filter,59.125437040722616,11.382503835039483,
0,1000,2014-04-01T00:00:00,,False,,False,0001-01-01T00:00:00,1036,4,,True,False,,,,filter,59.12548412101141,11.384117669229017,
52,1370,2001-05-01T00:00:00,,False,,False,0001-01-01T00:00:00,1000,0,,False,True,,,,filter,59.138015706524726,11.382515975000024,
9,1200,2001-05-01T00:00:00,,False,,False,0001-01-01T00:00:00,1018,0,,False,True,,,,filter,59.13084165546309,11.382354871729758,
15,1400,2022-01-01T00:00:00,,False,,False,0001-01-01T00:00:00,100003258,0,,False,True,,,,filter,59.13893197535888,11.38288116735267,
0,1100,2002-02-01T00:00:00,,False,,False,0001-01-01T00:00:00,1001,81,,True,False,,,,filter,59.12321875128603,11.383736156624645,
0,750,2001-05-01T00:00:00,,False,,False,0001-01-01T00:00:00,1014,10,,True,False,,,,filter,59.12933683973116,11.372864836441684,
127,1000,2001-05-01T00:00:00,,False,,False,0001-01-01T00:00:00,1011,0,,False,True,,,,filter,59.12439133312802,11.4029431447186,
0,1350,2014-04-01T00:00:00,,False,,False,0001-01-01T00:00:00,1030,0,,False,True,,,,filter,59.12481544764078,11.385395840656871,
4,1030,2017-05-01T00:00:00,,False,,False,0001-01-01T00:00:00,100000471,0,,False,True,,,,filter,59.125395367212924,11.378358030273606,
98,1000,2014-08-01T00:00:00,,False,,False,0001-01-01T00:00:00,1035,0,,False,True,,,,filter,59.12311076010883,11.392540653320216,
30,1200,2015-04-01T00:00:00,,False,,False,0001-01-01T00:00:00,1039,0,,False,True,,,,filter,59.125551758973494,11.372344234840313,
0,1230,2024-05-01T00:00:00,,False,,False,0001-01-01T00:00:00,100005456,274,,True,False,,,,filter,59.12045473495224,11.384985669650487,
298,700,2024-08-01T00:00:00,,False,,False,0001-01-01T00:00:00,100005597,0,,False,True,,,,filter,59.128293762290454,11.374628198856772,
71,1000,2001-05-01T00:00:00,,False,,False,0001-01-01T00:00:00,1002,0,,False,True,,,,filter,59.12131859151088,11.379334142213517,
20,950,2025-10-01T00:00:00,,False,,False,0001-01-01T00:00:00,100006748,0,,False,True,,,,filter,59.11775532954312,11.3865740134139,
104,625,2024-05-01T00:00:00,,False,,False,0001-01-01T00:00:00,100005461,0,,False,True,,,,filter,59.12671847361848,11.372717304899714,
417,820,2024-08-01T00:00:00,,False,,False,0001-01-01T00:00:00,100005599,0,,False,True,,,,filter,59.12116471723577,11.390798513707235,
95,1100,2022-02-01T00:00:00,,False,,False,0001-01-01T00:00:00,100003313,0,,False,True,,,,filter,59.12055505128897,11.385825295108743,
250,1350,2009-09-01T00:00:00,,False,,False,0001-01-01T00:00:00,1024,0,,False,True,,,,filter,59.120072236773424,11.38373502372274,
12,920,2022-12-01T00:00:00,,False,,False,0001-01-01T00:00:00,100004157,0,,False,True,,,,filter,59.11805111011996,11.389431112987413,
6,1200,2001-05-01T00:00:00,,False,,False,0001-01-01T00:00:00,1008,0,,False,True,,,,filter,59.13527008578916,11.382135842958588,
0,1100,2008-04-01T00:00:00,,False,,False,0001-01-01T00:00:00,1026,9,,True,False,,,,filter,59.13076987770188,11.377478837418048,
0,1100,2003-03-01T00:00:00,,False,,False,0001-01-01T00:00:00,1027,60,,True,False,,,,filter,59.11686833251255,11.392032195883221,
0,1200,2020-08-01T00:00:00,,False,,False,0001-01-01T00:00:00,100002325,105,,True,False,,,,filter,59.13254977760933,11.377660999163647,
9,1200,2024-10-01T00:00:00,,False,,False,0001-01-01T00:00:00,100005866,0,,False,True,,,,filter,59.11625343362961,11.386468992253718,
0,1100,2020-02-01T00:00:00,,False,,False,0001-01-01T00:00:00,100002015,20,,True,False,,,,filter,59.26339530353408,10.419611185102138,
0,500,2025-03-01T00:00:00,,False,,False,0001-01-01T00:00:00,100006218,213,,True,False,,,,filter,59.09764752279885,10.920725296699489,
0,1000,2003-08-01T00:00:00,,False,,False,0001-01-01T00:00:00,1295,227,,True,False,,,,filter,59.024480831439725,11.037705051731532,
0,650,2023-08-01T00:00:00,,False,,False,0001-01-01T00:00:00,100004654,29,,True,False,,,,filter,59.09875043447534,10.913319407749517,
7,600,2023-03-01T00:00:00,,False,,False,0001-01-01T00:00:00,100004331,0,,False,True,,,,filter,59.09286257608702,10.917020805183997,
0,930,2001-05-01T00:00:00,,False,,False,0001-01-01T00:00:00,1292,383,,True,False,,,,filter,59.030414701479195,11.039778222638137,
0,500,2024-04-01T00:00:00,,False,,False,0001-01-01T00:00:00,100005463,56,,True,False,,,,filter,59.10054862843047,10.921116395523885,
0,1051,2025-03-01T00:00:00,,False,,False,0001-01-01T00:00:00,100006323,20,,True,False,,,,filter,59.64459284552954,11.314940417142115,
25,900,2023-12-01T00:00:00,,False,,False,0001-01-01T00:00:00,100005049,0,,False,True,,,,filter,59.58878220986304,11.15771830921169,
0,800,2024-09-01T00:00:00,,False,,False,0001-01-01T00:00:00,100005882,450,,True,False,,,,filter,59.55714589465868,10.84942533205409,
0,1350,2025-11-01T00:00:00,,False,,False,0001-01-01T00:00:00,100006782,347,,True,False,,,,filter,59.614057490499114,11.063223712541658,
90,1000,2023-09-01T00:00:00,,False,,False,0001-01-01T00:00:00,100004791,0,,False,True,,,,filter,59.55553259486238,11.319764969994662,
0,1300,2023-01-01T00:00:00,,False,,False,0001-01-01T00:00:00,100004205,249,,True,False,,,,filter,59.550580062722965,11.328098963526731,
14,1600,2005-11-01T00:00:00,,False,,False,0001-01-01T00:00:00,1340,0,,False,True,,,,filter,59.58671803536597,11.158458561970365,
219,1350,2005-08-01T00:00:00,,False,,False,0001-01-01T00:00:00,1323,0,,False,True,,,,filter,59.61971862848712,11.0829718985854,
67,900,2024-06-01T00:00:00,,False,,False,0001-01-01T00:00:00,100005547,0,,False,True,,,,filter,59.62193343449185,11.034809672819167,
91,1300,2012-06-01T00:00:00,,False,,False,0001-01-01T00:00:00,1342,0,,False,True,,,,filter,59.58612867633112,11.165546380511978,
29,1100,2017-01-01T00:00:00,,False,,False,0001-01-01T00:00:00,100000313,0,,False,True,,,,filter,59.58148861775881,11.156577298487939,
71,900,2021-04-01T00:00:00,,False,,False,0001-01-01T00:00:00,100002713,0,,False,True,,,,filter,59.55036028257802,11.321348200690855,
92,1280,2018-11-01T00:00:00,,False,,False,0001-01-01T00:00:00,100001321,0,,False,True,,,,filter,59.5838016666108,11.16521274217416,
90,1250,2001-05-01T00:00:00,,False,,False,0001-01-01T00:00:00,1314,0,,False,True,,,,filter,59.64261228095289,11.318711820989941,
0,1300,2022-03-01T00:00:00,,False,,False,0001-01-01T00:00:00,100003408,42,,True,False,,,,filter,59.61906502562054,11.064300647336204,
3,1500,2006-02-01T00:00:00,,False,,False,0001-01-01T00:00:00,1351,0,,False,True,,,,filter,59.55254548587324,11.320870775418058,
0,1300,2019-04-01T00:00:00,,False,,False,0001-01-01T00:00:00,100001532,255,,True,False,,,,filter,59.643427850348075,11.312751815423171,
24,1350,2013-03-01T00:00:00,,False,,False,0001-01-01T00:00:00,1325,0,,False,True,,,,filter,59.61319653968509,11.065773084441773,
148,1350,2005-08-01T00:00:00,,False,,False,0001-01-01T00:00:00,1324,0,,False,True,,,,filter,59.61998452928005,11.079023010083583,
13,2050,2005-04-01T00:00:00,,False,,False,0001-01-01T00:00:00,1335,0,,False,True,,,,filter,59.582857766879705,11.167228780519904,
0,1200,2022-05-01T00:00:00,,False,,False,0001-01-01T00:00:00,100003585,159,,True,False,,,,filter,59.61747199322634,11.061849869002158,
0,950,2023-09-01T00:00:00,,False,,False,0001-01-01T00:00:00,100004775,111,,True,False,,,,filter,59.58892835380557,11.163705320426773,
93,1250,2017-10-01T00:00:00,,False,,False,0001-01-01T00:00:00,100000677,0,,False,True,,,,filter,59.61954579617094,11.084118352346122,
10,1000,2023-03-01T00:00:00,,False,,False,0001-01-01T00:00:00,100004294,0,,False,True,,,,filter,59.618374848481,11.02794337752079,
230,800,2007-09-01T00:00:00,,False,,False,0001-01-01T00:00:00,1352,0,,False,True,,,,filter,59.55361213760823,11.323363100769306,
66,800,2022-11-01T00:00:00,,False,,False,0001-01-01T00:00:00,100004049,0,,False,True,,,,filter,59.59119886144701,11.159895993174848,
22,1500,2003-03-01T00:00:00,,False,,False,0001-01-01T00:00:00,1337,0,,False,True,,,,filter,59.58518834387161,11.158616753038576,
2,1250,2017-10-01T00:00:00,,False,,False,0001-01-01T00:00:00,100000652,0,,False,True,,,,filter,59.55268585841334,11.319514017692272,
32,1000,2008-09-01T00:00:00,,False,,False,0001-01-01T00:00:00,1341,0,,False,True,,,,filter,59.58248833481352,11.169006678549685,
25,1100,2020-10-01T00:00:00,,False,,False,0001-01-01T00:00:00,100002445,0,,False,True,,,,filter,59.622221182679915,11.034280793476938,
0,1100,2017-12-01T00:00:00,,False,,False,0001-01-01T00:00:00,100000774,13,,True,False,,,,filter,59.58716142598893,11.158635248805714,
1,200,2023-08-25T00:00:00,,False,,False,0001-01-01T00:00:00,100004826,0,,False,True,,,,filter,59.58894556396711,11.165353771243113,
53,1500,2001-05-01T00:00:00,,False,,False,0001-01-01T00:00:00,1346,0,,False,True,,,,filter,59.54976505538968,11.325299596880757,
0,1500,2001-05-01T00:00:00,,False,,False,0001-01-01T00:00:00,1407,97,,True,False,,,,filter,59.56265502867705,10.841809670626402,
11,800,2021-01-01T00:00:00,,False,,False,0001-01-01T00:00:00,100002573,0,,False,True,,,,filter,59.64024292170299,11.315107996396137,
70,600,2022-02-01T00:00:00,,False,,False,0001-01-01T00:00:00,100003305,0,,False,True,,,,filter,59.58801898327798,11.159862728614101,
0,1000,2026-01-01T00:00:00,,False,,False,0001-01-01T00:00:00,100006894,0,,False,True,,,,filter,59.580136179232206,11.159509625192875,
54,1100,2020-10-01T00:00:00,,False,,False,0001-01-01T00:00:00,100002429,0,,False,True,,,,filter,59.579764485286525,11.162507898866254,
0,900,2023-09-01T00:00:00,,False,,False,0001-01-01T00:00:00,100004827,466,,True,False,,,,filter,59.55633814801302,10.853128097025266,
6,1200,2001-05-01T00:00:00,,False,,False,0001-01-01T00:00:00,1409,0,,False,True,,,,filter,59.61919633338609,11.02699538761329,
34,1150,2017-01-01T00:00:00,,False,,False,0001-01-01T00:00:00,100000311,0,,False,True,,,,filter,59.582731578919294,11.154398473675656,
4,800,2023-11-01T00:00:00,,False,,False,0001-01-01T00:00:00,100005014,0,,False,True,,,,filter,59.55507511632235,11.32485408235635,
0,600,2021-10-01T00:00:00,,False,,False,0001-01-01T00:00:00,100003078,12,,True,False,,,,filter,59.48117388301218,11.661204815302705,
7,750,2023-07-01T00:00:00,,False,,False,0001-01-01T00:00:00,100004649,0,,False,True,,,,filter,59.48335329158795,11.662127571275677,
56,800,2018-06-01T00:00:00,,False,,False,0001-01-01T00:00:00,100001070,0,,False,True,,,,filter,59.4827105067057,11.660197985801577,
75,500,2013-02-01T00:00:00,,False,,False,0001-01-01T00:00:00,1310,0,,False,True,,,,filter,59.48030740110181,11.66644918694618,
116,600,2011-12-01T00:00:00,,False,,False,0001-01-01T00:00:00,1308,0,,False,True,,,,filter,59.477894317382784,11.66361569288003,
107,100,2024-09-15T00:00:00,,False,,False,0001-01-01T00:00:00,100005835,0,,False,True,,,,filter,59.47726877698351,11.66171184135719,
0,900,2024-09-01T00:00:00,,False,,False,0001-01-01T00:00:00,100005716,195,,True,False,,,,filter,59.43782655505708,10.658502372565282,
0,900,2025-01-01T00:00:00,,False,,False,0001-01-01T00:00:00,100006094,172,,True,False,,,,filter,59.437660404773084,10.661294922298676,
0,1126,2017-03-01T00:00:00,,False,,False,0001-01-01T00:00:00,100000398,121,,True,False,,,,filter,59.43397812052513,10.669059165763802,
0,1100,2011-05-01T00:00:00,,False,,False,0001-01-01T00:00:00,1085,28,,True,False,,,,filter,59.46740739785942,10.6902802830851,
24,1000,2006-09-01T00:00:00,,False,,False,0001-01-01T00:00:00,1077,0,,False,True,,,,filter,59.43609014475883,10.633288248557035,
195,930,2014-04-01T00:00:00,,False,,False,0001-01-01T00:00:00,1082,0,,False,True,,,,filter,59.586201130106865,11.166338708766354,
33,650,2024-10-01T00:00:00,,False,,False,0001-01-01T00:00:00,100005942,0,,False,True,,,,filter,59.438348462028934,10.666643557753968,
174,1000,2014-01-01T00:00:00,,False,,False,0001-01-01T00:00:00,1399,0,,False,True,,,,filter,59.37749023762037,10.749955489338864,
0,1100,2001-05-01T00:00:00,,False,,False,0001-01-01T00:00:00,1044,2,,True,False,,,,filter,59.41653108685277,10.673456866394355,
189,950,2016-10-01T00:00:00,,False,,False,0001-01-01T00:00:00,100000127,0,,False,True,,,,filter,59.43402653128956,10.63518509081278,
330,900,2014-01-01T00:00:00,,False,,False,0001-01-01T00:00:00,1400,0,,False,True,,,,filter,59.414629669039385,10.675526068861055,
281,1000,2006-09-01T00:00:00,,False,,False,0001-01-01T00:00:00,1078,0,,False,True,,,,filter,59.434132801745136,10.668088830978917,
41,1000,2001-05-01T00:00:00,,False,,False,0001-01-01T00:00:00,1390,0,,False,True,,,,filter,59.417631490548175,10.671508211965218,
54,610,2022-09-01T00:00:00,,False,,False,0001-01-01T00:00:00,100003710,0,,False,True,,,,filter,59.46756311892115,10.687968462189644,
0,1200,2024-09-01T00:00:00,,False,,False,0001-01-01T00:00:00,100005744,116,,True,False,,,,filter,59.4369395241262,10.661313833147025,
67,800,2022-05-01T00:00:00,,False,,False,0001-01-01T00:00:00,100003530,0,,False,True,,,,filter,59.417328986711176,10.682106459378833,
23,1100,2008-03-01T00:00:00,,False,,False,0001-01-01T00:00:00,1080,0,,False,True,,,,filter,59.436680217801545,10.661828681267306,
51,1100,2007-10-01T00:00:00,,False,,False,0001-01-01T00:00:00,1079,0,,False,True,,,,filter,59.4307597082021,10.626659140598447,
9,1050,2017-06-01T00:00:00,,False,,False,0001-01-01T00:00:00,100000510,0,,False,True,,,,filter,59.462741376754416,10.689436873079018,
38,1050,2004-04-01T00:00:00,,False,,False,0001-01-01T00:00:00,1069,0,,False,True,,,,filter,59.43736037250572,10.629653175074214,
86,800,2023-03-19T00:00:00,,False,,False,0001-01-01T00:00:00,100004449,0,,False,True,,,,filter,59.41448620456519,10.68210228654891,
3,1300,2024-07-01T00:00:00,,False,,False,0001-01-01T00:00:00,100005505,0,,False,True,,,,filter,59.43880627258436,10.661434547068689,
0,1300,2022-04-01T00:00:00,,False,,False,0001-01-01T00:00:00,100003470,12,,True,False,,,,filter,59.44058203746122,10.6673385869352,
0,900,2025-03-01T00:00:00,,False,,False,0001-01-01T00:00:00,100006232,483,,True,False,,,,filter,59.43926070483393,10.665070066207207,
3,1250,2013-07-01T00:00:00,,False,,False,0001-01-01T00:00:00,1083,0,,False,True,,,,filter,59.41759040371554,10.671530372396026,
194,1100,2014-08-01T00:00:00,,False,,False,0001-01-01T00:00:00,1081,0,,False,True,,,,filter,59.43447786636471,10.660959903059933,
3,1250,2012-10-01T00:00:00,,False,,False,0001-01-01T00:00:00,1090,0,,False,True,,,,filter,59.43438786026957,10.670148989586304,
2,1250,2024-05-01T00:00:00,,False,,False,0001-01-01T00:00:00,100005460,0,,False,True,,,,filter,59.43976617668394,10.668778535978692,
41,1200,2003-08-01T00:00:00,,False,,False,0001-01-01T00:00:00,1391,0,,False,True,,,,filter,59.38047054770459,10.744332233366906,
13,1150,2014-06-01T00:00:00,,False,,False,0001-01-01T00:00:00,1395,0,,False,True,,,,filter,59.43613898382564,10.672494282067461,
3,1100,2018-01-01T00:00:00,,False,,False,0001-01-01T00:00:00,100000792,0,,False,True,,,,filter,59.461849588104094,10.694623913360587,
127,1450,2024-02-01T00:00:00,,False,,False,0001-01-01T00:00:00,100005194,0,,False,True,,,,filter,59.41028885487538,10.696436234314259,
212,880,2021-05-01T00:00:00,,False,,False,0001-01-01T00:00:00,100002782,0,,False,True,,,,filter,59.414698376108994,10.682402433106406,
0,950,2025-12-01T00:00:00,,False,,False,0001-01-01T00:00:00,100006861,69,,True,False,,,,filter,59.58806681308676,11.175885275196672,
24,1420,2001-05-01T00:00:00,,False,,False,0001-01-01T00:00:00,1053,0,,False,True,,,,filter,59.43592509138438,10.658641715169235,
0,1000,2021-07-01T00:00:00,,False,,False,0001-01-01T00:00:00,100003007,139,,True,False,,,,filter,59.43668018917897,10.65929030145228,
81,850,2023-08-01T00:00:00,,False,,False,0001-01-01T00:00:00,100004700,0,,False,True,,,,filter,59.58524787029762,11.16928444036174,
0,1700,2001-05-01T00:00:00,,False,,False,0001-01-01T00:00:00,1054,3,,True,False,,,,filter,59.438115824982724,10.667208268404064,
0,900,2007-10-01T00:00:00,,False,,False,0001-01-01T00:00:00,1043,0,,False,True,,,,filter,59.43087667205595,10.636068758441013,
3,1450,2004-08-01T00:00:00,,False,,False,0001-01-01T00:00:00,1393,0,,False,True,,,,filter,59.40816668416518,10.689266488558157,
100,800,2025-06-01T00:00:00,,False,,False,0001-01-01T00:00:00,100006416,0,,False,True,,,,filter,59.4352354315681,10.63616501083938,
187,1150,2018-09-01T00:00:00,,False,,False,0001-01-01T00:00:00,100001170,0,,False,True,,,,filter,59.42161416641927,10.680213868858061,
4,550,2024-02-01T00:00:00,,False,,False,0001-01-01T00:00:00,100005184,0,,False,True,,,,filter,59.4656677116635,10.6857834046205,
0,1050,2001-05-01T00:00:00,,False,,False,0001-01-01T00:00:00,1383,10,,True,False,,,,filter,59.380262678795425,10.744460841113831,
0,850,2024-07-01T00:00:00,,False,,False,0001-01-01T00:00:00,100005596,16,,True,False,,,,filter,59.41593551381415,10.675862646131414,
0,1000,2025-02-01T00:00:00,,False,,False,0001-01-01T00:00:00,100006136,30,,True,False,,,,filter,59.43728475630554,10.665501057777538,
22,1075,2016-01-01T00:00:00,,False,,False,0001-01-01T00:00:00,1093,0,,False,True,,,,filter,59.415690745356606,10.680026279722304,
0,1500,2006-09-01T00:00:00,,False,,False,0001-01-01T00:00:00,1075,9,,True,False,,,,filter,59.439545272529784,10.661752843306147,
0,1150,2025-12-01T00:00:00,,False,,False,0001-01-01T00:00:00,100006752,346,,True,False,,,,filter,59.43267371761016,10.661367550769452,
159,1050,2010-06-01T00:00:00,,False,,False,0001-01-01T00:00:00,1396,0,,False,True,,,,filter,59.381483863285474,10.745913964256504,
0,900,2024-03-01T00:00:00,,False,,False,0001-01-01T00:00:00,100005248,54,,True,False,,,,filter,59.581212870531566,11.175316790646374,
1,800,2023-09-01T00:00:00,,False,,False,0001-01-01T00:00:00,100004834,0,,False,True,,,,filter,59.41452720104429,10.678617830806006,
0,1400,2022-01-01T00:00:00,,False,,False,0001-01-01T00:00:00,100003262,149,,True,False,,,,filter,59.408096092746234,10.696131279391436,
25,1100,2014-03-01T00:00:00,,False,,False,0001-01-01T00:00:00,1089,0,,False,True,,,,filter,59.45994444663854,10.688603768839888,
63,1450,2001-05-01T00:00:00,,False,,False,0001-01-01T00:00:00,1373,0,,False,True,,,,filter,59.60780035105795,10.763606514926751,
0,1860,2001-05-01T00:00:00,,False,,False,0001-01-01T00:00:00,1375,0,,False,True,,,,filter,59.350208277904244,10.869981481435348,
0,1300,2022-09-01T00:00:00,,False,,False,0001-01-01T00:00:00,100003796,10,,True,False,,,,filter,59.60581574308414,10.76306729204206,
4,940,2022-06-15T00:00:00,,False,,False,0001-01-01T00:00:00,100003610,0,,False,True,,,,filter,59.35208934899111,10.874054135598257,
0,1800,2009-03-01T00:00:00,,False,,False,0001-01-01T00:00:00,1379,2,,True,False,,,,filter,59.34956071356073,10.87182440377819,
6,1060,2001-05-01T00:00:00,,False,,False,0001-01-01T00:00:00,1360,0,,False,True,,,,filter,59.42805439201483,11.34254113231326,
12,1080,2018-01-01T00:00:00,,False,,False,0001-01-01T00:00:00,100000785,0,,False,True,,,,filter,63.58220372650524,9.956626642441133,
0,650,2012-10-01T00:00:00,,False,,False,0001-01-01T00:00:00,1369,8,,True,False,,,,filter,63.587114019162556,9.961152369313957,
149,920,2024-09-01T00:00:00,,False,,False,0001-01-01T00:00:00,100005792,0,,False,True,,,,filter,63.58434659334918,9.956652978869645,
8,1300,2011-10-01T00:00:00,,False,,False,0001-01-01T00:00:00,1367,0,,False,True,,,,filter,63.58691819349394,9.958156919624766,
104,900,2019-07-01T00:00:00,,False,,False,0001-01-01T00:00:00,100001684,0,,False,True,,,,filter,59.43146574025157,11.344991791049427,
57,700,2023-09-01T00:00:00,,False,,False,0001-01-01T00:00:00,100004852,0,,False,True,,,,filter,63.583772884586836,9.97243312317958,
107,840,2001-05-01T00:00:00,,False,,False,0001-01-01T00:00:00,1364,0,,False,True,,,,filter,59.42584609431794,11.338405877393926,
151,500,2014-01-01T00:00:00,,False,,False,0001-01-01T00:00:00,1371,0,,False,True,,,,filter,59.43068816939368,11.337536111269532,
177,900,2008-04-01T00:00:00,,False,,False,0001-01-01T00:00:00,1137,0,,False,True,,,,filter,59.2776147969726,11.120149156270942,
12,1100,2022-11-01T00:00:00,,False,,False,0001-01-01T00:00:00,100004083,0,,False,True,,,,filter,61.221025218405295,6.079375466970216,
13,1400,2018-12-01T00:00:00,,False,,False,0001-01-01T00:00:00,100001360,0,,False,True,,,,filter,59.29728741095793,11.069638089158252,
285,900,2014-01-01T00:00:00,,False,,False,0001-01-01T00:00:00,1159,0,,False,True,,,,filter,59.28053241726531,11.121539703227587,
6,1050,2024-04-01T00:00:00,,False,,False,0001-01-01T00:00:00,100005360,0,,False,True,,,,filter,59.28659393171757,11.120317126618302,
97,1700,2012-05-01T00:00:00,,False,,False,0001-01-01T00:00:00,1160,0,,False,True,,,,filter,59.2859246833477,11.14692694220881,
5,1250,2018-12-01T00:00:00,,False,,False,0001-01-01T00:00:00,100001362,0,,False,True,,,,filter,59.28731278596063,11.098111527500457,
71,910,2021-10-01T00:00:00,,False,,False,0001-01-01T00:00:00,100003044,0,,False,True,,,,filter,59.27985790325959,11.111820009122038,
88,900,2025-01-01T00:00:00,,False,,False,0001-01-01T00:00:00,100006095,0,,False,True,,,,filter,59.27975114344856,11.125433325654113,
3,1700,2008-10-01T00:00:00,,False,,False,0001-01-01T00:00:00,1147,0,,False,True,,,,filter,59.285533931125826,11.080630724189687,
184,1400,2007-03-01T00:00:00,,False,,False,0001-01-01T00:00:00,1150,0,,False,True,,,,filter,59.28859380583306,11.08382389339848,
50,1000,2001-05-01T00:00:00,,False,,False,0001-01-01T00:00:00,1098,0,,False,True,,,,filter,59.287038013996984,11.091464012163371,
18,1650,2024-01-01T00:00:00,,False,,False,0001-01-01T00:00:00,100005132,0,,False,True,,,,filter,59.2844565223605,11.109257741176862,
7,1000,2020-01-01T00:00:00,,False,,False,0001-01-01T00:00:00,100002000,0,,False,True,,,,filter,59.28746231265369,11.113140187992276,
92,400,2014-10-01T00:00:00,,False,,False,0001-01-01T00:00:00,1169,0,,False,True,,,,filter,61.21778637863944,6.0790560362469614,
57,970,2020-01-01T00:00:00,,False,,False,0001-01-01T00:00:00,100001999,0,,False,True,,,,filter,59.283151660659804,11.11814227355022,
136,1100,2016-05-01T00:00:00,,False,,False,0001-01-01T00:00:00,1175,0,,False,True,,,,filter,59.284006554249686,11.114447839371136,
186,900,2011-11-01T00:00:00,,False,,False,0001-01-01T00:00:00,1152,0,,False,True,,,,filter,59.26966922390682,11.162515729395444,
36,400,2023-09-01T00:00:00,,False,,False,0001-01-01T00:00:00,100004779,0,,False,True,,,,filter,61.218290190146504,6.087756560489001,
63,850,2024-03-01T00:00:00,,False,,False,0001-01-01T00:00:00,100005302,0,,False,True,,,,filter,59.295095156491854,11.064688221855965,
8,800,2026-01-01T00:00:00,,False,,False,0001-01-01T00:00:00,100006889,0,,False,True,,,,filter,59.295068869146,11.152840358557423,
14,1000,2021-12-23T00:00:00,,False,,False,0001-01-01T00:00:00,100003271,0,,False,True,,,,filter,59.283995748057194,11.081616018073454,
169,1000,2001-05-01T00:00:00,,False,,False,0001-01-01T00:00:00,1129,0,,False,True,,,,filter,59.29447409355704,11.07060791991209,
76,450,2015-12-01T00:00:00,,False,,False,0001-01-01T00:00:00,1173,0,,False,True,,,,filter,61.22257185929153,6.075882356945719,
4,200,2024-02-01T00:00:00,,False,,False,0001-01-01T00:00:00,100005235,0,,False,True,,,,filter,61.217541251730545,6.0765978622951655,
0,1260,2010-04-01T00:00:00,,False,,False,0001-01-01T00:00:00,1155,110,,True,False,,,,filter,59.28627858355072,11.094466623181486,
10,520,2022-05-01T00:00:00,,False,,False,0001-01-01T00:00:00,100003505,0,,False,True,,,,filter,61.216573043304976,6.077891584089142,
155,750,2018-09-01T00:00:00,,False,,False,0001-01-01T00:00:00,100001213,0,,False,True,,,,filter,59.201208117260755,11.192866836726619,
0,1000,2025-12-01T00:00:00,,False,,False,0001-01-01T00:00:00,100006833,750,,True,False,,,,filter,59.28729411752756,11.14711201414597,
88,800,2018-09-01T00:00:00,,False,,False,0001-01-01T00:00:00,100001216,0,,False,True,,,,filter,59.294773839756004,11.06268559563451,
0,900,2018-09-01T00:00:00,,False,,False,0001-01-01T00:00:00,100001218,41,,True,False,,,,filter,59.292298207738675,11.059601634356357,
0,1200,2020-07-01T00:00:00,,False,,False,0001-01-01T00:00:00,100002257,0,,False,True,,,,filter,59.280313680218285,11.11388572658944,
43,900,2026-01-01T00:00:00,,False,,False,0001-01-01T00:00:00,100006882,0,,False,True,,,,filter,59.281963481736526,11.126911483888422,
0,1200,2019-07-01T00:00:00,,False,,False,0001-01-01T00:00:00,100001668,63,,True,False,,,,filter,59.28100492604657,11.111428014420875,
28,1900,2004-07-01T00:00:00,,False,,False,0001-01-01T00:00:00,1140,0,,False,True,,,,filter,59.293429628994524,11.156004684652563,
87,800,2022-05-01T00:00:00,,False,,False,0001-01-01T00:00:00,100003525,0,,False,True,,,,filter,59.206503246464024,11.18645728546369,
21,1450,2023-01-01T00:00:00,,False,,False,0001-01-01T00:00:00,100004183,0,,False,True,,,,filter,59.29122595899722,11.145768706955815,
37,1100,2001-05-01T00:00:00,,False,,False,0001-01-01T00:00:00,1112,0,,False,True,,,,filter,59.29398440765295,11.114556926896288,
0,1000,2013-06-01T00:00:00,,False,,False,0001-01-01T00:00:00,1166,9,,True,False,,,,filter,59.28761232340159,11.113407502563975,
100,900,2018-12-01T00:00:00,,False,,False,0001-01-01T00:00:00,100001331,0,,False,True,,,,filter,59.268009128724366,11.151520195589992,
0,1000,2026-02-01T00:00:00,,False,,False,0001-01-01T00:00:00,100006951,952,,True,False,,,,filter,59.28680482104454,11.14968171266005,
50,1050,2022-09-01T00:00:00,,False,,False,0001-01-01T00:00:00,100003764,0,,False,True,,,,filter,59.28069518070889,11.109379004283015,
10,1200,2018-03-01T00:00:00,,False,,False,0001-01-01T00:00:00,100000927,0,,False,True,,,,filter,59.286648080533396,11.110290659844246,
316,850,2020-08-01T00:00:00,,False,,False,0001-01-01T00:00:00,100002324,0,,False,True,,,,filter,59.29257875022224,11.069342652905306,
142,900,2020-09-01T00:00:00,,False,,False,0001-01-01T00:00:00,100002365,0,,False,True,,,,filter,59.26611216776214,11.160271764229417,
0,1800,2001-05-01T00:00:00,,False,,False,0001-01-01T00:00:00,1115,85,,True,False,,,,filter,59.28767107292874,11.116016592431247,
67,1400,2003-08-01T00:00:00,,False,,False,0001-01-01T00:00:00,1138,0,,False,True,,,,filter,59.26760449162116,11.037722200258841,
55,750,2024-04-01T00:00:00,,False,,False,0001-01-01T00:00:00,100005324,0,,False,True,,,,filter,59.29664561116916,11.057555111191627,
252,1100,2003-01-01T00:00:00,,False,,False,0001-01-01T00:00:00,1136,0,,False,True,,,,filter,59.20251618558056,11.194894802046509,
1,1200,2022-11-01T00:00:00,,False,,False,0001-01-01T00:00:00,100004084,0,,False,True,,,,filter,61.222739977733,6.075726491510607,
50,1000,2021-07-01T00:00:00,,False,,False,0001-01-01T00:00:00,100002895,0,,False,True,,,,filter,59.20666258826972,11.183268023177375,
176,1450,2012-10-01T00:00:00,,False,,False,0001-01-01T00:00:00,1163,0,,False,True,,,,filter,61.21723398947699,6.0769586073731165,
0,600,,,False,,False,0001-01-01T00:00:00,100005133,0,,False,False,,,,filter,59.28260828711965,11.106650016898769,
15,1100,2017-11-01T00:00:00,,False,,False,0001-01-01T00:00:00,100000736,0,,False,True,,,,filter,59.2875542920452,11.113720940412081,
2,900,2025-09-01T00:00:00,,False,,False,0001-01-01T00:00:00,100006647,0,,False,True,,,,filter,59.29385040252141,11.065083643774415,
37,1000,2014-08-01T00:00:00,,False,,False,0001-01-01T00:00:00,1168,0,,False,True,,,,filter,59.2666443008849,11.033258656170839,
74,1100,2001-05-01T00:00:00,,False,,False,0001-01-01T00:00:00,1124,0,,False,True,,,,filter,59.29447733601563,11.117881653753418,
51,900,2022-08-01T00:00:00,,False,,False,0001-01-01T00:00:00,100003682,0,,False,True,,,,filter,59.26863464407407,11.164827990018726,
36,900,2026-01-01T00:00:00,,False,,False,0001-01-01T00:00:00,100006905,0,,False,True,,,,filter,59.28408453825958,11.12737379949553,
0,1000,2004-05-01T00:00:00,,False,,False,0001-01-01T00:00:00,1358,0,,False,True,,,,filter,59.4727151016487,11.161602479229831,
0,1000,2023-12-01T00:00:00,,False,,False,0001-01-01T00:00:00,100005052,87,,True,False,,,,filter,59.47722762316367,11.162685081499633,
176,1050,2015-02-01T00:00:00,,False,,False,0001-01-01T00:00:00,1359,0,,False,True,,,,filter,59.47478488651984,11.156761978081216,
9,500,2001-05-01T00:00:00,,False,,False,0001-01-01T00:00:00,1403,0,,False,True,,,,filter,59.48807714834353,10.86609524633379,
0,800,2024-10-01T00:00:00,,False,,False,0001-01-01T00:00:00,100005846,35,,True,False,,,,filter,59.492981083650626,10.86908843508142,
42,700,2024-08-01T00:00:00,,False,,False,0001-01-01T00:00:00,100005699,0,,False,True,,,,filter,59.48980149979506,10.857329201916825,
82,1700,2005-11-01T00:00:00,,False,,False,0001-01-01T00:00:00,1404,0,,False,True,,,,filter,59.48793281410575,10.852236255071304,
0,1000,2021-01-01T00:00:00,,False,,False,0001-01-01T00:00:00,100002570,509,,True,False,,,,filter,59.487027469236,10.853211072569303,
107,600,2017-03-01T00:00:00,,False,,False,0001-01-01T00:00:00,100000360,0,,False,True,,,,filter,59.487678742349345,10.854528804754755,
29,900,2021-10-01T00:00:00,,False,,False,0001-01-01T00:00:00,100003035,0,,False,True,,,,filter,58.64014953154483,6.104092399535117,
49,900,2025-01-01T00:00:00,,False,,False,0001-01-01T00:00:00,100006097,0,,False,True,,,,filter,58.63656939709105,6.104505443338113,
10,1500,2002-09-01T00:00:00,,False,,False,0001-01-01T00:00:00,5907,0,,False,True,,,,filter,58.64139029926629,6.110010761231097,
86,650,2013-08-01T00:00:00,,False,,False,0001-01-01T00:00:00,6196,0,,False,True,,,,filter,59.233080848326644,5.442542572852824,
77,1200,2014-10-01T00:00:00,,False,,False,0001-01-01T00:00:00,5621,0,,False,True,,,,filter,58.44527905872813,6.011002665116986,
62,1200,2025-03-03T00:00:00,,False,,False,0001-01-01T00:00:00,100006296,0,,False,True,,,,filter,58.45825254209061,6.001697542239934,
0,1600,2020-11-01T00:00:00,,False,,False,0001-01-01T00:00:00,100002533,0,,False,False,,,,filter,58.45613566684209,6.0063073075806805,
143,1600,2014-06-01T00:00:00,,False,,False,0001-01-01T00:00:00,5620,0,,False,True,,,,filter,58.461289738352335,6.002838227481369,
92,1500,2001-05-01T00:00:00,,False,,False,0001-01-01T00:00:00,5611,0,,False,True,,,,filter,58.45053512517549,6.011845390896011,
268,1700,2003-06-01T00:00:00,,False,,False,0001-01-01T00:00:00,5602,0,,False,True,,,,filter,58.45877343508947,6.004347469502649,
175,1000,2023-05-01T00:00:00,,False,,False,0001-01-01T00:00:00,100004510,0,,False,True,,,,filter,58.451343122618034,6.005311934738777,
118,1000,2024-03-01T00:00:00,,False,,False,0001-01-01T00:00:00,100005380,0,,False,True,,,,filter,58.44935138782685,6.002465905591268,
111,750,2024-10-01T00:00:00,,False,,False,0001-01-01T00:00:00,100005906,0,,False,True,,,,filter,58.44611880770929,6.003842133540074,
230,1250,2012-10-01T00:00:00,,False,,False,0001-01-01T00:00:00,5618,0,,False,True,,,,filter,58.448701130822386,6.007203888438839,
192,1300,2008-04-01T00:00:00,,False,,False,0001-01-01T00:00:00,5616,0,,False,True,,,,filter,58.449035183008036,5.9981009254250734,
0,1000,,,False,,False,0001-01-01T00:00:00,5623,0,,False,False,,,,filter,58.452513161658295,6.014892523691674,
0,793,,,False,,False,0001-01-01T00:00:00,100002505,0,,False,False,,,,filter,58.45070364758584,6.008743693110859,
48,850,2021-04-01T00:00:00,,False,,False,0001-01-01T00:00:00,100002764,0,,False,True,,,,filter,58.768624320889195,5.861553068959843,
94,1050,2018-09-01T00:00:00,,False,,False,0001-01-01T00:00:00,100001177,0,,False,True,,,,filter,58.767505447840236,5.853629976213374,
66,1150,2001-05-01T00:00:00,,False,,False,0001-01-01T00:00:00,6019,0,,False,True,,,,filter,58.76515042088873,5.849857023752587,
53,1600,2001-05-01T00:00:00,,False,,False,0001-01-01T00:00:00,6017,0,,False,True,,,,filter,58.7708769706696,5.85397672858666,
0,750,2023-09-01T00:00:00,,False,,False,0001-01-01T00:00:00,100004820,9,,True,False,,,,filter,58.76880861117219,5.848030782121244,
84,1050,2016-09-01T00:00:00,,False,,False,0001-01-01T00:00:00,100000102,0,,False,True,,,,filter,58.76795070032478,5.848190903314856,
122,800,2018-06-01T00:00:00,,False,,False,0001-01-01T00:00:00,100001051,0,,False,True,,,,filter,58.76564018651617,5.851523266794523,
123,800,2018-06-01T00:00:00,,False,,False,0001-01-01T00:00:00,100001050,0,,False,True,,,,filter,58.766097615685005,5.864841045614476,
75,350,2025-06-01T00:00:00,,False,,False,0001-01-01T00:00:00,100006342,0,,False,True,,,,filter,58.767052174154344,5.843891018883918,
94,1200,2005-01-01T00:00:00,,False,,False,0001-01-01T00:00:00,6013,0,,False,True,,,,filter,58.76165216442172,5.855774035995383,
44,550,2024-01-01T00:00:00,,False,,False,0001-01-01T00:00:00,100005103,0,,False,True,,,,filter,58.7706797364431,5.852638119633748,
47,800,2025-05-26T00:00:00,,False,,False,0001-01-01T00:00:00,100006380,0,,False,True,,,,filter,58.77335532026594,5.8543663139392415,
154,1050,2013-09-01T00:00:00,,False,,False,0001-01-01T00:00:00,6026,0,,False,True,,,,filter,58.76737851791473,5.8527020085565455,
46,250,2025-10-01T00:00:00,,False,,False,0001-01-01T00:00:00,100006704,0,,False,True,,,,filter,58.62096844776539,5.6509786952337215,
65,300,2025-07-01T00:00:00,,False,,False,0001-01-01T00:00:00,100006503,0,,False,True,,,,filter,58.669917849571235,5.638975913782903,
27,1000,2001-05-01T00:00:00,,False,,False,0001-01-01T00:00:00,5913,0,,False,True,,,,filter,58.61378745455767,5.643573577724508,
108,700,2013-09-01T00:00:00,,False,,False,0001-01-01T00:00:00,5942,0,,False,True,,,,filter,58.66808763576186,5.630055714409961,
8,1000,2019-03-01T00:00:00,,False,,False,0001-01-01T00:00:00,100001473,0,,False,True,,,,filter,58.61415409207278,5.648631287669235,
38,990,2013-01-01T00:00:00,,False,,False,0001-01-01T00:00:00,5937,0,,False,True,,,,filter,58.56798703889849,5.692848058225964,
33,1000,2024-01-01T00:00:00,,False,,False,0001-01-01T00:00:00,100005105,0,,False,True,,,,filter,58.61984571481592,5.6514816875432645,
29,825,2016-07-01T00:00:00,,False,,False,0001-01-01T00:00:00,100000049,0,,False,True,,,,filter,58.57091586895288,5.693554418328902,
58,800,2024-11-01T00:00:00,,False,,False,0001-01-01T00:00:00,100005938,0,,False,True,,,,filter,58.66718708743259,5.632188270232013,
25,900,2009-09-01T00:00:00,,False,,False,0001-01-01T00:00:00,5938,0,,False,True,,,,filter,58.573474866355106,5.693830371148402,
93,850,2019-08-01T00:00:00,,False,,False,0001-01-01T00:00:00,100001723,0,,False,True,,,,filter,58.620968024756856,5.6501893324008785,
62,750,2019-08-01T00:00:00,,False,,False,0001-01-01T00:00:00,100001727,0,,False,True,,,,filter,58.66436122214461,5.640708598695446,
196,1000,2006-09-01T00:00:00,,False,,False,0001-01-01T00:00:00,5931,0,,False,True,,,,filter,58.6675013447561,5.631592828573609,
64,600,2023-11-01T00:00:00,,False,,False,0001-01-01T00:00:00,100004992,0,,False,True,,,,filter,58.667063013276746,5.628274848384631,
28,800,2023-08-01T00:00:00,,False,,False,0001-01-01T00:00:00,100004723,0,,False,True,,,,filter,58.66470503457243,5.641878881649937,
22,625,2009-04-01T00:00:00,,False,,False,0001-01-01T00:00:00,5911,0,,False,True,,,,filter,58.66672555585691,5.634698464217794,
10,800,2001-05-01T00:00:00,,False,,False,0001-01-01T00:00:00,5917,0,,False,True,,,,filter,68.80597175814297,16.44891534252514,
49,800,2025-01-01T00:00:00,,False,,False,0001-01-01T00:00:00,100006117,0,,False,True,,,,filter,58.570899286816115,5.694201486257354,
52,800,2023-08-07T00:00:00,,False,,False,0001-01-01T00:00:00,100004722,0,,False,True,,,,filter,58.61842223260037,5.656057859945899,
81,500,2017-01-01T00:00:00,,False,,False,0001-01-01T00:00:00,100000276,0,,False,True,,,,filter,58.668415120028094,5.629231656947156,
0,650,2026-01-01T00:00:00,,False,,False,0001-01-01T00:00:00,100006920,14,,True,False,,,,filter,58.56957327339298,5.693059550565195,
33,700,2023-11-01T00:00:00,,False,,False,0001-01-01T00:00:00,100004993,0,,False,True,,,,filter,58.66836996481565,5.628934273780582,
95,1000,2013-01-01T00:00:00,,False,,False,0001-01-01T00:00:00,5936,0,,False,True,,,,filter,58.66630955772676,5.636574671151813,
14,650,2020-11-01T00:00:00,,False,,False,0001-01-01T00:00:00,100002510,0,,False,True,,,,filter,58.5680318144014,5.695877591855193,
146,1500,2017-02-01T00:00:00,,False,,False,0001-01-01T00:00:00,100000320,0,,False,True,,,,filter,59.413556193792076,5.279795609772104,
140,1250,2010-09-01T00:00:00,,False,,False,0001-01-01T00:00:00,5881,0,,False,True,,,,filter,59.40816664990005,5.279911888191132,
60,800,2025-10-01T00:00:00,,False,,False,0001-01-01T00:00:00,100006686,0,,False,True,,,,filter,59.41565767686845,5.272704922744948,
177,1100,2014-06-01T00:00:00,,False,,False,0001-01-01T00:00:00,5895,0,,False,True,,,,filter,59.396065795656604,5.310478171726613,
61,875,2025-03-01T00:00:00,,False,,False,0001-01-01T00:00:00,100006089,0,,False,True,,,,filter,59.415307009844305,5.276248323117003,
0,2300,2025-08-01T00:00:00,,False,,False,0001-01-01T00:00:00,100006569,78,,True,False,,,,filter,59.41854698697241,5.268649576233448,
41,650,2025-11-01T00:00:00,,False,,False,0001-01-01T00:00:00,100006806,0,,False,True,,,,filter,59.41188915218612,5.269217495309765,
55,1700,2023-01-01T00:00:00,,False,,False,0001-01-01T00:00:00,100004229,0,,False,True,,,,filter,59.41598114943791,5.2748758464765615,
328,1200,2008-03-01T00:00:00,,False,,False,0001-01-01T00:00:00,5884,0,,False,True,,,,filter,59.40604657857909,5.267730051080252,
165,1000,2024-07-01T00:00:00,,False,,False,0001-01-01T00:00:00,100005619,0,,False,True,,,,filter,59.40663812901854,5.27553512217315,
0,850,2023-09-01T00:00:00,,False,,False,0001-01-01T00:00:00,100004748,117,,True,False,,,,filter,59.41258325513508,5.264768960105426,
286,1000,2010-02-01T00:00:00,,False,,False,0001-01-01T00:00:00,5879,0,,False,True,,,,filter,59.413531002057056,5.27224226491351,
54,1000,2001-05-01T00:00:00,,False,,False,0001-01-01T00:00:00,5871,0,,False,True,,,,filter,59.412566694324745,5.268480602899918,
414,1100,2012-01-01T00:00:00,,False,,False,0001-01-01T00:00:00,5887,0,,False,True,,,,filter,59.398949359223835,5.300867825383088,
150,1120,2018-10-01T00:00:00,,False,,False,0001-01-01T00:00:00,100001277,0,,False,True,,,,filter,59.43973531095445,5.289049603133685,
165,1000,2023-04-01T00:00:00,,False,,False,0001-01-01T00:00:00,100004450,0,,False,True,,,,filter,59.417637457862924,5.278860671286355,
91,1200,2008-06-01T00:00:00,,False,,False,0001-01-01T00:00:00,5885,0,,False,True,,,,filter,59.413188332861246,5.278362431506295,
39,900,2002-02-01T00:00:00,,False,,False,0001-01-01T00:00:00,5853,0,,False,True,,,,filter,59.41521140771609,5.264875588109748,
176,1200,2001-05-01T00:00:00,,False,,False,0001-01-01T00:00:00,5861,0,,False,True,,,,filter,59.40923793964649,5.255371477653825,
156,1650,2007-08-01T00:00:00,,False,,False,0001-01-01T00:00:00,5880,0,,False,True,,,,filter,59.4116560719418,5.276684371509508,
293,1000,2016-08-18T00:00:00,,False,,False,0001-01-01T00:00:00,100000169,0,,False,True,,,,filter,59.41016554506715,5.265223658629275,
0,600,2026-02-01T00:00:00,,False,,False,0001-01-01T00:00:00,100006941,176,,True,False,,,,filter,59.4163000016938,5.273180422482524,
160,1350,2010-03-01T00:00:00,,False,,False,0001-01-01T00:00:00,5882,0,,False,True,,,,filter,59.414266872041495,5.2720999822826835,
79,1000,2025-01-01T00:00:00,,False,,False,0001-01-01T00:00:00,100006074,0,,False,True,,,,filter,59.41188336401944,5.274192068548987,
41,200,2026-01-01T00:00:00,,False,,False,0001-01-01T00:00:00,100006846,0,,False,True,,,,filter,59.39515195766178,5.309841488494263,
21,1000,2025-03-01T00:00:00,,False,,False,0001-01-01T00:00:00,100006227,0,,False,True,,,,filter,59.39780070589381,5.306165047614998,
75,1090,2024-05-01T00:00:00,,False,,False,0001-01-01T00:00:00,100005425,0,,False,True,,,,filter,59.4369767938754,5.2795575392333385,
123,1800,2001-05-01T00:00:00,,False,,False,0001-01-01T00:00:00,5859,0,,False,True,,,,filter,59.43348169274093,5.287264213966662,
76,1000,2022-12-01T00:00:00,,False,,False,0001-01-01T00:00:00,100004139,0,,False,True,,,,filter,59.39394292688354,5.306282695121335,
157,1100,2023-08-01T00:00:00,,False,,False,0001-01-01T00:00:00,100004635,0,,False,True,,,,filter,59.403524553032405,5.26455378847537,
126,1170,2011-12-01T00:00:00,,False,,False,0001-01-01T00:00:00,5893,0,,False,True,,,,filter,59.410506217709646,5.259886631646045,
78,1200,2006-09-01T00:00:00,,False,,False,0001-01-01T00:00:00,5883,0,,False,True,,,,filter,59.395849791602586,5.301383116937453,
95,1000,2001-05-01T00:00:00,,False,,False,0001-01-01T00:00:00,5864,0,,False,True,,,,filter,59.397309337849556,5.305714606273893,
141,1000,2023-09-01T00:00:00,,False,,False,0001-01-01T00:00:00,100004747,0,,False,True,,,,filter,59.41156201875096,5.280828076299455,
212,1100,2017-10-01T00:00:00,,False,,False,0001-01-01T00:00:00,100000678,0,,False,True,,,,filter,59.39334083479582,5.305922005910638,
127,1000,2019-02-01T00:00:00,,False,,False,0001-01-01T00:00:00,100001431,0,,False,True,,,,filter,59.406890583737884,5.266816980627152,
184,1000,2012-10-01T00:00:00,,False,,False,0001-01-01T00:00:00,5856,0,,False,True,,,,filter,59.41382866318461,5.274118014383724,
8,800,2025-05-01T00:00:00,,False,,False,0001-01-01T00:00:00,100006393,0,,False,True,,,,filter,59.440757473614084,5.28480745697831,
150,1050,2009-08-01T00:00:00,,False,,False,0001-01-01T00:00:00,5886,0,,False,True,,,,filter,59.409399185527136,5.263248778714179,
31,960,2022-09-01T00:00:00,,False,,False,0001-01-01T00:00:00,100003729,0,,False,True,,,,filter,59.438966806920675,5.277632940915436,
280,1250,2017-08-01T00:00:00,,False,,False,0001-01-01T00:00:00,100000606,0,,False,True,,,,filter,59.39231325693223,5.312805133495199,
51,1050,2020-03-01T00:00:00,,False,,False,0001-01-01T00:00:00,100002081,0,,False,True,,,,filter,59.23630054307948,6.181172266328188,
0,700,2023-03-01T00:00:00,,False,,False,0001-01-01T00:00:00,100004288,42,,True,False,,,,filter,59.23292025940017,6.185569067659405,
19,1100,2025-08-01T00:00:00,,False,,False,0001-01-01T00:00:00,100006484,0,,False,True,,,,filter,59.2326692701148,6.186389353015056,
51,900,2025-12-01T00:00:00,,False,,False,0001-01-01T00:00:00,100006817,0,,False,True,,,,filter,59.29180668183704,5.282729761193349,
39,2000,2001-05-01T00:00:00,,False,,False,0001-01-01T00:00:00,6222,0,,False,True,,,,filter,59.15085469549041,5.258886984028358,
220,900,2021-11-18T00:00:00,,False,,False,0001-01-01T00:00:00,100003174,0,,False,True,,,,filter,59.29497418286047,5.282259337485442,
205,1550,2020-03-01T00:00:00,,False,,False,0001-01-01T00:00:00,100002064,0,,False,True,,,,filter,59.392688750433784,5.320085035437431,
320,1300,2023-05-01T00:00:00,,False,,False,0001-01-01T00:00:00,100004468,0,,False,True,,,,filter,59.38086056527744,5.310244109884413,
17,900,2022-10-17T00:00:00,,False,,False,0001-01-01T00:00:00,100004033,0,,False,True,,,,filter,59.292650741958646,5.296379495874129,
107,2400,2001-05-01T00:00:00,,False,,False,0001-01-01T00:00:00,6224,0,,False,True,,,,filter,59.2823898168749,5.311511455131861,
263,1700,2016-05-01T00:00:00,,False,,False,0001-01-01T00:00:00,6264,0,,False,True,,,,filter,59.283150314901214,5.312848420344923,
250,1300,2016-07-06T00:00:00,,False,,False,0001-01-01T00:00:00,100000062,0,,False,True,,,,filter,59.26069841155639,5.200463765666217,
19,1600,2013-05-01T00:00:00,,False,,False,0001-01-01T00:00:00,6255,0,,False,True,,,,filter,58.62534240708629,8.925619589316122,
124,1000,2023-06-01T00:00:00,,False,,False,0001-01-01T00:00:00,100004581,0,,False,True,,,,filter,59.15308866863226,5.258703243340801,
191,900,2017-10-01T00:00:00,,False,,False,0001-01-01T00:00:00,100000683,0,,False,True,,,,filter,59.38097834719404,5.310144814209488,
139,1300,2006-02-01T00:00:00,,False,,False,0001-01-01T00:00:00,6242,0,,False,True,,,,filter,59.260104091658086,5.202607069610987,
128,900,2023-05-01T00:00:00,,False,,False,0001-01-01T00:00:00,100004486,0,,False,True,,,,filter,59.29694735018593,5.290983379753254,
43,1550,2012-12-01T00:00:00,,False,,False,0001-01-01T00:00:00,6254,0,,False,True,,,,filter,59.387035810479375,5.328109987160695,
77,1450,2001-05-01T00:00:00,,False,,False,0001-01-01T00:00:00,6231,0,,False,True,,,,filter,59.387671100288856,5.328849945752239,
288,1300,2014-01-01T00:00:00,,False,,False,0001-01-01T00:00:00,6243,0,,False,True,,,,filter,59.37685580187237,5.305322745009237,
114,1100,2002-10-01T00:00:00,,False,,False,0001-01-01T00:00:00,6218,0,,False,True,,,,filter,59.295742259667755,5.223655082121208,
0,1200,2021-08-01T00:00:00,,False,,False,0001-01-01T00:00:00,100002903,17,,True,False,,,,filter,59.37725934140036,5.313696316871754,
211,900,2021-03-01T00:00:00,,False,,False,0001-01-01T00:00:00,100002507,0,,False,True,,,,filter,59.29117644068014,5.284492234196532,
177,1210,2025-09-01T00:00:00,,False,,False,0001-01-01T00:00:00,100006548,0,,False,True,,,,filter,59.255426684509665,5.196970987659038,
332,1800,2022-11-01T00:00:00,,False,,False,0001-01-01T00:00:00,100004071,0,,False,True,,,,filter,59.279328176945896,5.2993963045245325,
126,900,2015-04-01T00:00:00,,False,,False,0001-01-01T00:00:00,6259,0,,False,True,,,,filter,59.29055908754589,5.29018969750011,
303,1310,2010-11-01T00:00:00,,False,,False,0001-01-01T00:00:00,6245,0,,False,True,,,,filter,59.25775745260791,5.207765312493948,
236,830,2024-10-01T00:00:00,,False,,False,0001-01-01T00:00:00,100005869,0,,False,True,,,,filter,59.14848400378998,5.251111116610213,
0,1000,,,False,,False,0001-01-01T00:00:00,100003539,20,,True,False,,,,filter,59.29480350923017,5.221206216963884,
0,900,,,False,,False,0001-01-01T00:00:00,100004503,10,,True,False,,,,filter,59.156381059314235,5.2548377207877,
0,1000,,,False,,False,0001-01-01T00:00:00,100006139,51,,True,False,,,,filter,58.62770227838996,8.930176787069312,
0,1500,,,False,,False,0001-01-01T00:00:00,100006921,67,,True,False,,,,filter,59.2908977322309,5.230905600165111,
0,1000,,,False,,False,0001-01-01T00:00:00,100006965,0,,False,False,,,,filter,59.38693212503221,5.332018474615526,
67,1250,2010-09-01T00:00:00,,False,,False,0001-01-01T00:00:00,5976,0,,False,True,,,,filter,58.76723194083588,5.471558388038759,
214,1100,2010-11-01T00:00:00,,False,,False,0001-01-01T00:00:00,5972,0,,False,True,,,,filter,58.79036037732281,5.722958004515995,
240,1100,2019-07-01T00:00:00,,False,,False,0001-01-01T00:00:00,100001667,0,,False,True,,,,filter,58.76846380385437,5.4690074958835915,
118,975,2024-06-15T00:00:00,,False,,False,0001-01-01T00:00:00,100005591,0,,False,True,,,,filter,58.79687571284605,5.713317579905025,
50,800,2022-01-01T00:00:00,,False,,False,0001-01-01T00:00:00,100003232,0,,False,True,,,,filter,58.79166928026627,5.723641955612241,
80,700,2014-06-01T00:00:00,,False,,False,0001-01-01T00:00:00,5978,0,,False,True,,,,filter,58.7948330628355,5.722963663577455,
28,1200,2012-02-01T00:00:00,,False,,False,0001-01-01T00:00:00,5977,0,,False,True,,,,filter,58.771244450542696,5.6279989917882025,
61,950,2001-05-01T00:00:00,,False,,False,0001-01-01T00:00:00,5959,0,,False,True,,,,filter,58.79241576476936,5.717998850018217,
61,800,2015-06-01T00:00:00,,False,,False,0001-01-01T00:00:00,5980,0,,False,True,,,,filter,58.77665110996981,5.618862240722054,
65,880,2024-09-16T00:00:00,,False,,False,0001-01-01T00:00:00,100005836,0,,False,True,,,,filter,58.781942496510105,5.616458155259109,
68,1300,2010-05-01T00:00:00,,False,,False,0001-01-01T00:00:00,5975,0,,False,True,,,,filter,58.77788606305957,5.630267037121418,
28,750,2023-08-01T00:00:00,,False,,False,0001-01-01T00:00:00,100004639,0,,False,True,,,,filter,58.76667705632652,5.46864878179347,
113,600,2017-07-01T00:00:00,,False,,False,0001-01-01T00:00:00,100000549,0,,False,True,,,,filter,58.79164042815687,5.709724411554849,
14,1100,2025-06-16T00:00:00,,False,,False,0001-01-01T00:00:00,100006493,0,,False,True,,,,filter,58.7789759509263,5.615155723373864,
63,850,2024-05-01T00:00:00,,False,,False,0001-01-01T00:00:00,100005498,0,,False,True,,,,filter,58.77438171186193,5.6354694128163,
23,980,2014-10-01T00:00:00,,False,,False,0001-01-01T00:00:00,5979,0,,False,True,,,,filter,58.77426058402068,5.4695146947105755,
95,1150,2017-02-01T00:00:00,,False,,False,0001-01-01T00:00:00,100000329,0,,False,True,,,,filter,58.78242674202436,5.617408442418755,
9,1200,2016-09-01T00:00:00,,False,,False,0001-01-01T00:00:00,100000121,0,,False,True,,,,filter,58.776148738406526,5.625096062472569,
46,1000,2023-07-01T00:00:00,,False,,False,0001-01-01T00:00:00,100004607,0,,False,True,,,,filter,58.77142381935336,5.475904033695074,
35,1125,2003-06-01T00:00:00,,False,,False,0001-01-01T00:00:00,5964,0,,False,True,,,,filter,58.77084789267285,5.622454852414948,
32,1300,2006-03-01T00:00:00,,False,,False,0001-01-01T00:00:00,5963,0,,False,True,,,,filter,58.77614056715927,5.625614462085921,
0,600,2001-05-01T00:00:00,,False,,False,0001-01-01T00:00:00,6192,249,,True,False,,,,filter,59.06219609756926,5.411193611448192,
0,1200,2012-09-01T00:00:00,,False,,True,0001-01-01T00:00:00,5903,26,,True,False,,,,filter,58.45422220600199,6.551336823674472,
0,1200,2001-05-01T00:00:00,,False,,True,0001-01-01T00:00:00,5900,359,,True,False,,,,filter,58.458532663523904,6.549110902347486,
45,1000,2021-09-01T00:00:00,,False,,True,0001-01-01T00:00:00,100003060,0,,False,True,,,,filter,58.45442441233756,6.5490697964818,
36,1400,2015-05-01T00:00:00,,False,,False,0001-01-01T00:00:00,6077,0,,False,True,,,,filter,58.99477823361523,5.653093268749486,
161,1000,2002-04-01T00:00:00,,False,,False,0001-01-01T00:00:00,6076,0,,False,True,,,,filter,58.996521644194914,5.6257117806530745,
71,800,2016-10-01T00:00:00,,False,,False,0001-01-01T00:00:00,100000196,0,,False,True,,,,filter,59.00135775595911,5.618893015757889,
13,650,2024-06-25T00:00:00,,False,,False,0001-01-01T00:00:00,100005581,0,,False,True,,,,filter,58.99802169272881,5.616455007289402,
0,1110,2023-10-01T00:00:00,,False,,False,0001-01-01T00:00:00,100004909,9,,True,False,,,,filter,58.99690024126531,5.616858229587991,
67,1100,2013-11-01T00:00:00,,False,,False,0001-01-01T00:00:00,6081,0,,False,True,,,,filter,58.991718249647924,5.642887786045718,
0,950,2026-02-01T00:00:00,,False,,False,0001-01-01T00:00:00,100006963,9,,True,False,,,,filter,59.002960521185635,5.615764722036316,
32,1400,2009-04-01T00:00:00,,False,,False,0001-01-01T00:00:00,6069,0,,False,True,,,,filter,58.99796950175772,5.618327943022487,
82,1000,2023-10-01T00:00:00,,False,,False,0001-01-01T00:00:00,100004936,0,,False,True,,,,filter,58.99001754381101,5.648165489983878,
92,900,2013-10-01T00:00:00,,False,,False,0001-01-01T00:00:00,6080,0,,False,True,,,,filter,58.99568951451093,5.619028559120315,
144,700,2024-01-01T00:00:00,,False,,False,0001-01-01T00:00:00,100005147,0,,False,True,,,,filter,59.00052542980015,5.62922182747188,
0,1380,2013-03-01T00:00:00,,False,,False,0001-01-01T00:00:00,6078,0,,False,True,,,,filter,58.99139956003128,5.651553587920875,
0,1500,2001-05-01T00:00:00,,False,,False,0001-01-01T00:00:00,6072,11,,True,False,,,,filter,58.99800402811005,5.617972428503471,
0,2200,2001-05-01T00:00:00,,False,,False,0001-01-01T00:00:00,6074,8,,True,False,,,,filter,58.99750218739017,5.614986831113151,
67,1500,2007-08-01T00:00:00,,False,,False,0001-01-01T00:00:00,5661,0,,False,True,,,,filter,58.84903806010031,5.733901899981638,
63,900,2021-05-01T00:00:00,,False,,False,0001-01-01T00:00:00,100002788,0,,False,True,,,,filter,58.849673654899135,5.731379753058154,
209,700,2019-01-01T00:00:00,,False,,False,0001-01-01T00:00:00,100001408,0,,False,True,,,,filter,58.827198178384634,5.755532724625146,
9,700,2006-11-01T00:00:00,,False,,False,0001-01-01T00:00:00,6085,0,,False,True,,,,filter,58.899583471436934,6.086021789704868,
99,600,2023-08-01T00:00:00,,False,,False,0001-01-01T00:00:00,100004712,0,,False,True,,,,filter,58.84546726200538,5.730995292480129,
85,1300,2009-02-01T00:00:00,,False,,False,0001-01-01T00:00:00,5667,0,,False,True,,,,filter,58.82885675693904,5.751074556588225,
209,1100,2013-09-01T00:00:00,,False,,False,0001-01-01T00:00:00,5693,0,,False,True,,,,filter,58.826236974444114,5.751718936651157,
171,850,2015-03-01T00:00:00,,False,,False,0001-01-01T00:00:00,5694,0,,False,True,,,,filter,58.84901046653119,5.729452541934042,
168,750,2019-10-01T00:00:00,,False,,False,0001-01-01T00:00:00,100001876,0,,False,True,,,,filter,58.85495746428697,5.744899249285122,
391,850,2014-08-01T00:00:00,,False,,False,0001-01-01T00:00:00,5697,0,,False,True,,,,filter,58.84695469259727,5.725972934959615,
76,1200,2013-08-01T00:00:00,,False,,False,0001-01-01T00:00:00,5687,0,,False,True,,,,filter,58.85148481466555,5.733618535011435,
87,1100,2016-08-01T00:00:00,,False,,False,0001-01-01T00:00:00,100000072,0,,False,True,,,,filter,58.84585408313192,5.715321230296199,
156,850,2024-07-01T00:00:00,,False,,False,0001-01-01T00:00:00,100005652,0,,False,True,,,,filter,58.82449783249741,5.748709442945365,
74,700,2025-10-01T00:00:00,,False,,False,0001-01-01T00:00:00,100006719,0,,False,True,,,,filter,58.898063075112454,6.09044424201535,
7,1675,2004-12-01T00:00:00,,False,,False,0001-01-01T00:00:00,5673,0,,False,True,,,,filter,58.84920215539565,5.7291592371261295,
38,1300,2020-09-01T00:00:00,,False,,False,0001-01-01T00:00:00,100002349,0,,False,True,,,,filter,58.82210921628289,5.752264899447539,
137,1350,2009-03-01T00:00:00,,False,,False,0001-01-01T00:00:00,5675,0,,False,True,,,,filter,58.845291205895776,5.739222717938017,
98,620,2023-04-01T00:00:00,,False,,False,0001-01-01T00:00:00,100004414,0,,False,True,,,,filter,58.85619945822589,5.715194210622295,
44,1500,2011-03-01T00:00:00,,False,,False,0001-01-01T00:00:00,5676,0,,False,True,,,,filter,58.85759428482789,5.706459584724836,
55,600,2025-02-01T00:00:00,,False,,False,0001-01-01T00:00:00,100006138,0,,False,True,,,,filter,58.86639871259165,5.7152630707730205,
2,1100,2014-08-01T00:00:00,,False,,False,0001-01-01T00:00:00,5664,0,,False,True,,,,filter,58.86859425890124,5.710269490746487,
65,1100,2025-08-25T00:00:00,,False,,False,0001-01-01T00:00:00,100006457,0,,False,True,,,,filter,58.871295546784665,5.711471180827065,
152,1000,2016-02-01T00:00:00,,False,,False,0001-01-01T00:00:00,5699,0,,False,True,,,,filter,58.845635626019465,5.734309573532388,
152,1000,2011-01-01T00:00:00,,False,,False,0001-01-01T00:00:00,5680,0,,False,True,,,,filter,58.855770496685196,5.751554234174511,
80,660,2025-01-01T00:00:00,,False,,False,0001-01-01T00:00:00,100006096,0,,False,True,,,,filter,58.85423631382721,5.751707597667812,
19,850,2026-01-01T00:00:00,,False,,False,0001-01-01T00:00:00,100006816,0,,False,True,,,,filter,58.859099038544045,5.709660927912936,
124,900,2026-01-01T00:00:00,,False,,False,0001-01-01T00:00:00,100006828,0,,False,True,,,,filter,58.923661067458724,5.858950302527956,
157,800,2016-04-01T00:00:00,,False,,False,0001-01-01T00:00:00,5698,0,,False,True,,,,filter,58.82787836065423,5.753069043174984,
96,900,2025-05-01T00:00:00,,False,,False,0001-01-01T00:00:00,100006406,0,,False,True,,,,filter,58.85561863894162,5.738508218760663,
133,1000,2021-06-01T00:00:00,,False,,False,0001-01-01T00:00:00,100002823,0,,False,True,,,,filter,58.82740695626025,5.716530288481417,
129,950,2011-01-01T00:00:00,,False,,False,0001-01-01T00:00:00,5685,0,,False,True,,,,filter,58.85475592631806,5.749542034618107,
91,900,2004-09-01T00:00:00,,False,,False,0001-01-01T00:00:00,5663,0,,False,True,,,,filter,58.84280604706861,5.716124161590268,
0,200,2026-03-01T00:00:00,,False,,False,0001-01-01T00:00:00,100006952,138,,True,False,,,,filter,58.85024262266748,5.735609082895664,
115,1000,2020-07-01T00:00:00,,False,,False,0001-01-01T00:00:00,100002282,0,,False,True,,,,filter,58.85070148935575,5.738192151970592,
165,700,2009-05-01T00:00:00,,False,,False,0001-01-01T00:00:00,5681,0,,False,True,,,,filter,58.842775105061655,5.72060893297682,
98,900,2024-06-01T00:00:00,,False,,False,0001-01-01T00:00:00,100005548,0,,False,True,,,,filter,58.84905114631364,5.736492219688044,
269,1600,2013-08-01T00:00:00,,False,,False,0001-01-01T00:00:00,5692,0,,False,True,,,,filter,58.8495671820761,5.7433860657704825,
78,1100,2023-09-01T00:00:00,,False,,False,0001-01-01T00:00:00,100004829,0,,False,True,,,,filter,58.82929335355116,5.715247646110321,
94,1000,2006-12-01T00:00:00,,False,,False,0001-01-01T00:00:00,5674,0,,False,True,,,,filter,58.82372710042412,5.762541910835813,
54,1300,2018-04-01T00:00:00,,False,,False,0001-01-01T00:00:00,100000959,0,,False,True,,,,filter,58.855354400459944,5.718645287214212,
107,1000,2023-12-01T00:00:00,,False,,False,0001-01-01T00:00:00,100005048,0,,False,True,,,,filter,58.8511226716893,5.745855879320519,
107,900,2020-09-01T00:00:00,,False,,False,0001-01-01T00:00:00,100002389,0,,False,True,,,,filter,58.846910263257946,5.71455922973384,
119,1000,2020-10-01T00:00:00,,False,,False,0001-01-01T00:00:00,100002417,0,,False,True,,,,filter,58.842364846677505,5.715713778409434,
124,1300,2025-08-01T00:00:00,,False,,False,0001-01-01T00:00:00,100006487,0,,False,True,,,,filter,58.875078970183026,5.727969277435143,
72,700,2025-09-01T00:00:00,,False,,False,0001-01-01T00:00:00,100006546,0,,False,True,,,,filter,58.84548950861972,5.724311815641495,
103,900,2017-05-01T00:00:00,,False,,False,0001-01-01T00:00:00,100000456,0,,False,True,,,,filter,58.862101238794466,5.715025495855307,
68,1150,2011-03-01T00:00:00,,False,,False,0001-01-01T00:00:00,5671,0,,False,True,,,,filter,58.850180519833664,5.743194351412859,
88,1100,2021-03-01T00:00:00,,False,,False,0001-01-01T00:00:00,100002707,0,,False,True,,,,filter,58.87824602998334,5.725829970221279,
62,1000,2001-05-01T00:00:00,,False,,False,0001-01-01T00:00:00,5631,0,,False,True,,,,filter,58.92341999682482,5.856683382011606,
81,1010,2023-10-01T00:00:00,,False,,False,0001-01-01T00:00:00,100004902,0,,False,True,,,,filter,58.83041525982001,5.714395665733735,
159,1100,2011-01-01T00:00:00,,False,,False,0001-01-01T00:00:00,5686,0,,False,True,,,,filter,58.85475233844816,5.748232132810268,
181,1050,2001-05-01T00:00:00,,False,,False,0001-01-01T00:00:00,5635,0,,False,True,,,,filter,58.84581495886995,5.721489624129237,
258,1400,2001-05-01T00:00:00,,False,,False,0001-01-01T00:00:00,5627,0,,False,True,,,,filter,58.88097891014552,5.724633183193179,
161,1000,2013-09-01T00:00:00,,False,,False,0001-01-01T00:00:00,5688,0,,False,True,,,,filter,58.85465854757908,5.743630884153657,
26,600,2025-06-01T00:00:00,,False,,False,0001-01-01T00:00:00,100006456,0,,False,True,,,,filter,58.85297220810567,5.730666643857097,
118,1300,2010-10-01T00:00:00,,False,,False,0001-01-01T00:00:00,5684,0,,False,True,,,,filter,58.9226031838006,5.8549085888061425,
95,1050,2004-06-01T00:00:00,,False,,False,0001-01-01T00:00:00,5668,0,,False,True,,,,filter,58.85329631679625,5.729339188324539,
87,670,2020-09-01T00:00:00,,False,,False,0001-01-01T00:00:00,100002390,0,,False,True,,,,filter,58.85217314792947,5.736193600193599,
21,950,2018-03-01T00:00:00,,False,,False,0001-01-01T00:00:00,100000887,0,,False,True,,,,filter,58.85142979435109,5.7303258611826715,
166,850,2017-09-01T00:00:00,,False,,False,0001-01-01T00:00:00,100000611,0,,False,True,,,,filter,58.85238653161632,5.7354849627365905,
35,550,2024-09-01T00:00:00,,False,,False,0001-01-01T00:00:00,100005815,0,,False,True,,,,filter,58.85137420054171,5.737249716135001,
311,150,2024-04-01T00:00:00,,False,,False,0001-01-01T00:00:00,100005408,0,,False,True,,,,filter,58.84638228602613,5.728183098537747,
99,1200,2022-09-01T00:00:00,,False,,False,0001-01-01T00:00:00,100003790,0,,False,True,,,,filter,58.82446338284033,5.714493918470677,
68,590,2022-11-01T00:00:00,,False,,False,0001-01-01T00:00:00,100004050,0,,False,True,,,,filter,58.85476634794475,5.735297044779574,
68,650,2023-02-01T00:00:00,,False,,False,0001-01-01T00:00:00,100004246,0,,False,True,,,,filter,58.85094652001845,5.731750146157542,
43,1400,2013-03-01T00:00:00,,False,,False,0001-01-01T00:00:00,5691,0,,False,True,,,,filter,58.85198407973093,5.729893243413133,
143,1000,2020-07-01T00:00:00,,False,,False,0001-01-01T00:00:00,100002283,0,,False,True,,,,filter,58.85063080908483,5.743903427734352,
112,950,2014-08-01T00:00:00,,False,,False,0001-01-01T00:00:00,5696,0,,False,True,,,,filter,58.84769356841763,5.725263409861706,
53,1100,2023-04-01T00:00:00,,False,,False,0001-01-01T00:00:00,100004451,0,,False,True,,,,filter,58.85332404634495,5.749821302904873,
0,700,,,False,,False,0001-01-01T00:00:00,100005341,52,,True,False,,,,filter,58.878612825194196,5.71770905273947,
0,1000,,,False,,False,0001-01-01T00:00:00,100005486,89,,True,False,,,,filter,58.878249141671525,5.72987528792541,
0,950,,,False,,False,0001-01-01T00:00:00,100006128,58,,True,False,,,,filter,58.881687226079194,5.724718176020025,
200,900,2018-08-01T00:00:00,,False,,False,0001-01-01T00:00:00,100001039,0,,False,True,,,,filter,58.92361030327454,5.855453398115049,
103,1100,2012-04-01T00:00:00,,False,,False,0001-01-01T00:00:00,5690,0,,False,True,,,,filter,58.92309774046399,5.848069877203215,
126,1000,2020-10-01T00:00:00,,False,,False,0001-01-01T00:00:00,100002479,0,,False,True,,,,filter,58.82267815018719,5.7104339380375,
95,900,2025-04-01T00:00:00,,False,,False,0001-01-01T00:00:00,100006308,0,,False,True,,,,filter,58.84811660676607,5.732515726306287,
98,700,2016-01-01T00:00:00,,False,,False,0001-01-01T00:00:00,5695,0,,False,True,,,,filter,58.881889818383264,5.720531795312268,
141,1000,2005-06-01T00:00:00,,False,,False,0001-01-01T00:00:00,5672,0,,False,True,,,,filter,58.85059845122304,5.737232608493916,
18,550,2024-03-01T00:00:00,,False,,True,0001-01-01T00:00:00,100005281,0,,False,True,,,,filter,59.65649125597687,6.36764318177724,
0,550,2024-02-01T00:00:00,,False,,True,0001-01-01T00:00:00,100005197,5,,True,False,,,,filter,59.65942453970997,6.360974366910327,
0,550,2026-01-01T00:00:00,,False,,False,0001-01-01T00:00:00,100006932,216,,True,False,,,,filter,59.65591757690957,6.3622917957234,
0,550,2024-09-23T00:00:00,,False,,True,0001-01-01T00:00:00,100005840,18,,True,False,,,,filter,59.65603911354142,6.35825261428691,
32,765,2008-04-01T00:00:00,,False,,False,0001-01-01T00:00:00,6155,0,,False,True,,,,filter,59.65756339721432,6.361818198039035,
0,680,2025-03-01T00:00:00,,False,,False,0001-01-01T00:00:00,100006273,3,,True,False,,,,filter,59.66016249010669,6.363601706456426,
101,750,2025-10-27T00:00:00,,False,,False,0001-01-01T00:00:00,100006755,0,,False,True,,,,filter,59.6574608267237,6.35892117404697,
79,550,2022-03-01T00:00:00,,False,,False,0001-01-01T00:00:00,100003333,0,,False,True,,,,filter,59.654713362537215,6.371517145846559,
0,1100,2001-05-01T00:00:00,,False,,False,0001-01-01T00:00:00,5899,277,,True,False,,,,filter,58.34364420831528,6.298138763848361,
0,600,2024-02-01T00:00:00,,False,,False,0001-01-01T00:00:00,100005226,7,,True,False,,,,filter,58.34437675266046,6.295390349078728,
17,1600,2017-05-01T00:00:00,,False,,False,0001-01-01T00:00:00,100000461,0,,False,True,,,,filter,58.34324085845318,6.286327733682689,
21,1350,2021-04-01T00:00:00,,False,,False,0001-01-01T00:00:00,100002732,0,,False,True,,,,filter,58.84026669561097,5.591934290260586,
30,1000,2023-10-01T00:00:00,,False,,False,0001-01-01T00:00:00,100004941,0,,False,True,,,,filter,58.88518055669319,5.646935560148226,
15,950,2023-11-01T00:00:00,,False,,False,0001-01-01T00:00:00,100005013,0,,False,True,,,,filter,58.88270690016298,5.651434474449291,
74,1000,2018-10-01T00:00:00,,False,,False,0001-01-01T00:00:00,100001337,0,,False,True,,,,filter,58.84142076338572,5.59626836060532,
89,950,2022-01-01T00:00:00,,False,,False,0001-01-01T00:00:00,100003239,0,,False,True,,,,filter,58.881934870852206,5.65814007245718,
17,1850,2004-10-01T00:00:00,,False,,False,0001-01-01T00:00:00,6048,0,,False,True,,,,filter,58.921102793137294,5.596422432182245,
207,1150,2012-05-01T00:00:00,,False,,False,0001-01-01T00:00:00,6060,0,,False,True,,,,filter,58.93554466041096,5.585105192589801,
171,1450,2008-09-01T00:00:00,,False,,False,0001-01-01T00:00:00,6051,0,,False,True,,,,filter,58.93674957500413,5.5742333714016885,
25,900,2006-09-01T00:00:00,,False,,False,0001-01-01T00:00:00,6049,0,,False,True,,,,filter,58.8399825534369,5.594502022045839,
81,1000,2023-01-01T00:00:00,,False,,False,0001-01-01T00:00:00,100004179,0,,False,True,,,,filter,58.885545783330954,5.64976949083046,
94,1100,2013-09-01T00:00:00,,False,,False,0001-01-01T00:00:00,6062,0,,False,True,,,,filter,58.87936026123116,5.643875451718788,
49,1100,2022-02-14T00:00:00,,False,,False,0001-01-01T00:00:00,100003337,0,,False,True,,,,filter,58.884833426768076,5.642815137958091,
120,1600,2001-05-01T00:00:00,,False,,False,0001-01-01T00:00:00,6036,0,,False,True,,,,filter,58.91725948235914,5.6010984883989865,
11,850,2022-09-01T00:00:00,,False,,False,0001-01-01T00:00:00,100003808,0,,False,True,,,,filter,58.83822813368334,5.5985237424883865,
113,900,2021-09-01T00:00:00,,False,,False,0001-01-01T00:00:00,100002966,0,,False,True,,,,filter,58.885000159101715,5.646204146824164,
92,950,2024-03-01T00:00:00,,False,,False,0001-01-01T00:00:00,100005328,0,,False,True,,,,filter,58.87772120784812,5.657252613057141,
104,1200,2015-01-01T00:00:00,,False,,False,0001-01-01T00:00:00,6056,0,,False,True,,,,filter,58.9387152576858,5.579082452364095,
236,1100,2004-09-01T00:00:00,,False,,False,0001-01-01T00:00:00,6047,0,,False,True,,,,filter,58.87903792553991,5.6505634177848,
0,1750,2007-08-01T00:00:00,,False,,True,0001-01-01T00:00:00,6052,69,,True,False,,,,filter,58.88238165764289,5.640452285316931,
14,1420,2012-08-01T00:00:00,,False,,True,0001-01-01T00:00:00,6061,0,,False,True,,,,filter,58.88350648460639,5.6527990667194175,
13,1000,2021-09-01T00:00:00,,False,,False,0001-01-01T00:00:00,100002965,0,,False,True,,,,filter,58.884898674073796,5.648951335134764,
90,1050,2021-09-01T00:00:00,,False,,False,0001-01-01T00:00:00,100002957,0,,False,True,,,,filter,58.884305090615605,5.652313860483286,
239,900,2016-06-01T00:00:00,,False,,False,0001-01-01T00:00:00,6065,0,,False,True,,,,filter,58.93448153754231,5.572588731237258,
0,925,2025-03-01T00:00:00,,False,,False,0001-01-01T00:00:00,100006201,17,,True,False,,,,filter,58.881181462328094,5.640670544896498,
0,500,,,False,,False,0001-01-01T00:00:00,100005357,0,,False,False,,,,filter,58.92569644204383,5.601455023454025,
87,900,2021-12-01T00:00:00,,False,,False,0001-01-01T00:00:00,100003191,0,,False,True,,,,filter,58.882426213285676,5.648336968644205,
4,1200,2025-03-27T00:00:00,,False,,False,0001-01-01T00:00:00,100006242,0,,False,True,,,,filter,58.97476922944622,5.734845134698004,
59,1500,2005-12-01T00:00:00,,False,,False,0001-01-01T00:00:00,5779,0,,False,True,,,,filter,58.94971919224912,5.677212442984415,
10,1000,2025-10-01T00:00:00,,False,,False,0001-01-01T00:00:00,100006685,0,,False,True,,,,filter,58.90467881873466,5.724775394274659,
0,1400,2017-03-01T00:00:00,,False,,False,0001-01-01T00:00:00,100000391,14,,True,False,,,,filter,58.9564001224542,5.7465599927670485,
106,1250,2009-01-01T00:00:00,,False,,False,0001-01-01T00:00:00,5809,0,,False,True,,,,filter,58.95765202065457,5.746788508105004,
29,980,2023-03-01T00:00:00,,False,,False,0001-01-01T00:00:00,100004327,0,,False,True,,,,filter,58.99255410561674,5.7479433003746845,
199,1050,2024-05-01T00:00:00,,False,,False,0001-01-01T00:00:00,100005431,0,,False,True,,,,filter,58.94217701955369,5.76465314792142,
90,1000,2020-09-01T00:00:00,,False,,False,0001-01-01T00:00:00,100002384,0,,False,True,,,,filter,58.970638824316936,5.742485352668273,
123,1350,2019-08-01T00:00:00,,False,,False,0001-01-01T00:00:00,100001696,0,,False,True,,,,filter,58.967723390062915,5.729676069972386,
14,1250,2016-04-01T00:00:00,,False,,False,0001-01-01T00:00:00,5846,0,,False,True,,,,filter,58.967097674084044,5.73153689994465,
14,1210,2023-09-01T00:00:00,,False,,False,0001-01-01T00:00:00,100004692,0,,False,True,,,,filter,58.967502790652404,5.73804355054211,
6,1500,2021-11-15T00:00:00,,False,,False,0001-01-01T00:00:00,100003160,0,,False,True,,,,filter,58.95230051598188,5.67116041653419,
86,1280,2013-11-01T00:00:00,,False,,False,0001-01-01T00:00:00,5837,0,,False,True,,,,filter,58.967250819222954,5.735642048697403,
0,850,2015-05-01T00:00:00,,False,,True,0001-01-01T00:00:00,6190,0,,False,True,,,,filter,59.09683997183498,5.703107387697824,
45,1500,2019-09-01T00:00:00,,False,,False,0001-01-01T00:00:00,100001769,0,,False,True,,,,filter,58.94889886065446,5.734455235318304,
19,1600,2001-05-01T00:00:00,,False,,False,0001-01-01T00:00:00,5756,0,,False,True,,,,filter,58.969548065851235,5.739612329525804,
60,1050,2020-06-01T00:00:00,,False,,False,0001-01-01T00:00:00,100002231,0,,False,True,,,,filter,59.132298898632264,9.646167185482149,
10,1200,2011-07-01T00:00:00,,False,,True,0001-01-01T00:00:00,6188,0,,False,True,,,,filter,59.09970314352389,5.7026397105593505,
0,1300,2026-02-01T00:00:00,,False,,False,0001-01-01T00:00:00,100006956,70,,True,False,,,,filter,58.92199807250995,5.724916170678156,
99,725,2023-03-01T00:00:00,,False,,False,0001-01-01T00:00:00,100004284,0,,False,True,,,,filter,58.961876100789354,5.609698574166168,
132,1000,2001-05-01T00:00:00,,False,,False,0001-01-01T00:00:00,5767,0,,False,True,,,,filter,58.93919343139907,5.771751567874962,
42,1250,2010-02-01T00:00:00,,False,,False,0001-01-01T00:00:00,5798,0,,False,True,,,,filter,59.13154943837313,9.649027348421313,
146,1375,2008-12-01T00:00:00,,False,,False,0001-01-01T00:00:00,5799,0,,False,True,,,,filter,59.13603503987631,9.650191099700143,
21,1400,2001-05-01T00:00:00,,False,,False,0001-01-01T00:00:00,5764,0,,False,True,,,,filter,58.9885425675405,5.691221003092843,
84,1500,2011-09-01T00:00:00,,False,,False,0001-01-01T00:00:00,5783,0,,False,True,,,,filter,58.95514954089528,5.734946600483374,
62,1100,2006-06-01T00:00:00,,False,,False,0001-01-01T00:00:00,5803,0,,False,True,,,,filter,58.997177639590454,5.747901734566051,
0,1700,2001-05-01T00:00:00,,False,,False,0001-01-01T00:00:00,5770,2,,True,False,,,,filter,58.95032501738631,5.689449902184847,
0,650,2001-08-01T00:00:00,,False,,True,0001-01-01T00:00:00,6187,0,,False,True,,,,filter,59.096840149313564,5.700739586459148,
131,675,2023-03-01T00:00:00,,False,,False,0001-01-01T00:00:00,100004285,0,,False,True,,,,filter,58.96279684251321,5.6138282886081425,
0,500,2025-10-01T00:00:00,,False,,False,0001-01-01T00:00:00,100006682,30,,True,False,,,,filter,58.90628760019246,5.73103399080653,
117,1200,2013-06-01T00:00:00,,False,,False,0001-01-01T00:00:00,5824,0,,False,True,,,,filter,58.98174299472349,5.701179938872634,
8,1800,2025-03-01T00:00:00,,False,,False,0001-01-01T00:00:00,100006251,0,,False,True,,,,filter,58.95535438556789,5.688472933645039,
146,1200,2001-05-01T00:00:00,,False,,False,0001-01-01T00:00:00,5706,0,,False,True,,,,filter,58.95006613210881,5.734643475670141,
130,1300,2020-06-01T00:00:00,,False,,False,0001-01-01T00:00:00,100002216,0,,False,True,,,,filter,58.9756871173591,5.711443324721936,
191,950,2020-09-01T00:00:00,,False,,False,0001-01-01T00:00:00,100002312,0,,False,True,,,,filter,58.92094938266391,5.730431969303869,
0,1000,2025-08-01T00:00:00,,False,,True,0001-01-01T00:00:00,100006596,32,,True,False,,,,filter,59.171675996028945,5.8758921536679285,
53,1200,2001-05-01T00:00:00,,False,,False,0001-01-01T00:00:00,5720,0,,False,True,,,,filter,58.997364104244994,5.690720045988547,
0,1500,2021-02-01T00:00:00,,False,,False,0001-01-01T00:00:00,100002648,12,,True,False,,,,filter,58.95849255812176,5.742072065195156,
61,1150,2001-05-01T00:00:00,,False,,False,0001-01-01T00:00:00,5733,0,,False,True,,,,filter,58.95976122874012,5.747795940911328,
82,855,2020-10-01T00:00:00,,False,,False,0001-01-01T00:00:00,100002460,0,,False,True,,,,filter,58.94731672783852,5.677664944320226,
72,1200,2010-11-01T00:00:00,,False,,False,0001-01-01T00:00:00,5752,0,,False,True,,,,filter,58.951419544510856,5.7455979752939,
40,1075,2015-08-01T00:00:00,,False,,False,0001-01-01T00:00:00,5845,0,,False,True,,,,filter,58.94507185321259,5.735068167427923,
253,850,2013-07-01T00:00:00,,False,,False,0001-01-01T00:00:00,5814,0,,False,True,,,,filter,58.922497813321584,5.724326861409783,
0,1600,2016-04-01T00:00:00,,False,,False,0001-01-01T00:00:00,5841,31,,True,False,,,,filter,58.97042922755757,5.7312889024206495,
3,1800,2005-11-01T00:00:00,,False,,False,0001-01-01T00:00:00,5782,0,,False,True,,,,filter,58.950379913774185,5.682701283293489,
111,1300,2001-05-01T00:00:00,,False,,False,0001-01-01T00:00:00,5719,0,,False,True,,,,filter,58.93884502800671,5.758082926082247,
52,1150,2017-09-01T00:00:00,,False,,True,0001-01-01T00:00:00,100000619,0,,False,True,,,,filter,59.09453811112558,5.691875432245715,
10,1120,2022-05-01T00:00:00,,False,,False,0001-01-01T00:00:00,100003523,0,,False,True,,,,filter,58.918616241703404,5.720718322635836,
39,1350,2015-01-01T00:00:00,,False,,False,0001-01-01T00:00:00,5843,0,,False,True,,,,filter,58.971098076391435,5.728535400956062,
0,1200,2011-10-01T00:00:00,,False,,True,0001-01-01T00:00:00,6180,16,,True,False,,,,filter,59.170984958750644,5.881966073069991,
175,1400,2006-06-01T00:00:00,,False,,False,0001-01-01T00:00:00,5802,0,,False,True,,,,filter,58.99777583638561,5.738827175129793,
95,1050,2013-08-01T00:00:00,,False,,False,0001-01-01T00:00:00,5823,0,,False,True,,,,filter,58.955850911099624,5.743935187397067,
34,1100,2017-08-01T00:00:00,,False,,False,0001-01-01T00:00:00,100000558,0,,False,True,,,,filter,58.96852423309954,5.7239007262643495,
33,1300,2001-05-01T00:00:00,,False,,False,0001-01-01T00:00:00,5726,0,,False,True,,,,filter,58.9730760365914,5.739604187571888,
3,1300,2001-05-01T00:00:00,,False,,False,0001-01-01T00:00:00,5744,0,,False,True,,,,filter,58.92078295172394,5.726531258654303,
71,1470,2019-09-01T00:00:00,,False,,False,0001-01-01T00:00:00,100001768,0,,False,True,,,,filter,58.94595815504759,5.741529589227767,
19,1240,2024-01-01T00:00:00,,False,,False,0001-01-01T00:00:00,100005101,0,,False,True,,,,filter,58.99779952412764,5.738943817511749,
0,1500,2001-05-01T00:00:00,,False,,False,0001-01-01T00:00:00,5775,52,,True,False,,,,filter,58.95216380609011,5.681607407040627,
6,850,2022-04-01T00:00:00,,False,,False,0001-01-01T00:00:00,100003451,0,,False,True,,,,filter,58.968024264913865,5.751450509250652,
262,820,2021-04-01T00:00:00,,False,,False,0001-01-01T00:00:00,100002736,0,,False,True,,,,filter,58.9487323101851,5.681125567539993,
0,1400,2013-07-01T00:00:00,,False,,False,0001-01-01T00:00:00,5794,7,,True,False,,,,filter,58.966817626589645,5.72800817175531,
0,1500,2003-09-01T00:00:00,,False,,False,0001-01-01T00:00:00,5791,10,,True,False,,,,filter,58.923982633874644,5.723215061249822,
10,800,2001-05-01T00:00:00,,False,,False,0001-01-01T00:00:00,5753,0,,False,True,,,,filter,58.966130943100296,5.698001361091292,
0,1500,2020-09-01T00:00:00,,False,,False,0001-01-01T00:00:00,100002345,101,,True,False,,,,filter,58.954679541227684,5.6766911388508206,
0,800,2025-11-01T00:00:00,,False,,False,0001-01-01T00:00:00,100006770,391,,True,False,,,,filter,58.98604026979753,5.699313571789044,
0,800,2025-11-01T00:00:00,,False,,False,0001-01-01T00:00:00,100006771,248,,True,False,,,,filter,58.984446321235815,5.699980969382189,
124,1000,2017-06-01T00:00:00,,False,,False,0001-01-01T00:00:00,100000516,0,,False,True,,,,filter,58.998356444059326,5.7374747420098275,
11,970,2024-05-01T00:00:00,,False,,False,0001-01-01T00:00:00,100005429,0,,False,True,,,,filter,58.908095797882375,5.734981573088467,
30,900,2023-11-01T00:00:00,,False,,False,0001-01-01T00:00:00,100005000,0,,False,True,,,,filter,58.97272521079946,5.739898205332954,
118,1500,2023-01-01T00:00:00,,False,,False,0001-01-01T00:00:00,100004141,0,,False,True,,,,filter,58.95275831360588,5.68916211115452,
17,1400,2010-09-01T00:00:00,,False,,False,0001-01-01T00:00:00,5801,0,,False,True,,,,filter,58.96507036018622,5.727133216291445,
72,675,2023-03-01T00:00:00,,False,,False,0001-01-01T00:00:00,100004286,0,,False,True,,,,filter,58.96852182161964,5.609478213092089,
10,1200,2001-05-01T00:00:00,,False,,False,0001-01-01T00:00:00,5722,0,,False,True,,,,filter,58.987021186418716,5.693511706959016,
26,1050,2025-05-01T00:00:00,,False,,False,0001-01-01T00:00:00,100006360,0,,False,True,,,,filter,58.9323283888672,5.7336208187013415,
0,1700,2001-05-01T00:00:00,,False,,False,0001-01-01T00:00:00,5702,7,,True,False,,,,filter,58.96923973576269,5.743328098620101,
0,1500,2018-09-01T00:00:00,,False,,False,0001-01-01T00:00:00,100001140,32,,True,False,,,,filter,58.920793701325636,5.71648053940739,
1,850,2022-02-01T00:00:00,,False,,False,0001-01-01T00:00:00,100003291,0,,False,True,,,,filter,58.968994411543235,5.76491701861108,
0,1000,2024-12-01T00:00:00,,False,,False,0001-01-01T00:00:00,100005943,11,,True,False,,,,filter,58.96366913042705,5.733124798202082,
68,1200,2015-07-01T00:00:00,,False,,False,0001-01-01T00:00:00,5844,0,,False,True,,,,filter,58.99840106803829,5.727547197257666,
171,1100,2011-07-01T00:00:00,,False,,False,0001-01-01T00:00:00,5825,0,,False,True,,,,filter,58.99312096795191,5.7503258151656595,
1,1300,2023-01-01T00:00:00,,False,,False,0001-01-01T00:00:00,100004195,0,,False,True,,,,filter,58.95965854985652,5.7341175269023665,
103,1200,2012-09-01T00:00:00,,False,,False,0001-01-01T00:00:00,5793,0,,False,True,,,,filter,59.13445325455245,9.652854474867189,
234,1000,2017-09-01T00:00:00,,False,,False,0001-01-01T00:00:00,100000656,0,,False,True,,,,filter,58.98060978680331,5.705865500715409,
42,1550,2003-06-01T00:00:00,,False,,False,0001-01-01T00:00:00,5784,0,,False,True,,,,filter,58.96761909836654,5.73148117750189,
114,1250,2012-09-01T00:00:00,,False,,False,0001-01-01T00:00:00,5815,0,,False,True,,,,filter,58.91964401528545,5.723244752396445,
33,1600,2008-08-01T00:00:00,,False,,False,0001-01-01T00:00:00,5812,0,,False,True,,,,filter,59.13495113589499,9.644393311176454,
24,1500,2023-01-01T00:00:00,,False,,False,0001-01-01T00:00:00,100004180,0,,False,True,,,,filter,59.13706894438986,9.657232990211563,
87,1000,2024-08-01T00:00:00,,False,,False,0001-01-01T00:00:00,100005589,0,,False,True,,,,filter,58.946808233039384,5.747933056154685,
15,1000,2024-10-14T00:00:00,,False,,False,0001-01-01T00:00:00,100005951,0,,False,True,,,,filter,59.16805692900776,5.875062910488465,
169,1500,2023-12-01T00:00:00,,False,,False,0001-01-01T00:00:00,100005005,0,,False,True,,,,filter,58.95599158229779,5.686253056437218,
24,1150,2017-10-01T00:00:00,,False,,False,0001-01-01T00:00:00,100000675,0,,False,True,,,,filter,58.961062522289666,5.706403701665305,
226,800,2017-10-01T00:00:00,,False,,False,0001-01-01T00:00:00,100000685,0,,False,True,,,,filter,58.96305506616128,5.706490173298039,
48,1250,2001-05-01T00:00:00,,False,,False,0001-01-01T00:00:00,5746,0,,False,True,,,,filter,58.954129477684795,5.7399282678739985,
29,1400,2001-05-01T00:00:00,,False,,False,0001-01-01T00:00:00,5707,0,,False,True,,,,filter,58.946354381965435,5.7344468988962936,
101,1340,2020-05-01T00:00:00,,False,,False,0001-01-01T00:00:00,100002205,0,,False,True,,,,filter,58.95202734992461,5.736877840946385,
14,1200,2019-08-01T00:00:00,,False,,False,0001-01-01T00:00:00,100001711,0,,False,True,,,,filter,58.91578907502612,5.7227003307192685,
136,700,2024-01-15T00:00:00,,False,,False,0001-01-01T00:00:00,100005203,0,,False,True,,,,filter,58.92062848951435,5.7265929128530315,
0,1200,2025-10-01T00:00:00,,False,,False,0001-01-01T00:00:00,100006629,2,,True,False,,,,filter,58.94600493947392,5.741578863815273,
17,1050,2001-05-01T00:00:00,,False,,False,0001-01-01T00:00:00,5750,0,,False,True,,,,filter,58.99629883672616,5.694939297240251,
111,1300,2017-08-01T00:00:00,,False,,False,0001-01-01T00:00:00,100000594,0,,False,True,,,,filter,58.97599834860806,5.728842511258103,
141,400,2018-06-01T00:00:00,,False,,False,0001-01-01T00:00:00,100001047,0,,False,True,,,,filter,58.92222306304164,5.716003880268473,
44,800,2023-03-01T00:00:00,,False,,False,0001-01-01T00:00:00,100004346,0,,False,True,,,,filter,58.99332145909637,5.750423026399605,
70,1500,2001-05-01T00:00:00,,False,,False,0001-01-01T00:00:00,5734,0,,False,True,,,,filter,58.971783639456056,5.729439230098673,
85,900,2024-03-01T00:00:00,,False,,False,0001-01-01T00:00:00,100005225,0,,False,True,,,,filter,58.960525142358,5.735031212266927,
23,800,2024-05-01T00:00:00,,False,,False,0001-01-01T00:00:00,100005430,0,,False,True,,,,filter,58.90309511424445,5.731303552783651,
7,1300,2019-04-01T00:00:00,,False,,False,0001-01-01T00:00:00,100001514,0,,False,True,,,,filter,58.96952952513456,5.719234067353762,
103,1100,2014-03-01T00:00:00,,False,,False,0001-01-01T00:00:00,5818,0,,False,True,,,,filter,59.13638785025128,9.657555140013855,
103,850,2022-08-01T00:00:00,,False,,False,0001-01-01T00:00:00,100003652,0,,False,True,,,,filter,58.96684283428985,5.722027553254844,
5,1050,2004-12-01T00:00:00,,False,,False,0001-01-01T00:00:00,5787,0,,False,True,,,,filter,58.973529419314445,5.730207467685144,
26,970,2009-05-01T00:00:00,,False,,False,0001-01-01T00:00:00,5810,0,,False,True,,,,filter,58.969913860284905,5.738651740862813,
5,1000,2024-04-01T00:00:00,,False,,False,0001-01-01T00:00:00,100005389,0,,False,True,,,,filter,58.93408489568597,5.742556631863876,
100,1200,2025-02-01T00:00:00,,False,,False,0001-01-01T00:00:00,100006051,0,,False,True,,,,filter,58.97397231352632,5.736053987247706,
340,800,2007-04-01T00:00:00,,False,,False,0001-01-01T00:00:00,5780,0,,False,True,,,,filter,58.92456728918892,5.719043328920585,
151,1250,2011-10-01T00:00:00,,False,,False,0001-01-01T00:00:00,5816,0,,False,True,,,,filter,58.95198853129762,5.732343843418415,
9,850,2022-04-01T00:00:00,,False,,False,0001-01-01T00:00:00,100003450,0,,False,True,,,,filter,58.9647707605535,5.763090037692917,
13,1750,2012-03-01T00:00:00,,False,,False,0001-01-01T00:00:00,5828,0,,False,True,,,,filter,58.9536853890526,5.687348829996089,
15,1610,2025-03-01T00:00:00,,False,,False,0001-01-01T00:00:00,100006249,0,,False,True,,,,filter,58.966836732055306,5.7354719363760545,
33,1100,2017-12-01T00:00:00,,False,,False,0001-01-01T00:00:00,100000775,0,,False,True,,,,filter,58.92322965275806,5.719217120624399,
118,1075,2014-03-01T00:00:00,,False,,False,0001-01-01T00:00:00,5840,0,,False,True,,,,filter,59.13627634733884,9.647444492274083,
15,1010,2023-03-01T00:00:00,,False,,False,0001-01-01T00:00:00,100004359,0,,False,True,,,,filter,58.98955905267862,5.74636604214477,
105,1300,2020-05-01T00:00:00,,False,,False,0001-01-01T00:00:00,100002201,0,,False,True,,,,filter,58.94704946445684,5.740017899098827,
46,1250,2019-09-01T00:00:00,,False,,False,0001-01-01T00:00:00,100001761,0,,False,True,,,,filter,58.948204345871005,5.745568218507122,
7,1125,2023-01-01T00:00:00,,False,,False,0001-01-01T00:00:00,100004196,0,,False,True,,,,filter,58.97157917329386,5.73544455695331,
0,500,2026-02-01T00:00:00,,False,,False,0001-01-01T00:00:00,100006864,446,,True,False,,,,filter,58.96771725078351,5.738438436471429,
0,1500,,,False,,False,0001-01-01T00:00:00,100006845,120,,True,False,,,,filter,58.97306803870868,5.7422220891293865,
61,1050,2010-04-01T00:00:00,,False,,False,0001-01-01T00:00:00,5819,0,,False,True,,,,filter,58.97592730022871,5.697842494647892,
0,600,2026-01-01T00:00:00,,False,,True,0001-01-01T00:00:00,100006842,254,,True,False,,,,filter,58.93671751718513,5.742522157707152,
333,1000,2013-06-01T00:00:00,,False,,False,0001-01-01T00:00:00,5834,0,,False,True,,,,filter,58.98174387256373,5.705905693134383,
0,850,2024-09-01T00:00:00,,False,,False,0001-01-01T00:00:00,100005675,16,,True,False,,,,filter,58.93363875514689,5.746402356223987,
93,1250,2023-11-01T00:00:00,,False,,False,0001-01-01T00:00:00,100004978,0,,False,True,,,,filter,58.956064620246096,5.74608444432042,
7,1400,2018-01-01T00:00:00,,False,,False,0001-01-01T00:00:00,100000769,0,,False,True,,,,filter,58.97130687024504,5.740016118181998,
0,1500,2021-03-01T00:00:00,,False,,False,0001-01-01T00:00:00,100002678,82,,True,False,,,,filter,58.950052123170884,5.6799344969762,
59,1350,2017-06-01T00:00:00,,False,,False,0001-01-01T00:00:00,100000506,0,,False,True,,,,filter,58.96332472579326,5.731817455908371,
11,900,2025-10-01T00:00:00,,False,,False,0001-01-01T00:00:00,100006683,0,,False,True,,,,filter,58.93766570352214,5.772478234055439,
9,1150,2001-05-01T00:00:00,,False,,False,0001-01-01T00:00:00,5768,0,,False,True,,,,filter,58.9360798881635,5.760151257194713,
0,1700,2008-07-01T00:00:00,,False,,False,0001-01-01T00:00:00,5805,3,,True,False,,,,filter,58.9646200056281,5.730329284861656,
7,950,2022-01-01T00:00:00,,False,,False,0001-01-01T00:00:00,100003230,0,,False,True,,,,filter,58.96359835072348,5.729146179110011,
3,1100,2025-04-01T00:00:00,,False,,False,0001-01-01T00:00:00,100006255,0,,False,True,,,,filter,58.992271829161936,5.696272872110736,
68,1100,2001-05-01T00:00:00,,False,,False,0001-01-01T00:00:00,5703,0,,False,True,,,,filter,58.95490032710865,5.7407858862310315,
0,1225,2014-01-01T00:00:00,,False,,False,0001-01-01T00:00:00,5830,20,,True,False,,,,filter,58.92227656526093,5.727780484023823,
180,750,2019-11-01T00:00:00,,False,,False,0001-01-01T00:00:00,100001909,0,,False,True,,,,filter,59.06938569554487,5.9145592200362955,
98,688,2023-09-01T00:00:00,,False,,False,0001-01-01T00:00:00,100004858,0,,False,True,,,,filter,59.0255043615409,6.037143660547443,
36,650,2025-01-01T00:00:00,,False,,False,0001-01-01T00:00:00,100005927,0,,False,True,,,,filter,59.021439379477506,6.037619045976218,
12,850,2024-11-01T00:00:00,,False,,False,0001-01-01T00:00:00,100005947,0,,False,True,,,,filter,59.029293915353655,6.023163896741521,
138,660,2023-03-01T00:00:00,,False,,False,0001-01-01T00:00:00,100004385,0,,False,True,,,,filter,59.06429039892382,5.907927201558665,
85,615,2022-03-30T00:00:00,,False,,False,0001-01-01T00:00:00,100003484,0,,False,True,,,,filter,59.06529043115622,5.911828403004886,
87,900,2001-05-01T00:00:00,,False,,False,0001-01-01T00:00:00,6093,0,,False,True,,,,filter,59.067101298939555,5.908425344041672,
90,900,2001-05-01T00:00:00,,False,,False,0001-01-01T00:00:00,6095,0,,False,True,,,,filter,59.066153021533324,5.914037850985096,
67,660,2023-09-01T00:00:00,,False,,False,0001-01-01T00:00:00,100004859,0,,False,True,,,,filter,59.02218855458125,6.03961901243129,
40,700,2024-07-01T00:00:00,,False,,False,0001-01-01T00:00:00,100005612,0,,False,True,,,,filter,59.02026322914721,6.044691649231771,
189,890,2015-09-01T00:00:00,,False,,False,0001-01-01T00:00:00,6108,0,,False,True,,,,filter,59.026251869260015,6.030139559421887,
126,690,2015-04-01T00:00:00,,False,,False,0001-01-01T00:00:00,6111,0,,False,True,,,,filter,59.06723254547966,5.909281790188116,
11,700,2021-03-01T00:00:00,,False,,False,0001-01-01T00:00:00,100002708,0,,False,True,,,,filter,59.02137072075229,6.036488905831949,
86,840,2020-01-01T00:00:00,,False,,False,0001-01-01T00:00:00,100001936,0,,False,True,,,,filter,59.026421292490774,6.026081679148952,
15,640,2021-11-22T00:00:00,,False,,False,0001-01-01T00:00:00,100003175,0,,False,True,,,,filter,59.02330102828645,6.029653285257503,
146,600,2020-03-01T00:00:00,,False,,False,0001-01-01T00:00:00,100002098,0,,False,True,,,,filter,59.02580564599634,6.024091619919928,
65,650,2022-04-01T00:00:00,,False,,False,0001-01-01T00:00:00,100003434,0,,False,True,,,,filter,59.020610949200844,6.043578243321198,
2,570,2024-01-01T00:00:00,,False,,True,0001-01-01T00:00:00,100005099,0,,False,True,,,,filter,59.48589352381105,6.244659069241618,
0,570,2024-02-01T00:00:00,,False,,True,0001-01-01T00:00:00,100005183,7,,True,False,,,,filter,59.48671366664366,6.247722847817415,
50,50,2025-05-01T00:00:00,,False,,True,0001-01-01T00:00:00,100006401,0,,False,True,,,,filter,59.48762530993976,6.247470310770567,
0,570,2023-12-01T00:00:00,,False,,True,0001-01-01T00:00:00,100005072,29,,True,False,,,,filter,59.48284634339196,6.246621748724419,
36,170,2014-03-01T00:00:00,,False,,True,0001-01-01T00:00:00,6129,0,,False,True,,,,filter,59.48961056773327,6.257315925988351,
24,634,2020-09-01T00:00:00,,False,,True,0001-01-01T00:00:00,100002364,0,,False,True,,,,filter,59.48836855154972,6.2547060576189475,
0,570,2024-05-01T00:00:00,,False,,True,0001-01-01T00:00:00,100005280,103,,True,False,,,,filter,59.483296029495385,6.248221125311069,
13,730,2010-07-01T00:00:00,,False,,True,0001-01-01T00:00:00,6139,0,,False,True,,,,filter,59.48595167244665,6.249767797041796,
152,1000,2015-11-01T00:00:00,,False,,False,0001-01-01T00:00:00,6004,0,,False,True,,,,filter,58.73264690740018,5.6534390366540155,
26,900,2021-04-01T00:00:00,,False,,False,0001-01-01T00:00:00,100002744,0,,False,True,,,,filter,58.780578050849805,5.72802714115052,
27,1100,2022-10-01T00:00:00,,False,,False,0001-01-01T00:00:00,100003891,0,,False,True,,,,filter,58.73569064359208,5.650709022708929,
189,1000,2021-02-01T00:00:00,,False,,False,0001-01-01T00:00:00,100002639,0,,False,True,,,,filter,58.73381069502611,5.646279002162211,
189,1400,2011-09-01T00:00:00,,False,,False,0001-01-01T00:00:00,6001,0,,False,True,,,,filter,58.7367649969622,5.645933491206373,
65,1250,2019-06-01T00:00:00,,False,,False,0001-01-01T00:00:00,100001605,0,,False,True,,,,filter,58.736923420198664,5.652327546315037,
158,950,2022-11-01T00:00:00,,False,,False,0001-01-01T00:00:00,100004065,0,,False,True,,,,filter,58.737830761165114,5.651230260234102,
58,930,2013-10-01T00:00:00,,False,,False,0001-01-01T00:00:00,6006,0,,False,True,,,,filter,58.77768799132399,5.728447541913504,
36,1400,2001-05-01T00:00:00,,False,,False,0001-01-01T00:00:00,5985,0,,False,True,,,,filter,58.73620458917672,5.661579160937174,
40,1300,2009-03-01T00:00:00,,False,,False,0001-01-01T00:00:00,6005,0,,False,True,,,,filter,58.73355652684832,5.649193094486586,
32,800,2023-07-01T00:00:00,,False,,False,0001-01-01T00:00:00,100004620,0,,False,True,,,,filter,58.77669067035598,5.727018694741915,
222,1050,2020-02-01T00:00:00,,False,,False,0001-01-01T00:00:00,100002026,0,,False,True,,,,filter,58.73744629393886,5.651451859971783,
23,1500,2016-08-01T00:00:00,,False,,False,0001-01-01T00:00:00,100000071,0,,False,True,,,,filter,58.73160069471003,5.655344709865828,
210,1050,2008-04-01T00:00:00,,False,,False,0001-01-01T00:00:00,6003,0,,False,True,,,,filter,58.73420239398348,5.660485888037591,
21,1350,2017-02-01T00:00:00,,False,,False,0001-01-01T00:00:00,100000349,0,,False,True,,,,filter,58.73395911276173,5.661328494603435,
0,900,,,False,,False,0001-01-01T00:00:00,100006857,0,,False,False,,,,filter,58.73777960688376,5.655444851059447,
152,1000,2006-03-01T00:00:00,,False,,False,0001-01-01T00:00:00,5999,0,,False,True,,,,filter,58.73613015398242,5.647708134464931,
22,900,2022-08-01T00:00:00,,False,,False,0001-01-01T00:00:00,100003686,0,,False,True,,,,filter,58.73354266472657,5.650124298391541,
0,1000,2019-04-01T00:00:00,,False,,False,0001-01-01T00:00:00,100001544,18,,True,False,,,,filter,59.416709997716595,5.41204955299593,
149,720,2023-02-01T00:00:00,,False,,False,0001-01-01T00:00:00,100004261,0,,False,True,,,,filter,59.420014754023214,5.450809453338785,
163,800,2023-03-01T00:00:00,,False,,False,0001-01-01T00:00:00,100004315,0,,False,True,,,,filter,59.422741697205495,5.445680317818832,
99,1200,2023-03-01T00:00:00,,False,,False,0001-01-01T00:00:00,100004314,0,,False,True,,,,filter,59.418239510633306,5.447432404221495,
172,1350,2011-07-01T00:00:00,,False,,False,0001-01-01T00:00:00,6209,0,,False,True,,,,filter,59.41977773686382,5.450846160804958,
104,1400,2001-05-01T00:00:00,,False,,False,0001-01-01T00:00:00,6200,0,,False,True,,,,filter,59.42413380022683,5.442764786316508,
101,1350,2019-12-01T00:00:00,,False,,False,0001-01-01T00:00:00,100001935,0,,False,True,,,,filter,59.421339482300475,5.450420160742702,
139,1500,2003-02-01T00:00:00,,False,,False,0001-01-01T00:00:00,6206,0,,False,True,,,,filter,59.420693801363484,5.4454559971113214,
0,910,2019-04-01T00:00:00,,False,,False,0001-01-01T00:00:00,100001545,52,,True,False,,,,filter,59.41444631806677,5.4068628926239555,
222,800,2020-02-01T00:00:00,,False,,False,0001-01-01T00:00:00,100002013,0,,False,True,,,,filter,59.42383222126967,5.443034550057188,
0,700,,,False,,False,0001-01-01T00:00:00,100005478,19,,True,False,,,,filter,59.41880058079473,5.397891688182938,
6,170,2004-05-01T00:00:00,,False,,False,0001-01-01T00:00:00,6266,0,,False,True,,,,filter,60.47488486604391,8.47525605182036,
5,850,2025-03-01T00:00:00,,False,,False,0001-01-01T00:00:00,100006182,0,,False,True,,,,filter,59.50221647525162,5.579292919412344,
79,900,2025-12-01T00:00:00,,False,,False,0001-01-01T00:00:00,100006856,0,,False,True,,,,filter,59.599608900650225,5.810352890246974,
0,850,2025-03-01T00:00:00,,False,,False,0001-01-01T00:00:00,100006181,93,,True,False,,,,filter,59.60158158146141,5.816163177046565,
50,900,2016-01-01T00:00:00,,False,,False,0001-01-01T00:00:00,6286,0,,False,True,,,,filter,59.606533640218736,5.819137011293582,
89,600,2001-05-01T00:00:00,,False,,False,0001-01-01T00:00:00,6273,0,,False,True,,,,filter,59.603731601799744,5.811642221550871,
0,700,2022-03-01T00:00:00,,False,,False,0001-01-01T00:00:00,100003352,0,,False,True,,,,filter,59.498806295871184,5.577238488608759,
0,800,2001-05-01T00:00:00,,False,,False,0001-01-01T00:00:00,6269,3,,True,False,,,,filter,59.502248287004974,5.5838147073936275,
57,950,2024-07-01T00:00:00,,False,,False,0001-01-01T00:00:00,100005646,0,,False,True,,,,filter,59.50466729319531,5.579285606728012,
2,750,2001-05-01T00:00:00,,False,,False,0001-01-01T00:00:00,6267,0,,False,True,,,,filter,59.49709216821765,5.582002424809071,
0,1000,,,False,,False,0001-01-01T00:00:00,100005901,144,,True,False,,,,filter,59.496507902526055,5.904828360839249,
0,700,,,False,,False,0001-01-01T00:00:00,100006692,147,,True,False,,,,filter,59.50123478041727,5.907900307930077,
186,600,2001-05-01T00:00:00,,False,,False,0001-01-01T00:00:00,6272,0,,False,True,,,,filter,59.60494423747592,5.820766739770279,
89,900,2021-09-01T00:00:00,,False,,False,0001-01-01T00:00:00,100002905,0,,False,True,,,,filter,59.00472038138291,9.741557053432826,
169,700,2019-08-01T00:00:00,,False,,False,0001-01-01T00:00:00,100001701,0,,False,True,,,,filter,59.03831035033106,9.674908493438,
30,900,2019-11-01T00:00:00,,False,,False,0001-01-01T00:00:00,100001893,0,,False,True,,,,filter,59.0057918332517,9.737525839060238,
74,700,2023-08-01T00:00:00,,False,,False,0001-01-01T00:00:00,100004685,0,,False,True,,,,filter,59.003802895655845,9.743008372477401,
96,700,2023-04-01T00:00:00,,False,,False,0001-01-01T00:00:00,100004417,0,,False,True,,,,filter,59.04531288448259,9.697963643834676,
132,900,2014-09-01T00:00:00,,False,,False,0001-01-01T00:00:00,4901,0,,False,True,,,,filter,59.006645271084764,9.744452743739238,
80,650,2014-02-01T00:00:00,,False,,False,0001-01-01T00:00:00,4900,0,,False,True,,,,filter,59.011372709810516,9.7438117676196,
129,900,2013-10-01T00:00:00,,False,,False,0001-01-01T00:00:00,4897,0,,False,True,,,,filter,59.014492802495944,9.74009054991785,
48,700,2022-11-01T00:00:00,,False,,False,0001-01-01T00:00:00,100004024,0,,False,True,,,,filter,59.04558481476299,9.698822842931017,
0,500,2026-03-01T00:00:00,,False,,False,0001-01-01T00:00:00,100006992,481,,True,False,,,,filter,59.04115268364885,9.677312787879538,
0,700,2025-03-01T00:00:00,,False,,False,0001-01-01T00:00:00,100006197,59,,True,False,,,,filter,59.00955524366556,9.738853709040866,
6,1000,2001-05-01T00:00:00,,False,,False,0001-01-01T00:00:00,4886,0,,False,True,,,,filter,59.045506472294996,9.685306975665721,
147,850,2023-12-01T00:00:00,,False,,False,0001-01-01T00:00:00,100005033,0,,False,True,,,,filter,59.042804714877555,9.69027606437595,
46,800,2019-06-01T00:00:00,,False,,False,0001-01-01T00:00:00,100001606,0,,False,True,,,,filter,59.00344471273411,9.741643219116844,
9,800,2025-08-17T00:00:00,,False,,False,0001-01-01T00:00:00,100006379,0,,False,True,,,,filter,59.04498858597526,9.69579757689373,
21,800,2020-08-01T00:00:00,,False,,False,0001-01-01T00:00:00,100002293,0,,False,True,,,,filter,59.04369326613883,9.687915951087803,
0,650,2023-09-01T00:00:00,,False,,False,0001-01-01T00:00:00,100004733,67,,True,False,,,,filter,59.009827017909366,9.747763430732238,
28,600,2022-11-01T00:00:00,,False,,False,0001-01-01T00:00:00,100004055,0,,False,True,,,,filter,59.036037496629696,9.682975725788296,
0,600,2025-06-01T00:00:00,,False,,False,0001-01-01T00:00:00,100006446,269,,True,False,,,,filter,59.03961843846478,9.68391784629224,
116,950,2021-10-01T00:00:00,,False,,False,0001-01-01T00:00:00,100003124,0,,False,True,,,,filter,59.10084699370114,9.06559570048466,
1,950,2013-08-01T00:00:00,,False,,False,0001-01-01T00:00:00,4936,0,,False,True,,,,filter,59.10187511104182,9.058409423346172,
17,1000,2001-05-01T00:00:00,,False,,False,0001-01-01T00:00:00,4933,0,,False,True,,,,filter,59.09787449722281,9.054569671097324,
4,750,2024-11-01T00:00:00,,False,,False,0001-01-01T00:00:00,100005919,0,,False,True,,,,filter,59.099547056474925,9.069871513448703,
0,750,2023-04-11T00:00:00,,False,,False,0001-01-01T00:00:00,100004475,84,,True,False,,,,filter,59.187310299997876,8.086713468367039,
0,520,,,False,,False,0001-01-01T00:00:00,100006979,7,,True,False,,,,filter,59.18643199201757,8.081996112318105,
66,650,2024-12-01T00:00:00,,False,,True,0001-01-01T00:00:00,100006015,0,,False,True,,,,filter,59.615853083251814,8.942818852406651,
39,680,2022-08-01T00:00:00,,False,,True,0001-01-01T00:00:00,100003696,0,,False,True,,,,filter,59.616922378235444,8.950454325276219,
68,350,2015-02-01T00:00:00,,False,,True,0001-01-01T00:00:00,5008,0,,False,True,,,,filter,59.61763107422158,8.955470804060466,
37,900,2013-09-01T00:00:00,,False,,False,0001-01-01T00:00:00,4926,0,,False,True,,,,filter,58.87834840827584,9.41878386942815,
160,800,2022-03-01T00:00:00,,False,,False,0001-01-01T00:00:00,100003413,0,,False,True,,,,filter,58.86648106470569,9.413305935251824,
53,800,2017-02-01T00:00:00,,False,,False,0001-01-01T00:00:00,100000337,0,,False,True,,,,filter,58.87507396100926,9.417094654408729,
137,1100,2018-09-01T00:00:00,,False,,False,0001-01-01T00:00:00,100001220,0,,False,True,,,,filter,58.87707018523862,9.42351446994419,
203,900,2021-10-01T00:00:00,,False,,False,0001-01-01T00:00:00,100003084,0,,False,True,,,,filter,58.869019698034904,9.403343984281891,
0,1280,2019-09-01T00:00:00,,False,,False,0001-01-01T00:00:00,100001791,17,,True,False,,,,filter,58.87344574688265,9.410010239713344,
102,800,2023-09-01T00:00:00,,False,,False,0001-01-01T00:00:00,100004655,0,,False,True,,,,filter,58.87656888917245,9.423436052463884,
0,1200,2021-08-16T00:00:00,,False,,False,0001-01-01T00:00:00,100002992,18,,True,False,,,,filter,58.869245195416845,9.411361649869484,
228,1100,2009-07-01T00:00:00,,False,,False,0001-01-01T00:00:00,4925,0,,False,True,,,,filter,58.87404216554475,9.416447737950056,
23,800,2023-03-01T00:00:00,,False,,False,0001-01-01T00:00:00,100004336,0,,False,True,,,,filter,58.87555741833507,9.424205183707475,
78,800,2023-08-01T00:00:00,,False,,False,0001-01-01T00:00:00,100004657,0,,False,True,,,,filter,58.87626925039226,9.415622990038871,
13,700,2025-04-01T00:00:00,,False,,False,0001-01-01T00:00:00,100006378,0,,False,True,,,,filter,59.400105041107736,8.50765321339565,
0,900,2024-10-01T00:00:00,,False,,False,0001-01-01T00:00:00,100005929,498,,True,False,,,,filter,59.399332892839766,8.509199152441678,
0,750,,,False,,False,0001-01-01T00:00:00,100006515,334,,True,False,,,,filter,59.39970983211515,8.504781556369785,
104,770,2017-04-01T00:00:00,,False,,True,0001-01-01T00:00:00,100000434,0,,False,True,,,,filter,59.41454240076548,9.069056498917334,
15,800,2025-03-14T00:00:00,,False,,False,0001-01-01T00:00:00,100006106,0,,False,True,,,,filter,59.387213509639686,9.176892042578384,
70,800,2024-09-01T00:00:00,,False,,False,0001-01-01T00:00:00,100005660,0,,False,True,,,,filter,59.415661344623096,9.069283561506515,
20,550,2023-11-01T00:00:00,,False,,False,0001-01-01T00:00:00,100005022,0,,False,True,,,,filter,59.385414012790356,9.165682560999516,
181,1000,2015-02-01T00:00:00,,False,,True,0001-01-01T00:00:00,4970,0,,False,True,,,,filter,59.41175847814568,9.073334538973961,
0,800,2026-02-01T00:00:00,,False,,False,0001-01-01T00:00:00,100006892,19,,True,False,,,,filter,59.3885603614202,9.163519024016756,
15,670,2018-03-01T00:00:00,,False,,False,0001-01-01T00:00:00,100000907,0,,False,True,,,,filter,59.38773781493166,9.162860561183052,
62,750,2022-09-01T00:00:00,,False,,True,0001-01-01T00:00:00,100003832,0,,False,True,,,,filter,59.41531786969664,9.062018975517443,
272,750,2011-01-01T00:00:00,,False,,True,0001-01-01T00:00:00,4965,0,,False,True,,,,filter,59.4129981476033,9.071568933592278,
98,500,2015-01-01T00:00:00,,False,,False,0001-01-01T00:00:00,4988,0,,False,True,,,,filter,59.3845673907783,9.167010447928426,
132,800,2022-03-01T00:00:00,,False,,False,0001-01-01T00:00:00,100003356,0,,False,True,,,,filter,59.417836390156246,9.063615325385147,
66,800,2022-10-01T00:00:00,,False,,False,0001-01-01T00:00:00,100003981,0,,False,True,,,,filter,59.38836832328695,9.162274143460873,
112,870,2002-10-01T00:00:00,,False,,True,0001-01-01T00:00:00,4964,0,,False,True,,,,filter,59.41309763261473,9.061093988479625,
0,800,,,False,,False,0001-01-01T00:00:00,100006902,0,,False,False,,,,filter,59.41536339338161,9.063350224956542,
0,750,2016-03-01T00:00:00,,False,,False,0001-01-01T00:00:00,5043,77,,True,False,,,,filter,59.02080922998858,8.516184001674851,
0,600,,,False,,False,0001-01-01T00:00:00,100004862,0,,False,False,,,,filter,59.01831368100664,8.528158088579124,
0,950,2025-03-01T00:00:00,,False,,False,0001-01-01T00:00:00,100006284,8,,True,False,,,,filter,59.280023858610114,9.27336379141085,
0,1250,2016-09-01T00:00:00,,False,,False,0001-01-01T00:00:00,100000077,16,,True,False,,,,filter,59.27993298376192,9.275301064732618,
2,750,2025-07-01T00:00:00,,False,,False,0001-01-01T00:00:00,100006532,0,,False,True,,,,filter,59.282063788615154,9.267370486279763,
0,950,2002-09-01T00:00:00,,False,,False,0001-01-01T00:00:00,4950,81,,True,False,,,,filter,59.28137807973791,9.267956606224082,
76,700,2019-07-01T00:00:00,,False,,False,0001-01-01T00:00:00,100001645,0,,False,True,,,,filter,59.28266172648164,9.277362711944926,
62,400,2023-12-01T00:00:00,,False,,False,0001-01-01T00:00:00,100005037,0,,False,True,,,,filter,59.27939336073004,9.26902801827767,
0,1100,2025-06-01T00:00:00,,False,,False,0001-01-01T00:00:00,100006319,181,,True,False,,,,filter,59.286000392916414,9.271815698359879,
0,400,2025-07-01T00:00:00,,False,,False,0001-01-01T00:00:00,100006533,37,,True,False,,,,filter,59.283588841384116,9.271870619383371,
45,1550,2024-03-01T00:00:00,,False,,False,0001-01-01T00:00:00,100005298,0,,False,True,,,,filter,60.47023281795421,8.475898167888872,
197,1100,2013-05-01T00:00:00,,False,,False,0001-01-01T00:00:00,4867,0,,False,True,,,,filter,59.561042411199075,9.26406535662772,
182,855,2021-03-01T00:00:00,,False,,False,0001-01-01T00:00:00,100002673,0,,False,True,,,,filter,60.47055170817015,8.474595121449841,
0,900,2022-10-01T00:00:00,,False,,False,0001-01-01T00:00:00,100003937,4,,True,False,,,,filter,60.47019806888188,8.477226280008274,
7,1500,2015-10-01T00:00:00,,False,,False,0001-01-01T00:00:00,4868,0,,False,True,,,,filter,60.471719893058136,8.471485970636895,
72,1030,2022-09-01T00:00:00,,False,,False,0001-01-01T00:00:00,100003817,0,,False,True,,,,filter,60.470618280072124,8.47432697069772,
241,1100,2001-05-01T00:00:00,,False,,False,0001-01-01T00:00:00,4851,0,,False,True,,,,filter,59.55984013374481,9.25411916111453,
338,1100,2003-09-01T00:00:00,,False,,False,0001-01-01T00:00:00,4855,0,,False,True,,,,filter,59.55812354499646,9.251599354252926,
0,720,2022-04-11T00:00:00,,False,,False,0001-01-01T00:00:00,100003504,7,,True,False,,,,filter,60.471827819660874,8.469363594069373,
8,375,2025-02-01T00:00:00,,False,,False,0001-01-01T00:00:00,100006310,0,,False,True,,,,filter,60.4691882616677,8.46355518264355,
21,1550,2024-03-01T00:00:00,,False,,False,0001-01-01T00:00:00,100005297,0,,False,True,,,,filter,60.467773383874686,8.466339644835372,
45,950,2018-02-01T00:00:00,,False,,False,0001-01-01T00:00:00,100000849,0,,False,True,,,,filter,59.13829320188786,9.655343270820502,
7,1300,2023-03-06T00:00:00,,False,,False,0001-01-01T00:00:00,100004389,0,,False,True,,,,filter,59.114740807129174,9.654972918831122,
204,1000,2018-09-01T00:00:00,,False,,False,0001-01-01T00:00:00,100001188,0,,False,True,,,,filter,59.105623110455944,9.665480977088576,
1,750,2025-09-01T00:00:00,,False,,False,0001-01-01T00:00:00,100006624,0,,False,True,,,,filter,59.13482807023965,9.648769313073078,
28,750,2025-12-01T00:00:00,,False,,False,0001-01-01T00:00:00,100006768,0,,False,True,,,,filter,59.14155410027361,9.643043537318293,
110,1150,2014-02-01T00:00:00,,False,,False,0001-01-01T00:00:00,4722,0,,False,True,,,,filter,59.15394069073917,9.65578573826556,
91,795,2024-03-01T00:00:00,,False,,False,0001-01-01T00:00:00,100005293,0,,False,True,,,,filter,59.139795068209715,9.64142000696461,
43,750,2025-09-01T00:00:00,,False,,False,0001-01-01T00:00:00,100006543,0,,False,True,,,,filter,59.13506298549666,9.651355830966015,
34,700,2023-09-01T00:00:00,,False,,False,0001-01-01T00:00:00,100004824,0,,False,True,,,,filter,59.1074805696154,9.669083018337371,
192,950,2018-09-01T00:00:00,,False,,False,0001-01-01T00:00:00,100001187,0,,False,True,,,,filter,59.107777689441306,9.654026566282647,
103,850,2019-09-01T00:00:00,,False,,False,0001-01-01T00:00:00,100001741,0,,False,True,,,,filter,59.08705680576504,9.680996778227598,
151,710,2023-09-01T00:00:00,,False,,False,0001-01-01T00:00:00,100004825,0,,False,True,,,,filter,59.11984066614696,9.661220440032313,
0,1550,2001-05-01T00:00:00,,False,,False,0001-01-01T00:00:00,4712,4,,True,False,,,,filter,59.083678268514824,9.676800013311412,
34,900,2006-09-01T00:00:00,,False,,False,0001-01-01T00:00:00,4740,0,,False,True,,,,filter,59.13317153613603,9.650143882504377,
101,900,2007-12-01T00:00:00,,False,,False,0001-01-01T00:00:00,4743,0,,False,True,,,,filter,59.13750673699589,9.651984490080464,
39,800,2022-03-01T00:00:00,,False,,False,0001-01-01T00:00:00,100003366,0,,False,True,,,,filter,59.10394854435212,9.665035671943361,
101,830,2019-01-01T00:00:00,,False,,False,0001-01-01T00:00:00,100001387,0,,False,True,,,,filter,59.137724002329286,9.651845580061092,
132,930,2019-04-01T00:00:00,,False,,False,0001-01-01T00:00:00,100001519,0,,False,True,,,,filter,59.14981875894859,9.666778091282081,
0,800,2023-10-01T00:00:00,,False,,False,0001-01-01T00:00:00,100004975,21,,True,False,,,,filter,59.08477881558509,9.685475700836607,
7,1100,2001-05-01T00:00:00,,False,,False,0001-01-01T00:00:00,4717,0,,False,True,,,,filter,59.13847632546971,9.65686380090288,
94,800,2015-12-01T00:00:00,,False,,False,0001-01-01T00:00:00,4742,0,,False,True,,,,filter,59.15396966437722,9.661429626386145,
0,1000,2025-04-01T00:00:00,,False,,False,0001-01-01T00:00:00,100006363,36,,True,False,,,,filter,59.08541667542621,9.68164260093636,
24,900,2024-11-01T00:00:00,,False,,False,0001-01-01T00:00:00,100005945,0,,False,True,,,,filter,59.08822323807536,9.679902596723302,
0,600,2024-03-01T00:00:00,,False,,False,0001-01-01T00:00:00,100005292,5,,True,False,,,,filter,59.112180507919426,9.66086628162384,
0,1350,2014-05-01T00:00:00,,False,,False,0001-01-01T00:00:00,4759,0,,False,True,,,,filter,59.086426683055905,9.685121688657725,
1,1000,2021-03-01T00:00:00,,False,,False,0001-01-01T00:00:00,100002667,0,,False,True,,,,filter,59.08942937201582,9.686242899109526,
76,1050,2018-02-01T00:00:00,,False,,False,0001-01-01T00:00:00,100000863,0,,False,True,,,,filter,59.14836898672529,9.661015908350022,
18,900,2022-03-01T00:00:00,,False,,False,0001-01-01T00:00:00,100003403,0,,False,True,,,,filter,59.13602978445117,9.655258124211475,
44,1250,2017-07-01T00:00:00,,False,,False,0001-01-01T00:00:00,100000566,0,,False,True,,,,filter,59.14923835349164,9.65629464446277,
103,1200,2019-03-01T00:00:00,,False,,False,0001-01-01T00:00:00,100001460,0,,False,True,,,,filter,59.13752029077486,9.642545789305505,
41,850,2023-03-01T00:00:00,,False,,False,0001-01-01T00:00:00,100004360,0,,False,True,,,,filter,59.08232222348437,9.68709005870912,
11,1100,2015-04-01T00:00:00,,False,,False,0001-01-01T00:00:00,4755,0,,False,True,,,,filter,59.08434846371661,9.6752708104429,
95,1000,2018-10-01T00:00:00,,False,,False,0001-01-01T00:00:00,100001281,0,,False,True,,,,filter,59.145070735285685,9.641704584737074,
0,450,2024-09-23T00:00:00,,False,,False,0001-01-01T00:00:00,100005900,4,,True,False,,,,filter,59.11349627147766,9.666399861870861,
3,800,2025-03-01T00:00:00,,False,,False,0001-01-01T00:00:00,100006236,0,,False,True,,,,filter,59.084821328222525,9.676365968909135,
162,900,2009-08-01T00:00:00,,False,,False,0001-01-01T00:00:00,4748,0,,False,True,,,,filter,59.105913571617656,9.668573975032894,
101,1450,2002-10-01T00:00:00,,False,,False,0001-01-01T00:00:00,4725,0,,False,True,,,,filter,59.13601270591695,9.649333670123195,
163,1010,2015-10-01T00:00:00,,False,,False,0001-01-01T00:00:00,4762,0,,False,True,,,,filter,59.15233183986464,9.65086790177376,
5,700,2023-12-01T00:00:00,,False,,False,0001-01-01T00:00:00,100005070,0,,False,True,,,,filter,59.13593992403394,9.644477786640882,
64,1050,2001-05-01T00:00:00,,False,,False,0001-01-01T00:00:00,4698,0,,False,True,,,,filter,59.08483696450702,9.677317225003831,
117,1000,2020-12-01T00:00:00,,False,,False,0001-01-01T00:00:00,100002554,0,,False,True,,,,filter,59.10520358043264,9.657635445637618,
0,850,,,False,,False,0001-01-01T00:00:00,100006235,210,,True,False,,,,filter,59.08409749249802,9.680488250007649,
3,670,2023-03-01T00:00:00,,False,,False,0001-01-01T00:00:00,100004361,0,,False,True,,,,filter,59.13805438287042,9.650055759548362,
108,750,2018-09-01T00:00:00,,False,,False,0001-01-01T00:00:00,100001153,0,,False,True,,,,filter,59.13379326661487,9.645770125071168,
45,750,2005-07-01T00:00:00,,False,,True,0001-01-01T00:00:00,5018,0,,False,True,,,,filter,59.48323566643955,8.628289186255392,
11,730,2020-04-01T00:00:00,,False,,True,0001-01-01T00:00:00,100002138,0,,False,True,,,,filter,59.48339127690443,8.638294378475745,
24,300,2006-09-01T00:00:00,,False,,True,0001-01-01T00:00:00,5019,0,,False,True,,,,filter,59.48428859588025,8.62987580775484,
33,750,2018-07-01T00:00:00,,False,,False,0001-01-01T00:00:00,100001063,0,,False,True,,,,filter,59.48075097197326,8.638625648798362,
63,730,2018-05-01T00:00:00,,False,,True,0001-01-01T00:00:00,100000985,0,,False,True,,,,filter,59.48210242844779,8.626617218023782,
45,750,2022-03-01T00:00:00,,False,,False,0001-01-01T00:00:00,100003342,0,,False,True,,,,filter,59.48163579267574,8.638257252689698,
11,300,2022-10-01T00:00:00,,False,,False,0001-01-01T00:00:00,100003940,0,,False,True,,,,filter,59.277614955960864,9.73293216948775,
0,700,2025-03-01T00:00:00,,False,,False,0001-01-01T00:00:00,100006278,53,,True,False,,,,filter,59.277638805928,9.731620676061853,
0,450,2025-09-15T00:00:00,,False,,False,0001-01-01T00:00:00,100006644,80,,True,False,,,,filter,59.280999138671845,9.728983945621103,
0,725,2021-08-01T00:00:00,,False,,False,0001-01-01T00:00:00,100002915,3,,True,False,,,,filter,59.2798521883764,9.72215109140625,
10,800,2025-08-28T00:00:00,,False,,False,0001-01-01T00:00:00,100006459,0,,False,True,,,,filter,59.21371817106549,9.601532106092764,
293,1100,2016-05-01T00:00:00,,False,,False,0001-01-01T00:00:00,4836,0,,False,True,,,,filter,59.20796896562407,9.597263953194544,
73,785,2025-07-01T00:00:00,,False,,False,0001-01-01T00:00:00,100006518,0,,False,True,,,,filter,59.211204788751076,9.609152175308795,
85,1200,2018-08-01T00:00:00,,False,,False,0001-01-01T00:00:00,100001115,0,,False,True,,,,filter,59.20356829498863,9.60836053327102,
0,550,2025-09-01T00:00:00,,False,,False,0001-01-01T00:00:00,100006602,0,,False,True,,,,filter,59.2137395972028,9.606792878231204,
182,800,2021-10-21T00:00:00,,False,,False,0001-01-01T00:00:00,100003149,0,,False,True,,,,filter,59.19678529273206,9.61154618846275,
238,1000,2020-03-01T00:00:00,,False,,False,0001-01-01T00:00:00,100002118,0,,False,True,,,,filter,59.19793993536167,9.60167427813466,
50,825,2001-05-01T00:00:00,,False,,False,0001-01-01T00:00:00,4775,0,,False,True,,,,filter,59.210519205018095,9.613435024491986,
189,850,2009-02-01T00:00:00,,False,,False,0001-01-01T00:00:00,4817,0,,False,True,,,,filter,59.74221796156876,10.200320068927653,
150,1000,2024-09-01T00:00:00,,False,,False,0001-01-01T00:00:00,100005753,0,,False,True,,,,filter,59.2167334921013,9.567934550828417,
111,1000,2024-08-01T00:00:00,,False,,False,0001-01-01T00:00:00,100005732,0,,False,True,,,,filter,59.18488113395476,9.598401015086756,
78,1400,2007-09-01T00:00:00,,False,,False,0001-01-01T00:00:00,4808,0,,False,True,,,,filter,59.16140203422936,9.659852339968554,
145,1100,2016-05-01T00:00:00,,False,,False,0001-01-01T00:00:00,4835,0,,False,True,,,,filter,59.20596098802453,9.611318422147635,
294,800,2010-08-01T00:00:00,,False,,False,0001-01-01T00:00:00,4806,0,,False,True,,,,filter,59.19939859494857,9.60826404027944,
71,750,2025-03-01T00:00:00,,False,,False,0001-01-01T00:00:00,100006224,0,,False,True,,,,filter,59.20908683814285,9.603009937912457,
356,1500,2009-04-01T00:00:00,,False,,False,0001-01-01T00:00:00,4809,0,,False,True,,,,filter,59.18114203944319,9.601227225430284,
0,700,2025-09-01T00:00:00,,False,,False,0001-01-01T00:00:00,100006414,7,,True,False,,,,filter,59.20966547325935,9.609744614818803,
69,800,2018-05-01T00:00:00,,False,,False,0001-01-01T00:00:00,100000992,0,,False,True,,,,filter,59.20326814988134,9.611998532540605,
194,1300,2022-11-07T00:00:00,,False,,False,0001-01-01T00:00:00,100004102,0,,False,True,,,,filter,59.18622008349,9.600388305673047,
9,800,2025-10-01T00:00:00,,False,,False,0001-01-01T00:00:00,100006747,0,,False,True,,,,filter,59.20543038297066,9.60067273712175,
40,1250,2016-08-01T00:00:00,,False,,False,0001-01-01T00:00:00,100000040,0,,False,True,,,,filter,59.207655940177254,9.60413667354655,
0,550,2025-08-01T00:00:00,,False,,False,0001-01-01T00:00:00,100006598,63,,True,False,,,,filter,59.21193852468927,9.608078444383331,
0,1800,2001-05-01T00:00:00,,False,,False,0001-01-01T00:00:00,4781,8,,True,False,,,,filter,59.203327375128815,9.609285640238749,
147,950,2021-03-01T00:00:00,,False,,False,0001-01-01T00:00:00,100002710,0,,False,True,,,,filter,59.73935615543788,10.199384326006417,
45,800,2001-05-01T00:00:00,,False,,False,0001-01-01T00:00:00,4783,0,,False,True,,,,filter,59.735824619950925,10.203325952482096,
31,1000,2025-03-01T00:00:00,,False,,False,0001-01-01T00:00:00,100006219,0,,False,True,,,,filter,59.206155881921774,9.608746269528437,
7,873,2025-07-01T00:00:00,,False,,False,0001-01-01T00:00:00,100006566,0,,False,True,,,,filter,59.211946235553896,9.596940092640336,
177,1000,2018-05-01T00:00:00,,False,,False,0001-01-01T00:00:00,100000970,0,,False,True,,,,filter,59.208692047629775,9.601495074709003,
27,1000,2024-10-15T00:00:00,,False,,False,0001-01-01T00:00:00,100005953,0,,False,True,,,,filter,59.18191817314245,9.608531071922432,
59,1800,2002-09-01T00:00:00,,False,,False,0001-01-01T00:00:00,4769,0,,False,True,,,,filter,59.18346131593842,9.603106558569976,
129,1000,2017-11-01T00:00:00,,False,,False,0001-01-01T00:00:00,100000640,0,,False,True,,,,filter,59.20887962778563,9.605256304117358,
105,650,2022-09-01T00:00:00,,False,,False,0001-01-01T00:00:00,100003853,0,,False,True,,,,filter,59.16801859059758,9.663813107250535,
8,620,2025-03-01T00:00:00,,False,,False,0001-01-01T00:00:00,100006215,0,,False,True,,,,filter,59.21057630144166,9.61557363301329,
111,800,2001-05-01T00:00:00,,False,,False,0001-01-01T00:00:00,4790,0,,False,True,,,,filter,59.20606307027881,9.613541986378348,
39,1100,2001-05-01T00:00:00,,False,,False,0001-01-01T00:00:00,4792,0,,False,True,,,,filter,59.18148291987666,9.595122263878892,
71,800,2017-01-01T00:00:00,,False,,False,0001-01-01T00:00:00,100000239,0,,False,True,,,,filter,59.73593095732834,10.198171966875803,
24,800,2025-03-01T00:00:00,,False,,False,0001-01-01T00:00:00,100006230,0,,False,True,,,,filter,59.21724032274055,9.5716333264437,
28,750,2001-05-01T00:00:00,,False,,False,0001-01-01T00:00:00,4795,0,,False,True,,,,filter,59.20151597553894,9.609463809279841,
119,740,2016-04-01T00:00:00,,False,,False,0001-01-01T00:00:00,4834,0,,False,True,,,,filter,59.16791633398698,9.66162390296175,
90,1100,2016-10-01T00:00:00,,False,,False,0001-01-01T00:00:00,100000155,0,,False,True,,,,filter,69.31503484289414,16.111877938986463,
0,1800,2014-05-01T00:00:00,,False,,False,0001-01-01T00:00:00,4818,3,,True,False,,,,filter,69.31593929238709,16.111398327190436,
48,550,2025-03-01T00:00:00,,False,,False,0001-01-01T00:00:00,100006206,0,,False,True,,,,filter,59.212029184262356,9.615805132742636,
38,850,2024-09-01T00:00:00,,False,,False,0001-01-01T00:00:00,100005733,0,,False,True,,,,filter,59.196634079988485,9.608272904419165,
78,660,2024-09-01T00:00:00,,False,,False,0001-01-01T00:00:00,100005702,0,,False,True,,,,filter,59.20714814707555,9.605997967070193,
310,1000,2011-03-01T00:00:00,,False,,False,0001-01-01T00:00:00,4823,0,,False,True,,,,filter,59.217260007768466,9.571534216048505,
1,900,2024-03-01T00:00:00,,False,,False,0001-01-01T00:00:00,100005332,0,,False,True,,,,filter,59.20860348802727,9.613204455499877,
57,600,2024-09-01T00:00:00,,False,,False,0001-01-01T00:00:00,100005703,0,,False,True,,,,filter,59.21458455401493,9.610244335739655,
24,750,2023-09-01T00:00:00,,False,,False,0001-01-01T00:00:00,100004853,0,,False,True,,,,filter,59.20548309905606,9.604070834114284,
0,400,,,False,,False,0001-01-01T00:00:00,100004552,0,,False,False,,,,filter,59.183122550956625,9.603937516850202,
0,750,,,False,,False,0001-01-01T00:00:00,100004980,0,,False,False,,,,filter,59.20158163335471,9.600789216761157,
0,700,,,False,,False,0001-01-01T00:00:00,100006501,7,,True,False,,,,filter,59.16600358251883,9.658174048124556,
60,1400,2022-03-01T00:00:00,,False,,False,0001-01-01T00:00:00,100003410,0,,False,True,,,,filter,59.2173177083909,9.569666470721895,
6,800,2021-11-01T00:00:00,,False,,False,0001-01-01T00:00:00,100003138,0,,False,True,,,,filter,59.2127108219687,9.600267620078952,
2,700,2026-01-01T00:00:00,,False,,False,0001-01-01T00:00:00,100006896,0,,False,True,,,,filter,59.20907949835405,9.609995834807878,
0,750,2025-02-01T00:00:00,,False,,False,0001-01-01T00:00:00,100006205,0,,False,True,,,,filter,59.207226608254885,9.609048781866868,
238,675,2022-06-01T00:00:00,,False,,False,0001-01-01T00:00:00,100003579,0,,False,True,,,,filter,59.879074872745946,8.592964409024162,
9,100,2018-03-01T00:00:00,,False,,True,0001-01-01T00:00:00,100000921,0,,False,True,,,,filter,59.877243006713975,8.591639217871338,
47,690,2025-06-01T00:00:00,,False,,False,0001-01-01T00:00:00,100006405,0,,False,True,,,,filter,59.878556133057415,8.588737555929438,
40,100,2023-02-01T00:00:00,,False,,False,0001-01-01T00:00:00,100004268,0,,False,True,,,,filter,59.87626596721312,8.588577896103752,
48,100,2018-03-01T00:00:00,,False,,True,0001-01-01T00:00:00,100000922,0,,False,True,,,,filter,59.876027060615364,8.590425990626498,
60,200,2011-10-01T00:00:00,,False,,False,0001-01-01T00:00:00,5001,0,,False,True,,,,filter,59.88045894715242,8.59728745551911,
294,1200,2010-10-01T00:00:00,,False,,False,0001-01-01T00:00:00,5002,0,,False,True,,,,filter,59.87634355332087,8.586972494082197,
0,860,,,False,,False,0001-01-01T00:00:00,100003189,177,,True,False,,,,filter,59.88151178290929,8.590676418487767,
0,860,,,False,,False,0001-01-01T00:00:00,100005590,17,,True,False,,,,filter,59.87529846465844,8.590887467563286,
244,700,2024-02-01T00:00:00,,False,,False,0001-01-01T00:00:00,100005175,0,,False,True,,,,filter,59.877489397532635,8.596967281196724,
7,500,2002-06-01T00:00:00,,False,,False,0001-01-01T00:00:00,5062,0,,False,True,,,,filter,59.44327167883169,8.002440605823825,
29,650,2002-06-01T00:00:00,,False,,False,0001-01-01T00:00:00,5061,0,,False,True,,,,filter,59.44472708249811,8.011100330799078,
0,600,2020-04-01T00:00:00,,False,,False,0001-01-01T00:00:00,100002170,82,,True,False,,,,filter,59.445120036969875,8.006340950506521,
36,373,2025-03-01T00:00:00,,False,,False,0001-01-01T00:00:00,100006228,0,,False,True,,,,filter,59.44382829631722,8.002955357113256,
0,320,2026-01-01T00:00:00,,False,,False,0001-01-01T00:00:00,100006915,8,,True,False,,,,filter,59.571574657274745,7.990986980545545,
5,640,2018-09-01T00:00:00,,False,,False,0001-01-01T00:00:00,100001065,0,,False,True,,,,filter,59.567801032633696,7.994922424556523,
91,690,2018-06-01T00:00:00,,False,,False,0001-01-01T00:00:00,100001035,0,,False,True,,,,filter,59.56442568077955,7.988419527566927,
0,640,2013-05-01T00:00:00,,False,,False,0001-01-01T00:00:00,5085,12,,True,False,,,,filter,59.56588866078909,7.9943771613572725,
24,230,2015-03-01T00:00:00,,False,,False,0001-01-01T00:00:00,5088,0,,False,True,,,,filter,59.564429045257484,7.985566543636191,
7,384,2024-03-01T00:00:00,,False,,False,0001-01-01T00:00:00,100005348,0,,False,True,,,,filter,59.564527874897976,7.99081199230087,
44,320,2025-03-01T00:00:00,,False,,False,0001-01-01T00:00:00,100006187,0,,False,True,,,,filter,59.568079595393215,7.984727706318894,
0,620,,,False,,False,0001-01-01T00:00:00,100006914,0,,False,False,,,,filter,59.56703455385205,7.989903297904008,
6,650,2025-06-01T00:00:00,,False,,False,0001-01-01T00:00:00,100006253,0,,False,True,,,,filter,69.24262781775036,19.217188015534724,
11,650,2019-11-01T00:00:00,,False,,False,0001-01-01T00:00:00,100001916,0,,False,True,,,,filter,69.23952102864484,19.23282207081307,
0,1000,2024-09-01T00:00:00,,False,,False,0001-01-01T00:00:00,100005693,60,,True,False,,,,filter,69.24226749161629,19.236457531435423,
0,600,2024-09-01T00:00:00,,False,,False,0001-01-01T00:00:00,100005694,116,,True,False,,,,filter,69.24126369998692,19.234004215408856,
0,600,2024-09-01T00:00:00,,False,,False,0001-01-01T00:00:00,100005695,91,,True,False,,,,filter,69.24368309239529,19.231406386609113,
7,1060,2008-03-01T00:00:00,,False,,False,0001-01-01T00:00:00,10220,0,,False,True,,,,filter,69.2433068911206,19.22453536527087,
0,600,2025-08-01T00:00:00,,False,,False,0001-01-01T00:00:00,100006510,105,,True,False,,,,filter,69.24310637875901,19.223020708236213,
0,500,2022-09-01T00:00:00,,False,,False,0001-01-01T00:00:00,100003826,26,,True,False,,,,filter,68.86385949800176,18.35011335198849,
0,500,2022-03-01T00:00:00,,False,,False,0001-01-01T00:00:00,100003417,14,,True,False,,,,filter,68.86716792182924,18.339131284781725,
0,320,2024-09-01T00:00:00,,False,,False,0001-01-01T00:00:00,100005706,16,,True,False,,,,filter,68.86739519131011,18.341562545566,
0,500,2025-09-01T00:00:00,,False,,False,0001-01-01T00:00:00,100006519,54,,True,False,,,,filter,68.86135390495713,18.351155858392982,
0,700,2023-03-01T00:00:00,,False,,False,0001-01-01T00:00:00,100004328,60,,True,False,,,,filter,68.8611939031779,18.355624893390768,
0,320,2025-01-01T00:00:00,,False,,False,0001-01-01T00:00:00,100006036,75,,True,False,,,,filter,68.86415824616347,18.336136443947172,
56,450,2022-07-01T00:00:00,,False,,False,0001-01-01T00:00:00,100003636,0,,False,True,,,,filter,68.86342124178951,18.343464203319787,
8,500,2018-04-01T00:00:00,,False,,False,0001-01-01T00:00:00,100000939,0,,False,True,,,,filter,68.8623359713591,18.349600016432788,
117,450,2022-07-01T00:00:00,,False,,False,0001-01-01T00:00:00,100003637,0,,False,True,,,,filter,68.86573410936023,18.3413629121043,
11,600,2024-04-01T00:00:00,,False,,False,0001-01-01T00:00:00,100005440,0,,False,True,,,,filter,68.87423691439557,17.84428489363614,
0,600,2025-09-01T00:00:00,,False,,False,0001-01-01T00:00:00,100006642,124,,True,False,,,,filter,68.87104044470135,17.84591023015136,
0,400,2025-03-01T00:00:00,,False,,False,0001-01-01T00:00:00,100006297,275,,True,False,,,,filter,68.87320975536139,17.8532508216455,
0,600,2026-01-01T00:00:00,,False,,False,0001-01-01T00:00:00,100006927,25,,True,False,,,,filter,68.87687784879344,17.855542192103176,
0,500,2001-05-01T00:00:00,,False,,False,0001-01-01T00:00:00,10074,92,,True,False,,,,filter,68.86917807824368,17.85368349893168,
0,500,2025-11-01T00:00:00,,False,,False,0001-01-01T00:00:00,100006773,195,,True,False,,,,filter,68.87011415371951,17.844823456800928,
0,600,2025-09-01T00:00:00,,False,,False,0001-01-01T00:00:00,100006631,126,,True,False,,,,filter,68.87029538412102,17.859610748047295,
0,700,2025-10-01T00:00:00,,False,,False,0001-01-01T00:00:00,100006767,258,,True,False,,,,filter,68.87467830597988,17.858317927077252,
0,600,2025-10-01T00:00:00,,False,,False,0001-01-01T00:00:00,100006765,187,,True,False,,,,filter,68.87355093809283,17.841196930089424,
29,600,2018-08-01T00:00:00,,False,,False,0001-01-01T00:00:00,100001192,0,,False,True,,,,filter,68.87314641960393,17.846144228374428,
0,1000,2025-11-01T00:00:00,,False,,False,0001-01-01T00:00:00,100006803,881,,True,False,,,,filter,68.68768578908002,17.535673081503496,
0,800,2008-05-01T00:00:00,,False,,False,0001-01-01T00:00:00,10044,31,,True,False,,,,filter,68.69152023437765,17.535604166271817,
7,750,2023-04-01T00:00:00,,False,,False,0001-01-01T00:00:00,100004456,0,,False,True,,,,filter,68.80486587978373,16.55668557695863,
137,950,2017-07-01T00:00:00,,False,,False,0001-01-01T00:00:00,100000567,0,,False,True,,,,filter,68.79139040530703,16.542802512052173,
52,900,2021-07-01T00:00:00,,False,,False,0001-01-01T00:00:00,100002885,0,,False,True,,,,filter,68.78770494813887,16.543261821095346,
28,800,2025-01-01T00:00:00,,False,,False,0001-01-01T00:00:00,100006077,0,,False,True,,,,filter,68.7724793591083,16.57114853393465,
49,477,2025-09-01T00:00:00,,False,,False,0001-01-01T00:00:00,100006667,0,,False,True,,,,filter,68.7942971644696,16.53624692005445,
29,700,2024-09-01T00:00:00,,False,,False,0001-01-01T00:00:00,100005865,0,,False,True,,,,filter,68.80729745760553,16.55247159105485,
89,830,2023-09-01T00:00:00,,False,,False,0001-01-01T00:00:00,100004865,0,,False,True,,,,filter,68.79292978681313,16.546916264889756,
108,861,2004-01-01T00:00:00,,False,,False,0001-01-01T00:00:00,9977,0,,False,True,,,,filter,68.80268869331003,16.55188740486493,
67,775,2021-02-01T00:00:00,,False,,False,0001-01-01T00:00:00,100002607,0,,False,True,,,,filter,68.8090634171795,16.55096123265288,
38,400,2024-03-01T00:00:00,,False,,False,0001-01-01T00:00:00,100005327,0,,False,True,,,,filter,68.79854502165666,16.52697426212913,
117,840,2019-06-01T00:00:00,,False,,False,0001-01-01T00:00:00,100001603,0,,False,True,,,,filter,68.78351615673049,16.561661821864252,
113,450,2017-01-01T00:00:00,,False,,False,0001-01-01T00:00:00,100000281,0,,False,True,,,,filter,68.80564920283727,16.55538978715228,
0,600,2023-09-01T00:00:00,,False,,False,0001-01-01T00:00:00,100004867,6,,True,False,,,,filter,68.9949297504028,16.535368644919846,
143,900,2021-10-01T00:00:00,,False,,False,0001-01-01T00:00:00,100003050,0,,False,True,,,,filter,68.76911603015395,16.56577864011939,
22,720,2025-03-01T00:00:00,,False,,False,0001-01-01T00:00:00,100006270,0,,False,True,,,,filter,68.80355574197384,16.545520008230433,
39,720,2001-05-01T00:00:00,,False,,False,0001-01-01T00:00:00,9962,0,,False,True,,,,filter,68.77221930008936,16.553304209276316,
11,750,2025-05-01T00:00:00,,False,,False,0001-01-01T00:00:00,100006413,0,,False,True,,,,filter,68.7843499691454,16.56876425441126,
15,861,2020-08-01T00:00:00,,False,,False,0001-01-01T00:00:00,100002305,0,,False,True,,,,filter,68.8065989288238,16.53916388905781,
13,800,2019-04-01T00:00:00,,False,,False,0001-01-01T00:00:00,100001540,0,,False,True,,,,filter,68.78347384977653,16.55627638960747,
105,400,2022-08-01T00:00:00,,False,,False,0001-01-01T00:00:00,100003735,0,,False,True,,,,filter,68.7968660742134,16.5244118156241,
32,530,2001-05-01T00:00:00,,False,,False,0001-01-01T00:00:00,9958,0,,False,True,,,,filter,68.76939987423007,16.556056016593217,
16,870,2010-07-01T00:00:00,,False,,False,0001-01-01T00:00:00,9990,0,,False,True,,,,filter,68.7814773419503,16.561753738745317,
70,710,2023-06-19T00:00:00,,False,,False,0001-01-01T00:00:00,100004679,0,,False,True,,,,filter,68.80414602566377,16.546807212736688,
19,850,2021-09-13T00:00:00,,False,,False,0001-01-01T00:00:00,100003087,0,,False,True,,,,filter,68.79415808042053,16.53611700321236,
25,400,2011-01-01T00:00:00,,False,,True,0001-01-01T00:00:00,9994,0,,False,True,,,,filter,68.79473751349498,16.53722155745099,
15,900,2012-07-01T00:00:00,,False,,False,0001-01-01T00:00:00,9981,0,,False,True,,,,filter,68.78853361606437,16.529676587310647,
49,850,2022-06-01T00:00:00,,False,,False,0001-01-01T00:00:00,100003642,0,,False,True,,,,filter,68.80132221258191,16.54614098279372,
35,400,2022-09-01T00:00:00,,False,,False,0001-01-01T00:00:00,100003945,0,,False,True,,,,filter,68.7977506278238,16.5366988513732,
76,585,2012-12-01T00:00:00,,False,,False,0001-01-01T00:00:00,9995,0,,False,True,,,,filter,68.77346570596427,16.565538964584608,
201,200,2017-01-01T00:00:00,,False,,False,0001-01-01T00:00:00,100000282,0,,False,True,,,,filter,68.79403785516311,16.532213905569538,
154,682,2005-12-01T00:00:00,,False,,False,0001-01-01T00:00:00,9971,0,,False,True,,,,filter,68.80639600204174,16.554921897432042,
88,804,2022-01-01T00:00:00,,False,,False,0001-01-01T00:00:00,100003251,0,,False,True,,,,filter,68.78638955672184,16.539249178161892,
0,750,,,False,,False,0001-01-01T00:00:00,100005020,0,,False,False,,,,filter,68.78262461797172,16.555471460041925,
0,750,,,False,,False,0001-01-01T00:00:00,100006476,25,,True,False,,,,filter,68.77350721520993,16.555035850452544,
0,600,,,False,,False,0001-01-01T00:00:00,100007001,0,,False,False,,,,filter,68.77083863188055,16.563675311773604,
48,612,2022-09-07T00:00:00,,False,,False,0001-01-01T00:00:00,100003909,0,,False,True,,,,filter,68.78340285756092,16.5677233697418,
11,600,2024-04-01T00:00:00,,False,,False,0001-01-01T00:00:00,100005440,0,,False,True,,,,filter,68.87650965635049,17.856761013302336,
0,600,2025-09-01T00:00:00,,False,,False,0001-01-01T00:00:00,100006642,124,,True,False,,,,filter,68.87706084061787,17.852621709586455,
0,400,2025-03-01T00:00:00,,False,,False,0001-01-01T00:00:00,100006297,275,,True,False,,,,filter,68.87393114792849,17.847006788656692,
0,600,2026-01-01T00:00:00,,False,,False,0001-01-01T00:00:00,100006927,25,,True,False,,,,filter,68.87005520043844,17.853188977750403,
0,500,2001-05-01T00:00:00,,False,,False,0001-01-01T00:00:00,10074,92,,True,False,,,,filter,68.87383726522164,17.846312695095673,
0,500,2025-11-01T00:00:00,,False,,False,0001-01-01T00:00:00,100006773,195,,True,False,,,,filter,68.87720141485039,17.848557594558116,
0,600,2025-09-01T00:00:00,,False,,False,0001-01-01T00:00:00,100006631,126,,True,False,,,,filter,68.87395546636759,17.857612561518742,
0,700,2025-10-01T00:00:00,,False,,False,0001-01-01T00:00:00,100006767,258,,True,False,,,,filter,68.87440041034635,17.849884123771762,
0,600,2025-10-01T00:00:00,,False,,False,0001-01-01T00:00:00,100006765,187,,True,False,,,,filter,68.87415592834215,17.86111423349822,
29,600,2018-08-01T00:00:00,,False,,False,0001-01-01T00:00:00,100001192,0,,False,True,,,,filter,68.87263126984261,17.839213870558336,
0,500,2003-03-01T00:00:00,,False,,False,0001-01-01T00:00:00,10259,24,,True,False,,,,filter,69.49643885572152,20.825440864478296,
0,500,2024-09-01T00:00:00,,False,,False,0001-01-01T00:00:00,100005789,53,,True,False,,,,filter,69.50127253192677,20.824172338399656,
0,500,2023-01-30T00:00:00,,False,,False,0001-01-01T00:00:00,100004244,46,,True,False,,,,filter,69.50041512379465,20.820552538135843,
5,450,2016-10-01T00:00:00,,False,,False,0001-01-01T00:00:00,100000200,0,,False,True,,,,filter,69.50112623747329,20.81136745898245,
12,700,2002-08-01T00:00:00,,False,,False,0001-01-01T00:00:00,10233,0,,False,True,,,,filter,69.96999700874844,19.620436388632825,
0,750,2022-08-01T00:00:00,,False,,False,0001-01-01T00:00:00,100003751,333,,True,False,,,,filter,69.97035417051735,19.62147538565211,
13,700,2007-03-01T00:00:00,,False,,False,0001-01-01T00:00:00,10234,0,,False,True,,,,filter,69.97037395365062,19.618526828400643,
66,750,2005-09-01T00:00:00,,False,,False,0001-01-01T00:00:00,10017,0,,False,True,,,,filter,68.78421230993168,16.526269097247805,
26,720,2017-03-01T00:00:00,,False,,False,0001-01-01T00:00:00,100000363,0,,False,True,,,,filter,68.78054341297974,16.521862268278447,
20,400,2012-10-01T00:00:00,,False,,False,0001-01-01T00:00:00,10018,0,,False,True,,,,filter,68.7811035098397,16.523379927709314,
15,750,2021-01-01T00:00:00,,False,,False,0001-01-01T00:00:00,100002576,0,,False,True,,,,filter,68.7804881506013,16.51972362341545,
0,510,2021-06-07T00:00:00,,False,,True,0001-01-01T00:00:00,100002904,6,,True,False,,,,filter,69.93874223418844,22.061429666025006,
0,450,2019-06-01T00:00:00,,False,,True,0001-01-01T00:00:00,100001627,18,,True,False,,,,filter,69.93973545786582,22.0462146034175,
5,240,2024-06-01T00:00:00,,False,,False,0001-01-01T00:00:00,100005719,0,,False,True,,,,filter,69.93911958859043,22.06435315533472,
11,600,2024-04-01T00:00:00,,False,,False,0001-01-01T00:00:00,100005440,0,,False,True,,,,filter,68.87514525695295,17.858021508640967,
0,600,2025-09-01T00:00:00,,False,,False,0001-01-01T00:00:00,100006642,124,,True,False,,,,filter,68.87525602327062,17.845071093685227,
0,400,2025-03-01T00:00:00,,False,,False,0001-01-01T00:00:00,100006297,275,,True,False,,,,filter,68.86994110730218,17.844379518581835,
0,600,2026-01-01T00:00:00,,False,,False,0001-01-01T00:00:00,100006927,25,,True,False,,,,filter,68.87503004766381,17.839884937667552,
0,500,2001-05-01T00:00:00,,False,,False,0001-01-01T00:00:00,10074,92,,True,False,,,,filter,68.87389206379089,17.84603462388701,
0,500,2025-11-01T00:00:00,,False,,False,0001-01-01T00:00:00,100006773,195,,True,False,,,,filter,68.87099301521708,17.851585900797357,
0,600,2025-09-01T00:00:00,,False,,False,0001-01-01T00:00:00,100006631,126,,True,False,,,,filter,68.87566473914522,17.856674197768463,
0,700,2025-10-01T00:00:00,,False,,False,0001-01-01T00:00:00,100006767,258,,True,False,,,,filter,68.87135989975177,17.84564905495928,
0,600,2025-10-01T00:00:00,,False,,False,0001-01-01T00:00:00,100006765,187,,True,False,,,,filter,68.87593624658585,17.850036687951395,
29,600,2018-08-01T00:00:00,,False,,False,0001-01-01T00:00:00,100001192,0,,False,True,,,,filter,68.87029644179252,17.85378063470666,
0,700,2001-05-01T00:00:00,,False,,False,0001-01-01T00:00:00,10236,17,,True,False,,,,filter,69.57931728113951,20.210239052947788,
4,600,2021-11-01T00:00:00,,False,,False,0001-01-01T00:00:00,100003132,0,,False,True,,,,filter,69.57612290008659,20.21469060954786,
0,650,2025-01-01T00:00:00,,False,,False,0001-01-01T00:00:00,100006093,36,,True,False,,,,filter,69.57883020460686,20.208034979274927,
0,600,,,False,,False,0001-01-01T00:00:00,100006119,32,,True,False,,,,filter,69.57353888709747,20.21259615276656,
19,500,2021-03-01T00:00:00,,False,,False,0001-01-01T00:00:00,100002698,0,,False,True,,,,filter,69.07239352215542,18.536806857925846,
104,600,2008-11-01T00:00:00,,False,,False,0001-01-01T00:00:00,10086,0,,False,True,,,,filter,69.07186756561117,18.520876837739902,
97,600,2013-08-01T00:00:00,,False,,False,0001-01-01T00:00:00,10098,0,,False,True,,,,filter,69.07182682332689,18.52611286292186,
3,600,2023-03-20T00:00:00,,False,,False,0001-01-01T00:00:00,100004469,0,,False,True,,,,filter,69.07437649020036,18.533899794933646,
3,500,2017-03-01T00:00:00,,False,,False,0001-01-01T00:00:00,100000389,0,,False,True,,,,filter,69.07510676293347,18.522880490532888,
1,800,2021-03-01T00:00:00,,False,,False,0001-01-01T00:00:00,100002699,0,,False,True,,,,filter,69.07331900295763,18.5188047465562,
55,600,2002-09-01T00:00:00,,False,,False,0001-01-01T00:00:00,10096,0,,False,True,,,,filter,69.07249312973097,18.53139299773759,
0,400,2024-09-01T00:00:00,,False,,False,0001-01-01T00:00:00,100005925,13,,True,False,,,,filter,69.07750525043807,18.534193480523456,
0,400,2013-12-01T00:00:00,,False,,False,0001-01-01T00:00:00,10099,0,,False,True,,,,filter,69.07411531953065,18.53791644018813,
0,400,,,False,,False,0001-01-01T00:00:00,100004939,55,,True,False,,,,filter,69.07585880874001,18.524810249083547,
1,700,2023-09-01T00:00:00,,False,,False,0001-01-01T00:00:00,100004833,0,,False,True,,,,filter,69.07491888760721,18.526472639774163,
17,900,2020-01-01T00:00:00,,False,,False,0001-01-01T00:00:00,100002001,0,,False,True,,,,filter,69.07355909046409,18.523264515845575,
53,850,2025-03-01T00:00:00,,False,,False,0001-01-01T00:00:00,100006088,0,,False,True,,,,filter,69.76753001851785,21.042650132680308,
3,800,2023-08-01T00:00:00,,False,,False,0001-01-01T00:00:00,100004646,0,,False,True,,,,filter,69.7640591727001,21.042621901569987,
13,930,2004-09-01T00:00:00,,False,,False,0001-01-01T00:00:00,10278,0,,False,True,,,,filter,69.76456699205912,21.029256343403986,
37,600,2001-05-01T00:00:00,,False,,False,0001-01-01T00:00:00,10272,0,,False,True,,,,filter,69.76684284763395,21.033059107720284,
0,800,,,False,,False,0001-01-01T00:00:00,100006840,233,,True,False,,,,filter,69.76600935229196,21.02917148452519,
10,850,2001-05-01T00:00:00,,False,,False,0001-01-01T00:00:00,10273,0,,False,True,,,,filter,69.7639747324425,21.02946331359797,
11,600,2024-04-01T00:00:00,,False,,False,0001-01-01T00:00:00,100005440,0,,False,True,,,,filter,68.87086801732144,17.854786999153113,
0,600,2025-09-01T00:00:00,,False,,False,0001-01-01T00:00:00,100006642,124,,True,False,,,,filter,68.87078167313315,17.854414943026125,
0,400,2025-03-01T00:00:00,,False,,False,0001-01-01T00:00:00,100006297,275,,True,False,,,,filter,68.87406198574043,17.854323478518126,
0,600,2026-01-01T00:00:00,,False,,False,0001-01-01T00:00:00,100006927,25,,True,False,,,,filter,68.87293323216936,17.839266198841585,
0,500,2001-05-01T00:00:00,,False,,False,0001-01-01T00:00:00,10074,92,,True,False,,,,filter,68.87294776654761,17.837733408555216,
0,500,2025-11-01T00:00:00,,False,,False,0001-01-01T00:00:00,100006773,195,,True,False,,,,filter,68.87277145214934,17.844199662089856,
0,600,2025-09-01T00:00:00,,False,,False,0001-01-01T00:00:00,100006631,126,,True,False,,,,filter,68.87322936951621,17.851419054869385,
0,700,2025-10-01T00:00:00,,False,,False,0001-01-01T00:00:00,100006767,258,,True,False,,,,filter,68.87129183843105,17.84460349341566,
0,600,2025-10-01T00:00:00,,False,,False,0001-01-01T00:00:00,100006765,187,,True,False,,,,filter,68.87679567595953,17.84788967939424,
29,600,2018-08-01T00:00:00,,False,,False,0001-01-01T00:00:00,100001192,0,,False,True,,,,filter,68.87725712405269,17.85205040507518,
19,480,2024-08-26T00:00:00,,False,,True,0001-01-01T00:00:00,100005731,0,,False,True,,,,filter,69.23311202431547,17.93070511905569,
80,560,2001-05-01T00:00:00,,False,,False,0001-01-01T00:00:00,10164,0,,False,True,,,,filter,69.23519973420154,18.007859643513225,
26,585,2025-04-01T00:00:00,,False,,False,0001-01-01T00:00:00,100006315,0,,False,True,,,,filter,69.23344100074027,17.916693248019854,
23,600,2025-06-01T00:00:00,,False,,False,0001-01-01T00:00:00,100006447,0,,False,True,,,,filter,69.23595326453682,18.004735008257576,
27,640,2025-08-16T00:00:00,,False,,False,0001-01-01T00:00:00,100006572,0,,False,True,,,,filter,69.23615629349395,18.005438694118283,
10,365,2018-03-01T00:00:00,,False,,False,0001-01-01T00:00:00,100000898,0,,False,True,,,,filter,69.23612590401756,18.00115488718038,
70,400,2023-09-01T00:00:00,,False,,False,0001-01-01T00:00:00,100004881,0,,False,True,,,,filter,69.23808686305222,18.014626061086712,
4,350,2025-04-01T00:00:00,,False,,False,0001-01-01T00:00:00,100006321,0,,False,True,,,,filter,69.23465018945743,17.932385206996166,
92,800,2020-09-01T00:00:00,,False,,False,0001-01-01T00:00:00,100002341,0,,False,True,,,,filter,69.23697463434917,18.012381414640434,
33,350,2023-12-01T00:00:00,,False,,True,0001-01-01T00:00:00,100005040,0,,False,True,,,,filter,69.23756165017721,18.008257653124765,
4,520,2025-09-01T00:00:00,,False,,False,0001-01-01T00:00:00,100006669,0,,False,True,,,,filter,69.23164291968267,17.926939156087705,
156,700,2017-04-01T00:00:00,,False,,False,0001-01-01T00:00:00,100000446,0,,False,True,,,,filter,69.23466016135858,18.02203757199384,
217,540,2022-05-01T00:00:00,,False,,False,0001-01-01T00:00:00,100003494,0,,False,True,,,,filter,69.23140005962891,18.007282900504013,
83,550,2025-06-01T00:00:00,,False,,True,0001-01-01T00:00:00,100006455,0,,False,True,,,,filter,69.23479759772115,17.937518730903065,
37,665,2016-11-01T00:00:00,,False,,False,0001-01-01T00:00:00,100000215,0,,False,True,,,,filter,69.23536083072582,18.013668681659073,
23,700,2024-09-01T00:00:00,,False,,False,0001-01-01T00:00:00,100005651,0,,False,True,,,,filter,69.23268083156475,18.0130418941756,
24,263,2025-08-25T00:00:00,,False,,False,0001-01-01T00:00:00,100006573,0,,False,True,,,,filter,69.23556865082325,18.00732008629997,
16,560,2024-09-01T00:00:00,,False,,True,0001-01-01T00:00:00,100005656,0,,False,True,,,,filter,69.23468784008473,17.92415437799925,
382,1100,2016-07-01T00:00:00,,False,,False,0001-01-01T00:00:00,100000035,0,,False,True,,,,filter,69.23557244693068,18.01184459722123,
111,750,2009-09-01T00:00:00,,False,,False,0001-01-01T00:00:00,10176,0,,False,True,,,,filter,69.23192941235712,18.00331575066594,
23,350,2024-11-01T00:00:00,,False,,True,0001-01-01T00:00:00,100005991,0,,False,True,,,,filter,69.23878350722777,18.015182353680576,
30,675,2015-11-01T00:00:00,,False,,False,0001-01-01T00:00:00,10196,0,,False,True,,,,filter,69.23340165526052,18.01525802232628,
86,720,2023-12-01T00:00:00,,False,,False,0001-01-01T00:00:00,100005046,0,,False,True,,,,filter,69.23772487956667,18.014249138563187,
0,560,,,False,,False,0001-01-01T00:00:00,100006440,0,,False,False,,,,filter,69.23598651763895,17.92576330922235,
0,640,,,False,,False,0001-01-01T00:00:00,100006789,0,,False,False,,,,filter,69.2308605038679,18.014370242737428,
0,350,,,False,,False,0001-01-01T00:00:00,100006945,10,,True,False,,,,filter,69.23376570886857,17.933936271303573,
0,750,2025-01-01T00:00:00,,False,,False,0001-01-01T00:00:00,100006150,114,,True,False,,,,filter,70.02689523849608,20.988483227643446,
0,900,2024-01-01T00:00:00,,False,,False,0001-01-01T00:00:00,100005162,19,,True,False,,,,filter,70.02925639821605,20.99291451003996,
26,700,2024-01-01T00:00:00,,False,,False,0001-01-01T00:00:00,100005163,0,,False,True,,,,filter,70.02586289006557,20.976941697108714,
0,500,2024-03-01T00:00:00,,False,,False,0001-01-01T00:00:00,100005414,7,,True,False,,,,filter,70.03084038859396,20.986010104426082,
1,546,2024-03-01T00:00:00,,False,,False,0001-01-01T00:00:00,100005300,0,,False,True,,,,filter,69.14313711131156,18.153894060027312,
62,530,2016-04-01T00:00:00,,False,,False,0001-01-01T00:00:00,10134,0,,False,True,,,,filter,69.14658873781885,18.156214652006064,
0,550,2020-10-01T00:00:00,,False,,False,0001-01-01T00:00:00,100002459,1,,True,False,,,,filter,69.1489856932021,18.149792502579235,
9,630,2021-02-01T00:00:00,,False,,False,0001-01-01T00:00:00,100002599,0,,False,True,,,,filter,69.15010750777299,18.159829976303726,
41,337,2023-09-01T00:00:00,,False,,False,0001-01-01T00:00:00,100004800,0,,False,True,,,,filter,69.14569760911502,18.152016326193607,
0,546,2025-12-01T00:00:00,,False,,False,0001-01-01T00:00:00,100006855,57,,True,False,,,,filter,69.14650794117037,18.144896756039408,
0,537,,,False,,False,0001-01-01T00:00:00,100004226,0,,False,False,,,,filter,69.14457966908296,18.149216023866895,
0,600,2020-01-01T00:00:00,,False,,False,0001-01-01T00:00:00,100001984,12,,True,False,,,,filter,69.25486110630908,19.87693627369864,
1,600,2020-01-01T00:00:00,,False,,False,0001-01-01T00:00:00,100001983,0,,False,True,,,,filter,69.2537556890044,19.892507092951423,
4,600,2025-03-01T00:00:00,,False,,False,0001-01-01T00:00:00,100006292,0,,False,True,,,,filter,69.25158797110795,19.87239907814483,
17,800,2016-01-01T00:00:00,,False,,False,0001-01-01T00:00:00,10022,0,,False,True,,,,filter,68.58811677762857,16.572619456968795,
16,300,2018-09-01T00:00:00,,False,,False,0001-01-01T00:00:00,100001199,0,,False,True,,,,filter,68.58617732101445,16.570757813148013,
0,850,2024-03-01T00:00:00,,False,,False,0001-01-01T00:00:00,100005311,80,,True,False,,,,filter,68.58447068478246,16.565583881687942,
51,830,2022-12-01T00:00:00,,False,,False,0001-01-01T00:00:00,100004095,0,,False,True,,,,filter,68.58795140517292,16.58056332804435,
0,900,2023-12-01T00:00:00,,False,,False,0001-01-01T00:00:00,100005066,102,,True,False,,,,filter,68.5810022765248,16.570848270330206,
3,800,2018-05-01T00:00:00,,False,,False,0001-01-01T00:00:00,100000989,0,,False,True,,,,filter,68.58350898178293,16.578733986082884,
3,650,2023-01-01T00:00:00,,False,,False,0001-01-01T00:00:00,100004100,0,,False,True,,,,filter,68.58643118234907,16.574106952730865,
10,900,2025-04-01T00:00:00,,False,,False,0001-01-01T00:00:00,100006329,0,,False,True,,,,filter,69.6481251645155,18.95081164295829,
84,900,2017-02-01T00:00:00,,False,,False,0001-01-01T00:00:00,100000325,0,,False,True,,,,filter,69.64928218968176,18.96176605841203,
31,800,2022-03-21T00:00:00,,False,,False,0001-01-01T00:00:00,100003440,0,,False,True,,,,filter,69.65077169672767,18.95268678544542,
24,1050,2013-07-01T00:00:00,,False,,False,0001-01-01T00:00:00,9886,0,,False,True,,,,filter,69.65346239439718,18.952601856065417,
3,950,2022-09-01T00:00:00,,False,,False,0001-01-01T00:00:00,100003775,0,,False,True,,,,filter,69.68339990078869,19.05572494020934,
4,930,2014-11-01T00:00:00,,False,,False,0001-01-01T00:00:00,9916,0,,False,True,,,,filter,69.64878429620741,18.968934659646198,
21,920,2024-12-01T00:00:00,,False,,False,0001-01-01T00:00:00,100005978,0,,False,True,,,,filter,69.66604968316987,18.967278941355556,
46,800,2024-05-27T00:00:00,,False,,False,0001-01-01T00:00:00,100005546,0,,False,True,,,,filter,69.68462089678789,19.065190482709635,
3,1000,2010-07-01T00:00:00,,False,,False,0001-01-01T00:00:00,9902,0,,False,True,,,,filter,69.65186630677468,18.966534196059804,
5,900,2024-12-01T00:00:00,,False,,False,0001-01-01T00:00:00,100005970,0,,False,True,,,,filter,69.66903382428404,18.971785937668958,
32,1100,2025-08-01T00:00:00,,False,,False,0001-01-01T00:00:00,100006544,0,,False,True,,,,filter,69.64260591120745,18.972882773909298,
120,1130,2021-11-03T00:00:00,,False,,False,0001-01-01T00:00:00,100003170,0,,False,True,,,,filter,69.64571100801635,18.975529114872355,
77,1250,2017-08-01T00:00:00,,False,,False,0001-01-01T00:00:00,100000596,0,,False,True,,,,filter,69.6516990758395,18.95394083019166,
0,950,2024-08-01T00:00:00,,False,,False,0001-01-01T00:00:00,100005647,0,,False,True,,,,filter,69.66351169513099,18.96573188953677,
4,500,2023-09-01T00:00:00,,False,,False,0001-01-01T00:00:00,100004774,0,,False,True,,,,filter,69.68453993921682,18.95894599047447,
63,1000,2009-07-01T00:00:00,,False,,False,0001-01-01T00:00:00,9908,0,,False,True,,,,filter,69.69712211617622,19.006231648806637,
13,1000,2006-01-01T00:00:00,,False,,False,0001-01-01T00:00:00,9868,0,,False,True,,,,filter,69.64748185487512,18.965497916166576,
0,850,2019-11-01T00:00:00,,False,,False,0001-01-01T00:00:00,100001919,0,,False,True,,,,filter,69.65332812601307,18.961460571919698,
42,850,2023-09-01T00:00:00,,False,,False,0001-01-01T00:00:00,100004776,0,,False,True,,,,filter,69.69063790632894,18.85289736704011,
3,500,2023-09-01T00:00:00,,False,,False,0001-01-01T00:00:00,100004885,0,,False,True,,,,filter,69.68241185175019,18.96180018053431,
19,520,2002-09-01T00:00:00,,False,,False,0001-01-01T00:00:00,9879,0,,False,True,,,,filter,69.63631827538102,18.938468031529617,
0,1100,2022-05-01T00:00:00,,False,,False,0001-01-01T00:00:00,100003536,3,,True,False,,,,filter,69.69391479950944,19.00569308984476,
3,900,2024-01-01T00:00:00,,False,,False,0001-01-01T00:00:00,100005173,0,,False,True,,,,filter,69.66189128637389,18.97458723938913,
15,1000,2024-06-01T00:00:00,,False,,False,0001-01-01T00:00:00,100005481,0,,False,True,,,,filter,69.67688857302176,18.93318399004481,
24,1000,2001-06-01T00:00:00,,False,,False,0001-01-01T00:00:00,9876,0,,False,True,,,,filter,69.69560325294064,18.992730074585552,
29,1100,2018-09-01T00:00:00,,False,,False,0001-01-01T00:00:00,100001264,0,,False,True,,,,filter,69.63702437715412,18.935023732298077,
11,850,1993-01-01T00:00:00,,False,,False,0001-01-01T00:00:00,9856,0,,False,True,,,,filter,69.64990895394028,18.969422931082114,
3,800,2025-07-01T00:00:00,,False,,False,0001-01-01T00:00:00,100006536,0,,False,True,,,,filter,69.66431386251112,18.965793393698792,
73,1000,1993-01-01T00:00:00,,False,,False,0001-01-01T00:00:00,9865,0,,False,True,,,,filter,69.64863396182814,18.962211549855855,
7,1400,2006-04-01T00:00:00,,False,,False,0001-01-01T00:00:00,9901,0,,False,True,,,,filter,69.64218298252716,18.98399096815074,
0,800,2024-12-01T00:00:00,,False,,False,0001-01-01T00:00:00,100005974,3,,True,False,,,,filter,69.66300794825122,18.96582789647107,
92,800,2022-01-01T00:00:00,,False,,False,0001-01-01T00:00:00,100003226,0,,False,True,,,,filter,69.67551989366619,18.93587817565729,
0,720,2023-05-01T00:00:00,,False,,False,0001-01-01T00:00:00,100004479,0,,False,True,,,,filter,69.64838501548549,18.96503921122145,
0,500,2021-05-01T00:00:00,,False,,False,0001-01-01T00:00:00,100002785,6,,True,False,,,,filter,69.68270473858995,18.97821485486703,
74,1050,2023-09-01T00:00:00,,False,,False,0001-01-01T00:00:00,100004814,0,,False,True,,,,filter,69.67297464542932,18.918766103010164,
8,950,2019-08-01T00:00:00,,False,,False,0001-01-01T00:00:00,100001688,0,,False,True,,,,filter,69.65132829320304,18.960726040851156,
3,850,2017-07-01T00:00:00,,False,,False,0001-01-01T00:00:00,100000537,0,,False,True,,,,filter,69.66570090246118,18.97095672200977,
0,1000,1993-01-01T00:00:00,,False,,False,0001-01-01T00:00:00,9824,23,,True,False,,,,filter,69.66237841114761,18.966034936306425,
1,1050,2009-08-01T00:00:00,,False,,False,0001-01-01T00:00:00,9915,0,,False,True,,,,filter,69.65515754796633,18.954949477854342,
33,1000,2015-07-01T00:00:00,,False,,False,0001-01-01T00:00:00,9890,0,,False,True,,,,filter,69.64935871929909,18.958639446533784,
2,1170,2010-07-01T00:00:00,,False,,False,0001-01-01T00:00:00,9914,0,,False,True,,,,filter,69.63702292727733,18.946326521855646,
7,850,2016-08-01T00:00:00,,False,,False,0001-01-01T00:00:00,100000075,0,,False,True,,,,filter,69.6530819594568,18.970520506727556,
0,970,2018-09-01T00:00:00,,False,,False,0001-01-01T00:00:00,100001265,35,,True,False,,,,filter,69.64244722701586,18.988782278417922,
83,700,2015-08-01T00:00:00,,False,,False,0001-01-01T00:00:00,9917,0,,False,True,,,,filter,69.6922757685907,18.853255043331725,
0,1000,2003-10-01T00:00:00,,False,,False,0001-01-01T00:00:00,9878,11,,True,False,,,,filter,69.66327246092234,18.978637123731996,
65,1000,2012-03-01T00:00:00,,False,,False,0001-01-01T00:00:00,9919,0,,False,True,,,,filter,69.65433265353872,18.953158300633522,
0,1150,2023-05-01T00:00:00,,False,,False,0001-01-01T00:00:00,100004489,34,,True,False,,,,filter,69.64893064735514,18.951457448152752,
8,1100,2014-01-01T00:00:00,,False,,False,0001-01-01T00:00:00,9918,0,,False,True,,,,filter,69.65524659628778,18.95583847277289,
4,850,2024-05-01T00:00:00,,False,,False,0001-01-01T00:00:00,100005455,0,,False,True,,,,filter,69.67831553547776,19.064589771671777,
45,1000,2016-01-01T00:00:00,,False,,False,0001-01-01T00:00:00,9933,0,,False,True,,,,filter,69.69359450975233,18.865555814235165,
28,700,2022-07-01T00:00:00,,False,,False,0001-01-01T00:00:00,100003606,0,,False,True,,,,filter,69.65358744813743,18.953150558150394,
52,1000,2012-12-01T00:00:00,,False,,False,0001-01-01T00:00:00,9928,0,,False,True,,,,filter,69.67228740952655,18.91932438180218,
22,1070,2019-03-01T00:00:00,,False,,False,0001-01-01T00:00:00,100001483,0,,False,True,,,,filter,69.67137521302945,18.922121187653072,
67,1000,2017-04-01T00:00:00,,False,,False,0001-01-01T00:00:00,100000408,0,,False,True,,,,filter,69.64857856699594,18.959074047229763,
0,950,2009-09-01T00:00:00,,False,,False,0001-01-01T00:00:00,9906,0,,False,True,,,,filter,69.69102092811502,18.855529556641553,
4,1000,1993-01-01T00:00:00,,False,,False,0001-01-01T00:00:00,9855,0,,False,True,,,,filter,69.65042910513259,18.94722668879886,
97,850,2008-11-01T00:00:00,,False,,False,0001-01-01T00:00:00,9907,0,,False,True,,,,filter,69.68439092678359,19.077575081151608,
0,650,2018-03-01T00:00:00,,False,,False,0001-01-01T00:00:00,100000846,0,,False,True,,,,filter,69.69612889777831,19.00202292470877,
3,800,2024-12-01T00:00:00,,False,,False,0001-01-01T00:00:00,100005975,0,,False,True,,,,filter,69.66649885922808,18.96169582214334,
86,1200,2002-03-01T00:00:00,,False,,False,0001-01-01T00:00:00,9881,0,,False,True,,,,filter,69.64052418412892,18.968682087346505,
53,900,1993-01-01T00:00:00,,False,,False,0001-01-01T00:00:00,9864,0,,False,True,,,,filter,69.64477699016682,18.987161834763583,
0,750,2017-02-01T00:00:00,,False,,False,0001-01-01T00:00:00,100000353,0,,False,True,,,,filter,69.69748648637577,19.005718675864507,
24,1000,2024-12-01T00:00:00,,False,,False,0001-01-01T00:00:00,100005986,0,,False,True,,,,filter,69.6940276831832,18.869319311402805,
0,920,2024-12-01T00:00:00,,False,,False,0001-01-01T00:00:00,100005971,7,,True,False,,,,filter,69.6651593072998,18.963674753798234,
2,900,2024-07-01T00:00:00,,False,,False,0001-01-01T00:00:00,100005580,0,,False,True,,,,filter,69.66747876341424,18.958629049760248,
4,500,2020-08-01T00:00:00,,False,,False,0001-01-01T00:00:00,100002303,0,,False,True,,,,filter,69.68123900467018,18.966317234177584,
3,500,2023-10-01T00:00:00,,False,,False,0001-01-01T00:00:00,100004883,0,,False,True,,,,filter,69.68136506165217,18.960519850498883,
12,1100,2006-11-01T00:00:00,,False,,False,0001-01-01T00:00:00,9898,0,,False,True,,,,filter,69.63655918338843,18.935760782654725,
51,750,2018-10-01T00:00:00,,False,,False,0001-01-01T00:00:00,100001285,0,,False,True,,,,filter,69.63423831969365,18.928760738081277,
24,1100,2007-07-01T00:00:00,,False,,False,0001-01-01T00:00:00,9896,0,,False,True,,,,filter,69.64900404895981,18.950995612593626,
1,850,2024-08-01T00:00:00,,False,,False,0001-01-01T00:00:00,100005584,0,,False,True,,,,filter,69.68080958843628,19.07164276801086,
11,1100,1993-01-01T00:00:00,,False,,False,0001-01-01T00:00:00,9857,0,,False,True,,,,filter,69.67533383445603,18.931014973212477,
1,1000,2024-04-01T00:00:00,,False,,False,0001-01-01T00:00:00,100005369,0,,False,True,,,,filter,69.64782518308024,18.9515490752353,
10,780,2021-01-01T00:00:00,,False,,False,0001-01-01T00:00:00,100002550,0,,False,True,,,,filter,69.65477203800059,18.95773110848479,
109,1000,2014-04-01T00:00:00,,False,,False,0001-01-01T00:00:00,9925,0,,False,True,,,,filter,69.67457263046278,18.921903438425982,
0,1000,2017-03-01T00:00:00,,False,,False,0001-01-01T00:00:00,100000357,7,,True,False,,,,filter,69.64656286025937,18.960346044499417,
1,1150,2010-12-01T00:00:00,,False,,False,0001-01-01T00:00:00,9921,0,,False,True,,,,filter,69.65018050958567,18.96720449369545,
20,700,2023-01-01T00:00:00,,False,,False,0001-01-01T00:00:00,100004181,0,,False,True,,,,filter,69.67984230747237,19.07186666058962,
39,1000,2023-04-01T00:00:00,,False,,False,0001-01-01T00:00:00,100004463,0,,False,True,,,,filter,69.67062896034221,18.933201644851476,
2,850,2014-03-01T00:00:00,,False,,False,0001-01-01T00:00:00,9930,0,,False,True,,,,filter,69.65473804598385,18.965594699169337,
1,1280,2012-10-01T00:00:00,,False,,False,0001-01-01T00:00:00,9927,0,,False,True,,,,filter,69.65157019433127,18.959607734364006,
0,1100,2012-03-01T00:00:00,,False,,False,0001-01-01T00:00:00,9911,8,,True,False,,,,filter,69.69556524619729,18.989610834976215,
47,1000,2011-06-01T00:00:00,,False,,False,0001-01-01T00:00:00,9904,0,,False,True,,,,filter,69.63199839551675,18.926252099406394,
5,1100,2004-02-01T00:00:00,,False,,False,0001-01-01T00:00:00,9894,0,,False,True,,,,filter,69.65262673257895,18.953608319623996,
0,950,2022-09-01T00:00:00,,False,,False,0001-01-01T00:00:00,100003725,2,,True,False,,,,filter,69.69148727584644,18.869349197542814,
3,1200,2014-09-01T00:00:00,,False,,False,0001-01-01T00:00:00,9891,0,,False,True,,,,filter,69.67231658556346,18.93796049446307,
49,1000,2009-07-01T00:00:00,,False,,False,0001-01-01T00:00:00,9913,0,,False,True,,,,filter,69.65217126743923,18.95922089251909,
22,1100,2020-01-01T00:00:00,,False,,False,0001-01-01T00:00:00,100001951,0,,False,True,,,,filter,69.656566077128,18.96822173753607,
5,950,1993-01-01T00:00:00,,False,,False,0001-01-01T00:00:00,9861,0,,False,True,,,,filter,69.69289663125498,18.851339922408698,
3,700,2024-09-01T00:00:00,,False,,False,0001-01-01T00:00:00,100005790,0,,False,True,,,,filter,69.69504804691037,19.0134162587503,
0,1150,2024-01-01T00:00:00,,False,,False,0001-01-01T00:00:00,100005118,22,,True,False,,,,filter,63.96611534114515,10.215308206998797,
19,1000,2024-02-01T00:00:00,,False,,False,0001-01-01T00:00:00,100005195,0,,False,True,,,,filter,63.967979654618,10.223345809403341,
0,1100,2024-01-01T00:00:00,,False,,False,0001-01-01T00:00:00,100005120,46,,True,False,,,,filter,63.967026449328124,10.22109827970376,
49,900,2011-09-01T00:00:00,,False,,False,0001-01-01T00:00:00,8432,0,,False,True,,,,filter,63.96523811665097,10.22490872995144,
0,1200,2005-07-01T00:00:00,,False,,False,0001-01-01T00:00:00,8904,304,,True,False,,,,filter,63.41872693417274,10.398803730832547,
16,600,2024-04-01T00:00:00,,False,,False,0001-01-01T00:00:00,100005392,0,,False,True,,,,filter,63.585802686535054,10.739821266167912,
33,950,2017-09-01T00:00:00,,False,,False,0001-01-01T00:00:00,100000579,0,,False,True,,,,filter,63.588083439136064,10.747769614793604,
0,600,2024-04-01T00:00:00,,False,,False,0001-01-01T00:00:00,100005393,63,,True,False,,,,filter,63.59038989645745,10.739747011081196,
96,795,2012-01-01T00:00:00,,False,,False,0001-01-01T00:00:00,8727,0,,False,True,,,,filter,63.58620884032232,10.747240313842756,
9,450,2023-09-01T00:00:00,,False,,False,0001-01-01T00:00:00,100004849,0,,False,True,,,,filter,63.72785231895751,8.826527152867252,
192,1000,2010-08-01T00:00:00,,False,,True,0001-01-01T00:00:00,8362,0,,False,True,,,,filter,63.73230288234337,8.833692456628372,
162,800,2018-10-01T00:00:00,,False,,True,0001-01-01T00:00:00,100001256,0,,False,True,,,,filter,63.72506881949338,8.828665509723479,
183,700,2015-07-01T00:00:00,,False,,True,0001-01-01T00:00:00,8364,0,,False,True,,,,filter,63.7284493565062,8.824022510088367,
39,800,2024-01-01T00:00:00,,False,,False,0001-01-01T00:00:00,100005075,0,,False,True,,,,filter,63.731359330729894,8.821599854352705,
0,600,2026-01-01T00:00:00,,False,,False,0001-01-01T00:00:00,100006822,399,,True,False,,,,filter,63.72897947399983,8.835624645696933,
19,400,2023-09-01T00:00:00,,False,,True,0001-01-01T00:00:00,100004810,0,,False,True,,,,filter,63.73043227847427,8.831890563551855,
19,450,2023-10-01T00:00:00,,False,,True,0001-01-01T00:00:00,100004928,0,,False,True,,,,filter,63.72708333325197,8.835802834606929,
0,800,2018-10-01T00:00:00,,False,,True,0001-01-01T00:00:00,100001258,16,,True,False,,,,filter,63.730520207240346,8.836585836043817,
6,750,2016-10-01T00:00:00,,False,,False,0001-01-01T00:00:00,100000167,0,,False,True,,,,filter,64.46132032994302,12.303914889544208,
0,500,2024-10-01T00:00:00,,False,,False,0001-01-01T00:00:00,100005862,30,,True,False,,,,filter,64.46438506239599,12.311909733009141,
38,750,2024-10-01T00:00:00,,False,,False,0001-01-01T00:00:00,100005863,0,,False,True,,,,filter,64.4613407426889,12.313457600813836,
0,800,2025-11-01T00:00:00,,False,,False,0001-01-01T00:00:00,100006743,258,,True,False,,,,filter,63.12249431003608,8.314382896423531,
79,650,2024-03-01T00:00:00,,False,,False,0001-01-01T00:00:00,100005277,0,,False,True,,,,filter,63.29187375337156,9.064069130767018,
0,800,2025-01-20T00:00:00,,False,,False,0001-01-01T00:00:00,100006184,24,,True,False,,,,filter,63.11915616753171,8.308150571504758,
22,850,2001-05-01T00:00:00,,False,,True,0001-01-01T00:00:00,8312,0,,False,True,,,,filter,63.29282994343506,9.06599297080115,
57,700,2007-09-01T00:00:00,,False,,True,0001-01-01T00:00:00,8316,0,,False,True,,,,filter,63.285893064180286,9.066007851705415,
175,850,2013-06-01T00:00:00,,False,,True,0001-01-01T00:00:00,8318,0,,False,True,,,,filter,63.28791942306114,9.069981010235622,
0,1000,2025-10-01T00:00:00,,False,,False,0001-01-01T00:00:00,100006744,335,,True,False,,,,filter,63.29096847649986,9.05937189472511,
0,1000,,,False,,False,0001-01-01T00:00:00,100004366,239,,True,False,,,,filter,63.289084083554684,9.06055780286166,
56,1200,2013-12-01T00:00:00,,False,,False,0001-01-01T00:00:00,8342,0,,False,True,,,,filter,63.601949013526664,8.982123921020312,
0,900,2025-07-01T00:00:00,,False,,False,0001-01-01T00:00:00,100006525,5,,True,False,,,,filter,63.604145978309674,8.987709670576809,
174,700,2017-09-01T00:00:00,,False,,False,0001-01-01T00:00:00,100000542,0,,False,True,,,,filter,63.60368968542893,8.977653674244984,
40,1229,2011-01-01T00:00:00,,False,,False,0001-01-01T00:00:00,8341,0,,False,True,,,,filter,63.600472112563565,8.982735652225436,
0,500,,,False,,False,0001-01-01T00:00:00,100006673,41,,True,False,,,,filter,63.60129996802086,8.986370284246949,
0,800,,,False,,False,0001-01-01T00:00:00,100006862,35,,True,False,,,,filter,63.60089236119996,8.974379820128819,
0,700,2024-01-01T00:00:00,,False,,False,0001-01-01T00:00:00,100005109,95,,True,False,,,,filter,62.843612311089146,11.29341827398089,
0,700,2020-09-01T00:00:00,,False,,False,0001-01-01T00:00:00,100002370,125,,True,False,,,,filter,62.84506304570191,11.305618337186795,
0,700,2024-01-01T00:00:00,,False,,False,0001-01-01T00:00:00,100005108,125,,True,False,,,,filter,62.846018332113246,11.293262753318805,
5,600,2021-02-01T00:00:00,,False,,True,0001-01-01T00:00:00,100002597,0,,False,True,,,,filter,64.63063846925445,12.297847790876157,
13,859,2022-04-01T00:00:00,,False,,True,0001-01-01T00:00:00,100003512,0,,False,True,,,,filter,64.62970231371106,12.307583796746169,
0,620,2021-08-16T00:00:00,,False,,False,0001-01-01T00:00:00,100002985,0,,False,True,,,,filter,63.873212898787244,11.291483645922037,
189,575,2013-03-01T00:00:00,,False,,False,0001-01-01T00:00:00,8978,0,,False,True,,,,filter,63.87805578380638,11.296648916788222,
56,480,2019-03-01T00:00:00,,False,,False,0001-01-01T00:00:00,100001476,0,,False,True,,,,filter,63.87576196528066,11.294997831954651,
70,400,2020-05-01T00:00:00,,False,,False,0001-01-01T00:00:00,100002206,0,,False,True,,,,filter,63.87750226189964,11.295732459795193,
10,800,2024-09-01T00:00:00,,False,,False,0001-01-01T00:00:00,100005787,0,,False,True,,,,filter,63.877987741677885,11.290684669743454,
89,880,2002-03-01T00:00:00,,False,,False,0001-01-01T00:00:00,8974,0,,False,True,,,,filter,63.87587699434862,11.280108133804402,
0,830,2018-09-01T00:00:00,,False,,False,0001-01-01T00:00:00,100001131,19,,True,False,,,,filter,63.87304994148652,11.294113714714099,
62,880,2008-09-01T00:00:00,,False,,False,0001-01-01T00:00:00,8976,0,,False,True,,,,filter,63.873196998115226,11.292176940078448,
31,640,2023-03-01T00:00:00,,False,,False,0001-01-01T00:00:00,100004383,0,,False,True,,,,filter,63.87332061003852,11.294798675709297,
20,1200,2001-05-01T00:00:00,,False,,False,0001-01-01T00:00:00,8730,0,,False,True,,,,filter,63.590307559236535,9.958790777510323,
0,1000,2022-08-15T00:00:00,,False,,False,0001-01-01T00:00:00,100003920,79,,True,False,,,,filter,63.58666510399134,9.955351954646307,
0,1120,2025-01-01T00:00:00,,False,,False,0001-01-01T00:00:00,100006149,87,,True,False,,,,filter,63.58937443247436,9.961285543866808,
209,600,2019-03-01T00:00:00,,False,,False,0001-01-01T00:00:00,100001481,0,,False,True,,,,filter,63.58599170806225,9.96672951593965,
0,1000,2025-09-01T00:00:00,,False,,False,0001-01-01T00:00:00,100006577,58,,True,False,,,,filter,63.58910609408379,9.958984226956467,
4,1100,2024-04-01T00:00:00,,False,,False,0001-01-01T00:00:00,100005454,0,,False,True,,,,filter,63.588082122021135,9.957248174413884,
180,1000,2023-01-01T00:00:00,,False,,False,0001-01-01T00:00:00,100004228,0,,False,True,,,,filter,63.59110933199903,9.958791048492388,
2,1100,2001-05-01T00:00:00,,False,,False,0001-01-01T00:00:00,8388,0,,False,True,,,,filter,63.58421189549577,9.96204748363113,
26,350,2001-05-01T00:00:00,,False,,False,0001-01-01T00:00:00,8390,0,,False,True,,,,filter,63.58312428100917,9.961105925984075,
0,850,,,False,,False,0001-01-01T00:00:00,100005351,393,,True,False,,,,filter,63.58680197767055,9.954973670691654,
0,1000,,,False,,False,0001-01-01T00:00:00,100005453,411,,True,False,,,,filter,63.58852972048239,9.964288549111009,
0,705,2017-09-01T00:00:00,,False,,False,0001-01-01T00:00:00,100000676,216,,True,False,,,,filter,65.08735549246796,11.7079643947531,
9,1160,2023-01-01T00:00:00,,False,,False,0001-01-01T00:00:00,100004191,0,,False,True,,,,filter,63.74216323570299,11.296748856464205,
60,850,2023-01-01T00:00:00,,False,,False,0001-01-01T00:00:00,100004190,0,,False,True,,,,filter,63.73651648113581,11.280288656518369,
58,1000,2001-05-01T00:00:00,,False,,False,0001-01-01T00:00:00,8755,0,,False,True,,,,filter,63.735384698935775,11.276262329437554,
116,1000,2002-10-01T00:00:00,,False,,False,0001-01-01T00:00:00,8740,0,,False,True,,,,filter,63.74907358413473,11.313771087130792,
112,800,2005-02-01T00:00:00,,False,,False,0001-01-01T00:00:00,8763,0,,False,True,,,,filter,63.7533677377486,11.3095446711837,
57,1200,2004-02-01T00:00:00,,False,,False,0001-01-01T00:00:00,8759,0,,False,True,,,,filter,63.738980571318955,11.285602223805892,
0,625,2024-12-01T00:00:00,,False,,False,0001-01-01T00:00:00,100005984,5,,True,False,,,,filter,63.61014603630546,11.054283431723169,
12,800,2025-04-01T00:00:00,,False,,False,0001-01-01T00:00:00,100006353,0,,False,True,,,,filter,63.61228872511876,11.052572500196957,
9,1225,2014-10-01T00:00:00,,False,,False,0001-01-01T00:00:00,8775,0,,False,True,,,,filter,63.740481129702985,11.28252031526307,
60,800,2018-01-01T00:00:00,,False,,False,0001-01-01T00:00:00,100000797,0,,False,True,,,,filter,63.73558174901099,11.2708250765451,
0,1200,2004-02-01T00:00:00,,False,,False,0001-01-01T00:00:00,8761,1,,True,False,,,,filter,63.61317067285871,11.044329999583306,
121,650,2021-06-01T00:00:00,,False,,False,0001-01-01T00:00:00,100002844,0,,False,True,,,,filter,63.752005769897174,11.312305185180794,
68,800,2020-09-01T00:00:00,,False,,False,0001-01-01T00:00:00,100002369,0,,False,True,,,,filter,63.7533396381032,11.302204113459386,
108,1000,2013-06-01T00:00:00,,False,,False,0001-01-01T00:00:00,8769,0,,False,True,,,,filter,63.756027488140006,11.309569342116403,
157,1000,2013-06-01T00:00:00,,False,,False,0001-01-01T00:00:00,8771,0,,False,True,,,,filter,63.754541117493105,11.307453826524535,
30,725,2014-04-01T00:00:00,,False,,False,0001-01-01T00:00:00,8773,0,,False,True,,,,filter,63.7316439771326,11.283121516669539,
41,710,2023-04-18T00:00:00,,False,,False,0001-01-01T00:00:00,100004473,0,,False,True,,,,filter,63.75200269903358,11.317505837308802,
23,1200,2006-09-01T00:00:00,,False,,False,0001-01-01T00:00:00,8768,0,,False,True,,,,filter,63.75099592578184,11.302533832490202,
20,750,2024-02-01T00:00:00,,False,,False,0001-01-01T00:00:00,100005215,0,,False,True,,,,filter,63.74608554507505,11.2940927725661,
44,750,2012-10-01T00:00:00,,False,,False,0001-01-01T00:00:00,8772,0,,False,True,,,,filter,63.75487771325915,11.304067245186513,
47,800,2011-01-01T00:00:00,,False,,False,0001-01-01T00:00:00,8770,0,,False,True,,,,filter,63.75024504500675,11.311945719848724,
103,1100,2005-09-01T00:00:00,,False,,False,0001-01-01T00:00:00,8765,0,,False,True,,,,filter,63.75157077425457,11.318686935087824,
32,1200,2018-09-01T00:00:00,,False,,False,0001-01-01T00:00:00,100001200,0,,False,True,,,,filter,63.741449803994705,11.285020346316147,
15,650,2025-07-01T00:00:00,,False,,False,0001-01-01T00:00:00,100006524,0,,False,True,,,,filter,64.4586855736974,13.588598764375188,
0,700,,,False,,False,0001-01-01T00:00:00,100006938,141,,True,False,,,,filter,64.4579153006966,13.58963109939312,
29,950,2003-07-01T00:00:00,,False,,False,0001-01-01T00:00:00,8592,0,,False,True,,,,filter,63.40787544636389,10.804581264793022,
47,650,2020-11-01T00:00:00,,False,,False,0001-01-01T00:00:00,100002520,0,,False,True,,,,filter,63.41236295830426,10.800387150811867,
15,840,2018-03-01T00:00:00,,False,,False,0001-01-01T00:00:00,100000893,0,,False,True,,,,filter,63.41153156447747,10.810070865120965,
41,900,2015-10-01T00:00:00,,False,,False,0001-01-01T00:00:00,8601,0,,False,True,,,,filter,63.43957446699238,10.601149183530437,
10,750,2022-09-01T00:00:00,,False,,False,0001-01-01T00:00:00,100003776,0,,False,True,,,,filter,63.4399570571668,10.6194398090263,
40,900,2017-08-01T00:00:00,,False,,False,0001-01-01T00:00:00,100000547,0,,False,True,,,,filter,63.4374104308313,10.616870757280166,
32,850,2007-12-01T00:00:00,,False,,False,0001-01-01T00:00:00,8593,0,,False,True,,,,filter,63.43877377019462,10.612513217041352,
6,875,2020-05-01T00:00:00,,False,,False,0001-01-01T00:00:00,100002204,0,,False,True,,,,filter,63.4406264926509,10.630924557105638,
24,900,2020-08-01T00:00:00,,False,,False,0001-01-01T00:00:00,100002328,0,,False,True,,,,filter,63.415058755708785,10.796768275426087,
24,900,2016-02-01T00:00:00,,False,,False,0001-01-01T00:00:00,8602,0,,False,True,,,,filter,63.43497628844551,10.627421634508364,
55,900,2007-09-01T00:00:00,,False,,False,0001-01-01T00:00:00,8591,0,,False,True,,,,filter,63.43905400452308,10.597277943087903,
21,900,2022-09-01T00:00:00,,False,,False,0001-01-01T00:00:00,100003777,0,,False,True,,,,filter,63.43537048770942,10.609629854730631,
35,900,2012-11-01T00:00:00,,False,,False,0001-01-01T00:00:00,8598,0,,False,True,,,,filter,63.41260230032368,10.809125985405482,
41,800,2024-02-01T00:00:00,,False,,False,0001-01-01T00:00:00,100005219,0,,False,True,,,,filter,63.43706136630648,10.620653042694295,
12,850,2001-05-01T00:00:00,,False,,False,0001-01-01T00:00:00,8579,0,,False,True,,,,filter,63.4116319010038,10.803367099136615,
46,850,2001-05-01T00:00:00,,False,,False,0001-01-01T00:00:00,8588,0,,False,True,,,,filter,63.43906826239951,10.596753565500817,
0,1100,2022-07-01T00:00:00,,False,,False,0001-01-01T00:00:00,100003662,0,,False,True,,,,filter,63.28374545053811,10.279544990987468,
39,650,2025-01-01T00:00:00,,False,,False,0001-01-01T00:00:00,100006059,0,,False,True,,,,filter,63.15196990908265,10.290173886546356,
0,500,2025-01-01T00:00:00,,False,,False,0001-01-01T00:00:00,100006060,24,,True,False,,,,filter,63.15107416869334,10.292616725457052,
0,600,2024-09-01T00:00:00,,False,,False,0001-01-01T00:00:00,100005759,17,,True,False,,,,filter,63.15557768651343,10.285330029741123,
43,1200,2005-10-01T00:00:00,,False,,False,0001-01-01T00:00:00,8553,0,,False,True,,,,filter,63.28104364539933,10.283000847407227,
100,950,2016-08-01T00:00:00,,False,,False,0001-01-01T00:00:00,100000050,0,,False,True,,,,filter,63.15163015838133,10.283210869777607,
0,800,2025-07-01T00:00:00,,False,,False,0001-01-01T00:00:00,100006430,0,,False,True,,,,filter,63.283568878392515,10.28962638820416,
456,1200,2012-10-01T00:00:00,,False,,False,0001-01-01T00:00:00,8556,0,,False,True,,,,filter,63.287302731721006,10.277530382256352,
22,1000,2002-02-01T00:00:00,,False,,False,0001-01-01T00:00:00,8552,0,,False,True,,,,filter,63.155001635330905,10.288855937954024,
69,660,2025-07-01T00:00:00,,False,,False,0001-01-01T00:00:00,100006431,0,,False,True,,,,filter,63.281028114817545,10.284477804619057,
0,720,2023-07-01T00:00:00,,False,,False,0001-01-01T00:00:00,100004652,9,,True,False,,,,filter,63.283508281315626,10.286191017046477,
0,1200,2018-01-01T00:00:00,,False,,False,0001-01-01T00:00:00,100000835,0,,False,True,,,,filter,63.28695338754802,10.28469523477774,
0,1450,2001-05-01T00:00:00,,False,,False,0001-01-01T00:00:00,8547,7,,True,False,,,,filter,63.28141464967219,10.282083398142568,
0,1200,2001-05-01T00:00:00,,False,,False,0001-01-01T00:00:00,8549,0,,False,True,,,,filter,63.281364415693375,10.282704758193175,
2,1100,2022-07-01T00:00:00,,False,,False,0001-01-01T00:00:00,100003661,0,,False,True,,,,filter,63.28062639734571,10.282537109584982,
209,600,2022-07-01T00:00:00,,False,,False,0001-01-01T00:00:00,100003659,0,,False,True,,,,filter,63.2835075879261,10.28622471849003,
35,1000,2022-07-01T00:00:00,,False,,False,0001-01-01T00:00:00,100003660,0,,False,True,,,,filter,63.2865835697922,10.274695296829586,
34,700,2024-03-01T00:00:00,,False,,False,0001-01-01T00:00:00,100005269,0,,False,True,,,,filter,63.15083521447843,10.293870296740685,
4,800,2011-04-01T00:00:00,,False,,False,0001-01-01T00:00:00,8687,0,,False,True,,,,filter,63.4171281292564,11.745437563306002,
0,800,2024-04-01T00:00:00,,False,,False,0001-01-01T00:00:00,100005381,249,,True,False,,,,filter,63.41499640140675,11.745469250409338,
0,800,2024-04-01T00:00:00,,False,,False,0001-01-01T00:00:00,100005378,295,,True,False,,,,filter,63.4129452116719,11.748860571495262,
0,1000,2004-03-01T00:00:00,,False,,False,0001-01-01T00:00:00,8533,9,,True,False,,,,filter,62.96581571742922,10.58212164661525,
12,930,2016-09-01T00:00:00,,False,,False,0001-01-01T00:00:00,100000118,0,,False,True,,,,filter,62.96244869390681,10.583339672127508,
25,600,2024-04-01T00:00:00,,False,,False,0001-01-01T00:00:00,100005394,0,,False,True,,,,filter,62.964858895993046,10.588634883156393,
0,600,2013-12-01T00:00:00,,False,,False,0001-01-01T00:00:00,8539,7,,True,False,,,,filter,62.965717902102504,10.581493230026988,
156,1000,2002-08-01T00:00:00,,False,,False,0001-01-01T00:00:00,8528,0,,False,True,,,,filter,62.96970185539783,10.579337628231643,
0,1010,2001-05-01T00:00:00,,False,,False,0001-01-01T00:00:00,8529,7,,True,False,,,,filter,62.9670507278814,10.579993350153348,
0,1030,2024-04-01T00:00:00,,False,,False,0001-01-01T00:00:00,100005433,78,,True,False,,,,filter,62.969679114024274,10.57976542652007,
88,640,2026-01-01T00:00:00,,False,,False,0001-01-01T00:00:00,100006924,0,,False,True,,,,filter,64.85695118696482,11.605184680876519,
14,800,2021-03-01T00:00:00,,False,,False,0001-01-01T00:00:00,100002711,0,,False,True,,,,filter,64.85970452992488,11.603586464211299,
35,800,2021-09-01T00:00:00,,False,,False,0001-01-01T00:00:00,100003013,0,,False,True,,,,filter,64.86335982873786,11.613733338815113,
35,380,2016-12-01T00:00:00,,False,,False,0001-01-01T00:00:00,100000249,0,,False,True,,,,filter,64.86236157766392,11.59753680551445,
35,400,2025-04-01T00:00:00,,False,,False,0001-01-01T00:00:00,100006364,0,,False,True,,,,filter,64.85746474484172,11.606834755734104,
165,800,2021-04-01T00:00:00,,False,,False,0001-01-01T00:00:00,100002773,0,,False,True,,,,filter,64.85951793850266,11.615862450057923,
101,800,2016-02-01T00:00:00,,False,,False,0001-01-01T00:00:00,8950,0,,False,True,,,,filter,64.85841658367163,11.611562754046345,
58,800,2020-03-01T00:00:00,,False,,False,0001-01-01T00:00:00,100002096,0,,False,True,,,,filter,64.8594578921528,11.613496026093106,
259,800,2024-03-01T00:00:00,,False,,False,0001-01-01T00:00:00,100005289,0,,False,True,,,,filter,64.85943831105679,11.609773062914979,
0,1075,,,False,,False,0001-01-01T00:00:00,100002523,89,,True,False,,,,filter,64.86270457216352,11.614343422541621,
0,375,,,False,,False,0001-01-01T00:00:00,100005898,45,,True,False,,,,filter,64.8595672284551,11.602339830178224,
0,800,,,False,,False,0001-01-01T00:00:00,100006348,355,,True,False,,,,filter,64.86152005182835,11.608599763207907,
0,800,,,False,,False,0001-01-01T00:00:00,100006349,354,,True,False,,,,filter,64.85758459124622,11.602986337069778,
0,400,,,False,,False,0001-01-01T00:00:00,100006795,283,,True,False,,,,filter,64.8621334074791,11.599568228686227,
20,800,2024-01-01T00:00:00,,False,,False,0001-01-01T00:00:00,100005092,0,,False,True,,,,filter,64.85755266925507,11.610313231373299,
0,600,2022-10-01T00:00:00,,False,,False,0001-01-01T00:00:00,100004022,89,,True,False,,,,filter,64.22179492339679,11.216205404618066,
187,1000,2009-02-01T00:00:00,,False,,False,0001-01-01T00:00:00,8898,0,,False,True,,,,filter,64.46727316832484,11.495096514714922,
44,1300,2012-02-01T00:00:00,,False,,False,0001-01-01T00:00:00,8679,0,,False,True,,,,filter,64.47177307822291,11.488490254692307,
16,900,2008-02-01T00:00:00,,False,,False,0001-01-01T00:00:00,8676,0,,False,True,,,,filter,64.4638870492048,11.49877889560711,
71,720,2023-05-01T00:00:00,,False,,False,0001-01-01T00:00:00,100004391,0,,False,True,,,,filter,64.46776830026442,11.48598246956212,
21,800,2022-06-01T00:00:00,,False,,False,0001-01-01T00:00:00,100003594,0,,False,True,,,,filter,64.46896584914265,11.485256150477863,
31,445,2020-04-01T00:00:00,,False,,False,0001-01-01T00:00:00,100002160,0,,False,True,,,,filter,64.4656575785422,11.504984378751175,
0,1310,2005-10-01T00:00:00,,False,,False,0001-01-01T00:00:00,8672,0,,False,True,,,,filter,64.46245418880441,11.54936331543105,
4,1000,2001-05-01T00:00:00,,False,,False,0001-01-01T00:00:00,8664,0,,False,True,,,,filter,64.47158244947735,11.487205900169396,
275,800,2012-02-01T00:00:00,,False,,False,0001-01-01T00:00:00,8680,0,,False,True,,,,filter,64.46737637231024,11.488164069704279,
0,850,2001-05-01T00:00:00,,False,,False,0001-01-01T00:00:00,8668,3,,True,False,,,,filter,64.46501484124056,11.488927653480753,
0,1300,2009-09-01T00:00:00,,False,,False,0001-01-01T00:00:00,8677,13,,True,False,,,,filter,64.45742841638146,11.545545002917923,
39,720,2022-05-01T00:00:00,,False,,False,0001-01-01T00:00:00,100003479,0,,False,True,,,,filter,64.4663473931917,11.496683112198973,
3,1150,2013-08-01T00:00:00,,False,,False,0001-01-01T00:00:00,8681,0,,False,True,,,,filter,64.4601715232211,11.545865412738785,
36,1200,2001-05-01T00:00:00,,False,,False,0001-01-01T00:00:00,8663,0,,False,True,,,,filter,64.46877386913536,11.488545491619622,
0,650,2023-08-01T00:00:00,,False,,False,0001-01-01T00:00:00,100004671,11,,True,False,,,,filter,64.22159745185506,11.2165416176151,
0,1000,2018-06-01T00:00:00,,False,,False,0001-01-01T00:00:00,100001032,0,,False,True,,,,filter,64.46375790258224,11.543718687494962,
20,770,2020-09-01T00:00:00,,False,,False,0001-01-01T00:00:00,100002401,0,,False,True,,,,filter,64.46466793719418,11.50078201262972,
0,1500,2019-09-01T00:00:00,,False,,False,0001-01-01T00:00:00,100001734,959,,True,False,,,,filter,64.96865659379321,13.195928948170176,
37,1001,2015-03-01T00:00:00,,False,,False,0001-01-01T00:00:00,8466,0,,False,True,,,,filter,62.59032794764703,9.682368657473154,
164,800,2014-03-01T00:00:00,,False,,False,0001-01-01T00:00:00,8464,0,,False,True,,,,filter,62.593193650556564,9.687969427145838,
6,700,2024-03-01T00:00:00,,False,,False,0001-01-01T00:00:00,100005232,0,,False,True,,,,filter,62.589965640390474,9.682580731262986,
28,1076,2014-12-01T00:00:00,,False,,False,0001-01-01T00:00:00,8465,0,,False,True,,,,filter,62.591366862861385,9.684756422669844,
3,1082,2020-10-01T00:00:00,,False,,False,0001-01-01T00:00:00,100002433,0,,False,True,,,,filter,62.59028151193958,9.688013654908804,
26,750,2024-01-01T00:00:00,,False,,False,0001-01-01T00:00:00,100005137,0,,False,True,,,,filter,62.59219995799199,9.675584560862905,
84,838,2021-08-01T00:00:00,,False,,False,0001-01-01T00:00:00,100002898,0,,False,True,,,,filter,62.59738881424897,9.687970044867848,
5,850,2001-06-01T00:00:00,,False,,False,0001-01-01T00:00:00,8458,0,,False,True,,,,filter,62.59775228035446,9.686944804833729,
0,500,,,False,,False,0001-01-01T00:00:00,100005633,54,,True,False,,,,filter,62.59501313468778,9.680574164890471,
45,1000,2017-02-01T00:00:00,,False,,False,0001-01-01T00:00:00,100000326,0,,False,True,,,,filter,63.045712166295765,9.727895440728432,
34,1200,2001-05-01T00:00:00,,False,,False,0001-01-01T00:00:00,8492,0,,False,True,,,,filter,63.26893834874399,9.814918014997374,
140,850,2016-01-01T00:00:00,,False,,False,0001-01-01T00:00:00,8325,0,,False,True,,,,filter,63.309320912373494,9.852530415358435,
122,1250,2012-04-01T00:00:00,,False,,False,0001-01-01T00:00:00,8503,0,,False,True,,,,filter,63.30523246079223,9.851352939434022,
164,900,2020-05-01T00:00:00,,False,,False,0001-01-01T00:00:00,100002213,0,,False,True,,,,filter,63.26406089122945,9.817313911318779,
45,1450,2021-03-01T00:00:00,,False,,False,0001-01-01T00:00:00,100002661,0,,False,True,,,,filter,63.30370523423565,9.858771042988579,
17,650,2001-05-01T00:00:00,,False,,True,0001-01-01T00:00:00,8491,0,,False,True,,,,filter,63.26920208875377,9.816203156240393,
0,1000,2004-03-01T00:00:00,,False,,False,0001-01-01T00:00:00,8485,9,,True,False,,,,filter,63.046503358445115,9.722556568033992,
22,1100,2023-03-01T00:00:00,,False,,False,0001-01-01T00:00:00,100004298,0,,False,True,,,,filter,63.5095952591442,9.82856041196661,
121,1150,2021-11-01T00:00:00,,False,,False,0001-01-01T00:00:00,100003125,0,,False,True,,,,filter,63.307794077713154,9.850784966801019,
132,1200,2005-06-01T00:00:00,,False,,False,0001-01-01T00:00:00,8497,0,,False,True,,,,filter,63.266796040169936,9.823914446918058,
30,750,2008-03-01T00:00:00,,False,,True,0001-01-01T00:00:00,8499,0,,False,True,,,,filter,63.26508082625857,9.822395278234811,
51,600,2024-03-01T00:00:00,,False,,False,0001-01-01T00:00:00,100005231,0,,False,True,,,,filter,63.30808079600158,9.85690943698405,
15,900,2016-12-01T00:00:00,,False,,False,0001-01-01T00:00:00,100000259,0,,False,True,,,,filter,63.310220981680665,9.855613464348563,
1,1000,2007-10-01T00:00:00,,False,,False,0001-01-01T00:00:00,8486,0,,False,True,,,,filter,63.042405106008836,9.71391067416952,
6,1000,2017-03-01T00:00:00,,False,,False,0001-01-01T00:00:00,100000378,0,,False,True,,,,filter,63.04019432750013,9.722610721016846,
0,1200,,,False,,False,0001-01-01T00:00:00,100006528,82,,True,False,,,,filter,63.30597123068512,9.853618713178879,
13,700,2023-03-01T00:00:00,,False,,False,0001-01-01T00:00:00,100004279,0,,False,True,,,,filter,63.309254952394944,9.85598038559948,
2,1300,2018-10-01T00:00:00,,False,,False,0001-01-01T00:00:00,100001273,0,,False,True,,,,filter,63.30448379081842,9.849952276497655,
51,850,2024-03-01T00:00:00,,False,,False,0001-01-01T00:00:00,100005320,0,,False,True,,,,filter,63.688101907296385,9.663836827220193,
42,750,2001-05-01T00:00:00,,False,,False,0001-01-01T00:00:00,8412,0,,False,True,,,,filter,63.68625693600487,9.651518017401681,
200,800,2003-05-01T00:00:00,,False,,False,0001-01-01T00:00:00,8376,0,,False,True,,,,filter,63.68600677358447,9.656013575475983,
3,900,2026-02-01T00:00:00,,False,,False,0001-01-01T00:00:00,100006970,0,,False,True,,,,filter,63.68464900182252,9.658444542841934,
67,770,2017-03-01T00:00:00,,False,,False,0001-01-01T00:00:00,100000361,0,,False,True,,,,filter,63.68676335844705,9.663832684684674,
6,650,2025-09-01T00:00:00,,False,,False,0001-01-01T00:00:00,100006538,0,,False,True,,,,filter,63.68474242398449,9.656383614124493,
29,800,2025-02-01T00:00:00,,False,,False,0001-01-01T00:00:00,100006147,0,,False,True,,,,filter,63.68345187573539,9.647448416714,
82,650,2022-05-01T00:00:00,,False,,False,0001-01-01T00:00:00,100003499,0,,False,True,,,,filter,63.68639883341574,9.655507700433533,
109,800,2016-08-01T00:00:00,,False,,False,0001-01-01T00:00:00,100000053,0,,False,True,,,,filter,63.682668554884145,9.650967398007694,
30,800,2022-09-01T00:00:00,,False,,False,0001-01-01T00:00:00,100003849,0,,False,True,,,,filter,63.68814746698202,9.65049587381457,
120,700,2018-08-01T00:00:00,,False,,False,0001-01-01T00:00:00,100001104,0,,False,True,,,,filter,63.68779679637475,9.65781470041085,
20,640,2022-10-01T00:00:00,,False,,False,0001-01-01T00:00:00,100003993,0,,False,True,,,,filter,63.6854845182189,9.663264514537978,
98,650,2020-04-01T00:00:00,,False,,False,0001-01-01T00:00:00,100002171,0,,False,True,,,,filter,63.68469930535892,9.658673915798586,
11,800,2024-10-01T00:00:00,,False,,False,0001-01-01T00:00:00,100005881,0,,False,True,,,,filter,63.68700642792416,9.658312824681001,
0,1500,2001-05-01T00:00:00,,False,,False,0001-01-01T00:00:00,8451,517,,True,False,,,,filter,64.4120136291422,10.205567785288197,
90,1200,2015-03-01T00:00:00,,False,,False,0001-01-01T00:00:00,8897,0,,False,True,,,,filter,63.74322505520917,11.295098187867232,
28,500,2024-09-01T00:00:00,,False,,False,0001-01-01T00:00:00,100005566,0,,False,True,,,,filter,63.74517224353344,11.285017090972806,
35,800,2025-09-01T00:00:00,,False,,False,0001-01-01T00:00:00,100006571,0,,False,True,,,,filter,63.74486209210011,11.288004330460355,
0,360,,,False,,False,0001-01-01T00:00:00,100004660,0,,False,False,,,,filter,63.74912543434786,11.296459665627259,
0,500,2024-11-16T00:00:00,,False,,False,0001-01-01T00:00:00,100005997,0,,False,True,,,,filter,62.83474116739204,10.004455871501568,
40,850,2017-03-01T00:00:00,,False,,False,0001-01-01T00:00:00,100000374,0,,False,True,,,,filter,62.838067698085666,10.00441143493133,
0,400,2023-10-01T00:00:00,,False,,False,0001-01-01T00:00:00,100004895,77,,True,False,,,,filter,62.83741693234629,10.013545911158323,
0,800,2026-02-01T00:00:00,,False,,False,0001-01-01T00:00:00,100006987,204,,True,False,,,,filter,62.835161798681845,10.004459470422761,
18,500,2025-10-01T00:00:00,,False,,False,0001-01-01T00:00:00,100006712,0,,False,True,,,,filter,63.05494335327803,9.225989083164782,
76,550,2018-01-01T00:00:00,,False,,False,0001-01-01T00:00:00,100000724,0,,False,True,,,,filter,63.056191134974966,9.220184381717491,
12,480,2006-05-01T00:00:00,,False,,False,0001-01-01T00:00:00,8017,0,,False,True,,,,filter,63.05495002028101,9.218833308722385,
90,550,2011-08-01T00:00:00,,False,,False,0001-01-01T00:00:00,8019,0,,False,True,,,,filter,63.052167951778515,9.214907231253079,
0,800,2025-03-17T00:00:00,,False,,True,0001-01-01T00:00:00,100006102,43,,True,False,,,,filter,62.57789733157854,11.386099681694821,
0,650,2009-03-01T00:00:00,,False,,True,0001-01-01T00:00:00,8513,47,,True,False,,,,filter,62.5745215118773,11.383912675481362,
54,800,2020-05-01T00:00:00,,False,,True,0001-01-01T00:00:00,100002202,0,,False,True,,,,filter,62.573019068596956,11.376070262471458,
17,800,2015-12-01T00:00:00,,False,,True,0001-01-01T00:00:00,8516,0,,False,True,,,,filter,62.57946579276456,11.382144927597155,
0,700,2026-01-01T00:00:00,,False,,False,0001-01-01T00:00:00,100006799,34,,True,False,,,,filter,62.57950341709701,11.378195388012601,
6,800,2009-03-01T00:00:00,,False,,True,0001-01-01T00:00:00,8514,0,,False,True,,,,filter,62.57599161073716,11.38461412108236,
4,800,2018-03-01T00:00:00,,False,,True,0001-01-01T00:00:00,100000908,0,,False,True,,,,filter,62.57608776947725,11.378166778604674,
15,650,2023-09-01T00:00:00,,False,,True,0001-01-01T00:00:00,100004860,0,,False,True,,,,filter,62.57970971581832,11.375838563469403,
0,550,2023-12-01T00:00:00,,False,,False,0001-01-01T00:00:00,100005043,146,,True,False,,,,filter,64.88664435892169,13.56725172578487,
28,950,2018-03-01T00:00:00,,False,,False,0001-01-01T00:00:00,100000913,0,,False,True,,,,filter,63.218599438999505,11.04451711437567,
35,1000,2010-10-01T00:00:00,,False,,False,0001-01-01T00:00:00,8615,0,,False,True,,,,filter,63.21941544283684,11.039881574991906,
0,500,2016-03-01T00:00:00,,False,,False,0001-01-01T00:00:00,8618,186,,True,False,,,,filter,63.218094009640886,11.038684412980713,
0,1300,2020-09-01T00:00:00,,False,,False,0001-01-01T00:00:00,100002406,19,,True,False,,,,filter,63.22140642539764,11.045078473331209,
206,1100,2019-09-01T00:00:00,,False,,False,0001-01-01T00:00:00,100001843,0,,False,True,,,,filter,63.325597537336826,10.073861325536571,
94,1350,2007-02-01T00:00:00,,False,,False,0001-01-01T00:00:00,8566,0,,False,True,,,,filter,63.31995494802443,10.065955450431185,
0,1200,2001-05-01T00:00:00,,False,,False,0001-01-01T00:00:00,8561,33,,True,False,,,,filter,63.32435670880382,10.066170581322492,
0,1050,2001-05-01T00:00:00,,False,,False,0001-01-01T00:00:00,8562,36,,True,False,,,,filter,63.32368214046183,10.072396742643061,
122,1100,2017-10-01T00:00:00,,False,,False,0001-01-01T00:00:00,100000729,0,,False,True,,,,filter,63.32565829305361,10.064130246114338,
79,1200,2018-11-01T00:00:00,,False,,False,0001-01-01T00:00:00,100001316,0,,False,True,,,,filter,63.32550510006355,10.058749730623761,
0,650,2021-09-01T00:00:00,,False,,True,0001-01-01T00:00:00,100002987,63,,True,False,,,,filter,64.24570084095092,12.362819611439072,
0,800,2025-01-01T00:00:00,,False,,True,0001-01-01T00:00:00,100006069,35,,True,False,,,,filter,64.24329879901674,12.379430917714418,
3,700,2023-11-01T00:00:00,,False,,True,0001-01-01T00:00:00,100004988,0,,False,True,,,,filter,64.24429959151317,12.377465001508277,
0,1000,2010-02-01T00:00:00,,False,,False,0001-01-01T00:00:00,8654,0,,False,True,,,,filter,64.01462622159482,11.488091567806146,
35,1000,2001-05-01T00:00:00,,False,,False,0001-01-01T00:00:00,8645,0,,False,True,,,,filter,64.02745017243747,11.48216172617931,
51,640,2024-12-01T00:00:00,,False,,False,0001-01-01T00:00:00,100005962,0,,False,True,,,,filter,64.01448340919376,11.47524035466189,
87,700,2021-03-01T00:00:00,,False,,False,0001-01-01T00:00:00,100002660,0,,False,True,,,,filter,64.01400883996365,11.480441519671187,
59,700,2017-10-01T00:00:00,,False,,False,0001-01-01T00:00:00,100000689,0,,False,True,,,,filter,64.02149858425352,11.485496394696781,
76,1100,2013-02-01T00:00:00,,False,,False,0001-01-01T00:00:00,8649,0,,False,True,,,,filter,64.00962922843682,11.483886339379948,
155,1200,2018-11-01T00:00:00,,False,,False,0001-01-01T00:00:00,100001312,0,,False,True,,,,filter,64.01235577133149,11.47806120753341,
0,1000,2021-06-01T00:00:00,,False,,False,0001-01-01T00:00:00,100002835,9,,True,False,,,,filter,64.0126965681965,11.506445963556729,
3,1000,2001-05-01T00:00:00,,False,,False,0001-01-01T00:00:00,8636,0,,False,True,,,,filter,64.02248001655138,11.482867826093722,
35,650,2025-09-08T00:00:00,,False,,False,0001-01-01T00:00:00,100006700,0,,False,True,,,,filter,64.01319061500811,11.501168944509931,
4,900,2023-06-01T00:00:00,,False,,False,0001-01-01T00:00:00,100004585,0,,False,True,,,,filter,64.0127814937762,11.478007788763822,
108,600,2022-08-29T00:00:00,,False,,False,0001-01-01T00:00:00,100003744,0,,False,True,,,,filter,64.06652885506793,11.213609192888024,
31,730,2017-12-01T00:00:00,,False,,False,0001-01-01T00:00:00,100000765,0,,False,True,,,,filter,64.01104605050058,11.47745402640872,
0,1500,2012-11-01T00:00:00,,False,,False,0001-01-01T00:00:00,8653,24,,True,False,,,,filter,64.01125151673575,11.502245731404203,
17,650,2025-07-01T00:00:00,,False,,False,0001-01-01T00:00:00,100006307,0,,False,True,,,,filter,64.01330144099404,11.500364836205026,
0,700,2001-05-01T00:00:00,,False,,False,0001-01-01T00:00:00,8638,85,,True,False,,,,filter,64.0220996123676,11.479558072336337,
39,1000,2025-12-01T00:00:00,,False,,False,0001-01-01T00:00:00,100006836,0,,False,True,,,,filter,64.01022263328326,11.487359015160287,
32,670,2014-09-01T00:00:00,,False,,False,0001-01-01T00:00:00,8657,0,,False,True,,,,filter,64.0096288694663,11.48374438730767,
7,600,2022-09-01T00:00:00,,False,,False,0001-01-01T00:00:00,100003869,0,,False,True,,,,filter,64.01268921552447,11.482598078948644,
45,1800,2001-05-01T00:00:00,,False,,False,0001-01-01T00:00:00,8643,0,,False,True,,,,filter,64.00817872916787,11.504963745140703,
50,1000,2023-04-01T00:00:00,,False,,False,0001-01-01T00:00:00,100004411,0,,False,True,,,,filter,64.02094867933232,11.479097673371564,
13,1000,2023-09-01T00:00:00,,False,,False,0001-01-01T00:00:00,100004781,0,,False,True,,,,filter,64.00791578130705,11.501298831036896,
10,1120,2021-11-01T00:00:00,,False,,False,0001-01-01T00:00:00,100003144,0,,False,True,,,,filter,64.01535710352084,11.481416949329626,
174,850,2018-09-01T00:00:00,,False,,False,0001-01-01T00:00:00,100001208,0,,False,True,,,,filter,64.02089041448404,11.48696184853483,
0,800,,,False,,False,0001-01-01T00:00:00,100006216,66,,True,False,,,,filter,64.06555215793165,11.207466547437534,
0,1100,,,False,,False,0001-01-01T00:00:00,100006854,150,,True,False,,,,filter,64.0124620610307,11.489611548701328,
0,700,2024-05-01T00:00:00,,False,,False,0001-01-01T00:00:00,100005488,92,,True,False,,,,filter,64.01098957092613,11.497301079165819,
0,1300,2007-10-01T00:00:00,,False,,False,0001-01-01T00:00:00,8650,6,,True,False,,,,filter,64.00542460641397,11.502252207690075,
12,1000,2018-01-01T00:00:00,,False,,False,0001-01-01T00:00:00,100000830,0,,False,True,,,,filter,63.46489744635558,10.926608846041786,
36,950,2024-04-01T00:00:00,,False,,False,0001-01-01T00:00:00,100005242,0,,False,True,,,,filter,63.47188627960012,10.90974704500423,
74,1000,2020-10-01T00:00:00,,False,,False,0001-01-01T00:00:00,100002477,0,,False,True,,,,filter,63.47556094712329,10.906631648638479,
258,1000,2012-01-01T00:00:00,,False,,False,0001-01-01T00:00:00,8719,0,,False,True,,,,filter,63.46814594864252,10.92346933271995,
32,900,2018-10-01T00:00:00,,False,,False,0001-01-01T00:00:00,100001249,0,,False,True,,,,filter,63.46904481825072,10.929132523411578,
54,1000,2023-04-24T00:00:00,,False,,False,0001-01-01T00:00:00,100004529,0,,False,True,,,,filter,63.46781457017237,10.915490572902195,
0,750,2024-04-01T00:00:00,,False,,False,0001-01-01T00:00:00,100005338,24,,True,False,,,,filter,63.46436170213331,11.106238652811506,
54,900,2020-09-01T00:00:00,,False,,False,0001-01-01T00:00:00,100002352,0,,False,True,,,,filter,63.47042119859474,10.929448779637148,
49,1000,2001-05-01T00:00:00,,False,,False,0001-01-01T00:00:00,8691,0,,False,True,,,,filter,63.46978249489732,10.911571869099138,
22,1000,2021-07-26T00:00:00,,False,,False,0001-01-01T00:00:00,100002929,0,,False,True,,,,filter,63.50782736134154,10.835889305735376,
50,1000,2007-11-01T00:00:00,,False,,False,0001-01-01T00:00:00,8716,0,,False,True,,,,filter,63.46978773943867,10.933909320339733,
10,1000,2017-07-01T00:00:00,,False,,False,0001-01-01T00:00:00,100000534,0,,False,True,,,,filter,63.46435223246474,10.91689156516013,
4,1100,2018-06-01T00:00:00,,False,,False,0001-01-01T00:00:00,100001017,0,,False,True,,,,filter,63.47578568887066,10.899031961980814,
0,1000,2023-05-01T00:00:00,,False,,False,0001-01-01T00:00:00,100004530,2,,True,False,,,,filter,63.506550184143684,10.830308410716178,
76,900,2023-09-01T00:00:00,,False,,False,0001-01-01T00:00:00,100004811,0,,False,True,,,,filter,63.47158460769246,10.93443699430209,
0,900,2019-02-01T00:00:00,,False,,False,0001-01-01T00:00:00,100001448,28,,True,False,,,,filter,63.50680321119177,10.823887517029398,
0,1150,2020-03-01T00:00:00,,False,,False,0001-01-01T00:00:00,100002121,17,,True,False,,,,filter,63.46839702007982,10.917975368568896,
45,900,2016-06-01T00:00:00,,False,,False,0001-01-01T00:00:00,8720,0,,False,True,,,,filter,63.46983105477657,10.915291679819639,
90,950,2020-02-01T00:00:00,,False,,False,0001-01-01T00:00:00,100002035,0,,False,True,,,,filter,63.46964816282876,10.932254949007378,
0,900,2001-05-01T00:00:00,,False,,False,0001-01-01T00:00:00,8697,49,,True,False,,,,filter,63.46207355380847,11.12165329894356,
3,1000,2018-06-01T00:00:00,,False,,False,0001-01-01T00:00:00,100001018,0,,False,True,,,,filter,63.46854179980539,10.915618154858235,
0,900,2003-09-01T00:00:00,,False,,False,0001-01-01T00:00:00,8704,27,,True,False,,,,filter,63.47016465794024,10.922815300867972,
5,900,2021-05-01T00:00:00,,False,,False,0001-01-01T00:00:00,100002797,0,,False,True,,,,filter,63.46531123216953,10.910558960509745,
0,700,2025-08-01T00:00:00,,False,,False,0001-01-01T00:00:00,100006381,63,,True,False,,,,filter,63.470909053056545,10.926040882884111,
12,650,2021-09-01T00:00:00,,False,,False,0001-01-01T00:00:00,100002950,0,,False,True,,,,filter,63.473440804389675,10.891763245833296,
0,750,,,False,,False,0001-01-01T00:00:00,100006996,28,,True,False,,,,filter,63.471740487824825,10.924946626405797,
130,900,2012-01-01T00:00:00,,False,,False,0001-01-01T00:00:00,8718,0,,False,True,,,,filter,63.47225745538876,10.895552917180128,
26,900,2001-05-01T00:00:00,,False,,False,0001-01-01T00:00:00,8701,0,,False,True,,,,filter,63.46369643148308,11.119019834536868,
41,1150,2022-02-01T00:00:00,,False,,False,0001-01-01T00:00:00,100003294,0,,False,True,,,,filter,63.43183099081998,10.399340231883205,
135,1300,2009-01-01T00:00:00,,False,,False,0001-01-01T00:00:00,8245,0,,False,True,,,,filter,63.423214602448354,10.441929111368442,
55,950,1993-01-01T00:00:00,,False,,False,0001-01-01T00:00:00,8043,0,,False,True,,,,filter,63.41756914097173,10.349234150486716,
10,1100,2004-05-01T00:00:00,,False,,False,0001-01-01T00:00:00,8191,0,,False,True,,,,filter,63.36119934170894,10.376831319991233,
4,950,2025-05-01T00:00:00,,False,,False,0001-01-01T00:00:00,100006287,0,,False,True,,,,filter,63.43113195213218,10.407039235542811,
62,400,2019-02-01T00:00:00,,False,,True,0001-01-01T00:00:00,100001424,0,,False,True,,,,filter,63.42431071213619,10.3947770064648,
7,1550,2025-10-01T00:00:00,,False,,False,0001-01-01T00:00:00,100006679,0,,False,True,,,,filter,63.43225103864017,10.39865640560815,
15,980,2022-04-01T00:00:00,,False,,False,0001-01-01T00:00:00,100003456,0,,False,True,,,,filter,63.36118569295939,10.378519341887163,
20,1000,2022-04-01T00:00:00,,False,,False,0001-01-01T00:00:00,100003457,0,,False,True,,,,filter,63.4384990389919,10.461253714293507,
10,1300,2019-05-01T00:00:00,,False,,False,0001-01-01T00:00:00,100001589,0,,False,True,,,,filter,63.35215208396708,10.364377980695938,
9,880,2003-08-01T00:00:00,,False,,False,0001-01-01T00:00:00,8209,0,,False,True,,,,filter,63.40582011107419,10.430694569886056,
119,1100,2006-12-01T00:00:00,,False,,False,0001-01-01T00:00:00,8213,0,,False,True,,,,filter,63.408327610093515,10.429410708007742,
14,1090,2017-06-01T00:00:00,,False,,False,0001-01-01T00:00:00,100000504,0,,False,True,,,,filter,63.44726020824136,10.441916835858338,
34,1300,2016-06-15T00:00:00,,False,,False,0001-01-01T00:00:00,100000021,0,,False,True,,,,filter,63.3603089505114,10.376351392147507,
98,1000,2013-08-01T00:00:00,,False,,False,0001-01-01T00:00:00,8289,0,,False,True,,,,filter,63.37655701311844,10.311486099584215,
18,1050,2019-09-01T00:00:00,,False,,False,0001-01-01T00:00:00,100001737,0,,False,True,,,,filter,63.43558464522165,10.360570741464368,
9,1150,2017-12-01T00:00:00,,False,,False,0001-01-01T00:00:00,100000759,0,,False,True,,,,filter,63.36300163820279,10.379679389593596,
157,1000,2018-01-01T00:00:00,,False,,False,0001-01-01T00:00:00,100000750,0,,False,True,,,,filter,63.39144739452775,10.42742683535606,
6,2400,2004-05-01T00:00:00,,False,,False,0001-01-01T00:00:00,8210,0,,False,True,,,,filter,63.4131150020938,10.40444351891793,
11,1380,2021-09-01T00:00:00,,False,,False,0001-01-01T00:00:00,100002948,0,,False,True,,,,filter,63.43270549974353,10.393970519310821,
52,1400,2014-05-01T00:00:00,,False,,False,0001-01-01T00:00:00,8218,0,,False,True,,,,filter,63.421941788068196,10.483264845149764,
23,1200,2017-08-01T00:00:00,,False,,False,0001-01-01T00:00:00,100000601,0,,False,True,,,,filter,63.44202709513941,10.43868457933039,
26,1300,2017-06-01T00:00:00,,False,,False,0001-01-01T00:00:00,100000519,0,,False,True,,,,filter,63.3971628108156,10.376795633093208,
22,1250,2019-09-01T00:00:00,,False,,False,0001-01-01T00:00:00,100001732,0,,False,True,,,,filter,63.42921776005905,10.370719550962622,
0,1010,2004-02-01T00:00:00,,False,,False,0001-01-01T00:00:00,8573,8,,True,False,,,,filter,63.29536792319056,10.479442845759104,
0,1800,2018-07-01T00:00:00,,False,,False,0001-01-01T00:00:00,100001081,71,,True,False,,,,filter,63.43009939761254,10.394976232941818,
2,1500,2010-08-01T00:00:00,,False,,False,0001-01-01T00:00:00,8275,0,,False,True,,,,filter,63.440603442914025,10.43974786720501,
77,1000,2016-04-01T00:00:00,,False,,False,0001-01-01T00:00:00,8307,0,,False,True,,,,filter,63.39629424485281,10.337372117869709,
29,1200,2021-05-01T00:00:00,,False,,False,0001-01-01T00:00:00,100002816,0,,False,True,,,,filter,63.401890712888445,10.43406152685707,
15,500,2022-09-01T00:00:00,,False,,True,0001-01-01T00:00:00,100003815,0,,False,True,,,,filter,63.4266543558617,10.401920762251097,
8,1200,2023-09-01T00:00:00,,False,,False,0001-01-01T00:00:00,100004758,0,,False,True,,,,filter,63.43401654005559,10.404035836844834,
1,1100,2020-06-01T00:00:00,,False,,False,0001-01-01T00:00:00,100002230,0,,False,True,,,,filter,63.431282519306095,10.355041817031472,
44,1200,2018-01-01T00:00:00,,False,,False,0001-01-01T00:00:00,100000778,0,,False,True,,,,filter,63.43420205358307,10.366242541366535,
83,1400,2011-08-01T00:00:00,,False,,False,0001-01-01T00:00:00,8279,0,,False,True,,,,filter,63.3926889120127,10.427147688066237,
159,1050,2011-08-01T00:00:00,,False,,False,0001-01-01T00:00:00,8237,0,,False,True,,,,filter,63.349505824484545,10.356817858042556,
2,1000,2021-10-01T00:00:00,,False,,False,0001-01-01T00:00:00,100003034,0,,False,True,,,,filter,63.43120742919892,10.40533058282615,
0,1600,2004-06-01T00:00:00,,False,,False,0001-01-01T00:00:00,8200,20,,True,False,,,,filter,63.35454001101982,10.370662675071356,
23,1100,2010-10-01T00:00:00,,False,,False,0001-01-01T00:00:00,8253,0,,False,True,,,,filter,63.41844012868362,10.353591705411215,
14,1100,2006-07-01T00:00:00,,False,,False,0001-01-01T00:00:00,8230,0,,False,True,,,,filter,63.35098120916469,10.349741524108138,
52,1100,2017-09-01T00:00:00,,False,,False,0001-01-01T00:00:00,100000622,0,,False,True,,,,filter,63.408916934858176,10.437355048915798,
15,1000,2017-01-01T00:00:00,,False,,False,0001-01-01T00:00:00,100000301,0,,False,True,,,,filter,63.427939400374534,10.391348695585297,
42,1150,2019-03-01T00:00:00,,False,,False,0001-01-01T00:00:00,100001461,0,,False,True,,,,filter,63.43329453825241,10.370494310968699,
57,1100,2008-09-01T00:00:00,,False,,False,0001-01-01T00:00:00,8259,0,,False,True,,,,filter,63.4268016619634,10.396232561678508,
0,1150,1993-01-01T00:00:00,,False,,False,0001-01-01T00:00:00,8162,3,,True,False,,,,filter,63.43074236920369,10.396348622721954,
112,1250,2008-04-01T00:00:00,,False,,False,0001-01-01T00:00:00,8254,0,,False,True,,,,filter,63.4254219478,10.40901768129502,
37,1060,2024-06-01T00:00:00,,False,,False,0001-01-01T00:00:00,100005540,0,,False,True,,,,filter,63.429698485264865,10.389121134686107,
5,1250,2005-07-01T00:00:00,,False,,False,0001-01-01T00:00:00,8204,0,,False,True,,,,filter,63.36733786778414,10.374982688359673,
102,900,2022-02-01T00:00:00,,False,,False,0001-01-01T00:00:00,100003293,0,,False,True,,,,filter,63.442285856947954,10.4536323478623,
5,1200,1993-01-01T00:00:00,,False,,False,0001-01-01T00:00:00,8052,0,,False,True,,,,filter,63.42256918004729,10.436112187570412,
7,1350,2015-12-01T00:00:00,,False,,False,0001-01-01T00:00:00,8301,0,,False,True,,,,filter,63.436627989918236,10.39830945160643,
105,900,2025-01-01T00:00:00,,False,,False,0001-01-01T00:00:00,100006032,0,,False,True,,,,filter,63.39517428821832,10.331647387621565,
3,1200,2014-11-01T00:00:00,,False,,False,0001-01-01T00:00:00,8302,0,,False,True,,,,filter,63.433760814657795,10.394846204423121,
83,850,2017-01-01T00:00:00,,False,,False,0001-01-01T00:00:00,100000294,0,,False,True,,,,filter,63.365602784808644,10.369740867603294,
47,1100,2017-01-01T00:00:00,,False,,False,0001-01-01T00:00:00,100000312,0,,False,True,,,,filter,63.43539526396241,10.39794898753955,
36,1200,2009-08-01T00:00:00,,False,,False,0001-01-01T00:00:00,8265,0,,False,True,,,,filter,63.39389270177079,10.363680801001736,
5,860,2002-10-01T00:00:00,,False,,False,0001-01-01T00:00:00,8175,0,,False,True,,,,filter,63.39498000709861,10.331016423579538,
141,1100,2023-08-01T00:00:00,,False,,False,0001-01-01T00:00:00,100004666,0,,False,True,,,,filter,63.41892901639133,10.533163097943707,
61,1200,2009-02-01T00:00:00,,False,,False,0001-01-01T00:00:00,8240,0,,False,True,,,,filter,63.40969476515599,10.44725736087408,
0,1550,1993-01-01T00:00:00,,False,,False,0001-01-01T00:00:00,8143,167,,True,False,,,,filter,63.431920347405054,10.38973139506827,
32,900,2025-01-01T00:00:00,,False,,False,0001-01-01T00:00:00,100006035,0,,False,True,,,,filter,63.365309567000544,10.377038018562255,
21,1140,2020-09-01T00:00:00,,False,,False,0001-01-01T00:00:00,100002351,0,,False,True,,,,filter,63.4332799302723,10.46738960538325,
71,950,2018-03-01T00:00:00,,False,,False,0001-01-01T00:00:00,100000888,0,,False,True,,,,filter,63.364766586416195,10.368341587805213,
121,1100,2013-01-01T00:00:00,,False,,False,0001-01-01T00:00:00,8287,0,,False,True,,,,filter,63.43289675921739,10.394005133641238,
123,1200,2019-05-01T00:00:00,,False,,False,0001-01-01T00:00:00,100001568,0,,False,True,,,,filter,63.42017001543518,10.478459628006469,
11,1250,2005-09-01T00:00:00,,False,,False,0001-01-01T00:00:00,8236,0,,False,True,,,,filter,63.39636277739442,10.366624185081307,
1,1100,2022-02-01T00:00:00,,False,,False,0001-01-01T00:00:00,100003295,0,,False,True,,,,filter,63.42692079820023,10.396614080884154,
38,850,2017-08-01T00:00:00,,False,,False,0001-01-01T00:00:00,100000578,0,,False,True,,,,filter,63.4245222281097,10.387819432225768,
4,1200,2009-02-01T00:00:00,,False,,False,0001-01-01T00:00:00,8227,0,,False,True,,,,filter,63.40577935541966,10.447349287473264,
243,1000,2015-10-01T00:00:00,,False,,False,0001-01-01T00:00:00,8304,0,,False,True,,,,filter,63.392483625899175,10.422078538662783,
77,1300,1993-01-01T00:00:00,,False,,False,0001-01-01T00:00:00,8065,0,,False,True,,,,filter,63.354312056032015,10.37900525948677,
69,1270,2007-01-01T00:00:00,,False,,False,0001-01-01T00:00:00,8247,0,,False,True,,,,filter,63.42105279253523,10.537647368233728,
206,1150,2012-12-01T00:00:00,,False,,False,0001-01-01T00:00:00,8285,0,,False,True,,,,filter,63.387828403294876,10.430383892820318,
70,1000,2017-04-01T00:00:00,,False,,False,0001-01-01T00:00:00,100000436,0,,False,True,,,,filter,63.36732813629874,10.367407441608439,
0,1300,2022-12-01T00:00:00,,False,,False,0001-01-01T00:00:00,100004105,0,,False,True,,,,filter,63.425730292259786,10.400993745582658,
19,1000,2004-02-01T00:00:00,,False,,False,0001-01-01T00:00:00,8219,0,,False,True,,,,filter,63.42742722998397,10.400968399337588,
27,970,2017-12-01T00:00:00,,False,,False,0001-01-01T00:00:00,100000783,0,,False,True,,,,filter,63.363666823004316,10.377475143220435,
26,900,2021-03-01T00:00:00,,False,,False,0001-01-01T00:00:00,100002689,0,,False,True,,,,filter,63.40207684032246,10.43237974440221,
12,1100,2014-05-01T00:00:00,,False,,False,0001-01-01T00:00:00,8298,0,,False,True,,,,filter,63.43666087276472,10.455935175394712,
0,1100,1993-01-01T00:00:00,,False,,False,0001-01-01T00:00:00,8075,6,,True,False,,,,filter,63.43371108916537,10.410570646647848,
1,1300,2005-03-01T00:00:00,,False,,False,0001-01-01T00:00:00,8194,0,,False,True,,,,filter,63.43548227420082,10.412410912699709,
71,1000,2021-03-01T00:00:00,,False,,False,0001-01-01T00:00:00,100002652,0,,False,True,,,,filter,63.35207922543819,10.358471708014642,
65,1000,1993-01-01T00:00:00,,False,,False,0001-01-01T00:00:00,8078,0,,False,True,,,,filter,63.42621965649397,10.359910306843958,
13,800,2025-05-01T00:00:00,,False,,False,0001-01-01T00:00:00,100006290,0,,False,True,,,,filter,63.43600337010093,10.406236197564438,
6,1350,2010-08-01T00:00:00,,False,,False,0001-01-01T00:00:00,8273,0,,False,True,,,,filter,63.446117108649105,10.445895246246755,
86,900,2011-10-01T00:00:00,,False,,False,0001-01-01T00:00:00,8195,0,,False,True,,,,filter,63.418949851132645,10.488438366561335,
15,1000,1993-01-01T00:00:00,,False,,False,0001-01-01T00:00:00,8080,0,,False,True,,,,filter,63.40199202949447,10.423728318870749,
0,1500,2006-01-01T00:00:00,,False,,False,0001-01-01T00:00:00,8189,47,,True,False,,,,filter,63.36025364012003,10.37189222843066,
8,1035,2004-03-01T00:00:00,,False,,False,0001-01-01T00:00:00,8207,0,,False,True,,,,filter,63.35255146317265,10.157642115987668,
93,950,2011-08-01T00:00:00,,False,,False,0001-01-01T00:00:00,8263,0,,False,True,,,,filter,63.43229272380866,10.379571906405006,
41,1000,2022-04-01T00:00:00,,False,,False,0001-01-01T00:00:00,100003458,0,,False,True,,,,filter,63.43558157243079,10.460448839659131,
0,1200,2009-02-01T00:00:00,,False,,False,0001-01-01T00:00:00,8202,7,,True,False,,,,filter,63.4110217589377,10.449089797538072,
47,1100,1993-01-01T00:00:00,,False,,False,0001-01-01T00:00:00,8168,0,,False,True,,,,filter,63.42716633192979,10.400624812170687,
71,1000,2001-08-01T00:00:00,,False,,False,0001-01-01T00:00:00,8186,0,,False,True,,,,filter,63.41387888428299,10.409612165741338,
12,1000,2025-02-01T00:00:00,,False,,False,0001-01-01T00:00:00,100006151,0,,False,True,,,,filter,63.432819299045434,10.383947088460404,
42,1050,2014-05-01T00:00:00,,False,,False,0001-01-01T00:00:00,8299,0,,False,True,,,,filter,63.433142646357005,10.452137903118581,
90,1100,2008-11-01T00:00:00,,False,,False,0001-01-01T00:00:00,8261,0,,False,True,,,,filter,63.387811108008826,10.429135323671796,
29,850,2018-06-01T00:00:00,,False,,False,0001-01-01T00:00:00,100000891,0,,False,True,,,,filter,63.395091640075236,10.367098697072866,
223,900,2006-12-01T00:00:00,,False,,False,0001-01-01T00:00:00,8229,0,,False,True,,,,filter,63.350131955474474,10.346686049115258,
39,900,2007-10-01T00:00:00,,False,,False,0001-01-01T00:00:00,8250,0,,False,True,,,,filter,63.39882626766074,10.335997184399918,
92,1100,2017-01-01T00:00:00,,False,,False,0001-01-01T00:00:00,100000303,0,,False,True,,,,filter,60.470712390065074,8.470969060933973,
20,1000,2024-09-01T00:00:00,,False,,False,0001-01-01T00:00:00,100005748,0,,False,True,,,,filter,63.403646476766454,10.434634791076673,
0,1400,2011-10-01T00:00:00,,False,,False,0001-01-01T00:00:00,8234,2,,True,False,,,,filter,63.44319114615135,10.454324618439067,
3,450,2019-01-01T00:00:00,,False,,True,0001-01-01T00:00:00,100001383,0,,False,True,,,,filter,63.42794696421884,10.398737796497064,
10,75,2025-10-01T00:00:00,,False,,False,0001-01-01T00:00:00,100006774,0,,False,True,,,,filter,63.42495777562976,10.389546901026224,
113,850,2006-01-01T00:00:00,,False,,False,0001-01-01T00:00:00,8184,0,,False,True,,,,filter,60.475396592363325,8.468978903876906,
26,1075,2001-06-01T00:00:00,,False,,False,0001-01-01T00:00:00,8183,0,,False,True,,,,filter,63.34997133511739,10.35011928687769,
97,1000,2013-08-01T00:00:00,,False,,False,0001-01-01T00:00:00,8291,0,,False,True,,,,filter,63.3742076519127,10.319854251992515,
80,1100,2005-03-01T00:00:00,,False,,False,0001-01-01T00:00:00,8214,0,,False,True,,,,filter,63.3907022478763,10.422308068922499,
21,1000,2018-01-01T00:00:00,,False,,False,0001-01-01T00:00:00,100000760,0,,False,True,,,,filter,63.41509377146908,10.437463456818756,
42,1100,2008-12-01T00:00:00,,False,,False,0001-01-01T00:00:00,8198,0,,False,True,,,,filter,63.40888277170344,10.443791455565101,
10,800,2025-05-01T00:00:00,,False,,False,0001-01-01T00:00:00,100006288,0,,False,True,,,,filter,63.43523625525579,10.40616972099779,
0,1150,2023-03-01T00:00:00,,False,,False,0001-01-01T00:00:00,100004368,4,,True,False,,,,filter,63.40881784083387,10.441004120670815,
0,1150,2020-03-01T00:00:00,,False,,False,0001-01-01T00:00:00,100002069,5,,True,False,,,,filter,63.42034953785948,10.483432986506951,
11,1750,2007-02-01T00:00:00,,False,,False,0001-01-01T00:00:00,8232,0,,False,True,,,,filter,63.432057017179105,10.394268831369978,
25,1700,1993-01-01T00:00:00,,False,,False,0001-01-01T00:00:00,8096,0,,False,True,,,,filter,63.416006924337694,10.401327045175572,
14,1100,2022-01-01T00:00:00,,False,,False,0001-01-01T00:00:00,100003238,0,,False,True,,,,filter,63.43265078645854,10.404194995036848,
2,500,2024-10-01T00:00:00,,False,,True,0001-01-01T00:00:00,100005654,0,,False,True,,,,filter,63.42694518370733,10.390284614968172,
0,1100,2012-04-01T00:00:00,,False,,False,0001-01-01T00:00:00,8283,5,,True,False,,,,filter,63.44267922800573,10.443704409656862,
4,1350,1993-01-01T00:00:00,,False,,False,0001-01-01T00:00:00,8145,0,,False,True,,,,filter,63.428275034453264,10.449812816487402,
149,1100,2009-12-01T00:00:00,,False,,False,0001-01-01T00:00:00,8271,0,,False,True,,,,filter,63.418001852599325,10.541353420419611,
8,1015,2023-11-01T00:00:00,,False,,False,0001-01-01T00:00:00,100005007,0,,False,True,,,,filter,63.356011822799275,10.36664008391573,
7,1200,2023-03-01T00:00:00,,False,,False,0001-01-01T00:00:00,100004347,0,,False,True,,,,filter,63.43280479046031,10.383958584923231,
1,1200,2012-12-01T00:00:00,,False,,False,0001-01-01T00:00:00,8249,0,,False,True,,,,filter,63.441413860195155,10.456206338411238,
0,1400,2016-06-01T00:00:00,,False,,False,0001-01-01T00:00:00,8305,98,,True,False,,,,filter,63.42256454533162,10.537322309601443,
5,1200,2001-05-01T00:00:00,,False,,False,0001-01-01T00:00:00,8178,0,,False,True,,,,filter,63.39445747286399,10.362955788779937,
17,1300,2019-03-01T00:00:00,,False,,False,0001-01-01T00:00:00,100001459,0,,False,True,,,,filter,63.423153684322074,10.43357906390773,
18,1000,2023-01-01T00:00:00,,False,,False,0001-01-01T00:00:00,100004218,0,,False,True,,,,filter,63.39969003614598,10.433022146833618,
1,1700,2014-09-01T00:00:00,,False,,False,0001-01-01T00:00:00,8300,0,,False,True,,,,filter,63.4271303542962,10.441731715343689,
128,1500,2007-05-01T00:00:00,,False,,False,0001-01-01T00:00:00,8215,0,,False,True,,,,filter,63.425099650871125,10.36551669281115,
15,1300,2001-08-01T00:00:00,,False,,False,0001-01-01T00:00:00,8185,0,,False,True,,,,filter,63.35367779817535,10.376964310844368,
133,1100,2010-11-01T00:00:00,,False,,False,0001-01-01T00:00:00,8276,0,,False,True,,,,filter,63.41849857508521,10.489602119532968,
1,1400,1993-01-01T00:00:00,,False,,False,0001-01-01T00:00:00,8167,0,,False,True,,,,filter,63.42290621175713,10.41035799810881,
58,1000,2005-06-01T00:00:00,,False,,False,0001-01-01T00:00:00,8226,0,,False,True,,,,filter,63.368859493662455,10.347917994071345,
2,1750,2006-09-01T00:00:00,,False,,False,0001-01-01T00:00:00,8244,0,,False,True,,,,filter,63.4206035460889,10.407835430000848,
6,1135,2014-05-01T00:00:00,,False,,False,0001-01-01T00:00:00,8297,0,,False,True,,,,filter,63.3623114509703,10.37827274868619,
20,1020,2016-06-01T00:00:00,,False,,False,0001-01-01T00:00:00,8308,0,,False,True,,,,filter,63.36318236099796,10.375852371215691,
0,1100,2012-09-01T00:00:00,,False,,False,0001-01-01T00:00:00,8577,0,,False,True,,,,filter,63.29391755431919,10.48816068640046,
43,1250,2008-04-01T00:00:00,,False,,False,0001-01-01T00:00:00,8190,0,,False,True,,,,filter,63.4177119881853,10.352260818012736,
9,1200,2017-02-01T00:00:00,,False,,False,0001-01-01T00:00:00,100000341,0,,False,True,,,,filter,63.44039974069569,10.462508419969843,
18,1100,2021-12-01T00:00:00,,False,,False,0001-01-01T00:00:00,100003235,0,,False,True,,,,filter,63.41025677124372,10.433283300550098,
0,1050,2023-08-14T00:00:00,,False,,False,0001-01-01T00:00:00,100004711,3,,True,False,,,,filter,63.36759328329746,10.373388437702191,
0,1000,2024-04-01T00:00:00,,False,,False,0001-01-01T00:00:00,100005350,0,,False,True,,,,filter,63.36379835160802,10.36943678316503,
2,400,2024-02-01T00:00:00,,False,,True,0001-01-01T00:00:00,100005211,0,,False,True,,,,filter,63.431645440878206,10.39186685903537,
149,1300,2022-10-01T00:00:00,,False,,False,0001-01-01T00:00:00,100003905,0,,False,True,,,,filter,63.398062827071236,10.37305315615026,
0,1030,2023-09-01T00:00:00,,False,,False,0001-01-01T00:00:00,100004847,0,,False,True,,,,filter,63.430175358452566,10.392288520441545,
11,1200,2012-12-01T00:00:00,,False,,False,0001-01-01T00:00:00,8286,0,,False,True,,,,filter,63.3667747729762,10.378555391855251,
154,1075,2016-03-01T00:00:00,,False,,False,0001-01-01T00:00:00,8306,0,,False,True,,,,filter,63.359872734283016,10.372903272850857,
46,980,1993-01-01T00:00:00,,False,,False,0001-01-01T00:00:00,8147,0,,False,True,,,,filter,63.391683465472745,10.336574434260955,
28,1200,2021-01-01T00:00:00,,False,,False,0001-01-01T00:00:00,100002579,0,,False,True,,,,filter,63.410971375818484,10.437006243428767,
0,1020,2024-06-01T00:00:00,,False,,False,0001-01-01T00:00:00,100005513,0,,False,True,,,,filter,63.43239605384964,10.388876563758405,
3,1150,2017-01-01T00:00:00,,False,,False,0001-01-01T00:00:00,100000266,0,,False,True,,,,filter,63.42248735335144,10.527989499871913,
10,800,2025-05-01T00:00:00,,False,,False,0001-01-01T00:00:00,100006289,0,,False,True,,,,filter,63.43089459153693,10.406578924021437,
0,1050,2013-08-01T00:00:00,,False,,False,0001-01-01T00:00:00,8293,4,,True,False,,,,filter,63.443592706587594,10.446115362583253,
4,950,2006-01-01T00:00:00,,False,,False,0001-01-01T00:00:00,8172,0,,False,True,,,,filter,60.46966201668059,8.476026984717402,
47,1000,2008-07-01T00:00:00,,False,,False,0001-01-01T00:00:00,8171,0,,False,True,,,,filter,63.43207629971749,10.391698588547097,
0,1200,2021-02-01T00:00:00,,False,,False,0001-01-01T00:00:00,100002620,5,,True,False,,,,filter,63.43033779506789,10.40542589247683,
0,1550,2007-10-01T00:00:00,,False,,False,0001-01-01T00:00:00,8242,203,,True,False,,,,filter,63.430232844390765,10.389784490255593,
79,1000,2013-08-01T00:00:00,,False,,False,0001-01-01T00:00:00,8290,0,,False,True,,,,filter,63.37616494616471,10.314486203988295,
24,1250,2013-05-01T00:00:00,,False,,False,0001-01-01T00:00:00,8255,0,,False,True,,,,filter,63.36265144851242,10.371197764116296,
0,600,2025-06-01T00:00:00,,False,,False,0001-01-01T00:00:00,100006465,68,,True,False,,,,filter,63.43091831101842,10.406753991864438,
0,1350,2010-08-01T00:00:00,,False,,False,0001-01-01T00:00:00,8274,0,,False,True,,,,filter,63.44288470556419,10.449785485469475,
0,1250,2004-04-01T00:00:00,,False,,False,0001-01-01T00:00:00,8224,7,,True,False,,,,filter,63.432177573796814,10.367159613153321,
0,1600,2015-03-01T00:00:00,,False,,False,0001-01-01T00:00:00,8217,0,,False,True,,,,filter,63.43616235586998,10.38749055895289,
91,1100,2004-05-01T00:00:00,,False,,False,0001-01-01T00:00:00,8216,0,,False,True,,,,filter,63.41572588844337,10.346423056016953,
59,1050,2007-10-01T00:00:00,,False,,False,0001-01-01T00:00:00,8225,0,,False,True,,,,filter,60.47123199940114,8.474853399442692,
0,1025,2024-01-01T00:00:00,,False,,False,0001-01-01T00:00:00,100005091,42,,True,False,,,,filter,63.36486379012599,10.370283417592688,
16,1100,2018-07-01T00:00:00,,False,,False,0001-01-01T00:00:00,100001082,0,,False,True,,,,filter,63.39487984008389,10.430014688009347,
0,1500,2013-08-01T00:00:00,,False,,False,0001-01-01T00:00:00,8294,41,,True,False,,,,filter,63.36516138499526,10.371968077784084,
5,1300,2018-09-01T00:00:00,,False,,False,0001-01-01T00:00:00,100001132,0,,False,True,,,,filter,63.41851050463844,10.531658659867238,
0,980,1993-01-01T00:00:00,,False,,False,0001-01-01T00:00:00,8159,4,,True,False,,,,filter,63.43306452467646,10.398517584208346,
2,1000,2020-07-01T00:00:00,,False,,False,0001-01-01T00:00:00,100002288,0,,False,True,,,,filter,63.43514493744402,10.41245197261664,
0,1100,2023-09-01T00:00:00,,False,,False,0001-01-01T00:00:00,100004715,71,,True,False,,,,filter,63.429716226537266,10.363036864485967,
2,1100,2014-11-01T00:00:00,,False,,False,0001-01-01T00:00:00,8296,0,,False,True,,,,filter,63.435637010645046,10.412068166920747,
20,1200,2001-06-01T00:00:00,,False,,False,0001-01-01T00:00:00,8180,0,,False,True,,,,filter,63.426270969286655,10.446398811007898,
52,1100,2017-02-01T00:00:00,,False,,False,0001-01-01T00:00:00,100000330,0,,False,True,,,,filter,63.300392616999986,10.476467583446821,
90,1000,2014-05-01T00:00:00,,False,,False,0001-01-01T00:00:00,8238,0,,False,True,,,,filter,63.43434759825271,10.455191888285318,
14,1140,2019-04-01T00:00:00,,False,,False,0001-01-01T00:00:00,100001537,0,,False,True,,,,filter,63.44380796139483,10.455179282020117,
7,1500,2010-04-01T00:00:00,,False,,False,0001-01-01T00:00:00,8272,0,,False,True,,,,filter,63.435113800567855,10.408536235884027,
27,1200,2003-09-01T00:00:00,,False,,False,0001-01-01T00:00:00,8199,0,,False,True,,,,filter,63.43062251984578,10.421242622544721,
20,1300,1993-01-01T00:00:00,,False,,False,0001-01-01T00:00:00,8152,0,,False,True,,,,filter,63.41579900416585,10.489004749009938,
0,1200,2020-07-01T00:00:00,,False,,False,0001-01-01T00:00:00,100002269,1,,True,False,,,,filter,63.394176716943946,10.434521316069441,
2,500,2024-11-01T00:00:00,,False,,False,0001-01-01T00:00:00,100005964,0,,False,True,,,,filter,63.431251122184065,10.394352184134757,
0,1100,1993-01-01T00:00:00,,False,,False,0001-01-01T00:00:00,8119,42,,True,False,,,,filter,63.42918989643025,10.401213828989505,
3,450,2024-09-01T00:00:00,,False,,True,0001-01-01T00:00:00,100005655,0,,False,True,,,,filter,63.424674220787004,10.394535645511306,
0,1300,2022-10-01T00:00:00,,False,,False,0001-01-01T00:00:00,100003943,0,,False,True,,,,filter,63.42689994541089,10.436155186715368,
0,1400,2024-10-01T00:00:00,,False,,False,0001-01-01T00:00:00,100005867,0,,False,True,,,,filter,63.4342644458306,10.396671696625114,
84,1150,1993-01-01T00:00:00,,False,,False,0001-01-01T00:00:00,8151,0,,False,True,,,,filter,63.42799325664356,10.435988162954418,
23,1100,2015-10-01T00:00:00,,False,,False,0001-01-01T00:00:00,8303,0,,False,True,,,,filter,63.415414429280034,10.432648962566633,
0,900,2008-07-01T00:00:00,,False,,False,0001-01-01T00:00:00,8256,0,,False,True,,,,filter,63.43551804485308,10.395680881459896,
10,950,2021-01-01T00:00:00,,False,,False,0001-01-01T00:00:00,100002591,0,,False,True,,,,filter,63.36415358984628,10.364846675627929,
0,500,2025-08-01T00:00:00,,False,,False,0001-01-01T00:00:00,100006507,142,,True,False,,,,filter,63.435913987884916,10.40418204684275,
0,1150,2013-08-01T00:00:00,,False,,False,0001-01-01T00:00:00,8269,0,,False,True,,,,filter,63.43145874373795,10.391006212959867,
35,1325,2022-10-01T00:00:00,,False,,False,0001-01-01T00:00:00,100003893,0,,False,True,,,,filter,63.35780826714857,10.378576495218288,
0,1000,,,False,,False,0001-01-01T00:00:00,100002331,65,,True,False,,,,filter,63.37285299108416,10.339538809183619,
0,100,,,False,,False,0001-01-01T00:00:00,100004709,0,,False,False,,,,filter,63.430493329917894,10.3815120982348,
0,1275,2019-04-01T00:00:00,,False,,False,0001-01-01T00:00:00,100001558,96,,True,False,,,,filter,63.371839531239914,10.33746456111617,
89,1000,2013-08-01T00:00:00,,False,,False,0001-01-01T00:00:00,8292,0,,False,True,,,,filter,63.375554427707655,10.307811100182953,
0,1100,2015-09-01T00:00:00,,False,,False,0001-01-01T00:00:00,8576,0,,False,True,,,,filter,63.300204020943774,10.474943070122931,
1,1150,2022-11-01T00:00:00,,False,,False,0001-01-01T00:00:00,100004046,0,,False,True,,,,filter,63.4271763451224,10.441546964311273,
3,1250,1993-01-01T00:00:00,,False,,False,0001-01-01T00:00:00,8153,0,,False,True,,,,filter,63.43411961610889,10.429180777407533,
6,1210,2023-01-01T00:00:00,,False,,False,0001-01-01T00:00:00,100004122,0,,False,True,,,,filter,63.435518089152296,10.460382351781186,
26,1100,2023-09-01T00:00:00,,False,,False,0001-01-01T00:00:00,100004716,0,,False,True,,,,filter,63.29617651861275,10.47501224085328,
26,1100,1993-01-01T00:00:00,,False,,False,0001-01-01T00:00:00,8133,0,,False,True,,,,filter,63.372584871392135,10.341621116580242,
1,1400,1993-01-01T00:00:00,,False,,False,0001-01-01T00:00:00,8041,0,,False,True,,,,filter,63.41330562249172,10.409989037308751,
40,1050,2014-05-01T00:00:00,,False,,False,0001-01-01T00:00:00,8260,0,,False,True,,,,filter,63.43635003727741,10.459544265030235,
38,1300,2011-09-01T00:00:00,,False,,False,0001-01-01T00:00:00,8281,0,,False,True,,,,filter,63.42455699090624,10.366599063735174,
0,1300,2024-09-01T00:00:00,,False,,False,0001-01-01T00:00:00,100005746,62,,True,False,,,,filter,63.41765532688894,10.535613832909561,
89,1275,2020-07-01T00:00:00,,False,,False,0001-01-01T00:00:00,100002255,0,,False,True,,,,filter,63.41784814746745,10.409467902125527,
0,600,2015-03-01T00:00:00,,False,,False,0001-01-01T00:00:00,8627,213,,True,False,,,,filter,59.29508081059152,10.35682685974261,
0,600,2022-03-14T00:00:00,,False,,False,0001-01-01T00:00:00,100003411,173,,True,False,,,,filter,59.29603492271361,10.34913125524227,
53,800,2013-04-01T00:00:00,,False,,False,0001-01-01T00:00:00,8818,0,,False,True,,,,filter,59.24410933476181,10.460830882656637,
24,650,2024-01-26T00:00:00,,False,,False,0001-01-01T00:00:00,100005233,0,,False,True,,,,filter,59.2511522714305,10.464735476647688,
21,400,2025-09-01T00:00:00,,False,,False,0001-01-01T00:00:00,100006648,0,,False,True,,,,filter,63.79759176817167,11.474510057953859,
44,850,2024-08-01T00:00:00,,False,,False,0001-01-01T00:00:00,100005705,0,,False,True,,,,filter,63.793336032748236,11.477903633377117,
51,400,2026-01-01T00:00:00,,False,,False,0001-01-01T00:00:00,100006887,0,,False,True,,,,filter,63.79448962966081,11.473183551689829,
56,800,2021-09-01T00:00:00,,False,,False,0001-01-01T00:00:00,100002972,0,,False,True,,,,filter,63.793484599820786,11.469696302305376,
98,1350,2005-02-01T00:00:00,,False,,False,0001-01-01T00:00:00,8809,0,,False,True,,,,filter,63.78932573222184,11.476192293159134,
82,800,2011-02-01T00:00:00,,False,,False,0001-01-01T00:00:00,8816,0,,False,True,,,,filter,59.24919565896465,10.469526377055836,
209,500,2019-03-01T00:00:00,,False,,False,0001-01-01T00:00:00,100001457,0,,False,True,,,,filter,63.79155655968016,11.4865710847148,
163,1150,2001-05-01T00:00:00,,False,,False,0001-01-01T00:00:00,8799,0,,False,True,,,,filter,63.79106132899198,11.486189529950064,
199,1350,2007-10-01T00:00:00,,False,,False,0001-01-01T00:00:00,8813,0,,False,True,,,,filter,63.79361730272637,11.482567250785022,
23,700,2024-09-01T00:00:00,,False,,False,0001-01-01T00:00:00,100005712,0,,False,True,,,,filter,63.79104390680796,11.483238589047426,
43,800,2021-11-01T00:00:00,,False,,False,0001-01-01T00:00:00,100003113,0,,False,True,,,,filter,63.79485466326355,11.479621056535555,
25,400,2024-10-01T00:00:00,,False,,False,0001-01-01T00:00:00,100005806,0,,False,True,,,,filter,63.79569727574236,11.483657256261264,
66,900,2001-05-01T00:00:00,,False,,False,0001-01-01T00:00:00,8800,0,,False,True,,,,filter,63.789423062718065,11.484389372373936,
0,1250,2003-03-01T00:00:00,,False,,False,0001-01-01T00:00:00,8807,219,,True,False,,,,filter,59.24354249428933,10.462835840397357,
96,870,2022-09-01T00:00:00,,False,,False,0001-01-01T00:00:00,100003886,0,,False,True,,,,filter,63.795188369697954,11.488014200364116,
57,1000,2023-10-01T00:00:00,,False,,False,0001-01-01T00:00:00,100004864,0,,False,True,,,,filter,59.22495271451072,10.425273316157803,
49,1000,2018-10-01T00:00:00,,False,,False,0001-01-01T00:00:00,100001270,0,,False,True,,,,filter,59.250818408931366,10.40897388118721,
47,850,2025-01-01T00:00:00,,False,,False,0001-01-01T00:00:00,100006010,0,,False,True,,,,filter,59.24131300626867,10.391656506406829,
49,850,2022-08-01T00:00:00,,False,,False,0001-01-01T00:00:00,100003675,0,,False,True,,,,filter,59.25528559979066,10.422320172956638,
76,1000,2007-11-01T00:00:00,,False,,False,0001-01-01T00:00:00,4676,0,,False,True,,,,filter,59.222561991284934,10.417031398460612,
0,850,2023-04-01T00:00:00,,False,,False,0001-01-01T00:00:00,100004458,17,,True,False,,,,filter,59.066283895910445,10.377477390390755,
29,900,2019-04-01T00:00:00,,False,,False,0001-01-01T00:00:00,100001543,0,,False,True,,,,filter,59.24018696062984,10.418781131013596,
11,500,2025-07-01T00:00:00,,False,,False,0001-01-01T00:00:00,100006505,0,,False,True,,,,filter,59.24072659515712,10.418839950543942,
173,1000,2014-05-01T00:00:00,,False,,False,0001-01-01T00:00:00,4680,0,,False,True,,,,filter,59.25003682197254,10.4228103064006,
0,1600,2001-05-01T00:00:00,,False,,False,0001-01-01T00:00:00,4663,14,,True,False,,,,filter,59.24127520053773,10.404244833627528,
0,750,2025-03-01T00:00:00,,False,,False,0001-01-01T00:00:00,100006211,18,,True,False,,,,filter,59.065455270883255,10.382433912494742,
25,1200,2001-05-01T00:00:00,,False,,False,0001-01-01T00:00:00,4665,0,,False,True,,,,filter,59.24411966457969,10.399191345584784,
0,1000,2001-05-01T00:00:00,,False,,False,0001-01-01T00:00:00,4659,0,,False,True,,,,filter,59.26376033850925,10.382371946378072,
66,1000,2001-05-01T00:00:00,,False,,False,0001-01-01T00:00:00,4657,0,,False,True,,,,filter,59.26431145758809,10.384525024962803,
139,1000,2018-09-01T00:00:00,,False,,False,0001-01-01T00:00:00,100001266,0,,False,True,,,,filter,59.25064623273592,10.409415566772285,
67,900,2021-02-01T00:00:00,,False,,False,0001-01-01T00:00:00,100002638,0,,False,True,,,,filter,59.236433899901755,10.426754502761913,
5,1000,2022-04-01T00:00:00,,False,,False,0001-01-01T00:00:00,100003439,0,,False,True,,,,filter,59.22155386393086,10.41063070009496,
81,1000,2024-03-01T00:00:00,,False,,False,0001-01-01T00:00:00,100005263,0,,False,True,,,,filter,59.06938944613471,10.38400950881288,
166,1000,2016-06-01T00:00:00,,False,,False,0001-01-01T00:00:00,4682,0,,False,True,,,,filter,59.24799120654707,10.416871176072966,
138,1000,2021-06-01T00:00:00,,False,,False,0001-01-01T00:00:00,100003001,0,,False,True,,,,filter,59.0661054950244,10.385352213576992,
0,1000,2001-05-01T00:00:00,,False,,False,0001-01-01T00:00:00,4685,23,,True,False,,,,filter,59.067811912101085,10.378310420323398,
39,1000,2008-02-01T00:00:00,,False,,False,0001-01-01T00:00:00,4677,0,,False,True,,,,filter,59.22114767362768,10.42100256927273,
76,920,2023-09-01T00:00:00,,False,,False,0001-01-01T00:00:00,100004755,0,,False,True,,,,filter,59.264306357442344,10.384686793237265,
60,1000,2023-01-01T00:00:00,,False,,False,0001-01-01T00:00:00,100004270,0,,False,True,,,,filter,59.262738576981924,10.397476497656275,
0,750,2024-09-01T00:00:00,,False,,False,0001-01-01T00:00:00,100005667,7,,True,False,,,,filter,59.24151738418751,10.393227003799753,
0,1100,2001-05-01T00:00:00,,False,,False,0001-01-01T00:00:00,4656,6,,True,False,,,,filter,59.26573506288683,10.3922727003768,
0,1000,2011-02-01T00:00:00,,False,,False,0001-01-01T00:00:00,4678,11,,True,False,,,,filter,59.2252282243478,10.416909867269107,
0,1800,2001-07-01T00:00:00,,False,,False,0001-01-01T00:00:00,4602,39,,True,False,,,,filter,59.58393684545966,10.21419929066196,
96,1001,2015-06-01T00:00:00,,False,,False,0001-01-01T00:00:00,4610,0,,False,True,,,,filter,59.52987378285827,10.090408516652854,
68,720,2018-06-01T00:00:00,,False,,False,0001-01-01T00:00:00,100001030,0,,False,True,,,,filter,59.5274986395409,10.081806679461558,
0,500,2026-01-01T00:00:00,,False,,False,0001-01-01T00:00:00,100006878,376,,True,False,,,,filter,59.5325432967375,10.092248955008932,
17,700,2001-05-01T00:00:00,,False,,False,0001-01-01T00:00:00,4403,0,,False,True,,,,filter,59.483931394637715,10.323268489592751,
24,450,2025-01-01T00:00:00,,False,,False,0001-01-01T00:00:00,100006067,0,,False,True,,,,filter,59.4850247547325,10.3147065712415,
115,1000,2011-05-01T00:00:00,,False,,False,0001-01-01T00:00:00,4408,0,,False,True,,,,filter,59.486230886364325,10.311645700469475,
5,420,2024-09-01T00:00:00,,False,,False,0001-01-01T00:00:00,100005752,0,,False,True,,,,filter,59.49064230432266,10.319246858514642,
50,700,2001-05-01T00:00:00,,False,,False,0001-01-01T00:00:00,4401,0,,False,True,,,,filter,59.49141171822244,10.318360384737053,
286,625,2019-04-01T00:00:00,,False,,False,0001-01-01T00:00:00,100001556,0,,False,True,,,,filter,59.585165466497564,10.21311772375892,
86,425,2021-03-01T00:00:00,,False,,False,0001-01-01T00:00:00,100002681,0,,False,True,,,,filter,59.48770289322144,10.312649947037624,
162,1140,2014-08-01T00:00:00,,False,,False,0001-01-01T00:00:00,4605,0,,False,True,,,,filter,59.589071709301294,10.205768920885538,
52,500,2013-09-01T00:00:00,,False,,False,0001-01-01T00:00:00,4410,0,,False,True,,,,filter,59.485277638593416,10.324870296410186,
31,1200,2020-10-01T00:00:00,,False,,False,0001-01-01T00:00:00,100002450,0,,False,True,,,,filter,60.47166436824757,8.472385322154151,
0,1400,2006-12-01T00:00:00,,False,,False,0001-01-01T00:00:00,4407,7,,True,False,,,,filter,60.47523667398052,8.47158795636875,
0,900,2018-11-01T00:00:00,,False,,False,0001-01-01T00:00:00,100001293,27,,True,False,,,,filter,59.73192097606977,10.234008717873072,
419,1170,2017-09-01T00:00:00,,False,,False,0001-01-01T00:00:00,100000651,0,,False,True,,,,filter,59.58553962375671,10.203593611103388,
72,590,2006-09-01T00:00:00,,False,,False,0001-01-01T00:00:00,4406,0,,False,True,,,,filter,59.48803190475076,10.313442259058506,
0,1300,2001-05-01T00:00:00,,False,,False,0001-01-01T00:00:00,4600,78,,True,False,,,,filter,59.583675992548095,10.207704724717358,
12,380,2025-09-15T00:00:00,,False,,False,0001-01-01T00:00:00,100006726,0,,False,True,,,,filter,59.48468639655138,10.31668523309037,
33,500,2023-09-01T00:00:00,,False,,False,0001-01-01T00:00:00,100004670,0,,False,True,,,,filter,59.488737372961744,10.327037924364472,
5,1200,2001-05-01T00:00:00,,False,,False,0001-01-01T00:00:00,4402,0,,False,True,,,,filter,59.72678687180919,10.224410792682065,
190,850,2022-09-01T00:00:00,,False,,False,0001-01-01T00:00:00,100003895,0,,False,True,,,,filter,59.5850997726976,10.200621271246574,
24,700,2024-01-01T00:00:00,,False,,False,0001-01-01T00:00:00,100005180,0,,False,True,,,,filter,60.47255790549313,8.476585733894776,
153,670,2001-05-01T00:00:00,,False,,False,0001-01-01T00:00:00,4404,0,,False,True,,,,filter,59.4871300493419,10.323283761400937,
39,1250,2002-05-01T00:00:00,,False,,False,0001-01-01T00:00:00,4609,0,,False,True,,,,filter,59.53190969643282,10.082020750436584,
28,570,2022-04-01T00:00:00,,False,,False,0001-01-01T00:00:00,100003527,0,,False,True,,,,filter,59.48861382065066,10.325926641079148,
25,700,2023-05-23T00:00:00,,False,,False,0001-01-01T00:00:00,100004558,0,,False,True,,,,filter,59.72998431530105,10.231910071596461,
2,1500,2015-08-01T00:00:00,,False,,False,0001-01-01T00:00:00,4411,0,,False,True,,,,filter,60.46870458648275,8.465567013449775,
200,830,2018-07-01T00:00:00,,False,,False,0001-01-01T00:00:00,100001064,0,,False,True,,,,filter,59.41178117842696,10.466108917012535,
102,950,2021-02-01T00:00:00,,False,,False,0001-01-01T00:00:00,100002619,0,,False,True,,,,filter,59.402973950866574,10.460905227573646,
79,900,2012-07-01T00:00:00,,False,,False,0001-01-01T00:00:00,4379,0,,False,True,,,,filter,59.418591014800135,10.488952979041871,
6,1030,2020-07-01T00:00:00,,False,,False,0001-01-01T00:00:00,100002260,0,,False,True,,,,filter,59.40035687479221,10.465240062694878,
0,600,2025-09-01T00:00:00,,False,,False,0001-01-01T00:00:00,100006495,25,,True,False,,,,filter,59.416252432953726,10.46918971600109,
92,1000,2001-05-01T00:00:00,,False,,False,0001-01-01T00:00:00,4368,0,,False,True,,,,filter,59.41512181638569,10.47359925337786,
33,1000,2023-02-01T00:00:00,,False,,False,0001-01-01T00:00:00,100004272,0,,False,True,,,,filter,59.414615235064765,10.47110404199033,
167,1100,2006-06-01T00:00:00,,False,,False,0001-01-01T00:00:00,4381,0,,False,True,,,,filter,59.41291881204008,10.479866144289158,
0,1600,2001-05-01T00:00:00,,False,,False,0001-01-01T00:00:00,4359,180,,True,False,,,,filter,59.41378115218623,10.458623298812475,
2,800,2023-08-01T00:00:00,,False,,False,0001-01-01T00:00:00,100004633,0,,False,True,,,,filter,59.41424772533305,10.462368197251495,
195,1100,2012-10-01T00:00:00,,False,,False,0001-01-01T00:00:00,4389,0,,False,True,,,,filter,59.40331293386525,10.458607944975217,
39,990,2021-08-01T00:00:00,,False,,False,0001-01-01T00:00:00,100002900,0,,False,True,,,,filter,59.409508749789495,10.483969221261432,
15,1200,2018-11-01T00:00:00,,False,,False,0001-01-01T00:00:00,100001303,0,,False,True,,,,filter,59.40684826463029,10.48050013514137,
0,1300,2021-07-01T00:00:00,,False,,False,0001-01-01T00:00:00,100002888,18,,True,False,,,,filter,59.411838798642336,10.465286765128255,
0,700,2024-06-01T00:00:00,,False,,False,0001-01-01T00:00:00,100005533,32,,True,False,,,,filter,59.41091055712524,10.462473527417378,
0,1050,2026-03-01T00:00:00,,False,,False,0001-01-01T00:00:00,100006985,218,,True,False,,,,filter,59.352075691907,10.468138445158454,
196,1100,2003-12-01T00:00:00,,False,,False,0001-01-01T00:00:00,4377,0,,False,True,,,,filter,59.351073821476085,10.46170910079666,
0,900,2020-06-01T00:00:00,,False,,False,0001-01-01T00:00:00,100002224,48,,True,False,,,,filter,59.34995043724237,10.47148158574488,
4,1275,2022-10-01T00:00:00,,False,,False,0001-01-01T00:00:00,100003892,0,,False,True,,,,filter,59.406071048962666,10.478537946324014,
0,700,2023-03-01T00:00:00,,False,,False,0001-01-01T00:00:00,100004330,14,,True,False,,,,filter,59.35285129149753,10.464365875473158,
0,1950,2001-05-01T00:00:00,,False,,False,0001-01-01T00:00:00,4360,56,,True,False,,,,filter,59.35050890191438,10.456555366410909,
5,1600,2001-05-01T00:00:00,,False,,False,0001-01-01T00:00:00,4355,0,,False,True,,,,filter,59.417877152926316,10.48849968865187,
0,1150,2025-02-01T00:00:00,,False,,False,0001-01-01T00:00:00,100006154,163,,True,False,,,,filter,59.40758259560334,10.490209598063382,
27,1100,2020-09-01T00:00:00,,False,,False,0001-01-01T00:00:00,100002371,0,,False,True,,,,filter,59.41644948929201,10.485229230003451,
221,900,2011-05-01T00:00:00,,False,,False,0001-01-01T00:00:00,4384,0,,False,True,,,,filter,59.415031646317935,10.48511480807775,
0,1500,2016-08-01T00:00:00,,False,,False,0001-01-01T00:00:00,100000074,372,,True,False,,,,filter,59.41509827008695,10.467803128504663,
12,950,2022-03-01T00:00:00,,False,,False,0001-01-01T00:00:00,100003369,0,,False,True,,,,filter,59.406599650316785,10.477569916038387,
0,800,2024-09-01T00:00:00,,False,,False,0001-01-01T00:00:00,100005756,35,,True,False,,,,filter,59.414381425883754,10.46465084783896,
0,600,2025-01-01T00:00:00,,False,,False,0001-01-01T00:00:00,100006087,273,,True,False,,,,filter,59.40867391625039,10.48474659356287,
6,2250,2011-11-01T00:00:00,,False,,False,0001-01-01T00:00:00,4574,0,,False,True,,,,filter,59.05597583626132,9.70284723338779,
10,550,2024-03-01T00:00:00,,False,,False,0001-01-01T00:00:00,100005262,0,,False,True,,,,filter,58.98548442131427,9.879381975488203,
146,1000,2018-04-01T00:00:00,,False,,False,0001-01-01T00:00:00,100000951,0,,False,True,,,,filter,58.98882836265174,9.87043960963909,
20,800,2024-03-01T00:00:00,,False,,False,0001-01-01T00:00:00,100005286,0,,False,True,,,,filter,59.055054392118116,10.025854587036259,
0,1100,2018-09-01T00:00:00,,False,,False,0001-01-01T00:00:00,100001181,5,,True,False,,,,filter,59.05691740654962,10.030629136895659,
148,1100,2010-06-01T00:00:00,,False,,False,0001-01-01T00:00:00,4526,0,,False,True,,,,filter,59.037874364838814,10.065118834561313,
0,880,2024-06-01T00:00:00,,False,,False,0001-01-01T00:00:00,100005557,5,,True,False,,,,filter,59.04983472003683,10.026665475047352,
0,1150,2023-03-01T00:00:00,,False,,False,0001-01-01T00:00:00,100004289,81,,True,False,,,,filter,59.0570207043404,10.036921383231283,
0,1150,2001-05-01T00:00:00,,False,,False,0001-01-01T00:00:00,4540,68,,True,False,,,,filter,59.06248713374887,10.039511065426401,
0,1500,2001-05-01T00:00:00,,False,,False,0001-01-01T00:00:00,4548,5,,True,False,,,,filter,59.03794493083404,10.062657028406786,
5,930,2023-02-01T00:00:00,,False,,False,0001-01-01T00:00:00,100004262,0,,False,True,,,,filter,58.98879717834275,9.872281741682842,
41,900,2018-09-01T00:00:00,,False,,False,0001-01-01T00:00:00,100001134,0,,False,True,,,,filter,59.13310507592356,10.222862305055036,
18,1100,2020-06-01T00:00:00,,False,,False,0001-01-01T00:00:00,100002219,0,,False,True,,,,filter,59.04893052486503,10.028378744747226,
1,900,2025-09-01T00:00:00,,False,,False,0001-01-01T00:00:00,100006649,0,,False,True,,,,filter,59.051104648457546,10.0332027182386,
12,950,2014-09-01T00:00:00,,False,,False,0001-01-01T00:00:00,4579,0,,False,True,,,,filter,59.05370127606475,10.036272151719427,
101,1050,2017-02-01T00:00:00,,False,,False,0001-01-01T00:00:00,100000336,0,,False,True,,,,filter,59.057022474005514,10.032463587305243,
121,1100,2001-05-01T00:00:00,,False,,False,0001-01-01T00:00:00,4531,0,,False,True,,,,filter,59.03997437803379,10.068938223754301,
34,1000,2024-01-01T00:00:00,,False,,False,0001-01-01T00:00:00,100005131,0,,False,True,,,,filter,59.058116378218145,10.125066466065988,
43,1250,2001-05-01T00:00:00,,False,,False,0001-01-01T00:00:00,4553,0,,False,True,,,,filter,59.06557355408755,10.032367322561532,
0,800,2024-03-01T00:00:00,,False,,False,0001-01-01T00:00:00,100005249,256,,True,False,,,,filter,59.059296720797384,10.129937146191594,
0,700,2025-09-01T00:00:00,,False,,False,0001-01-01T00:00:00,100006601,588,,True,False,,,,filter,59.05398561964546,10.024471183868402,
0,1800,2026-01-01T00:00:00,,False,,False,0001-01-01T00:00:00,100006879,1695,,True,False,,,,filter,59.048490732629844,10.031102481370377,
0,1000,2024-11-01T00:00:00,,False,,False,0001-01-01T00:00:00,100005982,287,,True,False,,,,filter,59.0551607172407,10.029286306093947,
14,750,2024-02-01T00:00:00,,False,,False,0001-01-01T00:00:00,100005247,0,,False,True,,,,filter,59.065757021531034,10.04611309250968,
194,1000,2023-09-01T00:00:00,,False,,False,0001-01-01T00:00:00,100004745,0,,False,True,,,,filter,59.03684666827421,10.066665472143319,
0,880,2021-08-01T00:00:00,,False,,False,0001-01-01T00:00:00,100002901,18,,True,False,,,,filter,59.19280545716459,9.962723953515528,
0,1200,2015-02-01T00:00:00,,False,,False,0001-01-01T00:00:00,4575,9,,True,False,,,,filter,59.06822991307551,10.040004702475736,
38,1000,2019-01-01T00:00:00,,False,,False,0001-01-01T00:00:00,100001377,0,,False,True,,,,filter,59.04630672802302,10.019918344794034,
81,800,2010-04-01T00:00:00,,False,,False,0001-01-01T00:00:00,4568,0,,False,True,,,,filter,59.05520922297668,10.119454932717632,
61,900,2020-08-01T00:00:00,,False,,False,0001-01-01T00:00:00,100002310,0,,False,True,,,,filter,59.13517801199703,10.219210154600347,
7,1400,2001-05-01T00:00:00,,False,,False,0001-01-01T00:00:00,4529,0,,False,True,,,,filter,59.04759078044539,10.015182186108293,
11,1400,2001-05-01T00:00:00,,False,,False,0001-01-01T00:00:00,4528,0,,False,True,,,,filter,59.05260937033923,10.0273703585138,
27,900,2024-07-24T00:00:00,,False,,False,0001-01-01T00:00:00,100005618,0,,False,True,,,,filter,59.1332159222,10.221818971796965,
240,1000,2021-01-01T00:00:00,,False,,False,0001-01-01T00:00:00,100002583,0,,False,True,,,,filter,59.07030678337762,10.038885947491979,
5,750,2024-03-01T00:00:00,,False,,False,0001-01-01T00:00:00,100005245,0,,False,True,,,,filter,59.05378454508019,10.131818582592315,
110,1200,2008-09-01T00:00:00,,False,,False,0001-01-01T00:00:00,4571,0,,False,True,,,,filter,59.067114171022894,10.039659202060868,
3,1000,2023-03-01T00:00:00,,False,,False,0001-01-01T00:00:00,100004352,0,,False,True,,,,filter,59.05443758141237,10.03288079948125,
0,800,2025-05-01T00:00:00,,False,,False,0001-01-01T00:00:00,100006368,507,,True,False,,,,filter,59.055200932933886,10.021918894050524,
1,550,2023-11-01T00:00:00,,False,,False,0001-01-01T00:00:00,100005031,0,,False,True,,,,filter,59.070173698934845,10.036260440288174,
0,1030,2001-05-01T00:00:00,,False,,False,0001-01-01T00:00:00,4533,109,,True,False,,,,filter,59.05591865421377,10.02371280948055,
0,900,2019-01-01T00:00:00,,False,,False,0001-01-01T00:00:00,100001403,91,,True,False,,,,filter,59.05481880602189,10.030300548765933,
4,1300,2001-05-01T00:00:00,,False,,False,0001-01-01T00:00:00,4691,0,,False,True,,,,filter,59.40135441102897,9.956369241354011,
0,900,2025-09-01T00:00:00,,False,,False,0001-01-01T00:00:00,100006641,195,,True,False,,,,filter,59.05514993337872,10.023336652576175,
17,1400,2001-05-01T00:00:00,,False,,False,0001-01-01T00:00:00,4527,0,,False,True,,,,filter,59.05098298285831,10.023696394679243,
88,800,2018-09-01T00:00:00,,False,,False,0001-01-01T00:00:00,100001164,0,,False,True,,,,filter,59.13001593873587,10.215230208841714,
31,1310,2001-05-01T00:00:00,,False,,False,0001-01-01T00:00:00,4692,0,,False,True,,,,filter,59.39766971599836,9.947772820949245,
0,600,2025-12-01T00:00:00,,False,,False,0001-01-01T00:00:00,100006804,338,,True,False,,,,filter,59.053194919999925,10.028147762710335,
37,1000,2023-10-01T00:00:00,,False,,False,0001-01-01T00:00:00,100004940,0,,False,True,,,,filter,59.05055471120369,10.03144337044672,
0,600,,,False,,False,0001-01-01T00:00:00,100004702,93,,True,False,,,,filter,59.061648773360936,10.042395654758234,
0,975,,,False,,False,0001-01-01T00:00:00,100005253,303,,True,False,,,,filter,59.193549580656715,9.95986068400673,
64,1300,2010-09-01T00:00:00,,False,,False,0001-01-01T00:00:00,4565,0,,False,True,,,,filter,58.98908410606112,9.865033191828127,
51,800,2014-06-01T00:00:00,,False,,False,0001-01-01T00:00:00,4558,0,,False,True,,,,filter,59.05560682405098,10.120770192331475,
76,500,2024-08-01T00:00:00,,False,,False,0001-01-01T00:00:00,100005572,0,,False,True,,,,filter,58.99834977722545,10.030586920859747,
0,775,2022-02-01T00:00:00,,False,,False,0001-01-01T00:00:00,100003317,6,,True,False,,,,filter,59.13801480188292,10.20924916223631,
29,950,2012-07-01T00:00:00,,False,,False,0001-01-01T00:00:00,4515,0,,False,True,,,,filter,59.13621093080578,10.218672732202169,
51,900,2001-05-01T00:00:00,,False,,False,0001-01-01T00:00:00,4463,0,,False,True,,,,filter,59.12712014058414,10.22960243268853,
21,1200,2024-01-01T00:00:00,,False,,False,0001-01-01T00:00:00,100004964,0,,False,True,,,,filter,59.13329307132377,10.214232538436518,
3,400,2025-04-01T00:00:00,,False,,False,0001-01-01T00:00:00,100006327,0,,False,True,,,,filter,59.14009254684913,10.213848552330898,
75,1050,2001-05-01T00:00:00,,False,,False,0001-01-01T00:00:00,4478,0,,False,True,,,,filter,59.13166440873847,10.207330235533757,
0,550,2015-01-01T00:00:00,,False,,True,0001-01-01T00:00:00,4481,9,,True,False,,,,filter,59.13605342396327,10.219579654448314,
3,720,2024-02-01T00:00:00,,False,,False,0001-01-01T00:00:00,100005172,0,,False,True,,,,filter,59.14158834564533,10.215638904613954,
0,1100,2023-12-01T00:00:00,,False,,False,0001-01-01T00:00:00,100005038,5,,True,False,,,,filter,59.128534917592965,10.228419447496297,
45,500,2012-09-01T00:00:00,,False,,False,0001-01-01T00:00:00,4516,0,,False,True,,,,filter,58.999340468886814,10.043847532888496,
26,750,2024-08-01T00:00:00,,False,,False,0001-01-01T00:00:00,100005573,0,,False,True,,,,filter,59.308969524638286,10.190358815401193,
60,900,2001-05-01T00:00:00,,False,,False,0001-01-01T00:00:00,4462,0,,False,True,,,,filter,59.12687520648377,10.237782835028169,
26,400,2023-08-01T00:00:00,,False,,False,0001-01-01T00:00:00,100004621,0,,False,True,,,,filter,59.13594496177378,10.211911830951255,
43,750,2015-07-01T00:00:00,,False,,False,0001-01-01T00:00:00,4629,0,,False,True,,,,filter,59.30429936478859,10.178938815197311,
33,1000,2001-05-01T00:00:00,,False,,False,0001-01-01T00:00:00,4479,0,,False,True,,,,filter,59.135458141861626,10.217970100685765,
2,740,2023-11-01T00:00:00,,False,,False,0001-01-01T00:00:00,100004970,0,,False,True,,,,filter,59.131321209368345,10.214165431941948,
5,550,2001-05-01T00:00:00,,False,,True,0001-01-01T00:00:00,4457,0,,False,True,,,,filter,59.13648722229439,10.209686774336248,
38,1320,2011-05-01T00:00:00,,False,,False,0001-01-01T00:00:00,4487,0,,False,True,,,,filter,59.13057192923213,10.212564774855041,
0,600,2025-12-01T00:00:00,,False,,True,0001-01-01T00:00:00,100006808,57,,True,False,,,,filter,59.13301830295383,10.212500352216324,
91,950,2005-08-01T00:00:00,,False,,False,0001-01-01T00:00:00,4499,0,,False,True,,,,filter,59.13508770465595,10.211569167002976,
28,900,2024-11-01T00:00:00,,False,,True,0001-01-01T00:00:00,100005908,0,,False,True,,,,filter,59.13718740430891,10.218855381247415,
0,550,2022-11-01T00:00:00,,False,,False,0001-01-01T00:00:00,100004023,30,,True,False,,,,filter,59.138596156608564,10.212399734186132,
0,750,2023-08-01T00:00:00,,False,,False,0001-01-01T00:00:00,100004616,21,,True,False,,,,filter,59.31105180875895,10.18538652844327,
52,1050,2021-10-01T00:00:00,,False,,False,0001-01-01T00:00:00,100003051,0,,False,True,,,,filter,59.22347738627202,10.300940270779716,
0,1500,2008-06-01T00:00:00,,False,,False,0001-01-01T00:00:00,4505,97,,True,False,,,,filter,59.13333125152173,10.220267139974373,
61,1050,2011-12-01T00:00:00,,False,,False,0001-01-01T00:00:00,4514,0,,False,True,,,,filter,58.996835480284346,10.030929807010875,
39,850,2024-10-01T00:00:00,,False,,False,0001-01-01T00:00:00,100005841,0,,False,True,,,,filter,59.131326425937836,10.22592190994846,
12,775,2023-11-01T00:00:00,,False,,False,0001-01-01T00:00:00,100004969,0,,False,True,,,,filter,59.130455060800095,10.215372916974479,
175,900,2018-01-01T00:00:00,,False,,False,0001-01-01T00:00:00,100000777,0,,False,True,,,,filter,59.13236145857129,10.205866074719713,
0,500,2023-11-01T00:00:00,,False,,False,0001-01-01T00:00:00,100004968,99,,True,False,,,,filter,59.13054529456138,10.212485534821516,
4,700,2026-01-01T00:00:00,,False,,False,0001-01-01T00:00:00,100006876,0,,False,True,,,,filter,59.30476991699436,10.190704792942306,
45,730,2023-09-01T00:00:00,,False,,False,0001-01-01T00:00:00,100004624,0,,False,True,,,,filter,59.14132350414598,10.215127080506877,
160,1200,2014-11-01T00:00:00,,False,,False,0001-01-01T00:00:00,4517,0,,False,True,,,,filter,59.12832070732701,10.244949760525559,
19,400,2023-11-01T00:00:00,,False,,True,0001-01-01T00:00:00,100004966,0,,False,True,,,,filter,59.12854949662339,10.227731817902571,
17,1000,2023-10-01T00:00:00,,False,,False,0001-01-01T00:00:00,100004947,0,,False,True,,,,filter,59.1244407880845,10.230377303985794,
0,900,2024-08-01T00:00:00,,False,,False,0001-01-01T00:00:00,100005561,56,,True,False,,,,filter,59.00029799801512,10.037317832291478,
19,1020,2022-10-01T00:00:00,,False,,False,0001-01-01T00:00:00,100004010,0,,False,True,,,,filter,59.22943396145645,10.292842985226311,
0,950,2007-01-01T00:00:00,,False,,False,0001-01-01T00:00:00,4491,44,,True,False,,,,filter,59.1333815855698,10.207653811631472,
0,1200,2023-05-01T00:00:00,,False,,False,0001-01-01T00:00:00,100004490,217,,True,False,,,,filter,59.12763895198722,10.24919128763164,
9,700,2022-09-01T00:00:00,,False,,False,0001-01-01T00:00:00,100003767,0,,False,True,,,,filter,59.13502113498835,10.219149655037695,
0,1400,2001-05-01T00:00:00,,False,,False,0001-01-01T00:00:00,4480,52,,True,False,,,,filter,59.139337440200606,10.210537952749876,
216,1000,2006-07-01T00:00:00,,False,,False,0001-01-01T00:00:00,4493,0,,False,True,,,,filter,59.13299194156558,10.213282666943172,
0,1100,2014-11-01T00:00:00,,False,,True,0001-01-01T00:00:00,4506,69,,True,False,,,,filter,59.13516980986884,10.214788002784081,
154,1300,2012-11-01T00:00:00,,False,,False,0001-01-01T00:00:00,4645,0,,False,True,,,,filter,59.22281436340304,10.298498374896486,
25,700,2001-05-01T00:00:00,,False,,False,0001-01-01T00:00:00,4625,0,,False,True,,,,filter,59.30569612684229,10.179448794699544,
4,1200,2006-09-01T00:00:00,,False,,False,0001-01-01T00:00:00,4502,0,,False,True,,,,filter,59.132880851272134,10.210053600792033,
0,750,2024-01-01T00:00:00,,False,,False,0001-01-01T00:00:00,100005084,42,,True,False,,,,filter,59.13057987598344,10.240394646104777,
92,800,2011-06-01T00:00:00,,False,,False,0001-01-01T00:00:00,4504,0,,False,True,,,,filter,59.1327998991359,10.212517653646326,
0,1380,2001-05-01T00:00:00,,False,,False,0001-01-01T00:00:00,4484,6,,True,False,,,,filter,59.00257318668358,10.039811914278886,
2,900,2024-04-01T00:00:00,,False,,False,0001-01-01T00:00:00,100005415,0,,False,True,,,,filter,59.13348771092915,10.209443872316882,
144,1000,2022-03-01T00:00:00,,False,,False,0001-01-01T00:00:00,100003349,0,,False,True,,,,filter,59.12532641485718,10.235745127337603,
4,950,2025-09-01T00:00:00,,False,,False,0001-01-01T00:00:00,100006671,0,,False,True,,,,filter,59.13901948799383,10.211944281610123,
0,650,2023-08-01T00:00:00,,False,,False,0001-01-01T00:00:00,100004615,17,,True,False,,,,filter,59.30338168473227,10.18337858480844,
31,1250,2014-09-01T00:00:00,,False,,False,0001-01-01T00:00:00,4642,0,,False,True,,,,filter,59.22625470874983,10.298280423937557,
78,1050,2018-11-01T00:00:00,,False,,False,0001-01-01T00:00:00,100001317,0,,False,True,,,,filter,59.12832745315087,10.246343666314836,
0,900,2021-09-01T00:00:00,,False,,True,0001-01-01T00:00:00,100003002,15,,True,False,,,,filter,59.13092367717615,10.211944776494516,
42,1050,2021-04-01T00:00:00,,False,,False,0001-01-01T00:00:00,100002781,0,,False,True,,,,filter,59.13752886585507,10.204481528325218,
0,1120,2024-08-01T00:00:00,,False,,False,0001-01-01T00:00:00,100005613,25,,True,False,,,,filter,59.129081724395384,10.219778123743373,
0,920,2018-01-01T00:00:00,,False,,False,0001-01-01T00:00:00,100000727,2,,True,False,,,,filter,59.230800819049406,10.29135107916384,
3,1300,2006-06-01T00:00:00,,False,,False,0001-01-01T00:00:00,4501,0,,False,True,,,,filter,59.130575057586384,10.22421180560177,
12,890,2024-03-01T00:00:00,,False,,False,0001-01-01T00:00:00,100005275,0,,False,True,,,,filter,59.23074793151369,10.287974368594451,
0,950,2001-05-01T00:00:00,,False,,False,0001-01-01T00:00:00,4461,123,,True,False,,,,filter,59.129628228088755,10.223197521020648,
91,950,2015-01-01T00:00:00,,False,,False,0001-01-01T00:00:00,4512,0,,False,True,,,,filter,58.99617373878708,10.043350237299906,
0,800,2022-06-01T00:00:00,,False,,False,0001-01-01T00:00:00,100003562,14,,True,False,,,,filter,59.135092621402,10.213806455071557,
0,780,2022-09-01T00:00:00,,False,,False,0001-01-01T00:00:00,100003766,30,,True,False,,,,filter,59.132481304648486,10.215158715654681,
22,1400,2018-08-01T00:00:00,,False,,False,0001-01-01T00:00:00,100001107,0,,False,True,,,,filter,59.21957059140816,10.298847349285671,
15,300,2023-11-01T00:00:00,,False,,True,0001-01-01T00:00:00,100004967,0,,False,True,,,,filter,59.12888624640219,10.223420330122226,
0,880,2001-05-01T00:00:00,,False,,False,0001-01-01T00:00:00,4635,35,,True,False,,,,filter,59.228090938208375,10.28545064540708,
0,1350,2015-03-01T00:00:00,,False,,False,0001-01-01T00:00:00,4518,13,,True,False,,,,filter,59.12583954681117,10.23641864669597,
1,900,2023-02-01T00:00:00,,False,,True,0001-01-01T00:00:00,100004153,0,,False,True,,,,filter,59.13349405426401,10.207082911385076,
167,1200,2013-11-01T00:00:00,,False,,False,0001-01-01T00:00:00,4454,0,,False,True,,,,filter,59.12965331957248,10.248584890700869,
0,500,2026-02-01T00:00:00,,False,,False,0001-01-01T00:00:00,100006946,78,,True,False,,,,filter,59.13190875365836,10.21557581102749,
44,1200,2001-05-01T00:00:00,,False,,False,0001-01-01T00:00:00,4416,0,,False,True,,,,filter,59.264923279427705,10.411211235106109,
54,1450,2001-05-01T00:00:00,,False,,False,0001-01-01T00:00:00,4431,0,,False,True,,,,filter,59.27398161887184,10.427190995335549,
4,1000,2007-04-01T00:00:00,,False,,False,0001-01-01T00:00:00,4643,0,,False,True,,,,filter,59.26289911119687,10.365221210321277,
98,1225,2017-09-01T00:00:00,,False,,False,0001-01-01T00:00:00,100000624,0,,False,True,,,,filter,59.274965543225726,10.414434638047103,
103,800,2021-09-01T00:00:00,,False,,False,0001-01-01T00:00:00,100002977,0,,False,True,,,,filter,59.287232843320766,10.397892517664374,
67,1500,2006-02-01T00:00:00,,False,,False,0001-01-01T00:00:00,4413,0,,False,True,,,,filter,59.27039693624158,10.410108136567388,
128,1000,2013-04-01T00:00:00,,False,,False,0001-01-01T00:00:00,4448,0,,False,True,,,,filter,59.26865258991269,10.410165348169334,
37,2000,2016-10-01T00:00:00,,False,,False,0001-01-01T00:00:00,100000174,0,,False,True,,,,filter,59.277933326965794,10.426669598630458,
28,1000,2001-05-01T00:00:00,,False,,True,0001-01-01T00:00:00,4613,0,,False,True,,,,filter,59.412371206536875,10.282510595805885,
67,1400,2004-06-01T00:00:00,,False,,False,0001-01-01T00:00:00,4414,0,,False,True,,,,filter,59.2715690967849,10.46948102128189,
113,700,2001-05-01T00:00:00,,False,,False,0001-01-01T00:00:00,4616,0,,False,True,,,,filter,59.37277923703614,10.268487510125246,
12,1300,2001-05-01T00:00:00,,False,,False,0001-01-01T00:00:00,4428,0,,False,True,,,,filter,59.268027285893524,10.427023216097657,
86,750,2021-09-01T00:00:00,,False,,False,0001-01-01T00:00:00,100002980,0,,False,True,,,,filter,59.370496670120644,10.264622282795992,
56,1100,2016-10-01T00:00:00,,False,,True,0001-01-01T00:00:00,100000134,0,,False,True,,,,filter,59.41679547157944,10.284156669910567,
6,1100,2009-10-01T00:00:00,,False,,False,0001-01-01T00:00:00,4445,0,,False,True,,,,filter,59.27274811561451,10.454309923849605,
98,800,2012-09-01T00:00:00,,False,,False,0001-01-01T00:00:00,4450,0,,False,True,,,,filter,59.26850692274629,10.405381202616196,
44,1200,2012-09-01T00:00:00,,False,,False,0001-01-01T00:00:00,4446,0,,False,True,,,,filter,59.271657537037235,10.411406817024014,
45,1300,2001-05-01T00:00:00,,False,,False,0001-01-01T00:00:00,4427,0,,False,True,,,,filter,59.26507228739774,10.412453358571803,
45,900,2021-11-01T00:00:00,,False,,False,0001-01-01T00:00:00,100003150,0,,False,True,,,,filter,59.41975974192237,10.281794104178427,
0,1400,2019-04-01T00:00:00,,False,,False,0001-01-01T00:00:00,100001524,183,,True,False,,,,filter,59.26498213658139,10.410094430331885,
0,800,2025-10-01T00:00:00,,False,,False,0001-01-01T00:00:00,100006696,334,,True,False,,,,filter,59.26534218154513,10.399597764801825,
1,900,2024-09-01T00:00:00,,False,,False,0001-01-01T00:00:00,100005812,0,,False,True,,,,filter,59.272599038674706,10.428177467760458,
127,850,2013-03-01T00:00:00,,False,,False,0001-01-01T00:00:00,4648,0,,False,True,,,,filter,59.282675689144575,10.39262249721525,
0,900,2024-02-01T00:00:00,,False,,False,0001-01-01T00:00:00,100005206,6,,True,False,,,,filter,59.26950576638185,10.409392523217,
7,800,2022-09-01T00:00:00,,False,,False,0001-01-01T00:00:00,100003929,0,,False,True,,,,filter,59.27077778674703,10.413353783126386,
26,600,2015-08-01T00:00:00,,False,,True,0001-01-01T00:00:00,4451,0,,False,True,,,,filter,59.287475944921425,10.390711643288855,
6,950,2025-11-01T00:00:00,,False,,False,0001-01-01T00:00:00,100006787,0,,False,True,,,,filter,59.36938633654715,10.268653642113657,
3,1350,2022-01-01T00:00:00,,False,,False,0001-01-01T00:00:00,100003264,0,,False,True,,,,filter,59.27445056793433,10.417386056987452,
0,1150,2025-07-01T00:00:00,,False,,False,0001-01-01T00:00:00,100006485,13,,True,False,,,,filter,59.27196626786443,10.431419422743911,
0,500,2025-11-01T00:00:00,,False,,False,0001-01-01T00:00:00,100006788,287,,True,False,,,,filter,59.28397972007403,10.391543732191217,
1,1000,2001-05-01T00:00:00,,False,,False,0001-01-01T00:00:00,4424,0,,False,True,,,,filter,59.27861463780615,10.45011280594868,
39,1000,2025-07-01T00:00:00,,False,,False,0001-01-01T00:00:00,100006481,0,,False,True,,,,filter,59.276600710149765,10.466701946057862,
0,500,2025-04-01T00:00:00,,False,,True,0001-01-01T00:00:00,100006338,1,,True,False,,,,filter,59.28833398027198,10.399699870138358,
61,700,2025-02-01T00:00:00,,False,,False,0001-01-01T00:00:00,100006111,0,,False,True,,,,filter,59.370308018287346,10.271892500322762,
43,1000,2024-06-01T00:00:00,,False,,False,0001-01-01T00:00:00,100005539,0,,False,True,,,,filter,59.263816078991745,10.408271601755299,
0,500,2025-10-01T00:00:00,,False,,False,0001-01-01T00:00:00,100006697,158,,True,False,,,,filter,59.2829986026023,10.398438255082223,
56,1000,2018-10-01T00:00:00,,False,,False,0001-01-01T00:00:00,100001252,0,,False,True,,,,filter,59.26936943278518,10.413996229586491,
0,900,2021-10-07T00:00:00,,False,,False,0001-01-01T00:00:00,100003142,8,,True,False,,,,filter,59.26994002171242,10.416605144369807,
11,800,2024-01-01T00:00:00,,False,,False,0001-01-01T00:00:00,100005095,0,,False,True,,,,filter,59.2705788306838,10.411707235349411,
0,950,2023-03-01T00:00:00,,False,,False,0001-01-01T00:00:00,100004375,12,,True,False,,,,filter,59.27117028927921,10.402202106453105,
0,500,2023-09-01T00:00:00,,False,,True,0001-01-01T00:00:00,100004830,1,,True,False,,,,filter,59.28702745826704,10.401341729177616,
0,850,2017-11-01T00:00:00,,False,,False,0001-01-01T00:00:00,100000746,14,,True,False,,,,filter,59.26791446774055,10.411567435320281,
171,1000,2021-03-01T00:00:00,,False,,False,0001-01-01T00:00:00,100002683,0,,False,True,,,,filter,59.268808529024994,10.415318320606078,
0,1000,2001-05-01T00:00:00,,False,,False,0001-01-01T00:00:00,4422,51,,True,False,,,,filter,59.268455278688144,10.407133824351748,
17,950,2003-07-01T00:00:00,,False,,False,0001-01-01T00:00:00,4440,0,,False,True,,,,filter,59.268941939627105,10.417446293661502,
0,500,2024-05-01T00:00:00,,False,,False,0001-01-01T00:00:00,100005527,30,,True,False,,,,filter,59.28911062144593,10.398018383214358,
8,1100,2023-09-01T00:00:00,,False,,False,0001-01-01T00:00:00,100004788,0,,False,True,,,,filter,59.270333117419284,10.41468912867235,
0,650,2025-10-01T00:00:00,,False,,False,0001-01-01T00:00:00,100006640,0,,False,True,,,,filter,59.37158206709757,10.263411827623662,
0,1500,2005-09-01T00:00:00,,False,,False,0001-01-01T00:00:00,4443,26,,True,False,,,,filter,59.27609326064628,10.4227679251541,
0,1250,2025-03-01T00:00:00,,False,,False,0001-01-01T00:00:00,100006247,117,,True,False,,,,filter,59.27216416755333,10.43379526454237,
0,1000,2023-03-01T00:00:00,,False,,False,0001-01-01T00:00:00,100004274,4,,True,False,,,,filter,59.27795287604361,10.444950701219298,
49,800,2015-05-01T00:00:00,,False,,False,0001-01-01T00:00:00,4444,0,,False,True,,,,filter,59.26510384411483,10.405484103214091,
178,1100,2010-04-01T00:00:00,,False,,True,0001-01-01T00:00:00,4620,0,,False,True,,,,filter,59.41780090614176,10.285885521024987,
0,1300,2001-05-01T00:00:00,,False,,False,0001-01-01T00:00:00,4429,9,,True,False,,,,filter,59.26666422369058,10.427397938884436,
6,800,2016-09-01T00:00:00,,False,,False,0001-01-01T00:00:00,100000101,0,,False,True,,,,filter,59.2662982968923,10.359331070371168,
0,750,2024-05-01T00:00:00,,False,,False,0001-01-01T00:00:00,100005483,5,,True,False,,,,filter,59.267234296787024,10.40194379121304,
12,500,2025-03-01T00:00:00,,False,,True,0001-01-01T00:00:00,100006241,0,,False,True,,,,filter,59.28679643023519,10.39004763821825,
1,1100,2001-05-01T00:00:00,,False,,False,0001-01-01T00:00:00,4438,0,,False,True,,,,filter,59.27324821878895,10.449365381268503,
49,1000,2004-02-01T00:00:00,,False,,False,0001-01-01T00:00:00,4618,0,,False,True,,,,filter,59.3714384470299,10.266941815694251,
99,750,2009-10-01T00:00:00,,False,,False,0001-01-01T00:00:00,4621,0,,False,True,,,,filter,59.369185272224506,10.27327627441282,
45,850,2025-03-01T00:00:00,,False,,False,0001-01-01T00:00:00,100006240,0,,False,True,,,,filter,59.270795062189265,10.41060902828985,
0,1150,2025-09-01T00:00:00,,False,,False,0001-01-01T00:00:00,100006609,251,,True,False,,,,filter,59.260274835129444,10.358575999016848,
2,1200,2020-09-01T00:00:00,,False,,False,0001-01-01T00:00:00,100002382,0,,False,True,,,,filter,59.27076180972311,10.402686877658182,
67,800,2023-09-01T00:00:00,,False,,False,0001-01-01T00:00:00,100004767,0,,False,True,,,,filter,59.2675071733647,10.419177396158373,
0,500,2023-09-01T00:00:00,,False,,True,0001-01-01T00:00:00,100004832,9,,True,False,,,,filter,59.28626480359171,10.397028969612322,
169,950,2018-01-01T00:00:00,,False,,False,0001-01-01T00:00:00,100000807,0,,False,True,,,,filter,60.51960397070396,5.2402594210037385,
131,600,2018-01-01T00:00:00,,False,,False,0001-01-01T00:00:00,100000818,0,,False,True,,,,filter,60.54468547606438,5.298587801999326,
185,1320,2025-04-01T00:00:00,,False,,False,0001-01-01T00:00:00,100006336,0,,False,True,,,,filter,60.54676167610149,5.296992994332932,
53,700,2018-08-01T00:00:00,,False,,False,0001-01-01T00:00:00,100001106,0,,False,True,,,,filter,60.543575743459975,5.294254179489091,
76,500,2022-10-01T00:00:00,,False,,False,0001-01-01T00:00:00,100003924,0,,False,True,,,,filter,60.516148597430295,5.241111409083151,
163,900,2013-09-01T00:00:00,,False,,False,0001-01-01T00:00:00,7118,0,,False,True,,,,filter,60.542608389481494,5.28859555291695,
186,900,2017-03-01T00:00:00,,False,,False,0001-01-01T00:00:00,100000380,0,,False,True,,,,filter,60.64135987562653,5.057777273824329,
105,750,2025-10-01T00:00:00,,False,,False,0001-01-01T00:00:00,100006698,0,,False,True,,,,filter,60.543368272815904,5.291378451970953,
166,700,2019-04-01T00:00:00,,False,,False,0001-01-01T00:00:00,100001533,0,,False,True,,,,filter,60.5435916154608,5.2978395245668,
64,800,2024-03-01T00:00:00,,False,,False,0001-01-01T00:00:00,100005266,0,,False,True,,,,filter,60.52042809824304,5.234719049026478,
38,450,2001-05-01T00:00:00,,False,,False,0001-01-01T00:00:00,7066,0,,False,True,,,,filter,60.51483076475793,5.244428576714885,
159,1200,2011-09-01T00:00:00,,False,,False,0001-01-01T00:00:00,7115,0,,False,True,,,,filter,60.73955471588025,5.1673178195771206,
74,1080,2001-05-01T00:00:00,,False,,False,0001-01-01T00:00:00,7091,0,,False,True,,,,filter,60.63697220984266,5.04883694671785,
83,900,2001-05-01T00:00:00,,False,,False,0001-01-01T00:00:00,7064,0,,False,True,,,,filter,60.51698635691428,5.24339806158598,
47,750,2023-05-01T00:00:00,,False,,False,0001-01-01T00:00:00,100004476,0,,False,True,,,,filter,60.54512891086405,5.28427583217414,
173,870,2021-06-01T00:00:00,,False,,False,0001-01-01T00:00:00,100002832,0,,False,True,,,,filter,60.542452270918716,5.291574050406953,
40,1400,2003-10-01T00:00:00,,False,,False,0001-01-01T00:00:00,7109,0,,False,True,,,,filter,60.624272046110164,5.469607052644778,
182,1400,2017-03-01T00:00:00,,False,,False,0001-01-01T00:00:00,100000399,0,,False,True,,,,filter,60.54160597340977,5.293159191142908,
68,900,2001-05-01T00:00:00,,False,,False,0001-01-01T00:00:00,7067,0,,False,True,,,,filter,60.520591767216864,5.236143664558416,
62,590,2023-10-01T00:00:00,,False,,False,0001-01-01T00:00:00,100004922,0,,False,True,,,,filter,60.54324903547687,5.296339392208665,
34,825,2024-03-01T00:00:00,,False,,False,0001-01-01T00:00:00,100005304,0,,False,True,,,,filter,60.73927708737612,5.170363644066481,
146,650,2024-03-01T00:00:00,,False,,False,0001-01-01T00:00:00,100005276,0,,False,True,,,,filter,60.54314964671998,5.284805952596575,
214,1000,2012-11-01T00:00:00,,False,,False,0001-01-01T00:00:00,7120,0,,False,True,,,,filter,60.73872246364461,5.162236639206899,
80,800,2003-01-01T00:00:00,,False,,False,0001-01-01T00:00:00,7089,0,,False,True,,,,filter,60.64316404340678,5.055429350019931,
50,800,2025-08-01T00:00:00,,False,,False,0001-01-01T00:00:00,100006564,0,,False,True,,,,filter,60.51978224924714,5.235479619458514,
10,1200,2025-05-01T00:00:00,,False,,False,0001-01-01T00:00:00,100006396,0,,False,True,,,,filter,60.54438816011469,5.298651472103208,
95,1050,2024-10-01T00:00:00,,False,,False,0001-01-01T00:00:00,100005902,0,,False,True,,,,filter,60.51809145752632,5.245094580308084,
0,450,,,False,,False,0001-01-01T00:00:00,100006337,0,,False,False,,,,filter,60.52160702453513,5.23752084111321,
0,900,,,False,,False,0001-01-01T00:00:00,100006565,0,,False,False,,,,filter,60.63781692105262,5.056337028028129,
0,1000,,,False,,False,0001-01-01T00:00:00,100006960,0,,False,False,,,,filter,60.545617789530745,5.287123685054438,
0,850,,,False,,False,0001-01-01T00:00:00,100006961,0,,False,False,,,,filter,60.546841174719724,5.297947055083629,
134,900,2025-04-01T00:00:00,,False,,False,0001-01-01T00:00:00,100006367,0,,False,True,,,,filter,60.5174638432312,5.231231194548875,
248,1200,2001-05-01T00:00:00,,False,,False,0001-01-01T00:00:00,7090,0,,False,True,,,,filter,60.64093720390127,5.060154860905792,
0,930,2026-01-01T00:00:00,,False,,False,0001-01-01T00:00:00,100006835,7,,True,False,,,,filter,61.30729525409306,7.8000191317341825,
195,750,2017-05-01T00:00:00,,False,,False,0001-01-01T00:00:00,100000479,0,,False,True,,,,filter,61.309678107720025,7.809431248546417,
368,930,2006-12-01T00:00:00,,False,,False,0001-01-01T00:00:00,7279,0,,False,True,,,,filter,61.31410061688884,7.803185959349917,
14,930,2026-01-01T00:00:00,,False,,False,0001-01-01T00:00:00,100006834,0,,False,True,,,,filter,61.30976815265333,7.815388922902977,
46,700,2025-09-01T00:00:00,,False,,False,0001-01-01T00:00:00,100006586,0,,False,True,,,,filter,61.30590030411856,7.8036327123532,
0,930,,,False,,False,0001-01-01T00:00:00,100006901,61,,True,False,,,,filter,61.3109878746531,7.813798330338058,
46,1100,2023-09-01T00:00:00,,False,,False,0001-01-01T00:00:00,100004686,0,,False,True,,,,filter,60.42155847199207,5.247345111227979,
131,700,2023-09-01T00:00:00,,False,,False,0001-01-01T00:00:00,100004801,0,,False,True,,,,filter,60.40852684413369,5.2315713193695075,
74,850,2023-09-01T00:00:00,,False,,True,0001-01-01T00:00:00,100004738,0,,False,True,,,,filter,60.41530876568089,5.236131166566207,
211,800,2022-06-01T00:00:00,,False,,True,0001-01-01T00:00:00,100003597,0,,False,True,,,,filter,60.41677616918198,5.228601568793752,
109,650,2023-07-01T00:00:00,,False,,False,0001-01-01T00:00:00,100004632,0,,False,True,,,,filter,60.41793377120674,5.214524983034149,
155,650,2017-06-01T00:00:00,,False,,False,0001-01-01T00:00:00,100000525,0,,False,True,,,,filter,60.42371814954968,5.207259486477389,
142,700,2014-01-01T00:00:00,,False,,True,0001-01-01T00:00:00,7029,0,,False,True,,,,filter,60.41627189114092,5.229313005181683,
36,1400,2008-01-01T00:00:00,,False,,False,0001-01-01T00:00:00,7023,0,,False,True,,,,filter,60.4235065571211,5.213036565595762,
142,700,2020-08-01T00:00:00,,False,,True,0001-01-01T00:00:00,100002318,0,,False,True,,,,filter,60.412237767324136,5.233770524464097,
54,800,2025-06-01T00:00:00,,False,,False,0001-01-01T00:00:00,100006403,0,,False,True,,,,filter,60.42535216194696,5.211569307776111,
108,700,2023-02-04T00:00:00,,False,,True,0001-01-01T00:00:00,100004319,0,,False,True,,,,filter,60.41133332632162,5.234685341632943,
23,770,2023-04-01T00:00:00,,False,,False,0001-01-01T00:00:00,100004496,0,,False,True,,,,filter,60.41957475623663,5.218399058264971,
287,1480,2006-02-01T00:00:00,,False,,False,0001-01-01T00:00:00,7026,0,,False,True,,,,filter,60.50533503846644,5.072171708254125,
75,2320,2017-11-01T00:00:00,,False,,False,0001-01-01T00:00:00,100000756,0,,False,True,,,,filter,60.408523194833094,5.233026881485257,
21,1200,2025-11-01T00:00:00,,False,,False,0001-01-01T00:00:00,100006780,0,,False,True,,,,filter,60.42214031500473,5.231603313347719,
105,1100,2018-10-01T00:00:00,,False,,False,0001-01-01T00:00:00,100001262,0,,False,True,,,,filter,60.4171079296829,5.236642877242364,
74,800,2022-03-01T00:00:00,,False,,False,0001-01-01T00:00:00,100003391,0,,False,True,,,,filter,60.49909379358797,5.066810392746678,
13,780,2001-05-01T00:00:00,,False,,False,0001-01-01T00:00:00,7008,0,,False,True,,,,filter,60.41780299262885,5.2075205916750535,
83,760,2025-10-21T00:00:00,,False,,False,0001-01-01T00:00:00,100006784,0,,False,True,,,,filter,60.4249868154513,5.21233245557135,
174,1000,2015-11-01T00:00:00,,False,,False,0001-01-01T00:00:00,7032,0,,False,True,,,,filter,60.50340659985254,5.062791921220666,
133,1200,2022-04-01T00:00:00,,False,,False,0001-01-01T00:00:00,100003428,0,,False,True,,,,filter,60.42161887837061,5.245558033819502,
98,650,2020-09-01T00:00:00,,False,,False,0001-01-01T00:00:00,100002397,0,,False,True,,,,filter,60.42139188164011,5.208104962020446,
106,900,2023-12-01T00:00:00,,False,,False,0001-01-01T00:00:00,100005063,0,,False,True,,,,filter,60.41913258697713,5.2142284185786645,
0,1100,,,False,,False,0001-01-01T00:00:00,100005714,0,,False,False,,,,filter,60.42216350682596,5.207788140540754,
122,800,2013-09-01T00:00:00,,False,,False,0001-01-01T00:00:00,7033,0,,False,True,,,,filter,60.423114088437984,5.211268788107747,
165,700,2014-01-01T00:00:00,,False,,True,0001-01-01T00:00:00,7031,0,,False,True,,,,filter,60.41300983567046,5.238841258199673,
97,1000,2023-07-01T00:00:00,,False,,False,0001-01-01T00:00:00,100004604,0,,False,True,,,,filter,60.42090944780208,5.242332195249434,
81,1110,2022-03-01T00:00:00,,False,,False,0001-01-01T00:00:00,100003390,0,,False,True,,,,filter,60.50175904738517,5.066188392260761,
34,700,2015-01-01T00:00:00,,False,,False,0001-01-01T00:00:00,7324,0,,False,True,,,,filter,69.68853925158827,18.977738568868336,
9,780,2026-01-01T00:00:00,,False,,False,0001-01-01T00:00:00,100006909,0,,False,True,,,,filter,69.68307880230627,18.966778678256443,
0,600,2020-09-01T00:00:00,,False,,False,0001-01-01T00:00:00,100002340,89,,True,False,,,,filter,69.6819134089483,18.97170013890757,
53,865,2007-04-01T00:00:00,,False,,False,0001-01-01T00:00:00,7322,0,,False,True,,,,filter,69.68848157256207,18.97696377977363,
12,400,2024-03-01T00:00:00,,False,,False,0001-01-01T00:00:00,100005306,0,,False,True,,,,filter,60.901861676049265,7.1797450939572665,
0,400,2024-09-01T00:00:00,,False,,False,0001-01-01T00:00:00,100005801,45,,True,False,,,,filter,60.89930874898128,7.181985787225522,
62,600,2021-05-01T00:00:00,,False,,False,0001-01-01T00:00:00,100002810,0,,False,True,,,,filter,60.90698733753706,7.183360161028916,
0,400,2025-03-01T00:00:00,,False,,False,0001-01-01T00:00:00,100006223,2,,True,False,,,,filter,60.90193844779502,7.187363137303091,
31,50,2016-08-01T00:00:00,,False,,False,0001-01-01T00:00:00,100000069,0,,False,True,,,,filter,60.099988247330465,5.21788855405626,
19,900,2025-09-01T00:00:00,,False,,False,0001-01-01T00:00:00,100006553,0,,False,True,,,,filter,60.099386650258204,5.228765345156827,
27,1000,2021-03-01T00:00:00,,False,,False,0001-01-01T00:00:00,100002680,0,,False,True,,,,filter,60.10051976303689,5.233459980581141,
13,750,2024-03-01T00:00:00,,False,,False,0001-01-01T00:00:00,100005354,0,,False,True,,,,filter,60.097121997256295,5.22541214581026,
3,750,2024-09-01T00:00:00,,False,,False,0001-01-01T00:00:00,100005721,0,,False,True,,,,filter,60.10048196029756,5.230407508858644,
0,800,2023-04-01T00:00:00,,False,,False,0001-01-01T00:00:00,100004453,23,,True,False,,,,filter,60.103690486227535,5.226326354498631,
23,750,2023-09-01T00:00:00,,False,,False,0001-01-01T00:00:00,100004866,0,,False,True,,,,filter,60.10187537648446,5.2191929027232895,
3,320,2002-05-01T00:00:00,,False,,False,0001-01-01T00:00:00,6952,0,,False,True,,,,filter,60.1016669791782,5.222192569677752,
13,900,2001-05-01T00:00:00,,False,,True,0001-01-01T00:00:00,7131,0,,False,True,,,,filter,60.78241783316523,4.930538572463984,
34,500,2022-09-01T00:00:00,,False,,True,0001-01-01T00:00:00,100003718,0,,False,True,,,,filter,60.78490347892104,4.939032189174258,
6,1250,2022-09-01T00:00:00,,False,,True,0001-01-01T00:00:00,100003719,0,,False,True,,,,filter,60.78345117386234,4.9336922462306605,
337,1300,2017-09-01T00:00:00,,False,,False,0001-01-01T00:00:00,100000638,0,,False,True,,,,filter,60.38141795017762,5.225621562444954,
92,875,2025-06-01T00:00:00,,False,,False,0001-01-01T00:00:00,100006404,0,,False,True,,,,filter,60.287515004967084,5.251818226301239,
113,900,2021-07-01T00:00:00,,False,,False,0001-01-01T00:00:00,100002890,0,,False,True,,,,filter,60.29442105993558,5.257186190203971,
93,1000,2018-06-01T00:00:00,,False,,False,0001-01-01T00:00:00,100001016,0,,False,True,,,,filter,60.38634883593192,5.34051663235033,
56,1300,2001-05-01T00:00:00,,False,,False,0001-01-01T00:00:00,6423,0,,False,True,,,,filter,60.303067166121885,5.323921701902843,
130,1100,2019-08-01T00:00:00,,False,,False,0001-01-01T00:00:00,100001685,0,,False,True,,,,filter,60.29241359439597,5.325243447816098,
110,1370,2007-06-01T00:00:00,,False,,False,0001-01-01T00:00:00,6501,0,,False,True,,,,filter,60.36000472251564,5.337549749833286,
25,1100,2001-05-01T00:00:00,,False,,False,0001-01-01T00:00:00,6357,0,,False,True,,,,filter,60.31820080369819,5.2672005440292216,
111,1200,2001-05-01T00:00:00,,False,,False,0001-01-01T00:00:00,6420,0,,False,True,,,,filter,60.338807737810704,5.273840763283562,
69,700,2023-03-01T00:00:00,,False,,False,0001-01-01T00:00:00,100004282,0,,False,True,,,,filter,60.38009905653114,5.358034069271406,
70,770,2012-05-01T00:00:00,,False,,False,0001-01-01T00:00:00,6603,0,,False,True,,,,filter,60.42746666547889,5.474327148695689,
2,1050,2001-05-01T00:00:00,,False,,False,0001-01-01T00:00:00,6360,0,,False,True,,,,filter,60.31540697356245,5.267574132555291,
199,850,2021-12-01T00:00:00,,False,,False,0001-01-01T00:00:00,100003190,0,,False,True,,,,filter,60.340264680311485,5.265081654180315,
133,1550,2024-01-01T00:00:00,,False,,False,0001-01-01T00:00:00,100005096,0,,False,True,,,,filter,60.391182142677295,5.330755960094348,
51,1100,2021-01-01T00:00:00,,False,,False,0001-01-01T00:00:00,100002566,0,,False,True,,,,filter,60.31523778130677,5.34662600438122,
94,1500,2012-01-01T00:00:00,,False,,False,0001-01-01T00:00:00,6581,0,,False,True,,,,filter,60.39425755120031,5.315497786859059,
110,1200,2001-05-01T00:00:00,,False,,False,0001-01-01T00:00:00,6455,0,,False,True,,,,filter,60.388544879784384,5.321304003510531,
142,750,2021-06-01T00:00:00,,False,,False,0001-01-01T00:00:00,100002833,0,,False,True,,,,filter,60.43955079658744,5.325160577442166,
145,800,2001-05-01T00:00:00,,False,,False,0001-01-01T00:00:00,6379,0,,False,True,,,,filter,60.429881111349566,5.472283090890229,
44,1750,2001-05-01T00:00:00,,False,,False,0001-01-01T00:00:00,6363,0,,False,True,,,,filter,60.29187384953477,5.266982668264989,
61,775,2024-09-01T00:00:00,,False,,False,0001-01-01T00:00:00,100005738,0,,False,True,,,,filter,60.283605564159494,5.2592736219675515,
16,1600,2015-02-01T00:00:00,,False,,False,0001-01-01T00:00:00,6607,0,,False,True,,,,filter,60.39745778019331,5.316548627593902,
81,1100,2020-03-01T00:00:00,,False,,False,0001-01-01T00:00:00,100002091,0,,False,True,,,,filter,60.33993654005964,5.270776307097819,
273,800,2022-04-01T00:00:00,,False,,False,0001-01-01T00:00:00,100003424,0,,False,True,,,,filter,60.292385166758045,5.3264594830382,
170,900,2025-01-01T00:00:00,,False,,False,0001-01-01T00:00:00,100006079,0,,False,True,,,,filter,61.269152930345925,5.492258023187041,
23,830,2024-11-01T00:00:00,,False,,False,0001-01-01T00:00:00,100005921,0,,False,True,,,,filter,60.35839390620883,5.3666407354512335,
83,1000,2001-05-01T00:00:00,,False,,False,0001-01-01T00:00:00,6399,0,,False,True,,,,filter,60.26066624356537,5.346911252260848,
19,1000,2017-12-01T00:00:00,,False,,False,0001-01-01T00:00:00,100000766,0,,False,True,,,,filter,60.351072873835214,5.3343757989934435,
37,600,2024-03-01T00:00:00,,False,,False,0001-01-01T00:00:00,100005307,0,,False,True,,,,filter,60.37448301230599,5.329999727302009,
103,1200,2014-09-01T00:00:00,,False,,False,0001-01-01T00:00:00,6575,0,,False,True,,,,filter,60.42539180874001,5.306193115262158,
301,900,2022-10-01T00:00:00,,False,,False,0001-01-01T00:00:00,100003946,0,,False,True,,,,filter,60.36281714978667,5.239563770696642,
228,1100,2008-10-01T00:00:00,,False,,False,0001-01-01T00:00:00,6511,0,,False,True,,,,filter,60.47154567838489,5.32869521146118,
8,1450,2005-11-01T00:00:00,,False,,False,0001-01-01T00:00:00,6516,0,,False,True,,,,filter,60.397799559814544,5.309765929831508,
73,1198,2013-04-01T00:00:00,,False,,False,0001-01-01T00:00:00,6572,0,,False,True,,,,filter,60.35032028111802,5.297120315299658,
33,700,2025-09-01T00:00:00,,False,,False,0001-01-01T00:00:00,100006627,0,,False,True,,,,filter,60.359964811526105,5.372202003396781,
5,920,2016-04-01T00:00:00,,False,,False,0001-01-01T00:00:00,6562,0,,False,True,,,,filter,60.3666538415622,5.361632682375474,
51,900,2012-06-01T00:00:00,,False,,False,0001-01-01T00:00:00,6509,0,,False,True,,,,filter,60.40603121571238,5.320895281527803,
329,1200,2016-04-01T00:00:00,,False,,False,0001-01-01T00:00:00,6628,0,,False,True,,,,filter,60.395259381332565,5.32552498176239,
15,1550,2023-06-01T00:00:00,,False,,False,0001-01-01T00:00:00,100004567,0,,False,True,,,,filter,60.31965461165685,5.35694461515028,
125,1200,2016-10-01T00:00:00,,False,,False,0001-01-01T00:00:00,100000138,0,,False,True,,,,filter,60.41242296360162,5.317673895945902,
133,750,2024-06-01T00:00:00,,False,,False,0001-01-01T00:00:00,100005508,0,,False,True,,,,filter,60.376925874965984,5.345415884516706,
37,600,2026-01-01T00:00:00,,False,,False,0001-01-01T00:00:00,100006850,0,,False,True,,,,filter,60.37557825795911,5.342333609614998,
19,800,2024-05-01T00:00:00,,False,,False,0001-01-01T00:00:00,100005436,0,,False,True,,,,filter,60.358525626648095,5.354003461439568,
79,1000,2025-03-01T00:00:00,,False,,False,0001-01-01T00:00:00,100006196,0,,False,True,,,,filter,60.352104674569226,5.28907794206586,
80,900,2001-05-01T00:00:00,,False,,False,0001-01-01T00:00:00,6384,0,,False,True,,,,filter,60.42670479661946,5.466975499726405,
76,1250,2001-05-01T00:00:00,,False,,False,0001-01-01T00:00:00,6442,0,,False,True,,,,filter,60.435012210365166,5.317163977205324,
286,900,2023-09-01T00:00:00,,False,,False,0001-01-01T00:00:00,100004740,0,,False,True,,,,filter,60.47071814397248,5.316628407407102,
77,600,2014-08-01T00:00:00,,False,,False,0001-01-01T00:00:00,6613,0,,False,True,,,,filter,60.38594821274988,5.343848293879487,
193,850,2023-03-01T00:00:00,,False,,False,0001-01-01T00:00:00,100004300,0,,False,True,,,,filter,60.3671005006109,5.233632928263257,
92,1200,2016-05-01T00:00:00,,False,,False,0001-01-01T00:00:00,6546,0,,False,True,,,,filter,60.42662038455489,5.467691537303517,
214,1200,2011-04-01T00:00:00,,False,,False,0001-01-01T00:00:00,6569,0,,False,True,,,,filter,60.33573232545192,5.319065208214128,
57,1100,2004-11-01T00:00:00,,False,,False,0001-01-01T00:00:00,6508,0,,False,True,,,,filter,60.371213364131755,5.369272483408137,
49,800,2025-06-01T00:00:00,,False,,False,0001-01-01T00:00:00,100006445,0,,False,True,,,,filter,60.42131842322831,5.469858318651918,
122,1000,2022-01-01T00:00:00,,False,,False,0001-01-01T00:00:00,100003206,0,,False,True,,,,filter,60.39385222230623,5.31643623256469,
73,900,2025-08-01T00:00:00,,False,,False,0001-01-01T00:00:00,100006462,0,,False,True,,,,filter,60.355507887752566,5.362781091616757,
0,800,2026-02-01T00:00:00,,False,,False,0001-01-01T00:00:00,100006898,65,,True,False,,,,filter,60.38457919556913,5.3064696928974495,
83,1150,2019-04-01T00:00:00,,False,,False,0001-01-01T00:00:00,100001549,0,,False,True,,,,filter,60.29619749973265,5.3218096445887255,
49,700,2025-11-01T00:00:00,,False,,False,0001-01-01T00:00:00,100006805,0,,False,True,,,,filter,60.29409180110615,5.3130986614774995,
117,1050,2015-04-01T00:00:00,,False,,False,0001-01-01T00:00:00,6634,0,,False,True,,,,filter,60.3933059379029,5.325154191167215,
28,1200,2001-05-01T00:00:00,,False,,False,0001-01-01T00:00:00,6404,0,,False,True,,,,filter,60.39679950133168,5.33155417404402,
41,800,2001-05-01T00:00:00,,False,,False,0001-01-01T00:00:00,6406,0,,False,True,,,,filter,60.34555881007099,5.341532540517736,
82,1000,2013-03-01T00:00:00,,False,,False,0001-01-01T00:00:00,6601,0,,False,True,,,,filter,60.345032445326446,5.337307500496302,
27,900,2022-03-01T00:00:00,,False,,False,0001-01-01T00:00:00,100003380,0,,False,True,,,,filter,60.42297066063637,5.478056243747631,
8,1600,2013-09-01T00:00:00,,False,,False,0001-01-01T00:00:00,6617,0,,False,True,,,,filter,60.36582354167039,5.2268798768106866,
44,800,2025-06-01T00:00:00,,False,,False,0001-01-01T00:00:00,100006444,0,,False,True,,,,filter,60.42059537906454,5.46884672708081,
255,1000,2011-03-01T00:00:00,,False,,False,0001-01-01T00:00:00,6586,0,,False,True,,,,filter,60.477175353949534,5.265452080023862,
110,800,2025-05-01T00:00:00,,False,,False,0001-01-01T00:00:00,100006407,0,,False,True,,,,filter,60.38639360637519,5.300529794756055,
82,900,2016-02-01T00:00:00,,False,,False,0001-01-01T00:00:00,6630,0,,False,True,,,,filter,60.388264872491426,5.345520475164947,
191,1000,2017-08-01T00:00:00,,False,,False,0001-01-01T00:00:00,100000561,0,,False,True,,,,filter,60.29332390374074,5.2738532704872645,
244,800,2010-08-01T00:00:00,,False,,False,0001-01-01T00:00:00,6568,0,,False,True,,,,filter,60.47202612835889,5.3163325069890455,
91,1100,2001-11-01T00:00:00,,False,,False,0001-01-01T00:00:00,6505,0,,False,True,,,,filter,60.33189173753838,5.305612852496493,
20,1150,2001-05-01T00:00:00,,False,,False,0001-01-01T00:00:00,6358,0,,False,True,,,,filter,60.392831876586015,5.332758786683973,
16,1800,2010-09-01T00:00:00,,False,,False,0001-01-01T00:00:00,6549,0,,False,True,,,,filter,60.39895770518631,5.322007555784913,
205,820,2022-10-01T00:00:00,,False,,False,0001-01-01T00:00:00,100003923,0,,False,True,,,,filter,60.43515932449994,5.325008873093745,
131,900,2021-01-01T00:00:00,,False,,False,0001-01-01T00:00:00,100002565,0,,False,True,,,,filter,60.35944070253996,5.371252603124904,
148,900,2013-01-01T00:00:00,,False,,False,0001-01-01T00:00:00,6593,0,,False,True,,,,filter,60.295203193419056,5.268624885722561,
69,1500,2001-05-01T00:00:00,,False,,False,0001-01-01T00:00:00,6411,0,,False,True,,,,filter,60.309809644783144,5.325526733296481,
11,1035,2017-09-01T00:00:00,,False,,False,0001-01-01T00:00:00,100000641,0,,False,True,,,,filter,60.35889430575623,5.359580159586079,
218,600,2023-03-01T00:00:00,,False,,False,0001-01-01T00:00:00,100004349,0,,False,True,,,,filter,60.476090075094504,5.264138995720375,
47,1500,2006-08-01T00:00:00,,False,,False,0001-01-01T00:00:00,6538,0,,False,True,,,,filter,60.38862054139154,5.323294767532467,
36,1650,2025-11-01T00:00:00,,False,,False,0001-01-01T00:00:00,100006757,0,,False,True,,,,filter,60.47292734611824,5.325189524639975,
161,900,2018-04-01T00:00:00,,False,,False,0001-01-01T00:00:00,100000953,0,,False,True,,,,filter,61.27342695696902,5.501769832144029,
74,1100,2014-07-01T00:00:00,,False,,False,0001-01-01T00:00:00,6621,0,,False,True,,,,filter,60.463546109649364,5.334556361396901,
98,1500,2003-03-01T00:00:00,,False,,False,0001-01-01T00:00:00,6514,0,,False,True,,,,filter,60.38895933403379,5.319626720252437,
18,800,2022-02-01T00:00:00,,False,,False,0001-01-01T00:00:00,100003315,0,,False,True,,,,filter,60.374132545809054,5.337911112511437,
27,1000,2010-07-01T00:00:00,,False,,False,0001-01-01T00:00:00,6471,0,,False,True,,,,filter,60.28358728050787,5.249384704848116,
197,1000,2001-06-01T00:00:00,,False,,False,0001-01-01T00:00:00,6495,0,,False,True,,,,filter,60.377925047024135,5.341430190210935,
229,1470,2015-03-01T00:00:00,,False,,False,0001-01-01T00:00:00,6629,0,,False,True,,,,filter,60.319494158337314,5.350517652917637,
150,1100,2021-04-01T00:00:00,,False,,False,0001-01-01T00:00:00,100002755,0,,False,True,,,,filter,60.471669166476815,5.312879750011347,
113,1100,2001-05-01T00:00:00,,False,,False,0001-01-01T00:00:00,6347,0,,False,True,,,,filter,60.38607336836213,5.326816971468765,
257,1100,2014-08-01T00:00:00,,False,,False,0001-01-01T00:00:00,6625,0,,False,True,,,,filter,60.472226624064135,5.313043294442164,
80,720,2025-01-01T00:00:00,,False,,False,0001-01-01T00:00:00,100006025,0,,False,True,,,,filter,60.38788219881033,5.349224022111919,
30,700,2024-06-01T00:00:00,,False,,False,0001-01-01T00:00:00,100005506,0,,False,True,,,,filter,60.37599007926996,5.334980711560967,
19,1100,2013-01-01T00:00:00,,False,,False,0001-01-01T00:00:00,6612,0,,False,True,,,,filter,60.36093709103893,5.358429440352096,
50,950,2001-05-01T00:00:00,,False,,False,0001-01-01T00:00:00,6413,0,,False,True,,,,filter,60.33784537983429,5.312744654961161,
73,1100,2001-05-01T00:00:00,,False,,False,0001-01-01T00:00:00,6447,0,,False,True,,,,filter,60.462540029937294,5.320461993582056,
113,800,2001-05-01T00:00:00,,False,,False,0001-01-01T00:00:00,6301,0,,False,True,,,,filter,60.43620267344088,5.32235261550236,
47,1250,2025-08-01T00:00:00,,False,,False,0001-01-01T00:00:00,100006466,0,,False,True,,,,filter,60.35879144115187,5.371440718065913,
24,700,2024-06-01T00:00:00,,False,,False,0001-01-01T00:00:00,100005511,0,,False,True,,,,filter,60.37874926343317,5.329006333087157,
116,1100,2001-05-01T00:00:00,,False,,False,0001-01-01T00:00:00,6398,0,,False,True,,,,filter,60.31913831749638,5.356893035367989,
101,800,2016-05-01T00:00:00,,False,,False,0001-01-01T00:00:00,6557,0,,False,True,,,,filter,60.38999766133758,5.33286998656033,
230,975,2012-10-01T00:00:00,,False,,False,0001-01-01T00:00:00,6517,0,,False,True,,,,filter,60.261436179396036,5.348857349942966,
81,800,2023-10-01T00:00:00,,False,,False,0001-01-01T00:00:00,100004914,0,,False,True,,,,filter,60.38928392330118,5.3087574926030205,
66,1400,2001-05-01T00:00:00,,False,,False,0001-01-01T00:00:00,6408,0,,False,True,,,,filter,60.35270175470245,5.287144964561355,
75,1200,2012-06-01T00:00:00,,False,,False,0001-01-01T00:00:00,6584,0,,False,True,,,,filter,60.410220431320916,5.3137753110913,
17,1200,2015-02-01T00:00:00,,False,,False,0001-01-01T00:00:00,6389,0,,False,True,,,,filter,60.395163306877414,5.305930316372169,
2,1250,2025-09-01T00:00:00,,False,,False,0001-01-01T00:00:00,100006463,0,,False,True,,,,filter,60.29355679313897,5.316909631207902,
125,1400,2024-07-01T00:00:00,,False,,False,0001-01-01T00:00:00,100005577,0,,False,True,,,,filter,60.460989591686186,5.329663634459055,
7,1250,2020-07-01T00:00:00,,False,,False,0001-01-01T00:00:00,100002256,0,,False,True,,,,filter,60.38896426495345,5.342119561641992,
38,1350,2025-02-01T00:00:00,,False,,False,0001-01-01T00:00:00,100006040,0,,False,True,,,,filter,60.351165117974865,5.2872418685300575,
125,1000,2021-04-01T00:00:00,,False,,False,0001-01-01T00:00:00,100002731,0,,False,True,,,,filter,60.32171884976809,5.34561668738252,
17,850,2001-05-01T00:00:00,,False,,False,0001-01-01T00:00:00,6344,0,,False,True,,,,filter,60.374221180747995,5.3372146475967375,
182,1000,2017-06-01T00:00:00,,False,,False,0001-01-01T00:00:00,100000490,0,,False,True,,,,filter,60.390617906448476,5.317398324864494,
58,1500,2009-03-01T00:00:00,,False,,False,0001-01-01T00:00:00,6559,0,,False,True,,,,filter,60.38152703065255,5.224423431474258,
19,1900,2001-05-01T00:00:00,,False,,False,0001-01-01T00:00:00,6448,0,,False,True,,,,filter,60.303330966222525,5.329140531856849,
47,1150,2001-05-01T00:00:00,,False,,False,0001-01-01T00:00:00,6346,0,,False,True,,,,filter,60.38453191753684,5.308619338282422,
275,1200,2018-01-01T00:00:00,,False,,False,0001-01-01T00:00:00,100000809,0,,False,True,,,,filter,60.302043605501325,5.286782407587764,
4,1420,2005-06-01T00:00:00,,False,,False,0001-01-01T00:00:00,6512,0,,False,True,,,,filter,60.356621775711474,5.346900940355543,
130,925,2018-01-01T00:00:00,,False,,False,0001-01-01T00:00:00,100000754,0,,False,True,,,,filter,60.39117709492743,5.332368776907157,
100,1200,2022-04-01T00:00:00,,False,,False,0001-01-01T00:00:00,100003423,0,,False,True,,,,filter,60.39325746409674,5.327816761159483,
100,1300,2012-01-01T00:00:00,,False,,False,0001-01-01T00:00:00,6567,0,,False,True,,,,filter,60.39938640213557,5.312712171078523,
12,1000,2024-09-01T00:00:00,,False,,False,0001-01-01T00:00:00,100005737,0,,False,True,,,,filter,60.41859054974619,5.467717161044653,
59,850,2021-09-01T00:00:00,,False,,False,0001-01-01T00:00:00,100002958,0,,False,True,,,,filter,60.424289750327006,5.473081274720213,
19,1150,2020-09-01T00:00:00,,False,,False,0001-01-01T00:00:00,100002379,0,,False,True,,,,filter,60.288200414072826,5.321556808530685,
161,1200,2011-10-01T00:00:00,,False,,False,0001-01-01T00:00:00,6520,0,,False,True,,,,filter,60.397155455784855,5.327583766359335,
15,1200,2017-09-01T00:00:00,,False,,False,0001-01-01T00:00:00,100000545,0,,False,True,,,,filter,60.39210986119999,5.344940408144385,
0,1500,2013-09-01T00:00:00,,False,,False,0001-01-01T00:00:00,6537,14,,True,False,,,,filter,60.37577894179982,5.345611843006441,
140,1000,2001-05-01T00:00:00,,False,,False,0001-01-01T00:00:00,6306,0,,False,True,,,,filter,60.47594301493768,5.269334412794336,
227,1100,2011-02-01T00:00:00,,False,,False,0001-01-01T00:00:00,6563,0,,False,True,,,,filter,60.32207729910318,5.350447958599898,
89,1100,2007-11-01T00:00:00,,False,,False,0001-01-01T00:00:00,6539,0,,False,True,,,,filter,60.34518155263048,5.286281587170454,
100,1520,2005-02-01T00:00:00,,False,,False,0001-01-01T00:00:00,6529,0,,False,True,,,,filter,60.38226060385998,5.211329011446067,
107,1150,2021-08-01T00:00:00,,False,,False,0001-01-01T00:00:00,100002923,0,,False,True,,,,filter,60.33782200272794,5.311274812627618,
104,1050,2025-04-01T00:00:00,,False,,False,0001-01-01T00:00:00,100006339,0,,False,True,,,,filter,60.3918276903966,5.317617544905959,
130,1000,2016-01-01T00:00:00,,False,,False,0001-01-01T00:00:00,6620,0,,False,True,,,,filter,60.32334234368763,5.353235462045092,
100,900,2015-10-01T00:00:00,,False,,False,0001-01-01T00:00:00,6560,0,,False,True,,,,filter,60.37409717607627,5.342068081849291,
18,1230,2022-04-01T00:00:00,,False,,False,0001-01-01T00:00:00,100003436,0,,False,True,,,,filter,60.357803640758284,5.339399800927867,
123,1510,2010-10-01T00:00:00,,False,,False,0001-01-01T00:00:00,6521,0,,False,True,,,,filter,60.29473242540672,5.264549914214605,
48,1000,2019-03-01T00:00:00,,False,,False,0001-01-01T00:00:00,100001497,0,,False,True,,,,filter,60.353313754559444,5.373723498330328,
11,600,2024-09-01T00:00:00,,False,,False,0001-01-01T00:00:00,100005762,0,,False,True,,,,filter,60.3011826893573,5.319176819700807,
66,1000,2020-08-01T00:00:00,,False,,False,0001-01-01T00:00:00,100002311,0,,False,True,,,,filter,60.295545779903776,5.259573601193322,
77,850,2012-09-01T00:00:00,,False,,False,0001-01-01T00:00:00,6605,0,,False,True,,,,filter,60.42904008013188,5.467003412733537,
75,1300,2001-05-01T00:00:00,,False,,False,0001-01-01T00:00:00,6368,0,,False,True,,,,filter,60.29118159019171,5.321382092526703,
31,650,2024-06-01T00:00:00,,False,,False,0001-01-01T00:00:00,100005512,0,,False,True,,,,filter,60.37774101108058,5.340057607706295,
25,1180,2001-05-01T00:00:00,,False,,False,0001-01-01T00:00:00,6435,0,,False,True,,,,filter,60.39077663074489,5.322649077382944,
46,1000,2001-05-01T00:00:00,,False,,False,0001-01-01T00:00:00,6415,0,,False,True,,,,filter,60.35066229190243,5.338812060239381,
54,1450,2010-03-01T00:00:00,,False,,False,0001-01-01T00:00:00,6555,0,,False,True,,,,filter,60.30734846270547,5.33495191833904,
144,900,2018-02-01T00:00:00,,False,,False,0001-01-01T00:00:00,100000834,0,,False,True,,,,filter,61.2710780729469,5.503277033155362,
103,1200,2014-03-01T00:00:00,,False,,False,0001-01-01T00:00:00,6618,0,,False,True,,,,filter,60.35139768423745,5.2871103566694835,
0,750,2001-05-01T00:00:00,,False,,False,0001-01-01T00:00:00,6331,10,,True,False,,,,filter,60.30212818248348,5.32504814610666,
193,850,2010-09-01T00:00:00,,False,,False,0001-01-01T00:00:00,6543,0,,False,True,,,,filter,60.423545453781855,5.476877355481563,
21,780,2025-01-01T00:00:00,,False,,False,0001-01-01T00:00:00,100006064,0,,False,True,,,,filter,60.356348678389665,5.347533723116332,
178,1040,2015-09-01T00:00:00,,False,,False,0001-01-01T00:00:00,6636,0,,False,True,,,,filter,60.35076785205945,5.283391320930587,
173,1050,2021-08-01T00:00:00,,False,,False,0001-01-01T00:00:00,100002887,0,,False,True,,,,filter,60.26267952692519,5.344990783586131,
14,900,2001-06-01T00:00:00,,False,,False,0001-01-01T00:00:00,6488,0,,False,True,,,,filter,60.360647778865605,5.333888953489422,
20,750,2025-11-01T00:00:00,,False,,False,0001-01-01T00:00:00,100006797,0,,False,True,,,,filter,60.32010524270302,5.346347331961681,
92,1000,2001-05-01T00:00:00,,False,,False,0001-01-01T00:00:00,6356,0,,False,True,,,,filter,60.38186167980119,5.22191377811267,
117,1000,2022-05-01T00:00:00,,False,,False,0001-01-01T00:00:00,100003363,0,,False,True,,,,filter,60.380088220653164,5.222780885993249,
0,1150,2024-10-01T00:00:00,,False,,False,0001-01-01T00:00:00,100005833,26,,True,False,,,,filter,60.29919988130786,5.32658127565127,
19,1400,2019-03-01T00:00:00,,False,,False,0001-01-01T00:00:00,100001466,0,,False,True,,,,filter,60.46227939732986,5.328259505568448,
208,900,2018-08-01T00:00:00,,False,,False,0001-01-01T00:00:00,100001119,0,,False,True,,,,filter,60.47372544548055,5.273231334442882,
33,800,2016-02-01T00:00:00,,False,,False,0001-01-01T00:00:00,6609,0,,False,True,,,,filter,60.426713482902926,5.466517094743575,
117,800,2024-06-01T00:00:00,,False,,False,0001-01-01T00:00:00,100005509,0,,False,True,,,,filter,60.37885354099305,5.3403004272681756,
80,1000,2024-08-01T00:00:00,,False,,False,0001-01-01T00:00:00,100005616,0,,False,True,,,,filter,60.397563448188485,5.311815386555132,
90,1200,2005-04-01T00:00:00,,False,,False,0001-01-01T00:00:00,6532,0,,False,True,,,,filter,60.38857751825177,5.322856955453728,
152,950,2022-06-01T00:00:00,,False,,False,0001-01-01T00:00:00,100003571,0,,False,True,,,,filter,60.47186975513398,5.270526741879367,
78,900,2023-10-01T00:00:00,,False,,False,0001-01-01T00:00:00,100004924,0,,False,True,,,,filter,60.36808443894475,5.369768102800139,
232,850,2024-05-01T00:00:00,,False,,False,0001-01-01T00:00:00,100005437,0,,False,True,,,,filter,60.34967745655887,5.290262238289378,
138,1100,2020-10-01T00:00:00,,False,,False,0001-01-01T00:00:00,100002483,0,,False,True,,,,filter,60.47392977215381,5.313968886002046,
0,700,2025-11-01T00:00:00,,False,,False,0001-01-01T00:00:00,100006810,70,,True,False,,,,filter,60.29426828951511,5.326228767904943,
21,700,2024-06-01T00:00:00,,False,,False,0001-01-01T00:00:00,100005510,0,,False,True,,,,filter,60.37267573164287,5.338500996286691,
95,1300,2001-05-01T00:00:00,,False,,False,0001-01-01T00:00:00,6418,0,,False,True,,,,filter,60.303949149094116,5.318414091917701,
47,700,2022-01-01T00:00:00,,False,,False,0001-01-01T00:00:00,100003203,0,,False,True,,,,filter,60.379663176247895,5.337735323733234,
5,720,2025-11-01T00:00:00,,False,,False,0001-01-01T00:00:00,100006796,0,,False,True,,,,filter,60.31899468908934,5.355175355983116,
215,1050,2023-06-01T00:00:00,,False,,False,0001-01-01T00:00:00,100004566,0,,False,True,,,,filter,60.346196886324734,5.29101420740221,
31,1000,2010-07-01T00:00:00,,False,,False,0001-01-01T00:00:00,6553,0,,False,True,,,,filter,60.377553605811826,5.330806674682478,
60,850,2025-09-01T00:00:00,,False,,False,0001-01-01T00:00:00,100006619,0,,False,True,,,,filter,60.3932357650374,5.323573239250421,
143,950,2022-05-01T00:00:00,,False,,False,0001-01-01T00:00:00,100003485,0,,False,True,,,,filter,60.364277531632915,5.239153341314639,
183,1000,2014-02-01T00:00:00,,False,,False,0001-01-01T00:00:00,6536,0,,False,True,,,,filter,60.423233927741606,5.465044018669741,
63,1300,2018-02-01T00:00:00,,False,,False,0001-01-01T00:00:00,100000837,0,,False,True,,,,filter,60.3569914650214,5.360243347794371,
87,1100,2025-03-01T00:00:00,,False,,False,0001-01-01T00:00:00,100006244,0,,False,True,,,,filter,60.402980173990706,5.32167297481923,
17,910,2023-10-01T00:00:00,,False,,False,0001-01-01T00:00:00,100004907,0,,False,True,,,,filter,60.37335089137598,5.334888379023857,
57,1150,2008-04-01T00:00:00,,False,,False,0001-01-01T00:00:00,6487,0,,False,True,,,,filter,60.29131339424441,5.326654262186774,
5,1300,2001-05-01T00:00:00,,False,,False,0001-01-01T00:00:00,6374,0,,False,True,,,,filter,60.3019110993071,5.277223256944015,
103,1200,2016-01-01T00:00:00,,False,,False,0001-01-01T00:00:00,6622,0,,False,True,,,,filter,60.319165806246225,5.345429739727256,
0,700,2025-12-01T00:00:00,,False,,False,0001-01-01T00:00:00,100006848,65,,True,False,,,,filter,60.34487667726024,5.337837761907845,
27,1000,2025-05-01T00:00:00,,False,,False,0001-01-01T00:00:00,100006369,0,,False,True,,,,filter,60.3792998569952,5.222772728638088,
33,1000,2019-10-01T00:00:00,,False,,False,0001-01-01T00:00:00,100001870,0,,False,True,,,,filter,60.38518500107299,5.21647787280041,
95,900,2019-09-01T00:00:00,,False,,False,0001-01-01T00:00:00,100001747,0,,False,True,,,,filter,60.43693708773676,5.325281345074049,
45,600,2024-05-01T00:00:00,,False,,False,0001-01-01T00:00:00,100005434,0,,False,True,,,,filter,60.385095259280426,5.35464418136589,
0,950,2022-05-01T00:00:00,,False,,False,0001-01-01T00:00:00,100003486,0,,False,True,,,,filter,60.34517739907841,5.331383325030491,
119,1000,2017-02-01T00:00:00,,False,,False,0001-01-01T00:00:00,100000350,0,,False,True,,,,filter,60.46260361121207,5.320466931931848,
123,1100,2019-05-01T00:00:00,,False,,False,0001-01-01T00:00:00,100001570,0,,False,True,,,,filter,60.35679403696461,5.364848737776153,
0,1850,2001-05-01T00:00:00,,False,,False,0001-01-01T00:00:00,6424,0,,False,True,,,,filter,60.261504029854,5.340646206519072,
22,1300,2021-08-01T00:00:00,,False,,False,0001-01-01T00:00:00,100002886,0,,False,True,,,,filter,60.26646852672385,5.346160586291078,
62,1200,2014-09-01T00:00:00,,False,,False,0001-01-01T00:00:00,6594,0,,False,True,,,,filter,60.33226137212026,5.304320810027499,
3,800,2025-12-01T00:00:00,,False,,False,0001-01-01T00:00:00,100006813,0,,False,True,,,,filter,60.38423938127697,5.362626514233127,
133,1350,2001-05-01T00:00:00,,False,,False,0001-01-01T00:00:00,6367,0,,False,True,,,,filter,60.38366015886377,5.3011369462129325,
5,1150,2001-05-01T00:00:00,,False,,False,0001-01-01T00:00:00,6475,0,,False,True,,,,filter,60.29769112416093,5.323860533574911,
64,1000,2016-07-01T00:00:00,,False,,False,0001-01-01T00:00:00,100000003,0,,False,True,,,,filter,60.36339584481117,5.24076269353081,
8,920,2024-08-01T00:00:00,,False,,False,0001-01-01T00:00:00,100005617,0,,False,True,,,,filter,60.38034834378662,5.366702017058602,
3,1000,2025-01-01T00:00:00,,False,,False,0001-01-01T00:00:00,100006049,0,,False,True,,,,filter,60.38978410698928,5.3206946492066285,
31,1000,2017-11-01T00:00:00,,False,,False,0001-01-01T00:00:00,100000726,0,,False,True,,,,filter,60.380534522325554,5.333712500574855,
58,900,2024-10-01T00:00:00,,False,,False,0001-01-01T00:00:00,100005831,0,,False,True,,,,filter,60.39769506470151,5.314315742361677,
53,1400,2001-05-01T00:00:00,,False,,False,0001-01-01T00:00:00,6378,0,,False,True,,,,filter,60.30246620111751,5.278228654514834,
14,500,2025-09-01T00:00:00,,False,,False,0001-01-01T00:00:00,100006623,0,,False,True,,,,filter,60.38129449062298,5.3575355413809,
35,280,2001-05-01T00:00:00,,False,,False,0001-01-01T00:00:00,6312,0,,False,True,,,,filter,60.45962838045407,5.337870801843626,
5,1450,2024-08-01T00:00:00,,False,,False,0001-01-01T00:00:00,100005504,0,,False,True,,,,filter,60.30476545545726,5.330923562654799,
112,900,2020-03-01T00:00:00,,False,,False,0001-01-01T00:00:00,100002075,0,,False,True,,,,filter,60.39905185714607,5.3168809744689165,
168,1200,2010-12-01T00:00:00,,False,,False,0001-01-01T00:00:00,6580,0,,False,True,,,,filter,60.39164243037354,5.331495005024796,
34,1370,2007-02-01T00:00:00,,False,,False,0001-01-01T00:00:00,6527,0,,False,True,,,,filter,60.33596402705871,5.315965191910706,
29,1400,2001-05-01T00:00:00,,False,,False,0001-01-01T00:00:00,6440,0,,False,True,,,,filter,60.39235072507317,5.324659816609834,
8,1400,2001-05-01T00:00:00,,False,,False,0001-01-01T00:00:00,6474,0,,False,True,,,,filter,60.262068419465805,5.339494197142667,
50,750,2023-10-01T00:00:00,,False,,False,0001-01-01T00:00:00,100004926,0,,False,True,,,,filter,60.46840892517818,5.326414701301028,
9,600,2024-05-01T00:00:00,,False,,False,0001-01-01T00:00:00,100005438,0,,False,True,,,,filter,60.38390763610993,5.354571451581363,
0,800,2026-02-01T00:00:00,,False,,False,0001-01-01T00:00:00,100006964,32,,True,False,,,,filter,60.37814135571131,5.215965326743393,
0,2110,2013-02-01T00:00:00,,False,,False,0001-01-01T00:00:00,6614,0,,False,True,,,,filter,60.38884569485181,5.326202993308887,
63,850,2016-05-01T00:00:00,,False,,False,0001-01-01T00:00:00,6640,0,,False,True,,,,filter,60.357693714144865,5.358859436576867,
80,1100,2025-12-01T00:00:00,,False,,False,0001-01-01T00:00:00,100006849,0,,False,True,,,,filter,60.347226278769575,5.285084323493692,
52,900,2022-09-01T00:00:00,,False,,False,0001-01-01T00:00:00,100003822,0,,False,True,,,,filter,60.35795164777673,5.368994112868421,
65,1000,2016-02-01T00:00:00,,False,,False,0001-01-01T00:00:00,6637,0,,False,True,,,,filter,60.350931928377385,5.289511723739623,
23,1080,2024-09-01T00:00:00,,False,,False,0001-01-01T00:00:00,100005736,0,,False,True,,,,filter,60.356583259991844,5.355859203895626,
0,1300,2018-11-01T00:00:00,,False,,False,0001-01-01T00:00:00,100001322,5,,True,False,,,,filter,60.37392534836365,5.33756771666986,
106,750,2021-12-01T00:00:00,,False,,False,0001-01-01T00:00:00,100003172,0,,False,True,,,,filter,60.39055095320907,5.344499992863253,
173,1250,2004-01-01T00:00:00,,False,,False,0001-01-01T00:00:00,6464,0,,False,True,,,,filter,60.33933285249167,5.262943380237525,
41,1100,2001-05-01T00:00:00,,False,,False,0001-01-01T00:00:00,6365,0,,False,True,,,,filter,60.38471482039402,5.291572606654074,
26,1000,2024-10-01T00:00:00,,False,,False,0001-01-01T00:00:00,100005828,0,,False,True,,,,filter,60.39504801240007,5.306100253583203,
130,1500,2018-08-01T00:00:00,,False,,False,0001-01-01T00:00:00,100001101,0,,False,True,,,,filter,60.41173253137671,5.330758606920484,
90,1450,2021-06-01T00:00:00,,False,,False,0001-01-01T00:00:00,100002834,0,,False,True,,,,filter,60.38939513572955,5.321534483904793,
78,850,2021-09-01T00:00:00,,False,,False,0001-01-01T00:00:00,100002938,0,,False,True,,,,filter,60.3511416189899,5.297036233704306,
121,1200,2015-02-01T00:00:00,,False,,False,0001-01-01T00:00:00,6631,0,,False,True,,,,filter,60.3973900268786,5.312928597479517,
13,1030,2024-12-01T00:00:00,,False,,False,0001-01-01T00:00:00,100006019,0,,False,True,,,,filter,60.35578763210296,5.3516592771828595,
88,1200,2012-11-01T00:00:00,,False,,False,0001-01-01T00:00:00,6587,0,,False,True,,,,filter,60.40585140000632,5.330494436242248,
55,1200,2001-05-01T00:00:00,,False,,False,0001-01-01T00:00:00,6377,0,,False,True,,,,filter,60.33963655427523,5.276005742263518,
2,1550,2016-04-01T00:00:00,,False,,False,0001-01-01T00:00:00,6638,0,,False,True,,,,filter,60.36794815674768,5.235327586886562,
215,1300,2008-11-01T00:00:00,,False,,False,0001-01-01T00:00:00,6558,0,,False,True,,,,filter,60.33735034776114,5.279223157234236,
0,1200,2007-06-01T00:00:00,,False,,False,0001-01-01T00:00:00,6533,3,,True,False,,,,filter,60.31893493791685,5.348798766952002,
125,1000,2024-06-01T00:00:00,,False,,False,0001-01-01T00:00:00,100005522,0,,False,True,,,,filter,60.31744432883925,5.273811933256155,
13,1250,2019-04-01T00:00:00,,False,,False,0001-01-01T00:00:00,100001530,0,,False,True,,,,filter,60.38794036677933,5.295547768163321,
189,1050,2006-01-01T00:00:00,,False,,False,0001-01-01T00:00:00,6522,0,,False,True,,,,filter,60.3631013258909,5.227358347337815,
0,1100,2024-09-01T00:00:00,,False,,False,0001-01-01T00:00:00,100005830,12,,True,False,,,,filter,60.390601925833515,5.32238571508915,
163,1300,2008-06-01T00:00:00,,False,,False,0001-01-01T00:00:00,6554,0,,False,True,,,,filter,60.303766588325416,5.32754600602438,
123,900,2019-09-01T00:00:00,,False,,False,0001-01-01T00:00:00,100001753,0,,False,True,,,,filter,60.33790432116709,5.271444386519367,
64,1450,2012-11-01T00:00:00,,False,,False,0001-01-01T00:00:00,6577,0,,False,True,,,,filter,60.30155967642763,5.329002405108111,
19,1670,2009-11-01T00:00:00,,False,,False,0001-01-01T00:00:00,6510,0,,False,True,,,,filter,60.35099824143026,5.357562201381285,
25,850,2021-03-01T00:00:00,,False,,False,0001-01-01T00:00:00,100002669,0,,False,True,,,,filter,60.35264726200903,5.296525713275542,
0,200,,,False,,False,0001-01-01T00:00:00,100003827,0,,False,False,,,,filter,60.38179841501495,5.3598938092076756,
0,950,,,False,,False,0001-01-01T00:00:00,100005435,17,,True,False,,,,filter,60.40286208165834,5.309098909121009,
0,900,,,False,,False,0001-01-01T00:00:00,100005552,10,,True,False,,,,filter,60.397722029779466,5.314073582777658,
0,1000,,,False,,False,0001-01-01T00:00:00,100006062,11,,True,False,,,,filter,60.39605502450652,5.304315286161992,
0,1000,,,False,,False,0001-01-01T00:00:00,100006282,0,,False,False,,,,filter,60.403217006263624,5.333077433916566,
0,950,,,False,,False,0001-01-01T00:00:00,100006398,0,,False,False,,,,filter,60.463795468373895,5.337035322396809,
0,1300,,,False,,False,0001-01-01T00:00:00,100006720,4,,True,False,,,,filter,60.428602742240756,5.302115950808385,
0,500,,,False,,False,0001-01-01T00:00:00,100006779,0,,False,False,,,,filter,61.27051004549899,5.504967126435146,
0,950,,,False,,False,0001-01-01T00:00:00,100006815,13,,True,False,,,,filter,60.37096040881653,5.362507188266986,
0,700,,,False,,False,0001-01-01T00:00:00,100006818,0,,False,False,,,,filter,60.3998144929136,5.313118838147296,
0,500,,,False,,False,0001-01-01T00:00:00,100006824,0,,False,False,,,,filter,61.26703757231683,5.498474815486436,
0,1200,,,False,,False,0001-01-01T00:00:00,100006825,30,,True,False,,,,filter,60.42439198073639,5.305936405910836,
0,1000,,,False,,False,0001-01-01T00:00:00,100006919,0,,False,False,,,,filter,60.400974570826946,5.308875758852432,
104,1000,2015-01-01T00:00:00,,False,,False,0001-01-01T00:00:00,6588,0,,False,True,,,,filter,60.35686635453333,5.361495850498826,
64,800,2020-04-01T00:00:00,,False,,False,0001-01-01T00:00:00,100002165,0,,False,True,,,,filter,60.35820127172369,5.360101492240374,
76,650,2024-10-01T00:00:00,,False,,False,0001-01-01T00:00:00,100005873,0,,False,True,,,,filter,60.4644016198658,5.325757147380595,
55,950,2022-05-01T00:00:00,,False,,False,0001-01-01T00:00:00,100003487,0,,False,True,,,,filter,60.36309951177353,5.347431196550346,
91,800,2025-08-01T00:00:00,,False,,False,0001-01-01T00:00:00,100006461,0,,False,True,,,,filter,60.47800197785942,5.26682223679821,
51,1300,2018-08-01T00:00:00,,False,,False,0001-01-01T00:00:00,100001128,0,,False,True,,,,filter,60.3525945179771,5.364128588151737,
10,1050,2020-03-01T00:00:00,,False,,False,0001-01-01T00:00:00,100002092,0,,False,True,,,,filter,60.364977575481774,5.363123760347932,
364,1000,2013-06-01T00:00:00,,False,,False,0001-01-01T00:00:00,6623,0,,False,True,,,,filter,60.359936304135424,5.23710319024422,
61,950,2001-05-01T00:00:00,,False,,False,0001-01-01T00:00:00,6294,0,,False,True,,,,filter,60.39151676997886,5.342535168531048,
22,1900,2010-04-01T00:00:00,,False,,False,0001-01-01T00:00:00,6564,0,,False,True,,,,filter,60.35236518463979,5.334931378939884,
60,1200,2001-05-01T00:00:00,,False,,False,0001-01-01T00:00:00,6385,0,,False,True,,,,filter,60.284208276511606,5.2508581018785385,
0,750,2026-01-01T00:00:00,,False,,False,0001-01-01T00:00:00,100006852,6,,True,False,,,,filter,60.29957153163792,5.321476711117617,
41,1200,2016-05-01T00:00:00,,False,,False,0001-01-01T00:00:00,6626,0,,False,True,,,,filter,60.47175737429062,5.328281509110565,
27,880,2018-09-01T00:00:00,,False,,False,0001-01-01T00:00:00,100001161,0,,False,True,,,,filter,60.38932508428191,5.340361593222871,
156,1000,2016-04-01T00:00:00,,False,,False,0001-01-01T00:00:00,6639,0,,False,True,,,,filter,60.42096848821642,5.4684638438906745,
14,1000,2021-03-01T00:00:00,,False,,False,0001-01-01T00:00:00,100002674,0,,False,True,,,,filter,60.422400933610064,5.46776527339673,
220,850,2021-10-01T00:00:00,,False,,False,0001-01-01T00:00:00,100003039,0,,False,True,,,,filter,60.320846632349976,5.354671873459982,
6,1150,2025-09-01T00:00:00,,False,,False,0001-01-01T00:00:00,100006654,0,,False,True,,,,filter,60.39424050342304,5.317392309265321,
267,950,2018-08-01T00:00:00,,False,,False,0001-01-01T00:00:00,100001124,0,,False,True,,,,filter,60.43339285852335,5.321104844337529,
1,1400,2001-05-01T00:00:00,,False,,False,0001-01-01T00:00:00,6457,0,,False,True,,,,filter,60.38911964075556,5.315442592885704,
77,1300,2013-01-01T00:00:00,,False,,False,0001-01-01T00:00:00,6608,0,,False,True,,,,filter,60.3863134162744,5.328126344628953,
212,900,2023-06-01T00:00:00,,False,,False,0001-01-01T00:00:00,100004570,0,,False,True,,,,filter,61.272179140339915,5.498320383202301,
89,900,2022-11-01T00:00:00,,False,,False,0001-01-01T00:00:00,100004116,0,,False,True,,,,filter,58.11238053671465,6.689462292296743,
0,715,2025-09-01T00:00:00,,False,,False,0001-01-01T00:00:00,100006689,26,,True,False,,,,filter,60.18769973968538,5.47584393572883,
12,800,2023-05-01T00:00:00,,False,,False,0001-01-01T00:00:00,100004513,0,,False,True,,,,filter,60.18686220648948,5.475588567648976,
0,600,2024-09-01T00:00:00,,False,,False,0001-01-01T00:00:00,100005709,110,,True,False,,,,filter,60.18740589810894,5.467550074797169,
5,650,2024-09-01T00:00:00,,False,,False,0001-01-01T00:00:00,100005708,0,,False,True,,,,filter,60.18336105714521,5.475076070332049,
0,800,2024-06-10T00:00:00,,False,,False,0001-01-01T00:00:00,100005578,2,,True,False,,,,filter,60.18510684989668,5.472035080561365,
23,1000,2020-07-01T00:00:00,,False,,False,0001-01-01T00:00:00,100002267,0,,False,True,,,,filter,60.18334409812415,5.46658941443866,
0,900,2023-03-01T00:00:00,,False,,False,0001-01-01T00:00:00,100004292,11,,True,False,,,,filter,60.1809829174176,5.470324947335358,
14,450,2017-10-01T00:00:00,,False,,False,0001-01-01T00:00:00,100000695,0,,False,True,,,,filter,60.23784895789984,5.749614394363307,
80,1350,2012-02-01T00:00:00,,False,,False,0001-01-01T00:00:00,6927,0,,False,True,,,,filter,58.11210213055968,6.684537197738342,
14,1000,2016-11-01T00:00:00,,False,,False,0001-01-01T00:00:00,100000211,0,,False,True,,,,filter,60.188911713098435,5.470778024642,
81,1100,2014-02-01T00:00:00,,False,,False,0001-01-01T00:00:00,6940,0,,False,True,,,,filter,60.186355035582174,5.479616766956829,
0,800,2022-11-14T00:00:00,,False,,False,0001-01-01T00:00:00,100004041,25,,True,False,,,,filter,60.18614549560404,5.473679086782033,
39,1100,2001-05-01T00:00:00,,False,,False,0001-01-01T00:00:00,6922,0,,False,True,,,,filter,60.18588500910822,5.4700374005943635,
9,1020,2012-01-01T00:00:00,,False,,False,0001-01-01T00:00:00,6933,0,,False,True,,,,filter,58.11302165252403,6.693570623265185,
86,1100,2013-11-01T00:00:00,,False,,False,0001-01-01T00:00:00,6943,0,,False,True,,,,filter,60.18038535489804,5.467429056719659,
0,750,2024-09-01T00:00:00,,False,,False,0001-01-01T00:00:00,100005710,200,,True,False,,,,filter,60.184723116854045,5.480484826253962,
57,1100,2005-02-01T00:00:00,,False,,False,0001-01-01T00:00:00,6928,0,,False,True,,,,filter,60.18164111254812,5.473328802103374,
129,1100,2020-07-01T00:00:00,,False,,False,0001-01-01T00:00:00,100002253,0,,False,True,,,,filter,60.184753871114836,5.464877897385909,
0,800,2024-10-01T00:00:00,,False,,False,0001-01-01T00:00:00,100005664,184,,True,False,,,,filter,58.11056025639853,6.68739739937492,
1,100,2025-09-01T00:00:00,,False,,True,0001-01-01T00:00:00,100006491,0,,False,True,,,,filter,60.23629323306927,5.746049875892291,
0,1000,2023-09-01T00:00:00,,False,,False,0001-01-01T00:00:00,100004778,22,,True,False,,,,filter,60.23630917252991,5.748399850739088,
0,100,2025-09-01T00:00:00,,False,,True,0001-01-01T00:00:00,100006492,85,,True,False,,,,filter,60.241056526923025,5.744552899900259,
48,1000,2011-03-01T00:00:00,,False,,False,0001-01-01T00:00:00,6938,0,,False,True,,,,filter,60.18560082669783,5.464737780015624,
18,1000,2022-09-01T00:00:00,,False,,False,0001-01-01T00:00:00,100003787,0,,False,True,,,,filter,58.11589709855517,6.693052794297417,
0,100,2025-09-01T00:00:00,,False,,True,0001-01-01T00:00:00,100006489,35,,True,False,,,,filter,60.23686537818998,5.751885642240225,
17,600,2024-10-01T00:00:00,,False,,False,0001-01-01T00:00:00,100005663,0,,False,True,,,,filter,58.11241947595046,6.685491134009177,
67,1000,2018-03-01T00:00:00,,False,,False,0001-01-01T00:00:00,100000882,0,,False,True,,,,filter,60.18863613773226,5.4764545312032755,
54,600,2019-07-01T00:00:00,,False,,False,0001-01-01T00:00:00,100001669,0,,False,True,,,,filter,60.242928616525006,5.749016469851833,
14,1000,2017-01-01T00:00:00,,False,,False,0001-01-01T00:00:00,100000270,0,,False,True,,,,filter,60.18716139168299,5.478245656369222,
0,300,,,False,,False,0001-01-01T00:00:00,100006942,31,,True,False,,,,filter,60.18568152140305,5.464250925650033,
42,900,2018-03-01T00:00:00,,False,,False,0001-01-01T00:00:00,100000890,0,,False,True,,,,filter,60.187138291927596,5.470478598669472,
0,700,2023-11-01T00:00:00,,False,,False,0001-01-01T00:00:00,100005024,27,,True,False,,,,filter,60.23802844595398,5.742848685571697,
150,1275,2011-09-01T00:00:00,,False,,False,0001-01-01T00:00:00,6705,0,,False,True,,,,filter,59.70440087920179,5.373891725527926,
9,1200,2025-04-01T00:00:00,,False,,False,0001-01-01T00:00:00,100006354,0,,False,True,,,,filter,59.7982287807317,5.178938998754423,
0,1276,2025-04-01T00:00:00,,False,,False,0001-01-01T00:00:00,100006355,29,,True,False,,,,filter,59.79407273393126,5.182815492841502,
6,1200,2025-09-01T00:00:00,,False,,False,0001-01-01T00:00:00,100006509,0,,False,True,,,,filter,59.79818802637622,5.181036559916456,
107,1000,2025-04-01T00:00:00,,False,,False,0001-01-01T00:00:00,100006356,0,,False,True,,,,filter,59.795198822813504,5.189841013842312,
162,650,2022-01-01T00:00:00,,False,,False,0001-01-01T00:00:00,100003279,0,,False,True,,,,filter,59.70123161397739,5.373521483593972,
171,700,2019-03-01T00:00:00,,False,,False,0001-01-01T00:00:00,100001502,0,,False,True,,,,filter,59.799060608511915,5.188827322344854,
148,1070,2009-03-01T00:00:00,,False,,False,0001-01-01T00:00:00,6700,0,,False,True,,,,filter,59.70000459243088,5.379964475954414,
59,763,2024-09-01T00:00:00,,False,,False,0001-01-01T00:00:00,100005820,0,,False,True,,,,filter,59.79362631386988,5.191367565093091,
0,900,,,False,,False,0001-01-01T00:00:00,100006057,104,,True,False,,,,filter,59.79757819056939,5.184239861890003,
0,900,,,False,,False,0001-01-01T00:00:00,100006267,64,,True,False,,,,filter,59.800475516600976,5.184657978608459,
0,730,,,False,,False,0001-01-01T00:00:00,100006417,66,,True,False,,,,filter,59.79840773829481,5.190388919402174,
73,575,2001-05-01T00:00:00,,False,,False,0001-01-01T00:00:00,6697,0,,False,True,,,,filter,59.79392651780618,5.188345114531737,
0,800,2001-05-01T00:00:00,,False,,False,0001-01-01T00:00:00,7401,224,,True,False,,,,filter,61.84322812585072,4.966858201796429,
8,870,2001-05-01T00:00:00,,False,,False,0001-01-01T00:00:00,7400,0,,False,True,,,,filter,61.769287848804886,5.290602961877775,
0,800,2005-11-01T00:00:00,,False,,False,0001-01-01T00:00:00,7399,180,,True,False,,,,filter,61.84043741761157,4.976361943927107,
0,850,2001-05-01T00:00:00,,False,,False,0001-01-01T00:00:00,7402,18,,True,False,,,,filter,61.772247454153806,5.286998406880935,
3,500,2020-01-01T00:00:00,,False,,False,0001-01-01T00:00:00,100001996,0,,False,True,,,,filter,60.468976222136504,7.073884650778412,
0,650,2023-03-29T00:00:00,,False,,False,0001-01-01T00:00:00,100004405,110,,True,False,,,,filter,60.465684365069755,7.074488678134935,
0,700,2025-08-01T00:00:00,,False,,False,0001-01-01T00:00:00,100006511,47,,True,False,,,,filter,59.66733762720426,5.944009359654726,
0,930,2025-01-01T00:00:00,,False,,False,0001-01-01T00:00:00,100006029,26,,True,False,,,,filter,59.662116335347605,5.936544635291177,
121,600,2017-08-01T00:00:00,,False,,False,0001-01-01T00:00:00,100000595,0,,False,True,,,,filter,59.66497769129996,5.94591610197525,
99,500,2021-10-01T00:00:00,,False,,False,0001-01-01T00:00:00,100003049,0,,False,True,,,,filter,59.669401112849286,5.943586403902409,
65,500,2019-09-01T00:00:00,,False,,False,0001-01-01T00:00:00,100001748,0,,False,True,,,,filter,59.66491060638702,5.931871830728868,
86,520,2009-08-01T00:00:00,,False,,False,0001-01-01T00:00:00,6672,0,,False,True,,,,filter,59.66797679244998,5.939817154599725,
76,670,2019-01-01T00:00:00,,False,,False,0001-01-01T00:00:00,100001385,0,,False,True,,,,filter,59.66627262660875,5.932849703830775,
0,1000,2022-03-15T00:00:00,,False,,False,0001-01-01T00:00:00,100003465,479,,True,False,,,,filter,60.777809711948706,4.716273271371904,
6,500,2024-09-30T00:00:00,,False,,False,0001-01-01T00:00:00,100005849,0,,False,True,,,,filter,59.91840226257204,5.3263046432820245,
11,500,2025-08-18T00:00:00,,False,,False,0001-01-01T00:00:00,100006486,0,,False,True,,,,filter,59.91980012052564,5.32281745208101,
49,600,2023-09-01T00:00:00,,False,,False,0001-01-01T00:00:00,100004742,0,,False,True,,,,filter,59.922376103730635,5.320314337366791,
17,500,2024-09-01T00:00:00,,False,,False,0001-01-01T00:00:00,100005810,0,,False,True,,,,filter,59.920467785564725,5.312190518816464,
17,600,2025-04-28T00:00:00,,False,,False,0001-01-01T00:00:00,100006359,0,,False,True,,,,filter,59.92172811439732,5.32180170892079,
16,1250,2001-05-01T00:00:00,,False,,False,0001-01-01T00:00:00,7328,0,,False,True,,,,filter,61.36433252899514,5.4029278753552745,
0,800,,,False,,False,0001-01-01T00:00:00,100003591,21,,True,False,,,,filter,61.3680795233169,5.399256775685053,
0,700,,,False,,False,0001-01-01T00:00:00,100005227,0,,False,False,,,,filter,61.36626931721056,5.407651797000827,
0,700,2022-09-01T00:00:00,,False,,False,0001-01-01T00:00:00,100003704,0,,False,True,,,,filter,61.77468027597646,6.206539543857833,
0,700,2010-04-01T00:00:00,,False,,False,0001-01-01T00:00:00,7453,4,,True,False,,,,filter,61.774666002857295,6.209703825361548,
6,710,2010-04-01T00:00:00,,False,,False,0001-01-01T00:00:00,7455,0,,False,True,,,,filter,61.77711731924722,6.21738470645225,
8,850,2023-03-01T00:00:00,,False,,False,0001-01-01T00:00:00,100004410,0,,False,True,,,,filter,61.77969746696732,6.211847868952824,
20,800,2018-12-01T00:00:00,,False,,False,0001-01-01T00:00:00,100001347,0,,False,True,,,,filter,61.774912464024595,6.217751679097801,
0,800,2005-09-01T00:00:00,,False,,False,0001-01-01T00:00:00,7452,0,,False,True,,,,filter,61.777178238252006,6.210051778484312,
8,700,2020-01-01T00:00:00,,False,,False,0001-01-01T00:00:00,100001963,0,,False,True,,,,filter,61.77737856583579,6.216478236457375,
1,700,2017-10-01T00:00:00,,False,,False,0001-01-01T00:00:00,100000702,0,,False,True,,,,filter,61.778137458553516,6.2110657145345405,
0,850,2017-09-01T00:00:00,,False,,False,0001-01-01T00:00:00,100000637,131,,True,False,,,,filter,60.97915335352138,5.077393534633991,
14,750,2001-05-01T00:00:00,,False,,False,0001-01-01T00:00:00,7165,0,,False,True,,,,filter,60.978808354896906,5.074887176404038,
0,850,2023-10-02T00:00:00,,False,,False,0001-01-01T00:00:00,100004991,245,,True,False,,,,filter,60.976449156643135,5.072441258066596,
66,530,2025-10-06T00:00:00,,False,,False,0001-01-01T00:00:00,100006762,0,,False,True,,,,filter,61.2138323917067,6.072532851339409,
0,530,2025-11-01T00:00:00,,False,,False,0001-01-01T00:00:00,100006790,23,,True,False,,,,filter,61.2191615627044,6.0816922258299195,
25,530,2025-03-24T00:00:00,,False,,False,0001-01-01T00:00:00,100006333,0,,False,True,,,,filter,61.21694367478377,6.081408732796998,
0,700,2025-03-24T00:00:00,,False,,False,0001-01-01T00:00:00,100006331,17,,True,False,,,,filter,61.21426439193006,6.0698164020588194,
0,700,2025-03-24T00:00:00,,False,,False,0001-01-01T00:00:00,100006332,46,,True,False,,,,filter,61.216670103261194,6.066587344691472,
0,400,,,False,,False,0001-01-01T00:00:00,100006955,30,,True,False,,,,filter,61.21551961604381,6.077718211817144,
0,375,2021-07-16T00:00:00,,False,,False,0001-01-01T00:00:00,100002945,21,,True,False,,,,filter,61.17219116888879,5.300340636475967,
0,1350,2025-01-01T00:00:00,,False,,False,0001-01-01T00:00:00,100006107,396,,True,False,,,,filter,61.169170246133135,5.28631156644169,
133,700,2019-04-01T00:00:00,,False,,False,0001-01-01T00:00:00,100001552,0,,False,True,,,,filter,61.93233195270518,5.1185086201551,
3,1000,2010-03-01T00:00:00,,False,,False,0001-01-01T00:00:00,7154,0,,False,True,,,,filter,61.59653713494472,5.041278437780732,
3,300,2001-05-01T00:00:00,,False,,False,0001-01-01T00:00:00,7140,0,,False,True,,,,filter,61.60074885958892,5.04128162772232,
15,650,2019-09-01T00:00:00,,False,,False,0001-01-01T00:00:00,100001795,0,,False,True,,,,filter,61.59918795567516,5.042023555864377,
98,700,2021-09-01T00:00:00,,False,,False,0001-01-01T00:00:00,100003098,0,,False,True,,,,filter,61.93359577039891,5.10640686706335,
155,800,2005-06-01T00:00:00,,False,,False,0001-01-01T00:00:00,7412,0,,False,True,,,,filter,61.936271966282256,5.11197114904863,
24,685,2023-02-01T00:00:00,,False,,False,0001-01-01T00:00:00,100004277,0,,False,True,,,,filter,61.601579098029475,5.034950854221506,
80,600,2016-11-01T00:00:00,,False,,False,0001-01-01T00:00:00,100000223,0,,False,True,,,,filter,61.93864923869639,5.1137789443513935,
2,900,2001-05-01T00:00:00,,False,,False,0001-01-01T00:00:00,7138,0,,False,True,,,,filter,61.59783727609276,5.03652005103397,
29,685,2023-02-01T00:00:00,,False,,False,0001-01-01T00:00:00,100004466,0,,False,True,,,,filter,61.6019036507397,5.043178091174801,
7,1000,2018-09-01T00:00:00,,False,,False,0001-01-01T00:00:00,100001159,0,,False,True,,,,filter,61.59692810575482,5.038501697909103,
76,700,2017-04-01T00:00:00,,False,,False,0001-01-01T00:00:00,100000403,0,,False,True,,,,filter,61.60140152533375,5.041255128618607,
113,900,2019-11-01T00:00:00,,False,,False,0001-01-01T00:00:00,100001914,0,,False,True,,,,filter,61.60249146198321,5.0421116147010965,
0,710,2025-09-01T00:00:00,,False,,False,0001-01-01T00:00:00,100006695,31,,True,False,,,,filter,61.934833576692206,5.105482173125631,
9,900,2018-09-01T00:00:00,,False,,False,0001-01-01T00:00:00,100001183,0,,False,True,,,,filter,61.59685404541662,5.047158426053967,
0,1300,2012-11-01T00:00:00,,False,,False,0001-01-01T00:00:00,7152,10,,True,False,,,,filter,61.599551434612806,5.042780969449572,
120,1010,2002-10-01T00:00:00,,False,,False,0001-01-01T00:00:00,7144,0,,False,True,,,,filter,61.600627608755616,5.047941858429627,
53,600,2001-05-01T00:00:00,,False,,False,0001-01-01T00:00:00,7139,0,,False,True,,,,filter,61.60106175599499,5.035737046056248,
102,500,2003-10-01T00:00:00,,False,,False,0001-01-01T00:00:00,7411,0,,False,True,,,,filter,61.93569690782506,5.120805217738879,
21,650,2020-01-01T00:00:00,,False,,False,0001-01-01T00:00:00,100001954,0,,False,True,,,,filter,61.59735699666844,5.039611635194292,
0,700,,,False,,False,0001-01-01T00:00:00,100003055,58,,True,False,,,,filter,61.935564086124714,5.121516385113084,
0,800,,,False,,False,0001-01-01T00:00:00,100006214,40,,True,False,,,,filter,61.93486655068579,5.1226975825568415,
0,100,,,False,,False,0001-01-01T00:00:00,100006661,91,,True,False,,,,filter,61.59720971069056,5.042281399733817,
0,300,,,False,,False,0001-01-01T00:00:00,100006943,30,,True,False,,,,filter,61.59984266760176,5.030827629759664,
209,700,2020-03-01T00:00:00,,False,,False,0001-01-01T00:00:00,100002080,0,,False,True,,,,filter,61.934936759263856,5.104838000531128,
18,600,2025-07-01T00:00:00,,False,,False,0001-01-01T00:00:00,100006521,0,,False,True,,,,filter,61.599939739540375,5.044709977141389,
18,650,2026-01-01T00:00:00,,False,,False,0001-01-01T00:00:00,100006923,0,,False,True,,,,filter,60.36834658760164,6.150553996936317,
42,930,2025-09-01T00:00:00,,False,,False,0001-01-01T00:00:00,100006618,0,,False,True,,,,filter,60.38733562999097,6.202415817639416,
264,900,2001-05-01T00:00:00,,False,,False,0001-01-01T00:00:00,6887,0,,False,True,,,,filter,60.38626866353008,6.207116301260786,
168,900,2010-03-01T00:00:00,,False,,False,0001-01-01T00:00:00,6889,0,,False,True,,,,filter,60.38874810129399,6.197547559171958,
0,1022,2025-10-01T00:00:00,,False,,False,0001-01-01T00:00:00,100006633,47,,True,False,,,,filter,60.3701319195282,6.14960028988788,
28,600,2025-03-01T00:00:00,,False,,False,0001-01-01T00:00:00,100006299,0,,False,True,,,,filter,60.37077785654597,6.143694442051169,
123,900,2019-03-01T00:00:00,,False,,False,0001-01-01T00:00:00,100001458,0,,False,True,,,,filter,60.386701246113724,6.214494759089551,
0,775,2023-10-01T00:00:00,,False,,False,0001-01-01T00:00:00,100004944,0,,False,True,,,,filter,60.388790839859766,6.201622049568144,
157,600,2022-09-01T00:00:00,,False,,False,0001-01-01T00:00:00,100003765,0,,False,True,,,,filter,60.36761863531939,6.150387878021727,
0,500,,,False,,False,0001-01-01T00:00:00,100006820,0,,False,False,,,,filter,60.36873173494163,6.1424268866272,
77,750,2018-09-01T00:00:00,,False,,False,0001-01-01T00:00:00,100001232,0,,False,True,,,,filter,60.390332051774266,6.205688347950444,
54,500,2016-01-01T00:00:00,,False,,False,0001-01-01T00:00:00,6781,0,,False,True,,,,filter,59.856777079525045,5.744144804388189,
12,600,2016-01-01T00:00:00,,False,,False,0001-01-01T00:00:00,6777,0,,False,True,,,,filter,59.9806514008454,6.012814733868709,
38,700,2021-03-01T00:00:00,,False,,False,0001-01-01T00:00:00,100002688,0,,False,True,,,,filter,59.986126723652426,6.01483782826594,
103,800,2021-03-01T00:00:00,,False,,False,0001-01-01T00:00:00,100002690,0,,False,True,,,,filter,59.85815178870883,5.745694408658328,
150,800,2014-04-01T00:00:00,,False,,False,0001-01-01T00:00:00,6778,0,,False,True,,,,filter,59.857178509080754,5.745091584868918,
64,650,2017-02-01T00:00:00,,False,,False,0001-01-01T00:00:00,100000340,0,,False,True,,,,filter,59.792445805008484,5.714626145924034,
55,600,2020-09-01T00:00:00,,False,,False,0001-01-01T00:00:00,100002387,0,,False,True,,,,filter,59.85860366033429,5.747647645340699,
52,1000,2005-09-01T00:00:00,,False,,False,0001-01-01T00:00:00,6774,0,,False,True,,,,filter,59.855234939666644,5.7476323913258005,
21,350,2025-03-01T00:00:00,,False,,False,0001-01-01T00:00:00,100006231,0,,False,True,,,,filter,59.985355358927954,6.017676857615569,
4,750,2023-11-01T00:00:00,,False,,False,0001-01-01T00:00:00,100005019,0,,False,True,,,,filter,59.79636521302246,5.716547514542995,
125,1200,2001-05-01T00:00:00,,False,,False,0001-01-01T00:00:00,6765,0,,False,True,,,,filter,59.8564370800211,5.744097352179506,
1,600,2025-09-01T00:00:00,,False,,False,0001-01-01T00:00:00,100006645,0,,False,True,,,,filter,59.85735487087822,5.743632620587707,
33,1000,2001-05-01T00:00:00,,False,,False,0001-01-01T00:00:00,6770,0,,False,True,,,,filter,59.79542987411471,5.713965555557162,
35,600,2016-01-01T00:00:00,,False,,False,0001-01-01T00:00:00,6780,0,,False,True,,,,filter,59.98600790546566,6.01347238484357,
10,650,2024-09-01T00:00:00,,False,,False,0001-01-01T00:00:00,100005631,0,,False,True,,,,filter,59.986094203081926,6.0095879840334625,
57,900,2001-05-01T00:00:00,,False,,False,0001-01-01T00:00:00,6767,0,,False,True,,,,filter,59.98217748814867,6.009488527424302,
0,800,,,False,,False,0001-01-01T00:00:00,100005910,681,,True,False,,,,filter,59.79614946390761,5.721693690210443,
41,650,2022-03-01T00:00:00,,False,,False,0001-01-01T00:00:00,100003389,0,,False,True,,,,filter,59.85391901450364,5.751114446775591,
0,700,2001-05-01T00:00:00,,False,,False,0001-01-01T00:00:00,6764,57,,True,False,,,,filter,60.06100150739075,5.916054431715531,
3,650,2025-03-01T00:00:00,,False,,False,0001-01-01T00:00:00,100006258,0,,False,True,,,,filter,61.095034981175246,7.482034380962167,
3,700,2025-09-01T00:00:00,,False,,False,0001-01-01T00:00:00,100006655,0,,False,True,,,,filter,61.10227203422121,7.485597730000196,
5,850,2021-09-27T00:00:00,,False,,False,0001-01-01T00:00:00,100003097,0,,False,True,,,,filter,61.10044957372936,7.474615860783211,
48,700,2012-10-01T00:00:00,,False,,False,0001-01-01T00:00:00,7314,0,,False,True,,,,filter,61.4014570609903,7.291969377612316,
21,500,2022-09-01T00:00:00,,False,,False,0001-01-01T00:00:00,100003833,0,,False,True,,,,filter,61.401431793362384,7.300647301061889,
0,675,2025-04-01T00:00:00,,False,,False,0001-01-01T00:00:00,100006316,97,,True,False,,,,filter,61.4019723954825,7.288143560680281,
14,500,2025-05-01T00:00:00,,False,,False,0001-01-01T00:00:00,100006392,0,,False,True,,,,filter,61.40029580068922,7.297102128840054,
20,400,2022-10-01T00:00:00,,False,,False,0001-01-01T00:00:00,100003914,0,,False,True,,,,filter,61.402737044828434,7.304721333073063,
0,650,2025-04-01T00:00:00,,False,,False,0001-01-01T00:00:00,100006328,12,,True,False,,,,filter,61.40393463307283,7.304641216413693,
23,350,2006-11-01T00:00:00,,False,,False,0001-01-01T00:00:00,7305,0,,False,True,,,,filter,61.404258193203034,7.292016764679702,
64,375,2019-09-01T00:00:00,,False,,False,0001-01-01T00:00:00,100001807,0,,False,True,,,,filter,61.40265166090092,7.287573269331682,
15,400,2024-06-01T00:00:00,,False,,False,0001-01-01T00:00:00,100005534,0,,False,True,,,,filter,61.40275305271831,7.293308729397826,
40,400,2009-04-01T00:00:00,,False,,False,0001-01-01T00:00:00,7306,0,,False,True,,,,filter,61.40155690546023,7.299944113068754,
0,400,,,False,,False,0001-01-01T00:00:00,100006659,51,,True,False,,,,filter,61.4060033724808,7.290503265955094,
85,600,2025-01-01T00:00:00,,False,,False,0001-01-01T00:00:00,100006091,0,,False,True,,,,filter,60.83012520918359,5.264190204805857,
50,600,2001-05-01T00:00:00,,False,,False,0001-01-01T00:00:00,7134,0,,False,True,,,,filter,60.83276531046274,5.265527208636469,
0,600,,,False,,False,0001-01-01T00:00:00,100006256,27,,True,False,,,,filter,60.83438975413663,5.262190573841823,
8,450,2022-05-01T00:00:00,,False,,False,0001-01-01T00:00:00,100003516,0,,False,True,,,,filter,60.897500124342095,5.904241530802764,
47,1200,2021-05-02T00:00:00,,False,,False,0001-01-01T00:00:00,100002830,0,,False,True,,,,filter,60.52886456370161,5.450887212707046,
245,700,2021-04-01T00:00:00,,False,,False,0001-01-01T00:00:00,100002740,0,,False,True,,,,filter,60.52427250591508,5.503712983755638,
10,1446,2012-04-01T00:00:00,,False,,False,0001-01-01T00:00:00,7058,0,,False,True,,,,filter,60.532057209789954,5.439658703961225,
83,1300,2001-05-01T00:00:00,,False,,False,0001-01-01T00:00:00,7050,0,,False,True,,,,filter,60.52855912880684,5.495319331682428,
225,1200,2013-09-01T00:00:00,,False,,False,0001-01-01T00:00:00,7059,0,,False,True,,,,filter,60.52265972241312,5.497551323962209,
14,1168,2025-04-01T00:00:00,,False,,False,0001-01-01T00:00:00,100006306,0,,False,True,,,,filter,60.52790401879696,5.443162448904363,
3,1100,2023-01-01T00:00:00,,False,,False,0001-01-01T00:00:00,100004197,0,,False,True,,,,filter,60.4009412865892,4.99882247931891,
14,950,2024-01-01T00:00:00,,False,,False,0001-01-01T00:00:00,100005113,0,,False,True,,,,filter,60.27200613753441,5.067378326691071,
0,1300,2018-09-01T00:00:00,,False,,False,0001-01-01T00:00:00,100001156,9,,True,False,,,,filter,60.36444374662925,5.125246658018711,
50,850,2019-09-01T00:00:00,,False,,False,0001-01-01T00:00:00,100001717,0,,False,True,,,,filter,60.363344614850774,5.123585872406373,
208,1100,2008-11-01T00:00:00,,False,,False,0001-01-01T00:00:00,6991,0,,False,True,,,,filter,60.402760988745335,5.00531622930512,
146,1600,2001-05-01T00:00:00,,False,,False,0001-01-01T00:00:00,6987,0,,False,True,,,,filter,60.361726383022564,5.118940055830845,
35,1025,2015-11-01T00:00:00,,False,,False,0001-01-01T00:00:00,6999,0,,False,True,,,,filter,60.36100313387213,5.120411464221544,
0,600,2024-09-01T00:00:00,,False,,False,0001-01-01T00:00:00,100005788,0,,False,True,,,,filter,60.36062531562747,5.128661721322647,
2,600,2017-11-01T00:00:00,,False,,False,0001-01-01T00:00:00,100000737,0,,False,True,,,,filter,60.51712181200954,4.905219539839076,
20,1150,2001-05-01T00:00:00,,False,,False,0001-01-01T00:00:00,6964,0,,False,True,,,,filter,60.27021418866329,5.066053677852827,
3,875,2022-09-01T00:00:00,,False,,False,0001-01-01T00:00:00,100003736,0,,False,True,,,,filter,60.360258768854486,5.131324462430975,
50,1150,2001-05-01T00:00:00,,False,,False,0001-01-01T00:00:00,6982,0,,False,True,,,,filter,60.40088484080509,5.00039214296038,
2,800,2015-07-01T00:00:00,,False,,False,0001-01-01T00:00:00,7085,0,,False,True,,,,filter,60.513117420874565,4.904797889575735,
182,800,2022-08-01T00:00:00,,False,,False,0001-01-01T00:00:00,100003677,0,,False,True,,,,filter,60.267269255972664,5.070169337532205,
10,100,2025-08-01T00:00:00,,False,,False,0001-01-01T00:00:00,100006581,0,,False,True,,,,filter,60.36622501916848,5.11198739905753,
0,800,2021-06-01T00:00:00,,False,,False,0001-01-01T00:00:00,100002856,52,,True,False,,,,filter,60.51666254087927,4.904345124073957,
32,650,2022-09-01T00:00:00,,False,,False,0001-01-01T00:00:00,100003714,0,,False,True,,,,filter,60.359484208867165,5.1130707348119415,
53,900,2022-05-01T00:00:00,,False,,False,0001-01-01T00:00:00,100003532,0,,False,True,,,,filter,60.36559627087386,5.119922095151359,
123,600,2023-05-09T00:00:00,,False,,False,0001-01-01T00:00:00,100004560,0,,False,True,,,,filter,60.36171351539467,5.117507682757919,
67,900,2021-04-01T00:00:00,,False,,False,0001-01-01T00:00:00,100002739,0,,False,True,,,,filter,60.36330154546054,5.114968865562905,
0,900,2015-07-01T00:00:00,,False,,False,0001-01-01T00:00:00,7086,39,,True,False,,,,filter,60.51533454586636,4.918054085030389,
0,400,2023-10-01T00:00:00,,False,,False,0001-01-01T00:00:00,100004917,172,,True,False,,,,filter,60.511068148280664,4.908088535006446,
15,800,2019-09-01T00:00:00,,False,,False,0001-01-01T00:00:00,100001767,0,,False,True,,,,filter,60.51264235279679,4.912697689538104,
64,1000,2019-04-01T00:00:00,,False,,False,0001-01-01T00:00:00,100001531,0,,False,True,,,,filter,60.36711056787652,5.11988512908357,
9,560,2019-04-01T00:00:00,,False,,False,0001-01-01T00:00:00,100001525,0,,False,True,,,,filter,60.26709987227117,5.077915031957172,
52,1000,2014-03-01T00:00:00,,False,,False,0001-01-01T00:00:00,6998,0,,False,True,,,,filter,60.3676024114016,5.1167278376319,
0,1300,2021-07-01T00:00:00,,False,,False,0001-01-01T00:00:00,100002876,57,,True,False,,,,filter,60.35748579914311,5.133263029817965,
91,800,2005-06-01T00:00:00,,False,,False,0001-01-01T00:00:00,6988,0,,False,True,,,,filter,60.360835701469426,5.124252454395506,
49,1100,2024-09-01T00:00:00,,False,,False,0001-01-01T00:00:00,100005720,0,,False,True,,,,filter,60.40228546192729,4.993270710079051,
0,650,2024-03-01T00:00:00,,False,,False,0001-01-01T00:00:00,100005294,14,,True,False,,,,filter,60.35972949325353,5.131965662700903,
7,900,2022-04-01T00:00:00,,False,,False,0001-01-01T00:00:00,100003416,0,,False,True,,,,filter,60.400384237725596,5.0050148998141895,
0,875,2021-04-01T00:00:00,,False,,False,0001-01-01T00:00:00,100002760,0,,False,True,,,,filter,60.271364112502766,5.066144938302248,
147,975,2012-08-01T00:00:00,,False,,False,0001-01-01T00:00:00,6996,0,,False,True,,,,filter,60.36540670239483,5.118561011554796,
4,600,2021-11-15T00:00:00,,False,,False,0001-01-01T00:00:00,100003159,0,,False,True,,,,filter,60.36106520557612,5.124403763241373,
0,200,2025-11-01T00:00:00,,False,,False,0001-01-01T00:00:00,100006785,113,,True,False,,,,filter,60.51059125501316,4.90795265824116,
74,1000,2001-05-01T00:00:00,,False,,False,0001-01-01T00:00:00,6984,0,,False,True,,,,filter,60.364534656832284,5.119360378809802,
81,920,2021-09-01T00:00:00,,False,,False,0001-01-01T00:00:00,100003021,0,,False,True,,,,filter,60.36241757037249,5.125363391437345,
85,1050,2001-05-01T00:00:00,,False,,False,0001-01-01T00:00:00,6985,0,,False,True,,,,filter,60.36086722726704,5.118124624382107,
0,1000,2015-07-01T00:00:00,,False,,False,0001-01-01T00:00:00,7087,5,,True,False,,,,filter,60.511436973667024,4.911812201399363,
0,20,,,False,,False,0001-01-01T00:00:00,100000284,0,,False,False,,,,filter,60.26717803521206,5.068650735970352,
0,200,,,False,,False,0001-01-01T00:00:00,100006706,186,,True,False,,,,filter,60.358559749185474,5.1287559793879405,
8,1100,2013-11-01T00:00:00,,False,,False,0001-01-01T00:00:00,6969,0,,False,True,,,,filter,60.266689733183455,5.06778691697215,
32,1000,2012-01-01T00:00:00,,False,,False,0001-01-01T00:00:00,6995,0,,False,True,,,,filter,60.36434418539161,5.115418233386249,
4,550,2023-05-01T00:00:00,,False,,False,0001-01-01T00:00:00,100004478,0,,False,True,,,,filter,60.36334484011608,5.119515835524404,
0,1600,2001-05-01T00:00:00,,False,,False,0001-01-01T00:00:00,6977,16,,True,False,,,,filter,60.359998294443834,5.130546573353115,
19,725,2024-03-01T00:00:00,,False,,False,0001-01-01T00:00:00,100005261,0,,False,True,,,,filter,60.36259486350038,5.122648007008028,
5,825,2017-08-01T00:00:00,,False,,False,0001-01-01T00:00:00,100000613,0,,False,True,,,,filter,60.269289921498775,5.079027353782904,
34,587,2018-07-01T00:00:00,,False,,False,0001-01-01T00:00:00,100001078,0,,False,True,,,,filter,60.38705431348303,5.764511859458596,
30,500,2018-09-01T00:00:00,,False,,False,0001-01-01T00:00:00,100001217,0,,False,True,,,,filter,60.3876935046944,5.7696694534950215,
0,670,2024-10-01T00:00:00,,False,,False,0001-01-01T00:00:00,100005933,6,,True,False,,,,filter,60.3856928312428,5.762506999339201,
22,560,2008-05-01T00:00:00,,False,,False,0001-01-01T00:00:00,6909,0,,False,True,,,,filter,60.38653876667779,5.77283162097328,
11,375,2025-10-01T00:00:00,,False,,False,0001-01-01T00:00:00,100006711,0,,False,True,,,,filter,61.236152154067874,7.100875796122225,
22,700,2024-04-01T00:00:00,,False,,False,0001-01-01T00:00:00,100005356,0,,False,True,,,,filter,61.23358238026367,7.10229918988425,
0,710,2021-09-01T00:00:00,,False,,False,0001-01-01T00:00:00,100002981,0,,False,True,,,,filter,70.0839812530678,29.722405195642974,
7,400,2023-08-01T00:00:00,,False,,False,0001-01-01T00:00:00,100004730,0,,False,True,,,,filter,61.23197511178172,7.099414784715915,
16,600,2025-09-01T00:00:00,,False,,False,0001-01-01T00:00:00,100006639,0,,False,True,,,,filter,61.18509424158679,6.845466298926638,
5,800,2019-09-01T00:00:00,,False,,False,0001-01-01T00:00:00,100001770,0,,False,True,,,,filter,61.22914305800559,7.095598323004819,
23,1000,2001-05-01T00:00:00,,False,,False,0001-01-01T00:00:00,7223,0,,False,True,,,,filter,61.18743203714209,6.860034252075181,
50,650,2012-02-01T00:00:00,,False,,False,0001-01-01T00:00:00,7243,0,,False,True,,,,filter,61.22914531236444,7.100644855499832,
0,650,2021-08-26T00:00:00,,False,,False,0001-01-01T00:00:00,100002979,88,,True,False,,,,filter,70.07919235367642,29.731820743701682,
125,630,2015-12-01T00:00:00,,False,,False,0001-01-01T00:00:00,7254,0,,False,True,,,,filter,61.234474073945734,7.099820942912478,
0,1000,2011-08-01T00:00:00,,False,,False,0001-01-01T00:00:00,7247,15,,True,False,,,,filter,61.23338027545519,7.10249119626609,
0,900,2019-10-01T00:00:00,,False,,False,0001-01-01T00:00:00,100001842,13,,True,False,,,,filter,61.2311917760982,7.09886174879724,
1,800,2006-09-01T00:00:00,,False,,False,0001-01-01T00:00:00,7238,0,,False,True,,,,filter,61.23131831359057,7.093523985135398,
1,820,2008-11-01T00:00:00,,False,,False,0001-01-01T00:00:00,7244,0,,False,True,,,,filter,61.23558292844396,7.098245843241865,
49,700,2007-10-01T00:00:00,,False,,False,0001-01-01T00:00:00,7242,0,,False,True,,,,filter,61.233487719874816,7.104447138348405,
4,750,2020-12-01T00:00:00,,False,,False,0001-01-01T00:00:00,100002549,0,,False,True,,,,filter,61.233915840745205,7.105316540749188,
0,800,2025-09-01T00:00:00,,False,,False,0001-01-01T00:00:00,100006638,63,,True,False,,,,filter,61.18928220865812,6.855620654206152,
0,750,2023-10-01T00:00:00,,False,,False,0001-01-01T00:00:00,100004896,0,,False,True,,,,filter,61.23617672342347,7.09900683093567,
0,200,2025-01-01T00:00:00,,False,,False,0001-01-01T00:00:00,100006135,158,,True,False,,,,filter,61.08031859180041,4.843316846237515,
0,200,2025-01-01T00:00:00,,False,,False,0001-01-01T00:00:00,100006134,126,,True,False,,,,filter,61.074815544981846,4.842967338690305,
0,900,2004-03-01T00:00:00,,False,,True,0001-01-01T00:00:00,7169,336,,True,False,,,,filter,61.07895856306401,4.8438398797321325,
20,700,2025-09-01T00:00:00,,False,,False,0001-01-01T00:00:00,100006621,0,,False,True,,,,filter,61.90976996944125,5.994431607370304,
70,700,2024-08-01T00:00:00,,False,,False,0001-01-01T00:00:00,100005273,0,,False,True,,,,filter,61.90700013884593,6.004164913451027,
90,400,2021-09-01T00:00:00,,False,,False,0001-01-01T00:00:00,100003089,0,,False,True,,,,filter,61.90830649979955,6.002848576905444,
43,700,2022-10-01T00:00:00,,False,,False,0001-01-01T00:00:00,100003941,0,,False,True,,,,filter,61.910393308034976,5.991323727082413,
173,700,2021-02-01T00:00:00,,False,,False,0001-01-01T00:00:00,100002628,0,,False,True,,,,filter,61.90741841149217,6.000465262243811,
44,800,2023-03-01T00:00:00,,False,,False,0001-01-01T00:00:00,100004354,0,,False,True,,,,filter,61.9087905445555,6.000791226434066,
97,800,2017-05-01T00:00:00,,False,,False,0001-01-01T00:00:00,100000454,0,,False,True,,,,filter,61.913654665809645,6.003439411588798,
9,800,2025-01-01T00:00:00,,False,,False,0001-01-01T00:00:00,100006084,0,,False,True,,,,filter,61.9132079976356,5.999230540591664,
15,800,2001-05-01T00:00:00,,False,,False,0001-01-01T00:00:00,7434,0,,False,True,,,,filter,61.91129408072411,6.000385811550051,
142,300,2025-11-01T00:00:00,,False,,False,0001-01-01T00:00:00,100006793,0,,False,True,,,,filter,61.910926328457954,6.003918876496628,
0,800,,,False,,False,0001-01-01T00:00:00,100006085,0,,False,False,,,,filter,61.90749355951832,6.003376405723942,
0,900,,,False,,False,0001-01-01T00:00:00,100006086,70,,True,False,,,,filter,61.913083083548614,5.99442389463826,
20,900,2019-09-01T00:00:00,,False,,False,0001-01-01T00:00:00,100001840,0,,False,True,,,,filter,61.90810658760189,6.00557303600335,
154,800,2006-01-01T00:00:00,,False,,False,0001-01-01T00:00:00,6732,0,,False,True,,,,filter,59.763467491774726,5.452802503796155,
286,900,2013-11-01T00:00:00,,False,,False,0001-01-01T00:00:00,6741,0,,False,True,,,,filter,59.767971665509734,5.4572544724543235,
114,1080,2017-09-01T00:00:00,,False,,False,0001-01-01T00:00:00,100000632,0,,False,True,,,,filter,59.78738617305465,5.494389128743732,
243,860,2013-11-01T00:00:00,,False,,False,0001-01-01T00:00:00,6740,0,,False,True,,,,filter,59.76554660409928,5.450330436650611,
42,800,2022-10-01T00:00:00,,False,,False,0001-01-01T00:00:00,100003904,0,,False,True,,,,filter,59.78963349879339,5.494372330483157,
40,1100,2025-09-01T00:00:00,,False,,False,0001-01-01T00:00:00,100006646,0,,False,True,,,,filter,59.76498703096107,5.45225120806117,
282,670,2019-09-01T00:00:00,,False,,False,0001-01-01T00:00:00,100001759,0,,False,True,,,,filter,59.76472865400872,5.465343166160143,
82,800,2008-05-01T00:00:00,,False,,False,0001-01-01T00:00:00,6729,0,,False,True,,,,filter,59.77991931289406,5.491863706264101,
61,1150,2001-05-01T00:00:00,,False,,False,0001-01-01T00:00:00,6725,0,,False,True,,,,filter,59.76293408197866,5.454082457249127,
71,800,2009-03-01T00:00:00,,False,,False,0001-01-01T00:00:00,6736,0,,False,True,,,,filter,59.777767563409114,5.506136830946059,
51,900,2019-05-01T00:00:00,,False,,False,0001-01-01T00:00:00,100001596,0,,False,True,,,,filter,59.78886097976615,5.485195664418943,
108,700,2014-03-01T00:00:00,,False,,False,0001-01-01T00:00:00,6742,0,,False,True,,,,filter,59.78158931141206,5.50302715462922,
37,870,2024-04-01T00:00:00,,False,,False,0001-01-01T00:00:00,100005238,0,,False,True,,,,filter,59.78208186134133,5.498115268936696,
48,1150,2010-07-01T00:00:00,,False,,False,0001-01-01T00:00:00,6733,0,,False,True,,,,filter,59.76518999872752,5.452259485000339,
117,900,2020-07-01T00:00:00,,False,,False,0001-01-01T00:00:00,100002279,0,,False,True,,,,filter,59.78101230197081,5.490927163632385,
194,700,2011-08-01T00:00:00,,False,,False,0001-01-01T00:00:00,6734,0,,False,True,,,,filter,59.778985867362685,5.506288028614049,
91,640,2025-06-01T00:00:00,,False,,False,0001-01-01T00:00:00,100006432,0,,False,True,,,,filter,59.77789460800564,5.490484666360705,
232,900,2014-09-01T00:00:00,,False,,False,0001-01-01T00:00:00,6743,0,,False,True,,,,filter,59.76334605766833,5.4595686239306875,
34,800,2003-12-01T00:00:00,,False,,False,0001-01-01T00:00:00,6731,0,,False,True,,,,filter,59.76009768540359,5.457267976905237,
92,640,2025-04-01T00:00:00,,False,,False,0001-01-01T00:00:00,100006268,0,,False,True,,,,filter,59.77916287943435,5.489942667053268,
35,800,2026-02-01T00:00:00,,False,,False,0001-01-01T00:00:00,100006875,0,,False,True,,,,filter,59.761525124020345,5.450931213665537,
0,850,,,False,,False,0001-01-01T00:00:00,100005221,0,,False,False,,,,filter,59.78947464353241,5.486852948907318,
0,800,,,False,,False,0001-01-01T00:00:00,100005529,0,,False,False,,,,filter,59.790068713093966,5.497077770573819,
78,850,2022-07-01T00:00:00,,False,,False,0001-01-01T00:00:00,100003618,0,,False,True,,,,filter,61.90148068796204,6.72072320048703,
73,800,2009-09-01T00:00:00,,False,,False,0001-01-01T00:00:00,7475,0,,False,True,,,,filter,61.90106558983713,6.711401773885614,
66,750,2023-08-01T00:00:00,,False,,False,0001-01-01T00:00:00,100004663,0,,False,True,,,,filter,61.904666718928496,6.712149005621152,
38,475,2009-05-01T00:00:00,,False,,True,0001-01-01T00:00:00,7473,0,,False,True,,,,filter,61.901702576061666,6.719254495629419,
25,1010,2025-01-01T00:00:00,,False,,False,0001-01-01T00:00:00,100006046,0,,False,True,,,,filter,61.90446915655817,6.718464604245221,
90,600,2007-11-01T00:00:00,,False,,False,0001-01-01T00:00:00,7467,0,,False,True,,,,filter,61.906057101929406,6.722092024766844,
150,500,2009-05-01T00:00:00,,False,,True,0001-01-01T00:00:00,7474,0,,False,True,,,,filter,61.90490104981127,6.715347890330634,
2,850,2014-01-01T00:00:00,,False,,False,0001-01-01T00:00:00,7470,0,,False,True,,,,filter,61.90205803737674,6.721502158376775,
144,500,2011-09-01T00:00:00,,False,,False,0001-01-01T00:00:00,7478,0,,False,True,,,,filter,61.905092040309825,6.70992936183577,
0,500,,,False,,False,0001-01-01T00:00:00,100006931,16,,True,False,,,,filter,61.90133891340023,6.717718210137163,
9,600,2024-09-01T00:00:00,,False,,False,0001-01-01T00:00:00,100005765,0,,False,True,,,,filter,61.51377484038551,5.71683779042011,
220,875,2016-03-01T00:00:00,,False,,False,0001-01-01T00:00:00,7377,0,,False,True,,,,filter,61.45108882029664,5.863542204461782,
270,800,2018-06-01T00:00:00,,False,,False,0001-01-01T00:00:00,100001058,0,,False,True,,,,filter,61.45106870407628,5.854716378851973,
151,400,2024-10-21T00:00:00,,False,,False,0001-01-01T00:00:00,100005918,0,,False,True,,,,filter,61.45298413992389,5.85122970059599,
74,950,2009-06-01T00:00:00,,False,,False,0001-01-01T00:00:00,7372,0,,False,True,,,,filter,61.45172798640512,5.854684330027855,
84,1100,2025-01-01T00:00:00,,False,,False,0001-01-01T00:00:00,100006110,0,,False,True,,,,filter,61.45699531763742,5.856749562195288,
19,1000,2003-04-01T00:00:00,,False,,False,0001-01-01T00:00:00,7355,0,,False,True,,,,filter,61.456699156256064,5.853646375903287,
41,500,2017-02-01T00:00:00,,False,,False,0001-01-01T00:00:00,100000347,0,,False,True,,,,filter,61.51445800479581,5.713330262327111,
20,600,2025-09-01T00:00:00,,False,,False,0001-01-01T00:00:00,100006657,0,,False,True,,,,filter,59.5833748873878,10.203341628205935,
6,300,2025-09-01T00:00:00,,False,,False,0001-01-01T00:00:00,100006656,0,,False,True,,,,filter,59.58299252863459,10.211578790339786,
66,900,2017-01-01T00:00:00,,False,,False,0001-01-01T00:00:00,100000314,0,,False,True,,,,filter,61.455092759248316,5.8497420056498965,
39,900,2024-05-01T00:00:00,,False,,False,0001-01-01T00:00:00,100005491,0,,False,True,,,,filter,61.45324021669684,5.863449544350104,
133,900,2022-09-01T00:00:00,,False,,False,0001-01-01T00:00:00,100003873,0,,False,True,,,,filter,61.450426321365526,5.861092482459244,
51,700,2023-10-01T00:00:00,,False,,False,0001-01-01T00:00:00,100004919,0,,False,True,,,,filter,61.45496792320014,5.851539335770654,
198,900,2003-02-01T00:00:00,,False,,False,0001-01-01T00:00:00,7370,0,,False,True,,,,filter,61.45066016838993,5.857538206887226,
71,875,2014-07-01T00:00:00,,False,,False,0001-01-01T00:00:00,7380,0,,False,True,,,,filter,61.45358672472256,5.859613586361696,
29,450,2024-09-01T00:00:00,,False,,False,0001-01-01T00:00:00,100005768,0,,False,True,,,,filter,59.5878124854934,10.212858920521313,
42,900,2007-06-01T00:00:00,,False,,False,0001-01-01T00:00:00,7396,0,,False,True,,,,filter,61.515789440016356,5.718853993408939,
201,800,2021-09-01T00:00:00,,False,,False,0001-01-01T00:00:00,100002999,0,,False,True,,,,filter,61.45483008192265,5.858893977784494,
109,900,2025-01-01T00:00:00,,False,,False,0001-01-01T00:00:00,100006109,0,,False,True,,,,filter,61.45164151937037,5.8539813696780065,
96,625,2026-01-01T00:00:00,,False,,False,0001-01-01T00:00:00,100006891,0,,False,True,,,,filter,61.51617499397998,5.7226732983555095,
82,700,2022-03-01T00:00:00,,False,,False,0001-01-01T00:00:00,100003392,0,,False,True,,,,filter,61.457203594112464,5.856142920583484,
0,800,2021-06-01T00:00:00,,False,,False,0001-01-01T00:00:00,100002838,50,,True,False,,,,filter,61.56575632599298,6.488994389304798,
9,1000,2009-04-01T00:00:00,,False,,False,0001-01-01T00:00:00,7350,0,,False,True,,,,filter,61.569856526247115,6.481615114006899,
43,850,2009-02-01T00:00:00,,False,,False,0001-01-01T00:00:00,7395,0,,False,True,,,,filter,61.512784754944754,5.711812103503714,
102,900,2006-11-01T00:00:00,,False,,False,0001-01-01T00:00:00,7373,0,,False,True,,,,filter,61.45410117662532,5.85989523390672,
58,450,2018-04-01T00:00:00,,False,,False,0001-01-01T00:00:00,100000982,0,,False,True,,,,filter,59.58581898442093,10.21401850081163,
0,1100,,,False,,False,0001-01-01T00:00:00,100003872,8,,True,False,,,,filter,59.58813050188905,10.202829169126025,
0,200,,,False,,False,0001-01-01T00:00:00,100005499,0,,False,False,,,,filter,59.58388966387865,10.204346718063867,
0,800,,,False,,False,0001-01-01T00:00:00,100006472,122,,True,False,,,,filter,61.56814555661388,6.479206064478456,
0,457,,,False,,False,0001-01-01T00:00:00,100006772,4,,True,False,,,,filter,61.51696251239784,5.715310204710344,
16,700,2001-05-01T00:00:00,,False,,False,0001-01-01T00:00:00,7360,0,,False,True,,,,filter,61.45288997301085,5.85377015876331,
155,800,2019-01-01T00:00:00,,False,,False,0001-01-01T00:00:00,100001376,0,,False,True,,,,filter,59.611836338604526,5.4783356219997525,
140,625,2024-01-01T00:00:00,,False,,False,0001-01-01T00:00:00,100005182,0,,False,True,,,,filter,59.539699782854065,5.3470865664634015,
0,600,,,False,,False,0001-01-01T00:00:00,100006144,18,,True,False,,,,filter,59.60825896002065,5.4774838601067435,
0,600,,,False,,False,0001-01-01T00:00:00,100006837,0,,False,False,,,,filter,59.544501823616464,5.341074601364695,
0,600,,,False,,False,0001-01-01T00:00:00,100006838,17,,True,False,,,,filter,59.608571011112566,5.466538276767026,
0,1300,2001-05-01T00:00:00,,False,,False,0001-01-01T00:00:00,6677,0,,False,True,,,,filter,59.55392607567314,5.362087658413402,
0,1000,2023-09-01T00:00:00,,False,,False,0001-01-01T00:00:00,100004806,142,,True,False,,,,filter,60.00585091242144,5.5085480874932236,
0,1000,2015-11-01T00:00:00,,False,,False,0001-01-01T00:00:00,6759,122,,True,False,,,,filter,60.00946044779934,5.498839118579086,
11,500,2007-02-01T00:00:00,,False,,False,0001-01-01T00:00:00,6756,0,,False,True,,,,filter,60.00883747451372,5.503842253887845,
221,850,2019-10-01T00:00:00,,False,,False,0001-01-01T00:00:00,100001849,0,,False,True,,,,filter,60.37309376006453,6.726331385854124,
110,600,2022-09-01T00:00:00,,False,,False,0001-01-01T00:00:00,100003811,0,,False,True,,,,filter,60.06437102112408,6.542878233307244,
7,600,2025-11-01T00:00:00,,False,,True,0001-01-01T00:00:00,100006783,0,,False,True,,,,filter,60.06479365463364,6.544626646157871,
0,750,2025-09-01T00:00:00,,False,,False,0001-01-01T00:00:00,100006699,2,,True,False,,,,filter,60.27705221170786,6.250120468827618,
157,600,2014-11-01T00:00:00,,False,,False,0001-01-01T00:00:00,6808,0,,False,True,,,,filter,60.066113874206984,6.537932310919373,
53,800,2001-05-01T00:00:00,,False,,False,0001-01-01T00:00:00,6798,0,,False,True,,,,filter,60.06516400389406,6.53894491793941,
49,750,2023-05-01T00:00:00,,False,,False,0001-01-01T00:00:00,100004501,0,,False,True,,,,filter,60.06413853424791,6.54489971375918,
0,600,2020-02-01T00:00:00,,False,,False,0001-01-01T00:00:00,100002056,3,,True,False,,,,filter,60.41939354582344,6.6193492337829705,
7,600,2022-09-01T00:00:00,,False,,True,0001-01-01T00:00:00,100003838,0,,False,True,,,,filter,60.06914239371126,6.552208688868332,
12,600,2025-07-01T00:00:00,,False,,True,0001-01-01T00:00:00,100006530,0,,False,True,,,,filter,60.0702763183013,6.55114217475926,
33,750,2006-05-01T00:00:00,,False,,False,0001-01-01T00:00:00,6788,0,,False,True,,,,filter,60.28083878428787,6.254549136925072,
30,600,2020-11-01T00:00:00,,False,,True,0001-01-01T00:00:00,100002516,0,,False,True,,,,filter,60.06970504792272,6.5472757895242415,
0,600,2023-08-01T00:00:00,,False,,False,0001-01-01T00:00:00,100004688,21,,True,False,,,,filter,60.42372216910681,6.627394655136522,
0,850,,,False,,False,0001-01-01T00:00:00,100004164,12,,True,False,,,,filter,60.375256992750906,6.733437584412061,
0,600,,,False,,False,0001-01-01T00:00:00,100005784,35,,True,False,,,,filter,60.06631604810337,6.546337365603107,
94,750,2016-07-01T00:00:00,,False,,False,0001-01-01T00:00:00,100000007,0,,False,True,,,,filter,60.06711609002882,6.549658488899558,
5,600,2018-07-01T00:00:00,,False,,True,0001-01-01T00:00:00,100001075,0,,False,True,,,,filter,60.566647482211316,6.906947303280952,
5,600,2023-09-01T00:00:00,,False,,True,0001-01-01T00:00:00,100004768,0,,False,True,,,,filter,60.57131221777994,6.920243040202525,
16,100,2025-07-01T00:00:00,,False,,False,0001-01-01T00:00:00,100006537,0,,False,True,,,,filter,60.57005615541306,5.82856598113375,
153,800,2008-01-01T00:00:00,,False,,False,0001-01-01T00:00:00,7040,0,,False,True,,,,filter,60.57349423454227,5.8272625783669065,
115,950,2020-10-01T00:00:00,,False,,False,0001-01-01T00:00:00,100002487,0,,False,True,,,,filter,60.57237040461973,5.836613057279114,
22,1250,2002-07-01T00:00:00,,False,,False,0001-01-01T00:00:00,7039,0,,False,True,,,,filter,60.574658531918104,5.824825951473202,
0,150,,,False,,False,0001-01-01T00:00:00,100004115,0,,False,False,,,,filter,60.57575217130246,5.827857947280466,
0,390,2022-11-01T00:00:00,,False,,False,0001-01-01T00:00:00,100004027,3,,True,False,,,,filter,61.082880526291085,6.579344930098922,
0,750,2024-09-01T00:00:00,,False,,False,0001-01-01T00:00:00,100005802,197,,True,False,,,,filter,61.078849849041404,6.581212849671169,
0,600,2025-03-01T00:00:00,,False,,False,0001-01-01T00:00:00,100006279,496,,True,False,,,,filter,61.08381748089081,6.57965833408154,
79,525,2018-09-01T00:00:00,,False,,False,0001-01-01T00:00:00,100001233,0,,False,True,,,,filter,61.08517860285587,6.581107157295171,
31,600,2001-05-01T00:00:00,,False,,False,0001-01-01T00:00:00,7215,0,,False,True,,,,filter,61.08162870788891,6.585059659793914,
69,340,2015-04-01T00:00:00,,False,,False,0001-01-01T00:00:00,7220,0,,False,True,,,,filter,61.082751169609686,6.587915418221678,
19,760,2023-12-01T00:00:00,,False,,False,0001-01-01T00:00:00,100005089,0,,False,True,,,,filter,60.630751922077536,6.407546872680672,
165,1000,2007-04-01T00:00:00,,False,,False,0001-01-01T00:00:00,6870,0,,False,True,,,,filter,60.627919425605384,6.426136736178323,
230,1000,2023-01-01T00:00:00,,False,,False,0001-01-01T00:00:00,100004148,0,,False,True,,,,filter,60.62852434259955,6.430897738654241,
44,800,2006-09-01T00:00:00,,False,,False,0001-01-01T00:00:00,6866,0,,False,True,,,,filter,60.629871318878166,6.427029749113529,
219,1000,2025-08-01T00:00:00,,False,,False,0001-01-01T00:00:00,100006584,0,,False,True,,,,filter,60.6294976587366,6.415610705527064,
125,1000,2013-09-01T00:00:00,,False,,False,0001-01-01T00:00:00,6874,0,,False,True,,,,filter,60.628057297906786,6.4383245779340905,
104,550,2023-09-01T00:00:00,,False,,False,0001-01-01T00:00:00,100004765,0,,False,True,,,,filter,60.63145835729161,6.415287513570705,
52,480,2023-04-01T00:00:00,,False,,False,0001-01-01T00:00:00,100004443,0,,False,True,,,,filter,60.63227150769793,6.416235851825182,
41,1150,2001-05-01T00:00:00,,False,,False,0001-01-01T00:00:00,6857,0,,False,True,,,,filter,60.631341741127414,6.420374699111266,
131,1000,2022-02-01T00:00:00,,False,,False,0001-01-01T00:00:00,100003292,0,,False,True,,,,filter,60.62692027547232,6.426378067271853,
67,750,2017-09-01T00:00:00,,False,,False,0001-01-01T00:00:00,100000645,0,,False,True,,,,filter,60.62527196375794,6.411124938136041,
251,1000,2016-03-01T00:00:00,,False,,False,0001-01-01T00:00:00,6878,0,,False,True,,,,filter,60.62637052016771,6.421084399038019,
39,900,2023-01-01T00:00:00,,False,,False,0001-01-01T00:00:00,100004203,0,,False,True,,,,filter,60.62859122524182,6.428340407206257,
27,800,2025-08-01T00:00:00,,False,,False,0001-01-01T00:00:00,100006597,0,,False,True,,,,filter,60.625682514431716,6.418021443066711,
52,800,2001-05-01T00:00:00,,False,,False,0001-01-01T00:00:00,6855,0,,False,True,,,,filter,60.625263213158725,6.421984095347312,
132,800,2023-01-01T00:00:00,,False,,False,0001-01-01T00:00:00,100004169,0,,False,True,,,,filter,60.6259927036282,6.431968341249779,
0,750,,,False,,False,0001-01-01T00:00:00,100005804,31,,True,False,,,,filter,60.63231788162793,6.408109131928245,
0,646,,,False,,False,0001-01-01T00:00:00,100006858,78,,True,False,,,,filter,60.63284625891293,6.413331600199371,
0,900,,,False,,False,0001-01-01T00:00:00,100006998,147,,True,False,,,,filter,60.62880326276197,6.422629942860392,
0,900,,,False,,False,0001-01-01T00:00:00,100006999,157,,True,False,,,,filter,60.62536203711871,6.41381027238165,
