address,area,icon,id,image_url,is_private,lat,lon,meta,name,offentlig_avtale,phone_number,region_type,same_location_as,slug,strengths,type,updated_at
"Wergelands vei 2, 3613 Kongsberg","Kongsberg, Øvre Eiker, Sigdal, Nore og Uvdal, Rollag og Flesberg",accel,98c9d286-4475-4a95-a296-8503871515af,,False,59.6658494043701,9.654249320050429,,"Vestre Viken, Kongsberg DPS, ROP-teamet",,32 72 58 50,4,Voksenpsykiatrisk poliklinikk,vestre-viken-kongsberg-dps-rop-teamet,"Vi har i ca 15 år ikke bare jobbet med TSB, men vært et rus- og psykiatriteam der vi har tatt hensyn til både rus- og psykisk lidelse både under utredning og behandling. Sosialfaglig, psykologisk og lege-ressurser ansatt i teamet. Samlokalisert med VOP.",0,2 år siden
"Lade Allé 86, 7041 Trondheim","Helse Midt-Norge: Trøndelag, Møre og Romsdal",accel,98c9d286-c09a-4539-99be-ee2d2b0096fb,,True,63.44344896901464,10.460928343023138,,"Blå Kors klinikk Lade, Avdeling for alkohol- og medikamentavhengighet",,73 84 85 00,2,"Avrusningsavdelingen, ROP-avdelingen, Avdeling for gravide og småbarnsfamilier",bla-kors-klinikk-lade-avdeling-for-alkohol-og-medikamentavhengighet,"Kjønnsdelt behandlingstilbud forbeholdt alkohol- og medikamentavhengighet. Kvinner (7 plasser) og menn (9 plasser) bor i adskilte døgnposter, og alt program foregår kjønnsdelt. Dette gir i følge tilbakemeldinger ekstra behandlingsro og trygghet, og avdelingen kan vise til svært gode resultater. Det tilbys sekvensielle forløp og vi har brukerstyrte plasser. Familie- og pårørendeinvolvering, stabiliserende traumebehandling, brukermedvirkning, trening og aktivitet.",0,4 måneder siden
"Tertnesveien 35, 5113 Tertnes",,accel,98c9d27c-f6c4-42db-9591-d2d45a19be9d,,False,60.45421209549035,5.313605589809814,,"Helse Bergen, AFR seksjon Tertnes",,55 95 73 10,3,Kvinnepost og Familieambulatoriet,helse-bergen-afr-seksjon-tertnes,"MBT, familieterapi, treningsterapi, uttrykksterapi, pårørendearbeid, gruppeterapi, utredning og kartlegging. Familieambulatorie med Cos-P grupper, koordinerende instans som bistår familiene gjennom graviditet og frem til barnet når skolealder.",0,2 år siden
"Peter Skredders veg 34, 2312 Ottestad",Opptaksområdet er fordelt på 42 kommuner i Innlandet.,accel,98c9d281-b432-466c-94f5-f65ea79cb67f,,False,60.78259534263663,11.159397804528025,,"Sykehuset Innlandet, Enhet for utredning",,91 50 62 00,4,Enhet for avrusning,sykehuset-innlandet-enhet-for-utredning,"Vår styrke er at vi jobber systematisk med ulike kartleggingsverktøy og diagnoseverktøy. Miljøobservasjoner og en behandlingsplan som pasienten kjenner til. Tverrfaglig sammensatt, de fleste jobber i 100 % stillinger og er er høyskoleutdannet.",0,2 år siden
"Sjukehusveien 9, 2500 Tynset",,accel,98c9d28d-de80-4247-8c18-36cf73af1548,,False,62.27105412006429,10.768679906164227,,"Sykehuset Innlandet, DPS Tynset, vurderingsteam",,91 50 62 00,4,,sykehuset-innlandet-dps-tynset-vurderingsteam,,1,2 år siden
"Skogstøstraen 37, 4029 Stavanger",,accel,98c9d28d-5d61-405c-94b4-4bdbd6644dab,,True,58.99185841571047,5.690697840960994,,KORUS Stavanger,,51 70 33 22,3,,korus-stavanger,,2,2 år siden
"Vestmoa 27, 6018 Ålesund",Kommuner i Møre og Romsdal fylke,accel,98c9d27b-204a-4b95-b061-aebf5f5dc3e8,,False,62.47001266990548,6.3429258618978235,,"Helse Møre og Romsdal, Korttids døgn Ålesund behandlingssenter",,70 10 50 00,2,Avrusning og TSB-poliklinikk,helse-more-og-romsdal-korttids-dogn-alesund-behandlingssenter,"Jobber med å spisse enheten opp på ROP CBT og kognitiv miljøterapi. Inntil 12 ukers behandlingstid. Høy kompetanse på utredning av psykisk helse og rus, og utreder størsteparten av innlagt pasienter. Enhet med høyt fokus på tverrfaglighet.",0,4 måneder siden
"Arnold Dybjords vei 1, 3511 Hønefoss",,accel,98c9d28e-1d97-4b84-b5a4-3ba31ea22fff,,False,60.144807535930354,10.262752609175442,,"Vestre Viken, Ringerike DPS, vurderingsteam",,32 11 65 00,4,,vestre-viken-ringerike-dps-vurderingsteam,,1,11 måneder siden
"Arnulf Eide-veien 6, 9050 Storsteinnes","Balsfjord, Storfjord og Lyngen",accel,98c9d279-52d9-4f7e-ba4f-8fe0f178dbda,,False,69.23931418997316,19.231624048801198,,"Universitetssykehuset Nord-Norge, Voksenpsykiatrisk poliklinikk Storsteinnes",,77 75 45 00,1,,universitetssykehuset-nord-norge-voksenpsykiatrisk-poliklinikk-storsteinnes,Alle behandlere må behandle pasienter med rusproblemer og sørge for å inneha nødvendig kunnskap og kompetanse.,0,1 uke siden
"Houmsvegen 77, 2385 Brumunddal",Helse Sør-Øst og Helse Nord,accel,98c9d289-9f7f-47c9-98ef-4d44268750fa,,True,60.9302459825508,10.851307220384799,,Kirkens Bymisjon Veslelien,,623 31 750,4,,kirkens-bymisjon-veslelien,"Kunnskapsbasert behandlingstilbud, med høy og bred faglig kompetanse. Utredning av psykisk og somatisk helse, herunder ADHD-problematikk. Individuelt tilpassede behandlingsforløp, med et vidt spekter av metode. Traumesensetiv tilnærming i alle deler av hjelpearbeidet. Samlet ønsker vi med dette å gi et helhetlig og adekvat tilbud til mennesker med ulike hjelpebehov, hvor rus er fellesnevner- mens mennesket er unikt.",0,4 måneder siden
"Torsbergveien 20, 3032 Drammen",Viken,accel,98c9d285-7d4f-485e-b2c7-5bbe4c354d1b,,False,59.71615354587968,10.14598789484614,,"Vestre Viken, ARA Døgn Drammen, Behandlingsenhet 2",,32 86 13 30,4,ARA Behandlingsenhet 1 og Avgiftningsenhet 2,vestre-viken-ara-dogn-drammen-behandlingsenhet-2,,0,3 måneder siden
"Tjømegaten 9A, 3126 Tønsberg","Horten, Tønsberg og Holmestrand kommune",accel,98c9d283-1872-4e92-9710-4a2121bff3cd,,False,59.270891417523416,10.414093429261042,,"Sykehuset i Vestfold, ARA LAR nord Tønsberg",,90 71 74 61,4,,sykehuset-i-vestfold-ara-lar-nord-tonsberg,"Helhetlig, tverrfaglig samarbeid",0,1 år siden
"Forskningsveien 7, 0373 Oslo",,accel,98c9d28e-2214-4cbc-b490-506c9550b365,,False,59.93891891789513,10.709672990144869,,"Diakonhjemmet sykehus, Inntaksteam psykisk helsevern og TSB",,22 02 98 00,4,Enhet for rus og psykiatri,diakonhjemmet-sykehus-inntaksteam-psykisk-helsevern-og-tsb,,1,2 år siden
"Sykehusveien 3, 8516 Narvik",Ofoten og deler av Midt-Troms,accel,98c9d279-7eea-471d-9317-fbfa2826b7b7,,False,68.44107769493375,17.410815425061756,,"Universitetssykehuset Nord-Norge, Voksenpsykiatrisk poliklinikk Narvik",,76 96 86 00,1,,universitetssykehuset-nord-norge-voksenpsykiatrisk-poliklinikk-narvik,,0,2 år siden
"Kløvertunvegen 1, 6100 Volda","Søre Sunnmøre: Volda, Østa, Vanylven, Sande, Herøy, Hareid, Ulstein",accel,98c9d27b-a8f6-4480-96b7-8ba983d4c452,,False,62.14778418085063,6.096022535206895,,"Helse Møre og Romsdal, DPS poliklinikk Volda",,70 05 85 60,2,,helse-more-og-romsdal-dps-poliklinikk-volda,"Vi har god tverrfagleg samansetting. Har psykiater og psykologspesialist + mange med lang erfaring i teamet. God kompetanse på KAT, MKT, traumeterapi/EMDR.",0,2 år siden
"Normannsgata 47, 0655 Oslo",,accel,98c9d28d-56e1-491d-8cfe-e04d22dc0e3e,,True,59.91272007234829,10.782828498957686,,Tyrili Forskning og utvikling,,47 47 40 00,4,,tyrili-forskning-og-utvikling,,2,2 år siden
"Nedre Hagavei 303, 2150 Årnes","Follo, Romerike, Kongsvinger, Grue, Nord-Odal, Sør-Odal + Eidsskog i Innlandet + Rømskog kommune i Østfold + bydelene Alna, Grorud og Stovner i Oslo.",accel,98c9d27f-56ae-4202-8184-f52e180afe0e,,False,60.10078578699682,11.4370899630143,,"Akershus universitetssykehus, ARA Elvestad døgn",,67 96 14 00,4,,akershus-universitetssykehus-ara-elvestad-dogn,"Pasienten i sentrum i den forstand at hver enkelt pasient er inkludert i sitt eget behandlingsforløp. Det er tett oppfølgning med primærkontakter, behandler, sosionom o.l.",0,2 år siden
"Fjelldalveien 349, 9441 Fjelldal",Helse Nord,accel,98c9d286-b9c5-4d5e-ae5d-3d30925356ff,,True,68.55769857616257,16.533544044537358,,Blå Kors klinikk Tjeldsund,,76 93 60 00,1,Egne lokaler,bla-kors-klinikk-tjeldsund,"Klinikken har en helhetlig utredning og behandling for rus og avhengighetslidelser. Terapien er basert på 12-trinnsmodellen, kognitiv terapi og tverrfaglig behandlingsteam (TSB). Pasienters egen utvikling og refleksjon er sentralt. I gruppeterapien fokuseres det på fellesskapet, erfaringsdeling, åpenhet, ærlighet og erkjennelse av rusutfordringer/rusadferd. Det tverrfaglige teamet støtter opp om pasientens mål som egen prosess til rusfrihet. Det tilbys forelesninger, pasientstyrte grupper og nært samarbeid med AA og NA. Erfaringskonsulenter, terapeuter, leger, psykologer, helsepersonell og miljøpersonell legger til rette for rusfrihet. Etter utskrivning tilbys pasientene oppfølgingsplan med sponsor, personlig oppfølgingsplan i samarbeid med hjemkommune, det tilbys oppfølgingsuke og pasienter oppfordres til å ta kontakt «når livet» blir vanskelig. Det etableres kontakt med AA/NA, slik at pasientene har et kjent nettverk etter endt behandling.",0,2 år siden
"Jan Johnsens gate 12, 4011 Stavanger","Sør-Rogaland, fra Hjelmeland i nord til Sokndal i sør.",accel,98c9d27f-4f7f-41ef-bd09-1e8b665d4a1c,,False,58.952294397973034,5.7409251999200395,,"Helse Stavanger, ARA Akuttpost TSB",,Sengepost: 51 80 68 00 Vakthavende lege: 913 18 701,3,Akuttpsykiatri / Psykisk helsevern,helse-stavanger-ara-akuttpost-tsb,Ansvar for: • Øyeblikkelig hjelp- jfr. akuttkriterier TSB. • Subakutte forløp • Pasientforløp overdose • Pasienter innlagt etter helse- og omsorgstjenesteloven § 10-3 (tilbakeholdelse av gravide rusmiddelavhengige). • Pasienter innlagt etter § 10-2 (tilbakehold i institusjon uten eget samtykke). • Betjent vakttelefon for konferering og drøfting 24/7.,0,2 år siden
"Kristian Fredriks vei 10, 3257 Larvik",Larvik og Sandefjord kommune,accel,98c9d283-9a27-47d0-bd53-dd8fcc5a78ca,,False,59.048586539568284,10.044068037425406,,"Sykehuset i Vestfold, ARA Rus- og avhengighetspoliklinikk sør Larvik",,33 11 86 00,4,,sykehuset-i-vestfold-ara-rus-og-avhengighetspoliklinikk-sor-larvik,Individuelt tilpasset behandling med tanke på varighet og innhold.,0,2 år siden
"Kirkeveien 275, 3140 Nøtterøy",,accel,98c9d28d-e337-4081-8879-cfc998fde631,,False,59.2030459994547,10.408007245914025,,"Sykehuset i Vestfold, ARA Vurderingsteam",,33 34 12 00,4,Avgiftningsenhetene og Utredning og behandling Bygg C,sykehuset-i-vestfold-ara-vurderingsteam,,1,2 måneder siden
"Sykehusveien 25, 1474 Nordbyhagen",,accel,98c9d28d-c4ec-4d3f-ba0f-2c9ab6983bbb,,False,59.928653599134094,10.994463628054628,,"Akershus universitetssykehus, ARA Fagstab døgn",,67 96 00 00,4,ARA Nordbyhagen,akershus-universitetssykehus-ara-fagstab-dogn,,1,2 år siden
"Østre Murallmenningen 7, 5012 Bergen",,accel,98c9d27c-9555-4d54-9f90-78e570d0811d,,False,60.391394303290355,5.319708172240983,,"Helse Bergen, AFR seksjon LAR",,55 97 01 00,3,Seksjon poliklinikk Murhjørnet og Seksjon forskning,helse-bergen-afr-seksjon-lar,"Integrert behandling. Fleksible utleveringsordninger, ambulant eller oppmøte.",0,2 år siden
"Svanehaugvegen 2, 6812 Førde",Sunnfjord og ytre Sogn,accel,98c9d27c-070b-4071-9cbb-8e41274ada62,,False,61.45576191810097,5.886792584008424,,"Helse Førde, Psykiatrisk klinikk, DPS dag Førde",,57 83 94 70,3,,helse-forde-psykiatrisk-klinikk-dps-dag-forde,Integrering med PHV og kort avstand til somatiske helsetjenester,0,2 år siden
"Lade Allé 86, 7041 Trondheim",Helse Midt-Norge,accel,98c9d287-2228-4259-91b1-ba222afd9f87,,True,63.43970243971385,10.477795264887098,,"Blå Kors klinikk Lade, Avdeling for gravide og småbarnsfamilier",,73 84 85 00,2,"Avdeling for alkohol- og medikamentavhengighet, ROP-avdelingen, Avrusningsavdeling",bla-kors-klinikk-lade-avdeling-for-gravide-og-smabarnsfamilier,Kombinasjon av rusbehandling og forberedelse til å bli foreldre/styrke foreldrefunksjonen. Relasjonsbyggende arbeid over tid. Pasientene er i en liten avdeling sammen med andre i lignende situasjon som blir rollemodeller. Vi jobber mentaliseringsbasert og ut fra egenutviklet modell (Funksjonssirkelen). Vi har også spisskompetanse på samspillsveiledning med foreldre og barn.,0,4 måneder siden
"Spinneriveien 20, 4016","Stavanger, Randaberg, Kvitsøy, Rennesøy, Finnøy, Hjelmeland, Strand og Forsand kommune",accel,98c9d27e-ee93-42b8-91b6-1870c267fb80,,False,58.955006094153546,5.735886318725169,,"Helse Stavanger, ARA Ruspoliklinikk Stavanger",,51 51 51 40,3,"RAKOS, enhet for spiseforstyrrelser, overvektpoliklinikken og transkulturelt senter.",helse-stavanger-ara-ruspoliklinikk-stavanger,RUPO tilpasser behandlingen til den enkelte pasienten. Enheten har bygget mye kompetanse på traumebehandling i grupper og EMDR-behandling. Vi har også et eget DBT-team som gir gruppetilbud og individuell oppfølging for de pasientene som er i behov av dette.,0,3 måneder siden
"Mellomåsveien 26, 8076 Bodø","Salten, Lofoten og Vesterålen",accel,98c9d279-9f02-4fb2-9510-fbd5ea8208b9,,False,67.28533237161027,14.439964550971496,,"Nordlandssykehuset, Rus- og psykiatrienheten",,75 50 15 80,1,Ruspoliklinikken,nordlandssykehuset-rus-og-psykiatrienheten,Enheten tar inn pasienter under lov om psykisk helsevern.,0,2 år siden
"Solevegen 2, 2406 Elverum","Opptaksområdet er Elverum, Våler, Trysil, Åmot og Åsnes",accel,98c9d281-e195-44fe-9421-46751fb2f285,,False,60.88438194648459,11.55616179922137,,"Sykehuset Innlandet, DPS Elverum-Hamar, poliklinikk Elverum",,91 50 62 00,4,,sykehuset-innlandet-dps-elverum-hamar-poliklinikk-elverum,"Tverrfaglig sammensatt: psykiater, psykologspesialist, familieterapeut (master) spesialsykepleiere (master). Godt samarbeid med allmennpoliklinikk, ved at vi har kontorfellesskap.",0,2 år siden
"Jacob Borchs gate 10, 3004 Drammen","Vestre Viken, Buskerud fylke.",accel,a0910f50-c7c4-42d7-adc4-40ace2ae5417,,False,59.74168245497229,10.229955128563635,,"Vestre Viken, ARA Rusakutt, Avgiftningsenhet 1",,32 00 38 32,4,ARA Rusakutt,vestre-viken-ara-rusakutt-avgiftningsenhet-1,Innleggelser etter Helse- og Omsorgstjenesteloven §§ 10-2 og 10-4.,0,2 måneder siden
"Dydens Vei 22, 4838 Arendal",Agder,accel,98c9d285-4dac-42d3-88cb-c0eccae914f7,,False,58.463211489945735,8.755819936599154,,"Sørlandet sykehus, ARA Avgiftningsenhet Arendal",,37 01 95 00,4,PSA Arendal,sorlandet-sykehus-ara-avgiftningsenhet-arendal,"Ansatte med høyt engasjement for pasientgruppen. Mye motiverende arbeid gjøres. Gode leger som er opptatt av den somatiske helsen, og å lage gode planer sammen med pasientene slik at de fullfører. Fokus på god mat, mosjon og trygt miljøterapeutisk miljø.",0,7 måneder siden
"Kongensgate 33, Skien",Helse Sør-Øst,accel,98c9d288-2bdb-4db2-8f87-6bdb02de285d,,True,59.16277193590863,9.653094166124667,,"Blå Kors klinikk Skien, Seksjon for behandling, 3 mnd.",,35 90 47 00,4,"Seksjon for behandling, 6 mnd Poliklinikk",bla-kors-klinikk-skien-seksjon-for-behandling-3-mnd,"Individuelt tilrettelagt behandling. God spesialistdekning, tverrfaglig team. Tilbud om brukerstyrt plass etter innleggelse.",0,1 måned siden
"Sjukehusvegen 8, 5750 Odda",Kvinnherad og Ullensvang kommune,accel,98c9d27e-2e9e-468e-b5c0-b0d9996391d9,,False,60.06005398656515,6.5442560602499755,,"Helse Fonna, Folgefonn DPS, TSB-poliklinikk Odda",,53 65 10 50,3,"Allmennpsykiatrisk poliklinikk, BUP poliklinikk",helse-fonna-folgefonn-dps-tsb-poliklinikk-odda,"MI. Individuell terapi. Legemiddelintervensjoner. Samhandling med kommuner, bl.a. Samhandlingsteam innen TSB. God kvalitet i LARoppfølging.",0,2 år siden
"Vangsvegen 1111, 2324 Vang På Hedmark",Helse Sør-Øst,accel,98c9d28b-02ea-4fd7-95f3-c28ab8736f7c,,True,60.82061643989565,11.256031731937853,,"Stiftelsen Fossumkollektivet, Avdeling Sørligard",,979 59 627,4,,stiftelsen-fossumkollektivet-avdeling-sorligard,Styrken er medleverturnus 7/7 kombinert med god traumeforståelse og forebyggende arbeid inn mot atferd på rus og psykisk helse. Dette er spesielt viktig for oss for å unngå videre traumatiske opplevelser og stabilitet for videre fokus og arbeid.,0,2 år siden
"Kirkeveien 166, Bygg 2 (Søsterhjemmet), inngang 2H, 0450 Oslo","Opptaksområde for OUS, ARA er i hovedsak seks bydeler i Oslo; Bjerke, Nordre Aker, Sagene, Søndre Nordstrand, Nordstrand og Østensjø. Vi har også områdefunksjon for Lovisenberg Diakonale sykehus (bydelene Gamle Oslo, St.hanshaugen og Grünerløkka) og Diakonhjemmet sykehus (bydelene Vestre Aker, Frogner og Ullern) for LAR, elektiv og akutt avgiftning og gjennomføring av tvang etter Helse- og omsorgstjenesten kap 10.",accel,98c9d28d-c93b-4dc9-82ef-1f8a3af077d7,,False,59.93611893941155,10.733393329865923,,"Oslo universitetssykehus, ARA Seksjon henvisning, analyse og pasientstrøm",,23 02 63 50,4,,oslo-universitetssykehus-ara-seksjon-henvisning-analyse-og-pasientstrom,"høy grad av sosialfaglig- og vurderingskompetanse. Vi står for mye faglig råd og veiledning i avdelingen og ut til samarbeidspartnere når det kommer til TSB døgnbehandling, generell drøfting av henvisninger og bekymringsmeldinger.",1,1 år siden
"Torget 10, 3210 Sandefjord",Larvik og Sandefjord kommune,accel,98c9d283-b352-4349-a67c-baf7925858a4,,False,59.13180905803066,10.221688701939637,,"Sykehuset i Vestfold, ARA Rus- og avhengighetspoliklinikk sør Sandefjord",,33 11 86 00,4,LAR sør Sandefjord,sykehuset-i-vestfold-ara-rus-og-avhengighetspoliklinikk-sor-sandefjord,Individuelt tilpasset behandling med tanke på varighet og innhold.,0,2 år siden
"Rosenbergveien 15, 0963 Oslo","Bydelene Alna, Grorud og Stovner, samt Nittedal kommune",accel,98c9d27f-ba36-4172-bf9f-ac13c290702f,,False,59.96420325388383,10.883407331898598,,"Akershus universitetssykehus, ARA Groruddalen poliklinikk",,22 16 83 40,4,,akershus-universitetssykehus-ara-groruddalen-poliklinikk,"Etablert IPS, og NAV er tilstede ved poliklinikken en gang per uke.",0,2 år siden
"Øvre Strandgate 2, 3018 Drammen","Drammen, Lier, Sande og deler av Holmestrand.",accel,98c9d286-3dc0-43cc-aa19-c73a34417ea9,,False,59.74255949191109,10.198891301456669,,"Vestre Viken, Drammen DPS, Seksjon for psykisk helse, rus og avhengighet",,32 86 18 00,4,,vestre-viken-drammen-dps-seksjon-for-psykisk-helse-rus-og-avhengighet,,0,1 år siden
"Lars Eriksens vei 10D, 9016 Tromsø.",Helse Nord,accel,98c9d28d-6bf5-4b8c-8073-0ffbaab8030f,,False,69.65797684718594,18.907926299571283,,"Universitetssykehuset Nord-Norge, Vurderingsteam Rusavdelingen",,77 62 60 00,1,Ruspoliklinikken,universitetssykehuset-nord-norge-vurderingsteam-rusavdelingen,,1,1 uke siden
"Lolandsvegen 39, 4715 Øvrebø",Helse Sør-Øst,accel,9a69eee2-f8ea-4e0e-8bcd-a64634dfc9da,,True,58.299059555433026,7.86674161935087,,Blå Kors klinikk Loland,,940 01 953,4,Ikke relevant,bla-kors-klinikk-loland,"Traumebevisst rusbehandling for menn, kvinner og par i individuell behandling. Muligheter for §12 soning og LAR. Gode muligheter for aktivitet, friluftsliv og turer. Treningsrom og gymsal.",0,4 måneder siden
"Maridalsveien 176A, 0469 Oslo",Helse Sør-Øst,accel,98c9d289-235d-4ad1-8ba9-88a3e888d3c9,,True,59.93916199494221,10.753966322318265,,"Kirkens Bymisjon A-senteret, Poliklinikk",,23 26 50 00,4,Døgnavdeling,kirkens-bymisjon-a-senteret-poliklinikk,"Enheten har et godt og variert gruppetilbud, erfaring og kompetanse på behandling av pårørende og involvering av pårørende/nærstående i behandlingen. Familieterapi, gruppeterapi, kognitiv terapi og MI. Godt tverrfaglig samarbeid.",0,2 år siden
"Karjolkroken 186, 1820 Spydeberg",Helse Sør-Øst,accel,98c9d28a-7c43-48b0-bc1a-ade1cada846c,,True,59.641098637398066,11.059262292045913,,"Stiftelsen Fossumkollektivet, Avdeling Rud",,950 69 601,4,,stiftelsen-fossumkollektivet-avdeling-rud,"Medleverskap skaper tidlig trygghet og tillit hos pasientene. Vi er gode på TBO, se bakenfor atferd/uttrykk, mentalisering, familiearbeidet, eget skoletilbud som er tilrettelagt for ungdom som har hatt utfordringer med skolesituasjon.",0,2 år siden
"Selsvegen 22, 2670 Otta","Kommunene Dovre, Lesja, Skjåk, Lom, Sel og Vågå.",accel,98c9d282-728a-4ac8-b1d3-bdda5f327bcf,,False,61.778620101720826,9.542905386955534,,"Sykehuset Innlandet, DPS Lillehammer, poliklinikk Otta",,611 17700,4,"TSB Otta er en del av DPS, Poliklinikk Otta, og har tett samarbeid med TSB Lillehammer.",sykehuset-innlandet-dps-lillehammer-poliklinikk-otta,"TSB Otta har 2 sosionomer i 100% stilling. Begge sosionomene har videreutdanning rus og avhengighet/rus og psykiatri. Den ene stillingsinnehaver er utdannet Klinisk sosionom. Begge ansatte har utdanning i Kognitiv terapi, Spill avhengighet og Gaming, gir integrert behandling Rus og psykiske lidelser. En har utdanning i familiearbeid og erfaring med gruppebehandling.",0,1 år siden
"Normannsgata 47, 0655 Oslo",Helse Sør-Øst,accel,98c9d28c-84b2-4667-b60f-728a014f9d4a,,True,59.91162787072295,10.779514499017987,,Tyrilisenteret i Oslo,,47474000,4,"Stiftelsens ledelse og fellesfunksjoner som Inntak, Rapportering og FoU (Forskning og Utvikling)",tyrilisenteret-i-oslo,"Enheten tilbyr døgnbehandling i fellesskap, for voksne menn med alvorlig rusmiddelavhengighet. Beliggenheten er sentral. Samtidig oppleves det gamle arbeiderklassestrøket Kampen, med sine fargerike trehus, av mange som en rolig «landsby i byen». Byen, marka og fjorden er naturlige utviklingsarenaer utenfor huset, og musikkterapi, golf, klatring og snowboard er blant aktivitetene som tilbys. I det gamle mursteinshuset, som tidligere huset en fabrikk, ligger også Tyrili Avrusning, Forskning og utvikling, og store deler av Tyrilis administrasjon og ledelse. Like i nærheten ligger også Tyrili Arena Oslo.",0,11 måneder siden
"Kongsgård alle 71, 4632 Kristiansand",Agder.,accel,98c9d285-2ed7-4f77-bf73-7b49a1518fda,,False,58.16138034985885,8.033010442683956,,"Sørlandet sykehus, ARA Enhet for gruppebehandling Kristiansand",,38 13 26 00,4,"ARA Ambulant, Avgiftningsenhet Kristiansand, Enhet for rus og psykiatri",sorlandet-sykehus-ara-enhet-for-gruppebehandling-kristiansand,En 12-trinnsorientert behandling,0,7 måneder siden
"Eggemoen 39, 2582 Grimsbu",Helse Sør-Øst,accel,98c9d28d-0857-47c5-b876-fccb71998086,,True,62.147672992219775,10.158546838681898,,Tyrili Frankmotunet,,474 74 017 / 958 19 811,4,,tyrili-frankmotunet,"Enheten tilbyr døgnbehandling i fellesskap, for voksne med alvorlig rusmiddelavhengighet. Pasienter er i utgangspunktet på Frankmotunet i seks måneder. Deretter overføres de til en annen, bynær enhet, hvor fokus er rettet mot botrening, jobb, sosialt nettverk og livet etter døgnbehandling. Beliggenheten gir mulighet for behandling i landlige og naturskjønne omgivelser, på et tun med tradisjonelle trehus. Det er egen hundegård her, og mange deltar hvert år i Femundløpet, enten på hundesleden, som hjelpere eller heiagjeng. Jakt og friluftsliv preger også hverdagen i Folldal. Viktigst er likevel muligheten for behandling i et rolig miljø, med mulighet for å komme tett på hverandre og naturen.",0,11 måneder siden
"Tyritoppen 1, 1593 Svinndal",Helse Sør-Øst,accel,98c9d289-7def-4013-b446-c56c0431a29d,,True,59.42546771622821,11.0125522011946,,"Kirkens Bymisjon Origosenteret, Avdeling familie",,69 28 65 00,4,Avdeling voksen,kirkens-bymisjon-origosenteret-avdeling-familie,"Sammensatt kompetanse som er satt godt i system. Særlig god helsetjeneste. Ikke låst til en faglig tilnærming, men bruker flere metoder ut i fra hva den enkelte er i behov av. Egen familieavdeling med sterk kompetanse.",0,2 år siden
"Åsenveien 3, 1400 Ski",,accel,98c9d28d-aef7-485f-88ba-38d759f5cb28,,False,59.71615237503996,10.843688459012572,,"Akershus universitetssykehus, ARA Follo poliklinikk vurderingsteam",,64 85 22 00,4,ARA Follo poliklinikk,akershus-universitetssykehus-ara-follo-poliklinikk-vurderingsteam,,1,2 år siden
"Håkonsgaten 1, 5015 Bergen",Alle 18 kommuner i Helse Bergens opptaksområde,accel,98c9d27c-e073-422e-8ac0-cfd048eb99cc,,False,60.39338981076091,5.318069265343711,,"Helse Bergen, AFR Ambulant",,94 17 16 94,3,"Poliklinikk Engenhuset, Korttidspost Engenhuset, HAB, seksjon Forskning og KoRus Bergen",helse-bergen-afr-seksjon-ambulant,Delt inn i to team: URO (Ung rusoppdagelse) har særlig kompetanse på ungdom (15-25 år). Kartlegging og vidareføring til rett hjelp. Hele seksjonen arbeider med ambulant tilnærming. Seksjonen har også særlig satsning på MBT.,0,3 måneder siden
"Klostergata 48, 7030 Trondheim",Helse-Midt,accel,98c9d27a-b186-4ab3-9c69-7c2c0d59a3b5,,False,63.42245020264986,10.385956031173153,,"St. Olavs hospital, Allmenn døgn",,73 86 28 60,2,Poliklinikk og Krise-korttidsavdeling,st-olavs-hospital-allmenn-dogn,Enheten har et tilbud som er klinikkomfattende.,0,4 måneder siden
"Åsenveien 3, 1400 Ski","Ås, Nordre Follo, Frogn og Nesodden",accel,98c9d27f-9d56-4b1c-bc9d-e26a0d24a632,,False,59.715277775630234,10.842018444040454,,"Akershus universitetssykehus, ARA Follo poliklinikk",,64 85 22 00,4,,akershus-universitetssykehus-ara-follo-poliklinikk,Standardisert oppstartsmodell ved poliklinikk som har bidratt til kort ventetid fra pasient blir henvist til første møte (basiskartlegging).,0,2 år siden
"Stuorraluohkka 34, 9735 Karasjok",Midt-Finnmark og samisk befolkning ellers i landet,accel,98c9d278-8ecf-4765-bd8d-bce0ff8df485,,False,69.47192539207519,25.507369277095982,,"Finnmarkssykehuset, Sámi klinihkka, SANKS, TSB poliklinikk",,78 96 74 20,1,,finnmarkssykehuset-sami-klinihkka-sanks-tsb-poliklinikk,"Gjør grundige basisutredninger, har stor fokus på psykiske lidelser og kan tilby traumebehandling når det er relevant.",0,2 år siden
"Verksgata 66, 4013 Stavanger",Helse Vest,accel,98c9d287-a649-4b27-ac9c-d5a85b3c9301,,True,58.971996769807156,5.735797326685917,,Stiftelsen CRUX Verksgata behandlingssenter,,940 26 500,3,"Døgnklinikk, poliklinikk, poliklinisk gruppetilbud og integrert ettervern.",stiftelsen-crux-verksgata-behandlingssenter,"Behandling basert på tillit og dialog mellom pasient og behandlere. Kontinuitet i relasjoner over tid der den samme behandleren følger pasienten gjennom de ulike omsorgsnivåene i behandlingen. Vi tilbyr både døgnbehandling (utredning og stabilisering), sekvensielle innleggelser, poliklinikk og integrert ettervern med brukerstyrt seng.",0,4 måneder siden
"Trivselveien 263, 8215 Valnesfjord",Helse Nord,accel,98c9d28b-24a8-42f8-bbe0-7c0117cc3ac7,,True,67.30130627692165,15.17561674774975,,"Stiftelsen Fossumkollektivet, Avdeling Valnesfjord",,940 12 140 / 940 12 141,1,,stiftelsen-fossumkollektivet-avdeling-valnesfjord,Benytte naturen i terapien. Gruppebehandling med motiverende intervju (MI) som metode. Jobber for å vætree bevisat og bruke traumebevisst rusbehandling/omsorg. Vi har medleverskap og har 7 døgn på og 7 døgn av.,0,2 år siden
"Havikvegen 8, 7800 Namsos",Trøndelag Nord,accel,98c9d27a-8d5f-4b39-8656-1c7e86564662,,False,64.46783074001678,11.503306149794446,,"Helse Nord-Trøndelag, ARA poliklinikk Namsos",,74 21 56 92,2,"Sykehuset Namsos, psykisk helsevern og somatiske avdelinger.",helse-nord-trondelag-ara-poliklinikk-namsos,Bredt poliklinisk tilbud. Ansvar for LAR.,0,2 år siden
"Kirkegata 2, 7601 Levanger",Trøndelag Nord,accel,98c9d27a-6eff-41c0-afce-8b5de49fb04a,,False,63.741807012908154,11.28967925663589,,"Helse Nord-Trøndelag, ARA døgnenhet Levanger",,74 09 86 00,2,ARA poliklinikk Levanger Sykehuset Levanger inkludert psykisk helsevern og somatiske avdelinger,helse-nord-trondelag-ara-dognenhet-levanger,Tett samarbeid med psykisk helsevern (organisert i samme klinikk) og somatikken (ligger geografisk på samme område som de somatiske enhetene ved sykehuset) gir oss mulighet til god helhetlig tilnærming og integrert behandling.,0,2 år siden
"Jens Bjelkesgate 77, 0652 Oslo",Helse Sør-Øst,accel,98c9d28c-c894-499f-b97a-8c681b7f9196,,True,59.91322919175508,10.768200382858387,,Tyrili Stifinnerteam,,922 25 033,4,Tyrili Arena Oslo,tyrili-stifinnerteam,"Tilbudet er for innsatte i fengslene i Oslo/Østfoldsområdet (Bredtveit, Oslo Fengsel, Eidsberg, Ravneberget m fl) som selv opplever at de har et problematisk forhold til rusmidler, og som ønsker å starte en endringsprosess under soning. Strukturen på stifinneravdelingene har mange likhetstrekk med behandlingsfellesskapene i Tyrili, med samtalegrupper, individuelle samtaler, ansvarsgruppemøter og fritidsaktiviteter.",0,2 år siden
"Kongsgård alle 71, 4632 Kristiansand",Agder.,accel,98c9d285-11da-4309-9e21-246ec291552a,,False,58.15933984984974,8.034728484902422,,"Sørlandet sykehus, ARA Enhet for rus og psykiatri Kristiansand",,38 13 27 00,4,"ARA FACT, Avgiftningsenhet Kristiansand, Enhet for gruppebehandling",sorlandet-sykehus-ara-enhet-for-rus-og-psykiatri-kristiansand,"Bred, tverrfaglig, spesialisert utredning. Relasjonskompetanse.",0,7 måneder siden
"Teknologiveien 10, 8517 Narvik",,accel,98c9d28d-5a1a-48d1-9a08-e79ad5bad0c5,,False,68.44800020041163,17.442606411096897,,KORUS Nord,,76 96 73 10,1,,korus-nord,,2,2 år siden
"Åsgårdvegen 40, 9016 Tromsø. Bygg 6, 1 etasje.","Nordland, Troms og Finnmark",accel,98c9d278-c79b-4580-bc61-1f4f99aa6875,,False,69.65813529374809,18.916166027634176,,"Universitetssykehuset Nord-Norge, Avrusning Tromsø",,77 62 60 17,1,Rusbehandling Ung Tromsø Rusbehandling Restart Tromsø,universitetssykehuset-nord-norge-avrusning-tromso,"Akutt TSB for hele Helse Nord. Har også tilbud til pasienter innlagt etter helse- og omsorgstjenesteloven (HOL) §§ 10-2, 10-3 og 10-4.",0,1 uke siden
"Kongsgård alle 71, 4632 Kristiansand",,accel,98c9d285-713a-4022-9353-c6ff2f486e2f,,False,58.15874701646912,8.031929094944246,,"Sørlandet sykehus, Forskning Rus og avhengighet (SørFRA)",,,4,,sorlandet-sykehus-forskning-rus-og-avhengighet-sorfra,,2,2 år siden
"Kirkeveien 275, 3140 Borgheim",Tidligere Vestfold fylke,accel,98c9d282-95b0-478d-bdd4-2bfdd35232f6,,False,59.2076026415789,10.415572118469113,,"Sykehuset i Vestfold, ARA Avgiftning Bygg A",,33 34 12 00,4,Samlokalisert med ARA Avgiftning Bygg B og ARA Utredning og behandling Bygg C.,sykehuset-i-vestfold-ara-avgiftning-bygg-a,Samorganisering med poliklinikk som i større grad gir et helhetlig tilbud. Styrking av øyeblikkelig hjelp/overføringer fra somatikk som fanges opp av tilsynstjenesten. Posten tar imot pasienter som overføres fra somatikk og psykiatri samt akutte innleggelser på dagtid for avklaring av videre behandlingsbehov. Det tilbys også elektive innleggelser for avgiftning og tilrettelegging/motivasjon for videre behandling. Posten har adgangskontroll.,0,2 år siden
"Sjukehusvegen 9, 6770 Nordfjordeid",,accel,98c9d28d-956d-4bcb-be4d-f829eade28b8,,False,61.91307807284531,5.9773153081444095,,"Helse Førde, Nordfjord psykiatrisenter, vurderingsteam",,57 86 43 30,3,Seksjon rus døgn og Seksjon dag,helse-forde-nordfjord-psykiatrisenter-vurderingsteam,,1,2 år siden
"Per Gynts vei 78, 1535 Moss",,accel,98c9d28d-fa05-45a2-bd62-0d38196c4b27,,False,59.44750012048654,10.694271493156672,,"Sykehuset Østfold, ARA Poliklinikk Moss vurderingsteam",,69 86 96 30,4,Rus- og avhengighetspoliklinikk Moss,sykehuset-ostfold-ara-poliklinikk-moss-vurderingsteam,,1,2 år siden
"Anders Sandvikgs gate 17, 2609 Lillehammer",,accel,98c9d28d-d9f1-4561-98a4-6d23e14a188e,,False,61.115586226699094,10.476422195229555,,"Sykehuset Innlandet, DPS Lillehammer, vurderingsteam",,91 50 62 00,4,,sykehuset-innlandet-dps-lillehammer-vurderingsteam,,1,2 år siden
"Bjørnstjerne Bjørnsons veg 45, 6412 Molde",Helse Midt-Norge,accel,98c9d28d-49c5-4ed8-b365-afd5205953ef,,True,62.739485949779805,7.135626296777542,,Tyrilisenteret i Molde,,474 74 012,2,,tyrilisenteret-i-molde,"Tyrilisenteret i Molde åpnet sommeren 2022 og ligger sentralt plassert i byen. Behandlingen foregår i midlertidige bygg. Det permanente huset vårt skal stå ferdig våren 2024. Enheten tilbyr døgnbehandling i fellesskap, for voksne og unge voksne med alvorlig rusmiddelavhengighet. Beliggenheten er sentrumsnær, med kort vei både til byens tilbud og ut i naturen. Sjøen, marka og byen er naturlige arenaer for aktivitet og utvikling i behandlingshverdagen.",0,11 måneder siden
"Harald Pedersens gate 9B, 3182 Horten","Horten, Tønsberg og Holmestrand kommune",accel,98c9d283-6c77-4f38-b915-327cf1b4e93c,,False,59.416784154814934,10.476147113276326,,"Sykehuset i Vestfold, ARA Rus- og avhengighetspoliklinikk nord Horten",,33 03 64 00,4,LAR nord Horten,sykehuset-i-vestfold-ara-rus-og-avhengighetspoliklinikk-nord-horten,"Helhetlig, tverrfaglig samarbeid",0,2 år siden
"Asdalvegen 1, 4250 Kopervik","Haugesund, Sveio, Tysvær, Vindafjord, Ølen, Suldal, Sauda, Bokn, Karmøy",accel,98c9d27d-f3cd-41b8-bc5a-7965938802b2,,False,59.28577001256916,5.314620387750213,,"Helse Fonna, Haugaland DPS TSB-poliklinikk",,52 73 21 00,3,Ungdomseininga,helse-fonna-haugaland-dps-tsb-poliklinikk,"Enheten har mange LAR-pasienter, og mye kompetanse på dette. Forøvrig kan vi noe om mye.",0,2 år siden
"Åsgårdvegen 40, 9016 Tromsø",,accel,98c9d278-aaa9-4c20-9d10-1693966c37fc,,False,69.65848511471187,18.912887550722008,,"Universitetssykehuset Nord-Norge, Fagutvikling, forskning og utdanning",,77 62 60 00,1,,universitetssykehuset-nord-norge-fagutvikling-forskning-og-utdanning,,2,2 år siden
"Jacob Borchs gate 10, 3004 Drammen",Viken,accel,98c9d285-9e50-482a-a701-8f1e5c328f0b,,False,59.744998904239786,10.235897615711515,,"Vestre Viken, ARA Rusakutt, Rusakutt",,32 00 38 32,4,Samlokalisert med Avgiftningsenhet 1,vestre-viken-ara-rusakutt-rusakutt,,0,2 måneder siden
"Kirkeveien 166, Bygg 45, 0450 Oslo","Rus- og avhengighetspoliklinikk Ullevål har inntak fra alle Oslos bydeler med unntak av Stovner, Alna og Grorud (tilhører Ahus).",accel,98c9d280-eee2-4bce-8edf-761ccab01cdd,,False,59.93907209171242,10.737469155650642,,"Oslo universitetssykehus, ARA Seksjon rus- og avhengighetspoliklinikk Enhet 3 Ullevål",,23 36 89 00,4,Rus- og avhengighetspoliklinikkene LAR 1 og LAR 2,oslo-universitetssykehus-ara-seksjon-rus-og-avhengighetspoliklinikk-enhet-3-ulleval,"Poliklinikkene har et robust, variert og kompetent fagmiljø med spesialutdannede medarbeidere. Alle de kliniske enhetene gir tilbud om tverrfaglig utredning, skadereduksjon og behandling til personer over 15 år med rus- og avhengighetsproblematikk og pårørende. Poliklinikken tilbyr også behandling til personer med problematisk bruk av anabole androgene steroider, spill og annet. Det tilbys en rekke behandlingstilnærminger som Motiverende intervju, Eye Movement Desensitisation and Reprocessing (EMDR), kognitiv terapi, familieterapi, dialektisk adferdsterapi og mindfulness. Poliklinikken tilbyr til enhver tid et stort og variert gruppebehandlingstilbud. I hovedsak foregår oppfølgningen i poliklinikken sine lokaler, men det er også mulighet for å møtes utenfor poliklinikken eller digitalt. Poliklinikken har et arenafleksibelt team kan bistå i særlig krevende perioder. Et av satsningsområdene er sosialfaglig behandling og det er knyttet dedikerte klinikere til dette. Det tilbys behandling med substitusjonslegemidler i poliklinikker for legemiddelassistert rehabilitering (LAR) og heroinassistert behandling (HABiO). Den medisinske behandlingen er en del av en helhetlig oppfølgning med tilgang til det samme behandlingstilbudet som gis i øvrige enheter.",0,10 måneder siden
"Sjukehusvegen 9, 6770 Nordfjordeid","Stad, Gloppen, Stryn og Kinn",accel,98c9d27b-eab2-4131-a154-a7fad81957ee,,False,61.91453755150113,5.974180001767014,,"Helse Førde, Nordfjord psykiatrisenter, seksjon dag",,57 86 43 30,3,Seksjon rus døgn,helse-forde-nordfjord-psykiatrisenter-seksjon-dag,Vi har jobbspesialister som er med å følge pasienten saman med behandler. Så tilbyr vi familiegruppe og familien/pårørande får tilbud/informasjon om å delta på møteplassen.,0,2 år siden
"Bispegra 50C, 4632 Kristiansand",Hovedsakelig tidligere Vest-Agder,accel,9b12de63-c927-4493-837a-6a7d3b81bf24,,False,58.16132995325332,8.026821554744664,,"Sørlandet sykehus, ARA Poliklinikk Agder, Kristiansand",,38132500,4,,sorlandet-sykehus-ara-poliklinikk-agder-kristiansand,Regulær TSB-behandling.,0,7 måneder siden
"Nils Lauritssøns vei 37, 0870 Oslo",Helse Sør-Øst,accel,98c9d289-3eb6-4fd0-bef1-bd7b71941963,,True,59.94462742865999,10.744506121075228,,"Kirkens Bymisjon A-senteret, Villa Berg",,23 26 50 80,4,,kirkens-bymisjon-a-senteret-villa-berg,"Mentaliseringsbasert miljøterapi som rammeverk og som alle ansatte får veiledning i. Stor fordel med liten enhet for menn beliggende sentralt, men skjermet i Oslo, hvor mange av pasientene skal eller er etablert i.",0,2 år siden
"Lade Allé 86, 7041 Trondheim","Helse Midt-Norge: Trøndelag, Møre og Romsdal",accel,98c9d287-021c-414e-b48f-9a75c657a09d,,True,63.43703267557346,10.472336360532465,,"Blå Kors klinikk Lade, ROP-avdelingen",,73 84 85 00,2,"Avdeling for alkohol- og medikamentavhengighet, Avrusningsavdelingen, Avdeling for gravide og småbarnsfamilier",bla-kors-klinikk-lade-rop-avdelingen,"Liten og oversiktlig avdeling med gode muligheter for individuelle tilpasninger. Pasientene har sammensatte og komplekse tilstander. Vi vektlegger å skape en trygg og god relasjon, tilbyr utredning og iverksetter behandlingstiltak. Tett samarbeid med hjemkommune og andre samarbeidspartnere. Mulighet for å være innlagt på tvang etter § 10-2.",0,4 måneder siden
"Halfdan Wilhelmsens allé 17, 3116 Tønsberg",,accel,98c9d283-cf66-4112-9aae-3445fbd00edf,,False,59.274041074522586,10.420026633133398,,"Sykehuset i Vestfold, Forskningsgruppe Rus og avhengighet",,479 05 895,4,,sykehuset-i-vestfold-forskningsgruppe-rus-og-avhengighet,,2,2 år siden
"Bråteveien 31, 1827 Hobøl",Helse Sør-Øst,accel,98c9d28a-3a29-42e5-80a6-9904358dc48c,,True,59.5491287221106,10.8364469520451,,"Skjelfoss psykiatriske senter, Avdeling TSB",,69 92 41 50,4,,skjelfoss-psykiatriske-senter-avdeling-tsb,"Et behandlingstilbud som spenner bredt, både individuelle- og gruppeintervensjoner. Stor mulighet og vilje til individuell tilpassing. God tilgang på spesialist psykiatri og rusmedisin ved enheten.",0,2 år siden
"Songsvannsveien 21, Bygg 6, 0372 Oslo",,accel,98c9d281-4650-4f17-82c7-348f0181d3ba,,False,59.94942632762012,10.714051381395004,,"Oslo universitetssykehus, RusForsk",,91 17 51 85,4,,oslo-universitetssykehus-rusforsk,,2,2 år siden
"Hatleveien 7D, 5038 Bergen",,accel,98c9d27d-396a-4e02-ba17-f79070cddcb5,,False,60.41708580136146,5.309021593045574,,"Helse Bergen, AFR seksjon Martens",,55 90 86 00,3,Tvangsposten,helse-bergen-afr-seksjon-martens,Er fleksibel i møte med pasientens behov og skreddersyr tilbudet.,0,2 år siden
"Kongensgate 33, 3717 Skien",Helse Sør-Øst,accel,98c9d287-e8f8-4739-a184-e8d6d676387a,,True,59.215049333170484,9.611221496512883,,"Blå Kors klinikk Skien, Seksjon for behandling, 6 mnd.",,35 90 47 00,4,"Poliklinikk Skien Seksjon for behandling, 3 mnd Skien",bla-kors-klinikk-skien-seksjon-for-behandling-6-mnd,"Vi jobber godt med det behandlingsforberedende arbeidet og har integrert ettervern med brukerstyrte plasser. Tverrfaglig bemanning, god spesialistdekning. Tilbud om fysisk trening og aktivitet.",0,1 måned siden
"Kløvertunvegen 1, 6100 Volda",,accel,98c9d28d-8de5-4173-ba11-dfb9d2683a9d,,False,62.14880658931405,6.098100382862254,,"Helse Møre og Romsdal, Vurderingsteam DPS Volda",,70 05 85 60,2,,helse-more-og-romsdal-vurderingsteam-dps-volda,,1,2 år siden
"Totenvegen 1279, 2848 Skreia",Helse Sør-Øst,accel,98c9d28b-bfe2-41a2-b24c-d2e33bf2cc90,,True,60.64733250674433,11.030769437497524,,"Stiftelsen Solliakollektivet, Avdeling Trogstad",,61128700,4,,stiftelsen-solliakollektivet-avdeling-trogstad,"Bred faglig kompetanse. Helsepersonell, sosionomer, sykepleier/vernepleier, psykiater, lege, psykolog, erfaringskonsulenter, agronomer, snekker, kokker og egen lærer. Sollia er gode på en fullstendig avklaring av sitasjonen før endt behandling.",0,2 år siden
"Håkonsgaten 1, 5015 Bergen",,accel,98c9d27d-177a-4607-9446-70ee51c12c0e,,False,60.38857571354815,5.31659305574643,,"Helse Bergen, AFR seksjon korttidspost Engenhuset",,55 90 87 00,3,"Poliklinikk Engenhuset, HAB, seksjon Ambulant, seksjon Forskning og KoRus Bergen",helse-bergen-afr-seksjon-korttidspost-engenhuset,,0,1 år siden
"Trondheimsveien 80, 0565 Oslo",,accel,98c9d28e-26ab-40a1-a9d7-041a6828825a,,False,59.92798575912507,10.768821502948926,,"Lovisenberg Diakonale Sykehus, Ruspoliklinikken vurderingsteam",,,4,Ruspoliklinikken og RusFACT Oslo sentrum,lovisenberg-diakonale-sykehus-ruspoliklinikken-vurderingsteam,,1,2 år siden
"Bispegra 50C, 4632 Kristiansand",Hovedsakelig tidligere Vest-Agder.,accel,9b12e211-b47e-492c-89b9-fae44bf57ac0,,False,58.159144203371135,8.033796832995693,,"Sørlandet sykehus, ARA LAR Agder, Kristiansand",,38132500,4,ARA Poliklinikk LAR,sorlandet-sykehus-ara-lar-agder-kristiansand,Regulær LAR-behandling,0,7 måneder siden
"Kongsgård alle 71, 4632 Kristiansand (Lokalisasjon Arendal: Rykeneveien 106, 4824 Bjorbekk)",Kommunene Kristiansand og Arendal,accel,98c9d284-dc01-4c6d-ad85-fba175776d5b,,False,58.433346233445334,8.70102883848968,,"Sørlandet sykehus, ARA Ambulant",,38 13 26 00,4,"I vestfylket: Avgiftningsenhet Kristiansand, Enhet for rus og psykiatri, Enhet for gruppebehandling I østfylket: DPS Østre Agder, Avgiftningsenhet Arendal",sorlandet-sykehus-ara-ambulant,"En styrke er at man kan skalere opp og ned intervensjoner, fleksibelt. Tenker 360 graders perspektiv rundt pasienten. Enheten forvalter også rustilsyn i somatikken (ARA Soma).",0,11 måneder siden
"Moldbakken 9A, 5042 Bergen",,accel,98c9d27d-772b-4d12-b11c-08a1514e64dd,,False,60.417782904984186,5.313884794654462,,"Helse Bergen, AFR seksjon Floen Bergen",,55 95 89 00,3,,helse-bergen-afr-seksjon-floen-bergen,"Medikamentfritt tilbud. Særlig kompetanse på traumesensitiv tilnærming i miljøterapien. Har systematikk på å behandle relasjonelle/utviklings- og enkeltstående traumer. Behandlingen i døgn på Floen er forankret i poliklinikk. Før innleggelse gjøres forberedelse til døgn, poliklinisk behandler er med på behandlingsplanene i døgn og etter døgninnleggelse fortsetter poliklinikken oppfølging.",0,2 år siden
"Kirkeveien 275, 3140 Borgheim",Vestfold fylke,accel,98c9d282-d9a4-4b47-9e0d-cb6510115143,,False,59.205972458686205,10.403365156429569,,"Sykehuset i Vestfold, ARA Utredning og behandling Bygg C",,33 34 12 00,4,Samlokalisert med ARA Avgiftning Bygg A og ARA Avgiftning Bygg B,sykehuset-i-vestfold-ara-utredning-og-behandling-bygg-c,"TSB døgnpost med ett utrednings- og ett behandlingsavsnitt. Behandlingsavsnittet har et individuelt tilrettelagt kjønnsdelt tilbud, med gruppebehandling, intellektuell behandling og praktisk bistand. Utredningsavsnitt med nevropsykologisk kompetanse.",0,1 år siden
"Kirkeveien 166, Bygg 45, 0450 Oslo","Oslo (med unntak av bydelene Stovner, Alna og Grorud)",accel,98c9d280-b065-486d-9913-a0de81896067,,False,59.9375624240245,10.735874749816963,,"Oslo universitetssykehus, ARA Seksjon rus- og avhengighetspoliklinikk LAR1 og LAR2",,23 36 89 00,4,Rus- og avhengighetspoliklinikk Ullevål,oslo-universitetssykehus-ara-seksjon-rus-og-avhengighetspoliklinikk-lar1-og-lar2,"Poliklinikkene har et robust, variert og kompetent fagmiljø med spesialutdannede medarbeidere. Alle de kliniske enhetene gir tilbud om tverrfaglig utredning, skadereduksjon og behandling til personer over 15 år med rus- og avhengighetsproblematikk og pårørende. Poliklinikken tilbyr også behandling til personer med problematisk bruk av anabole androgene steroider, spill og annet. Det tilbys en rekke behandlingstilnærminger som Motiverende intervju, Eye Movement Desensitisation and Reprocessing (EMDR), kognitiv terapi, familieterapi, dialektisk adferdsterapi og mindfulness. Poliklinikken tilbyr til enhver tid et stort og variert gruppebehandlingstilbud. I hovedsak foregår oppfølgningen i poliklinikken sine lokaler, men det er også mulighet for å møtes utenfor poliklinikken eller digitalt. Poliklinikken har et arenafleksibelt team kan bistå i særlig krevende perioder. Et av satsningsområdene er sosialfaglig behandling og det er knyttet dedikerte klinikere til dette. Det tilbys behandling med substitusjonslegemidler i poliklinikker for legemiddelassistert rehabilitering (LAR) og heroinassistert behandling (HABiO). Den medisinske behandlingen er en del av en helhetlig oppfølgning med tilgang til det samme behandlingstilbudet som gis i øvrige enheter.",0,8 måneder siden
"Parkveien 35, 2212 Kongsvinger",,accel,98c9d28d-c068-413e-8672-2407be2ecaf2,,False,60.19661375743225,11.997825930645789,,"Akershus universitetssykehus, ARA Kongsvinger poliklinikk vurderingsteam",,67 96 00 00,4,ARA Kongsvinger poliklinikk,akershus-universitetssykehus-ara-kongsvinger-poliklinikk-vurderingsteam,,1,2 år siden
"Vesterveien 3, 4836 Arendal",Helse Sør-Øst,accel,98c9d28c-40ee-4530-982f-0d3b0a55eb7c,,True,58.46142931896406,8.76632638431888,,Tyrili Arena Arendal,,47 47 40 06,4,,tyrili-arena-arendal,"Enheten tilbyr døgnbehandling for pasienter med behov for stor grad av individuell tilpasning. Noen nærmer seg slutten av sitt behandlingsløp, og trenger en gradvis overgang til en selvstendig tilværelse. Andre har, av ulike grunner, størst utbytte av en behandlingshverdag med mye selvstendighet. For å få plass ved Tyrili Arena Arendal, må du ha behandlingserfaring fra før, enten fra Tyrili eller annet behandlingssted. Stor grad av rusmestring er også en forutsetning. Fokus på Arena er botrening, selvstendighet og ansvarsutvikling. Pasienter i slutten av behandlingsløpet fokuserer på jobb, skole, meningsfulle aktiviteter i hverdagen og sosialt nettverk. Byen og sjøen er naturlige utviklingsarenaer i området, og enheten har en egen båt til rådighet for fisketurer og rekreasjon.",0,2 år siden
"Sognsvannsveien 21, Bygg 22 og 23, 0372 Oslo","Oslo (med unntak av bydelene Stovner, Alna og Grorud)",accel,98c9d280-6dc4-4eca-8849-a06793db3071,,False,59.95227553443632,10.716182843650222,,"Oslo universitetssykehus, ARA Seksjon ung",,22 92 35 00,4,Døgnenhet og poliklinisk enhet (Uteteam Ung og Stallen).,oslo-universitetssykehus-ara-seksjon-ung,"Avdeling rus- og avhengighetsbehandling har et helhetlig tilbud og dekker alle basistjenester, inkludert akutt, poliklinikk, ambulante tjenester, avrusning og døgnbehandling. Det er i avdelingen også eget pårørendetilbud for de som er berørt av rus og avhengighet. Vi har et nært samarbeid med behandlingstilbud i somatikk og psykisk helsevern i eget sykehus. I møte med pasientgruppen tilbyr vi en dynamisk tilnærming hvor vi er fleksible i forhold til behandlingstilnærming og oppfølging, samtidig som vi er tydelige på rammen for behandlingen. Døgnenheten tilbyr tverrfaglig spesialisert utredning og behandling til pasienter med rus- og avhengighetsproblematikk, primært i alderen 18 til 28 år. Vi gir et differensiert og individuelt tilrettelagt behandlingstilbud med fysisk, psykisk, sosialfaglig og miljøterapeutisk fokus. Stallen tilbyr sekundærtilbud/behandling til pasienter i ordinære pasientløp i spesialisthelsetjenesten, modulbasert gruppebehandling i hesteassistert terapi (emosjonsfokusert, dynamisk orientert). Det er et eget gruppetilbud for voldsutsatte kvinner, med hesteassistert terapi. Uteteam Ung jobber med sårbare unge med alvorlig rusproblematikk som faller ut av eller ikke klarer å ta imot ordinære behandlingstilbud. Fleksibelt oppmøtetidspunkt og sted. Uteteam har en særlig kompetanse på rusens funksjon og bruker et bredt repertoar av terapeutiske tilnærminger.",0,8 måneder siden
"Storgata 16, 2750 Gran",Lunner og Gran kommune,accel,98c9d282-33a9-45aa-91a8-8d9c5c8b9fb5,,False,60.35503248378381,10.569176562665433,,"Sykehuset Innlandet, DPS Gjøvik, poliklinikk Hadeland",,91 50 62 00,4,,sykehuset-innlandet-dps-gjovik-poliklinikk-hadeland,Traumekompetanse er et satsningsområde. Vi bruker checkware i utredningsfasen og har oppfølging etter innleggelse i døgnbehandling i TSB,0,2 år siden
"Kyrre Grepps gate 19, 2819 Gjøvik",,accel,98c9d28d-d446-4d7e-9742-e7ed4fbe4af4,,False,60.804004538724726,10.685548655177703,,"Sykehuset Innlandet, DPS Gjøvik, vurderingsteam",,91 50 62 00,4,,sykehuset-innlandet-dps-gjovik-vurderingsteam,,1,2 år siden
"Kirkeveien 166, 0450 Oslo",,accel,98c9d28d-62ae-42e7-a06b-382701ed50fa,,False,59.94103190772153,10.745215222358619,,SERAF – Senter for rus- og avhengighetsforskning,,23368972 / 23368976,4,,seraf-senter-for-rus-og-avhengighetsforskning,,2,2 år siden
"Songsvannsveien 21, Bygg 6, 0372 Oslo",,accel,98c9d281-47f6-4c0f-8564-2afcb3fed426,,False,59.948319377880125,10.716808861384932,,NRAPP,,,4,,nrapp,,2,10 måneder siden
"Hyggenveien 25, 3440 Røyken",Helse Sør-Øst,accel,98c9d289-c18e-4ab8-b5bd-45f1e499e8ae,,True,59.73602611299823,10.379048451575281,,"Manifestsenteret, Avdeling 1",,31 29 76 50,4,"Fire avdelinger ved Manifestsenteret, hvorav to er TSB-avdelinger og to er PHV-avdelinger",manifestsenteret-avdeling-1,Sterkt tverrfaglig miljø med lang erfaring med ROP tilstander.,0,2 år siden
"Svanehaugvegen 2, 6812 Førde",,accel,98c9d28d-9786-4046-8b34-1249601ccbb8,,False,61.4600457566836,5.894169649910326,,"Helse Førde, Psykiatrisk klinikk, vurderingsteam",,57 83 94 70,3,,helse-forde-psykiatrisk-klinikk-vurderingsteam,,1,2 år siden
"Ávjovárgeaidu 182, 9730 Karasjok",,accel,98c9d28d-646f-4773-9c2d-b9ea627979bd,,False,69.46774844027924,25.510304672535728,,Samisk nasjonal kompetansetjeneste – psykisk helsevern og rus (SANKS),,78 96 74 00,1,,samisk-nasjonal-kompetansetjeneste-psykisk-helsevern-og-rus-sanks,,2,2 år siden
"Sykehusveien 6, 4838 Arendal",Hovedsakelig tidligere Aust-Agder.,accel,9b12e36f-6833-4ef3-b03b-cb31468195d4,,False,58.46763061721477,8.757087186813965,,"Sørlandet sykehus, ARA LAR Agder, Arendal",,37019500,4,ARA Poliklinikk Agder,sorlandet-sykehus-ara-lar-agder-arendal,Regulær LAR-behandling,0,7 måneder siden
"Asaldalvegen 1, 4250 Kopervik",Hele Helse Fonna området.,accel,98c9d28d-a569-4e39-a8ec-95da6b0e7a97,,False,59.279512768916746,5.28587337201519,,"Helse Fonna, Haugaland DPS Vurderingsteam",,52 73 21 00,3,Ruspoliklinikk Haugesund,helse-fonna-haugaland-dps-vurderingsteam,,1,2 år siden
"Østre Murallmenningen 7, 5012 Bergen",Alle 18 kommuner i Helse Bergens opptaksområde,accel,98c9d27c-59d0-4235-a777-219a0e7beed7,,False,60.39774300951203,5.3216414453057075,,"Helse Bergen, AFR seksjon poliklinikk Murhjørnet",,55 97 01 00,3,Seksjon LAR og Seksjon forskning,helse-bergen-afr-seksjon-poliklinikk-murhjornet,"Sterk kompetanse på komorbide traumelidelser. Gode gruppebehandlingstilbud for tilbakefallsforebygging (MBRP), ADHD (Pegasus) og traumelidelser (Tilbake til nåtid).",0,2 år siden
"Vestmoa 27, 6018 Ålesund",,accel,98c9d28d-84ae-4955-93ac-b59738c8738b,,False,62.47079255208774,6.337178208371277,,"Helse Møre og Romsdal, Vurderingsteam Avdeling for TSB",,70 10 50 00,2,Ålesund behandlingssenter,helse-more-og-romsdal-vurderingsteam-avdeling-for-tsb,,1,2 år siden
"Snekkerveien 28, 4321 Sandnes",Helse Vest,accel,98c9d28d-5329-4649-862c-536b0f375044,,True,58.82656506381386,5.716152582218965,,Tyrilisenteret i Sandnes,,47 47 40 14,3,,tyrilisenteret-i-sandnes,"Tyrilisenteret i Sandnes åpnet mai 2023 og ligger på midlertidig lokasjon på Ganddal. Vi bygger nytt i Langgata og gleder oss til innflytting der i slutten av 2025. Enheten tilbyr døgnbehandling med fellesskapet som utviklingsarena for voksne med alvorlig rusmiddelavhengighet i tillegg til poliklinisk behandling. Beliggenheten er skjermet men med kort vei både til byens tilbud, kollektivtilbud og parkområder. Sjøen, marka og byen er naturlige arenaer for aktivitet og utvikling i behandlingshverdagen.",0,11 måneder siden
"Anders Sandvikgs gate 17, 2609 Lillehammer","Kommunene Lillehammer, Dovre, Lesja, Skjåk, Lom, Sel, Vågå, Nord-Fron, Sør-Fron, Ringebu, Øyer og Gausdal",accel,98c9d282-5689-4545-957d-c5a8fe39d85f,,False,61.112100535521556,10.47758524466064,,"Sykehuset Innlandet, DPS Lillehammer, poliklinikk Lillehammer",,91 50 62 00,4,,sykehuset-innlandet-dps-lillehammer-poliklinikk-lillehammer,"Vår enhets styrke er helt klart tverrfagligheten, med sterkt fokus på relasjonsbygging og tid.",0,2 år siden
"Åsgårdvegen 18, 9016 Tromsø","Nordland, Troms og Finnmark.",accel,98c9d278-ef7d-4c45-a9b9-821e95f2bb95,,False,69.6543500502814,18.928891665891786,,"Universitetssykehuset Nord-Norge, Rusbehandling Ung Tromsø",,77 75 49 78,1,Avrusning Tromsø. Restart Tromsø,universitetssykehuset-nord-norge-rusbehandling-ung-tromso,Enheten har fokus på mentaliseringsbasert terapi. Fokus på helhetlig integrert behandling i et biopsykososialt perspektiv. Individualtilpasset behandling i tillegg til gruppebehandling. Fokus på aktiviteter og treningstilbud. Tverrfaglig sammensatt personalgruppe med lang erfaring innen arbeid med rusmiddelavhengighet.,0,1 uke siden
"Folkenborgveien 198, 1850 Mysen",Helse Sør-Øst,accel,98c9d289-fc75-4693-b969-9b20ef8bf112,,True,59.53967324601598,11.290930147580955,,Phoenix Haga,,69 89 82 50,4,,phoenix-haga,"Enheten jobber systematisk med avhengighet som lidelse og behandling av dette. Videre får alle pasienter tilbud om individuell oppfølging av psykolog og psykiater. Alle somatiske tilstander blir kartlagt og fulgt opp av lege/sykepleier. Vi har egen jobbspesialist som jobber etter prinsippene i IPS (Individuell jobbstøtte). Skoletilbud. Musikkterapi. Tilbud om fysisk trening og friluftsliv. Tilbud om integrert ettervern, med oppfølging etter døgnbehandling i et til fem år. Vi har et godt utbygd tilbud til pårørende med eget familieteam.",0,2 år siden
"Hamangskogen 60, 1338 Sandvika",Bærum kommune,accel,98c9d286-1b6e-4fd3-9231-f5f42867da72,,False,59.89817012214078,10.51048214742948,,"Vestre Viken, Bærum DPS, Poliklinikk 4, ruspoliklinikken",,67 81 43 00,4,Bærum DPS har samlet sine poliklinikker for rus/tsb og psykisk helse på samme lokasjon,vestre-viken-baerum-dps-poliklinikk-4-ruspoliklinikken,"Ansatte med psykologfaglig, medisinskfaglig og sosialfaglig kompetanse med mange års erfaring innen TSB. Det tilbys både individuelle samtaler og gruppeterapi. Ruspoliklinikken tilbyr også LAR behandling til pasienter i Bærum. Det er tett samarbeid med både kommunale tjenester og andre poliklinikker, samt samarbeid med Avdeling for rus og avhengighet ved behov for innleggelse til avgiftning eller rusbehandling på døgn.",0,1 år siden
"Harald Pedersens gate 9B, 3182 Horten","Horten, Tønsberg og Holmestrand kommune",accel,98c9d282-f888-40f3-ab24-22c87c00ef3f,,False,59.4124081169059,10.47840453290777,,"Sykehuset i Vestfold, ARA LAR nord Horten",,90 60 53 19,4,Rus- og avhengighetspoliklinikk nord Horten,sykehuset-i-vestfold-ara-lar-nord-horten,"Helhetlig, tverrfaglig samarbeid",0,2 år siden
"Per Gynts vei 84, 1535 Moss","Østfold (eksklusiv Rømskog kommne, inklusiv Vestby kommune)",accel,98c9d284-0e18-46b7-913e-cbacc4179300,,False,59.44556290674751,10.694057289827674,,"Sykehuset Østfold, ARA Seksjon for utredning",,69 86 63 92 / 69 86 63 91,4,Seksjon for avrusning,sykehuset-ostfold-ara-seksjon-for-utredning,"Seksjonen tar imot rusmiddelavhengige kvinner og menn over 18 år som ønsker frivillig innleggelse, og pasienter innlagt med hjemmel i helse- og omsorgstjenesteloven § 10-2, tilbakehold i institusjon uten eget samtykke. Vi gir tilbud om å gjennomføre/sluttføre utredning og funksjonskartlegging samt stabiliseringsopphold etter henvisning fra poliklinikk for rus- og avhengighetsbehandling.",0,2 år siden
"Ulefossvegen 60, 3710 Skien","Hele Telemark men spesielt for Skien, Porsgrunn, Nome og Siljan. Vi har andre lokasjoner for de øvrige kommunene i Telemark",accel,98c9d283-ff71-462b-9e98-d0eb41163d54,,False,59.19352004878261,9.59475934140363,,"Sykehuset Telemark, Seksjon poliklinikk TSB, Skien",,35 00 35 87 / 35 00 36 19,4,"Vi er lokalisert på området til psykiatrisk klinikk, nært somatisk sykehus og lokal avrusningspost.",sykehuset-telemark-seksjon-poliklinikk-tsb-skien,,0,2 år siden
"Glengsgata 17, 1706 Sarpsborg",Sarpsborg og Rakkestad,accel,98c9d284-743c-4c44-82da-fd85728d0c8e,,False,59.28774356982839,11.111495400752334,,"Sykehuset Østfold, ARA Poliklinikk Sarpsborg",,69 86 98 00,4,,sykehuset-ostfold-ara-poliklinikk-sarpsborg,"Rusbehandling til innsatte i fengsel, mentaliseringsbasert behandling (individuelt og gruppe), traumebehandling, FACT, LAR, familie-/pårørendetilbud (alt organisert i mindre spesialiserte fagteam) + IPS/jobbspesialist Poliklinikk for rus- og avhengighetsbehandling skal gi tilbud til: - personer med rusproblemer eller avhengighet til rusmidler/vanedannende stoffer - foreldre/barn/søsken/ektefelle/partner til personer med rusmiddelmisbruk - personer med spilleavhengighet - veiledning til samarbeidspartnere som kommunale instanser eller andre Vi har et stort fokus på bred kartlegging i oppstartsfasen og fortsatt tverrfaglighet gjennom hele behandlingsløp. Alle nyhenviste får tilbud om kartlegging og vi har en visjon om null avslag.",0,2 år siden
"Tømmerkaia 9, 3732 Skien",Helse Sør-Øst,accel,98c9d28c-62e1-4c81-87f9-a6f190333123,,True,59.19772805657644,9.606076465285094,,Tyrilisenteret i Skien,,47 47 40 04,4,,tyrilisenteret-i-skien,"Enheten tilbyr døgnbehandling i fellesskap, for voksne med alvorlig rusmiddelavhengighet. En del av behandlingsplassene er reservert for unge. Beliggenheten, i en relativt ny bydel i vekst og utvikling, er skjermet og fredelig, samtidig som det er kort vei til byens tilbud. Skien og området rundt benyttes til utvikling og aktiviteter. Enhetens seilskute, «Ty», brukes til turer, og vedlikeholdes av et eget arbeidslag.",0,11 måneder siden
"Julie Eges gate 6, 4306 Sandnes","Sandnes, Sola, Time, Hå, Klepp, Egersund, Sokndal og Lund kommune",accel,98c9d27e-d21d-40a2-a5fe-578fc3b98253,,False,58.84952540731361,5.733251521217298,,"Helse Stavanger, ARA Ruspoliklinikk Sandnes",,51 51 41 70,3,,helse-stavanger-ara-ruspoliklinikk-sandnes,"Gode metoder for forståelse og behandling av komplekse traumer kombinert med rus, både individuelt og i grupper. I tillegg gir vi tilbud om behandling til både spillavhengige og gamingavhengige.",0,2 år siden
"Trondheimsveien 235, 0586 Oslo","Oslo (med unntak av bydelene Stovner, Alna og Grorud).",accel,98c9d281-23f8-4e6c-8d45-98c6109be42b,,False,59.939777660764804,10.790131439784465,,"Oslo universitetssykehus, ARA Seksjon rusakuttmottak og avgiftning",,23 03 43 10,4,"Rusakuttmottaket, to avgiftningsenheter for elektiv innleggelse, og en organisatorisk enhet med leger og psykologer som server hele seksjonen.",oslo-universitetssykehus-ara-seksjon-rusakuttmottak-og-avgiftning,"Avdeling rus- og avhengighetsbehandling har et helhetlig tilbud og dekker alle basistjenester, inkludert akutt, poliklinikk, ambulante tjenester, avrusning og døgnbehandling. Det er i avdelingen også eget pårørendetilbud for de som er berørt av rus og avhengighet. Vi har et nært samarbeid med behandlingstilbud i somatikk og psykisk helsevern i eget sykehus. Denne seksjonen har hovedfokus på akutte intervensjoner og avrusning. Behandlingsforløpene er i hovedsak korte, men enheten har også ansvar for tilbakehold etter §10-2 og §10-3. Behandlingstilbud tilpasses individuelt etter pasientens behov.",0,8 måneder siden
"Skytterhusveien 2, 9900 Kirkenes",,accel,98c9d278-6437-4e2c-aa0c-9f03a14943a9,,False,69.70916871825975,30.04515321177035,,"Finnmarkssykehuset, Klinikk Kirkenes, Voksenpsykiatrisk poliklinikk Kirkenes",,78 96 72 30,1,,finnmarkssykehuset-klinikk-kirkenes-voksenpsykiatrisk-poliklinikk-kirkenes,,0,11 måneder siden
"Kjærlighetsstien 30, 1781 Halden",Halden og Aremark,accel,98c9d284-529e-49af-bf89-8b699535bbec,,False,59.1312299390812,11.381393995484004,,"Sykehuset Østfold, ARA Poliklinikk Halden",,69 86 57 00,4,,sykehuset-ostfold-ara-poliklinikk-halden,Poliklinikk for rus- og avhengighetsbehandling skal gi tilbud til: - personer med rusproblemer eller avhengighet til rusmidler/vanedannende stoffer - foreldre/barn/søsken/ektefelle/partner til personer med rusmiddelmisbruk - personer med spilleavhengighet - veiledning til samarbeidspartnere som kommunale instanser eller andre Vi har et stort fokus på bred kartlegging i oppstartsfasen og fortsatt tverrfaglighet gjennom hele behandlingsløp. Alle nyhenviste får tilbud om kartlegging og vi har en visjon om null avslag.,0,2 år siden
"Sykehusveien 6, 4838 Arendal",Hovedsakelig gamle Aust-Agder.,accel,9b12e0cf-9549-4928-9ad8-045d0329e9dd,,False,58.467858530841866,8.754148759199996,,"Sørlandet sykehus, ARA Poliklinikk Agder, Arendal",,37019500,4,ARA Poliklinikk LAR,sorlandet-sykehus-ara-poliklinikk-agder-arendal,Regulær TSB-behandling,0,7 måneder siden
"Kirkeveien 206A, 1383 Asker",Asker kommune,accel,98c9d285-fdeb-437d-b5ea-f4a4a4ab44cc,,False,59.83438558863945,10.436631398404439,,"Vestre Viken, Asker DPS, Poliklinikk 2",,67 50 20 37,4,"Poliklinikk 1, Asker DPS",vestre-viken-asker-dps-poliklinikk-2,Poliklinikk 2 har et tverrfaglig spesialisert behandlingsteam (inkludert LAR). Tilbyr gruppebehandling.,0,2 år siden
"Håkonsgaten 1, 5015 Bergen",,accel,98c9d27d-b3dd-4a75-93f5-842dc05f45bf,,False,60.39453431630016,5.320993543253454,,"Helse Bergen, AFR seksjon forskning",,55 97 01 00,3,,helse-bergen-afr-seksjon-forskning,,2,4 måneder siden
"Håvundvegen 381, 3711 Skien",Helse Sør-Øst,accel,98c9d288-08dc-42b8-9230-845114b41b52,,True,59.16059809307893,9.658693109397012,,"Blå Kors klinikk Skien, Seksjon for ROP-TSB",,35 90 47 00,4,Seksjon familier og gravide,bla-kors-klinikk-skien-seksjon-for-rop-tsb,"Vår styrke er fokus på utredning samtidig som vi arbeider integrert med avhengighet, psykisk helse og ADL-ferdigheter.",0,1 måned siden
"Lagårdsveien 80, 4010 Stavanger",Stavanger kommune,accel,98c9d27e-b519-4e35-b1b7-5c174c9f6eba,,False,58.961010327475336,5.744973230882399,,"Helse Stavanger, ARA Oppsøkende behandlingsteam",,90 57 71 89,3,Virksomhet for Ambulerende oppfølgingstjenester,helse-stavanger-ara-oppsokende-behandlingsteam,Samhandler med aktuelle parter i hver enkelt sak.,0,4 måneder siden
"Maridalsveien 3, 0178 Oslo",,accel,98c9d28d-5bbe-4be5-8c4f-02181354794e,,False,59.91917840195296,10.74320206280177,,KORUS Oslo,,90125637,4,,korus-oslo,,2,2 år siden
"Kirkegata 2, 7601 Levanger",Tverrfaglig vurderingsinstans for TSB i Helse Nord-Trøndelag.,accel,98c9d28d-7b03-4d7b-9737-fb47854c7663,,False,63.74497230813714,11.284019636130004,,"Helse Nord-Trøndelag, ARA vurderingsteam",,74 09 80 00,2,"ARA poliklinikk og døgnenhet, Levanger Sykehuset Levanger.",helse-nord-trondelag-ara-vurderingsteam,Sammensetning: 2 helsesekretærer 2 overleger i psykiatri 1 psykologspesialist 1 klinisk sosionom,1,2 år siden
"Tysevegen 64, 5416 Stord",,accel,98c9d27e-73ef-4f71-a8fa-a2c96253ae8f,,False,59.792631339666436,5.512610379974497,,"Helse Fonna, Stord DPS TSB-poliklinikk",,53 49 07 06,3,Døgnpost allmenn og FACT-team,helse-fonna-stord-dps-tsb-poliklinikk,"Individuell tilpassing av oppfyljing, og kontinuitet i tilbod. Godt innarbeidet MI. Øvrig brei kompetanse i behandlingstilnærming. God kvalitet i LAR-oppfølging.",0,2 år siden
"Løvstadvegen 7, 2312 Ottestad",,accel,98c9d282-940f-4384-84a8-473f1ec44ae6,,False,60.783077718136695,11.118034550395514,,"Sykehuset Innlandet, ROPforsk",,91 50 62 00,4,,sykehuset-innlandet-ropforsk,,2,1 år siden
"Forskningsveien 7, 0373 Oslo","Bygdøy/Frogner, Vestre Aker og Ullern Bydel i Oslo",accel,98c9d286-7feb-4a56-b562-ba9714741900,,False,59.93874559160866,10.711439515731696,,"Diakonhjemmet sykehus, Enhet for rus og psykiatri",,22 02 98 00,4,,diakonhjemmet-sykehus-enhet-for-rus-og-psykiatri,"Tverrfaglig sammensetning med psykolog, sosionom og lege som sikrer at de fleste aspekter i pasientens liv blir kartlagt/vurdert. Det tilbys flere behandlingstilnærminger, og nært samarbeid med døgninstitusjoner.",0,2 år siden
"Lars Eriksens vei 10 D, 9016 Tromsø",Ruspoliklinikkens tilbud gjelder hele Universitetssykehuset Nord-Norge sitt ansvarsområde.,accel,98c9d278-ac66-4dc3-a6e0-6dbe3a1ebfc8,,False,69.66077323917143,18.925516940870562,,"Universitetssykehuset Nord-Norge, Ruspoliklinikken Tromsø",,77 75 48 60,1,,universitetssykehuset-nord-norge-ruspoliklinikken-tromso,"Ruspoliklinikken tilbyr behandling og utredning for pasienter med avhengighet til alle typer rusmidler, inkludert opioider (som ofte behandles i legemiddelassistert rehabilitering, LAR) og anabole steroider, med og uten psykisk lidelse som tilleggslidelse. Ved Ruspoliklinikken har vi også forebyggende familieteam, som er et tilbud til gravide og familier med barn i alderen 0-6 år der en eller begge foreldre har psykiske vansker og/eller rusmiddelproblemer. Eget tilbud for utlevering av LAR-medikamenter. IPS-tilbud i regi av enheten.",0,1 uke siden
"Wergelands vei 2, 3613 Kongsberg",,accel,98c9d28e-1913-4ce5-9016-058ffe65b0a5,,False,59.67042640889942,9.65554284470588,,"Vestre Viken, Kongsberg DPS, vurderingsteam",,32 72 58 50,4,,vestre-viken-kongsberg-dps-vurderingsteam,,1,2 år siden
"Einavegen 1820, 2843 Eina",Helse Sør-Øst,accel,98c9d288-882e-4da5-9cb1-286957e9724e,,True,60.54193806037414,10.653676178410102,,Blå Kors klinikk Innlandet,,48956938,4,,bla-kors-klinikk-innlandet,Vi er er fleksible og strekker oss langt for å tilpasse behandlingen individuelt.,0,11 måneder siden
"Presteseter 1, 2840 Reinsvoll",Opptaksområdet er fordelt på 42 kommuner i Innlandet. Enheten har en regionalt ansvar for hele Helse Sør-Øst.,accel,98c9d281-692e-48fe-85d6-7bbefd6ce6dc,,False,60.682657924807785,10.641637020087115,,"Sykehuset Innlandet, Enhet for gravide",,91 50 62 00,4,Enhet for familie og enhet for korttidsbehandling,sykehuset-innlandet-enhet-for-gravide,Enhetens styrke er 1: spisskompetanse på behandling av graviditet og samtidig bruk av rusmidler. 2: EMDR (traumebehandling i svangerskapet) 3: Et helhetlig behandlingstilbud som ivaretar pasientens komplekse problemområder.,0,11 måneder siden
"Lagårdsveien 78, 4010 Stavanger",,accel,98c9d27f-54c1-4fc3-a749-9b5731e7bc52,,False,58.96134042364451,5.743069072436296,,"Helse Stavanger, Regionalt kompetansesenter for rusmiddelforskning i Helse Vest",,48 13 67 02,3,,helse-stavanger-regionalt-kompetansesenter-for-rusmiddelforskning-i-helse-vest,,2,2 år siden
"Jens Bjelkes gate 77, 0652 Oslo",,accel,9e2da89e-d628-4a5f-a70d-985682352a01,,True,59.912285270148026,10.781957402897143,,Tyrili poliklinikk Oslo,,,4,,tyrili-poliklinikk-oslo,,0,11 måneder siden
"Håkonsgaten 1, 5015 Bergen",,accel,98c9d27c-b3a5-4342-aa12-37b4488ec486,,False,60.39343063768406,5.320100341669014,,"Helse Bergen, AFR seksjon LAR, heroinassistert behandling",,55 21 49 20,3,"Poliklinikk Engenhuset, Korttidspost Engenhuset, seksjon Forskning, seksjon Ambulant, KoRus",helse-bergen-afr-seksjon-lar-heroinassistert-behandling,,0,1 år siden
"Brunesveien 69, 4322 Sandnes",Sør-Rogaland,accel,98c9d27f-0a92-482e-99f9-56fa515b3345,,False,58.81168767768957,5.671568661238881,,"Helse Stavanger, ARA Veksthuset Rogaland",,90 41 83 85,3,,helse-stavanger-ara-veksthuset-rogaland,Veksthuset Rogaland er et døgnbasert behandlingstilbud for kvinner og menn fra 18 år med rusavhengighet og samtidig psykisk lidelse. Målgruppen vår er personer med samtidig rusavhengighet og komplekse traumer. Visjonen vår er: Veksthuset Rogaland - en viktig omvei.,0,2 år siden
"Torsbergveien 20, 3032 Drammen",Viken,accel,98c9d285-be51-4dc6-8ba4-99204dff24d9,,False,59.7162349922397,10.1473447014336,,"Vestre Viken, ARA Døgn Drammen, Behandlingsenhet 1",,32 86 14 50,4,ARA Behandlingsenhet 2 og Avgiftningsenhet 2,vestre-viken-ara-dogn-drammen-behandlingsenhet-1,,0,3 måneder siden
"Faldalsveien 411, 1900 Fetsund",Helse Sør-Øst,accel,98c9d288-e458-49fe-8d12-2ecf5a7e26bd,,True,59.95776083697366,11.182778714326028,,Frelsesarmeen Behandlingstunet Fetsund,,63 88 79 60,4,,frelsesarmeen-behandlingstunet-fetsund,"Lite utskiftning av personale, stabile ansatte med bred erfaring. Mange dyr og hester i aktiv bruk i behandlingen. Brukerråd som fungerer meget godt og hjelper til stadig utvikling og aktiv bruker-medvirkning.",0,2 år siden
"Henrik Bulls veg 111, 2052 Jessheim",,accel,98c9d280-33dd-464c-b851-15ca96bc9f7e,,False,60.14324117140377,11.176570002947768,,"Akershus universitetssykehus, ARA Øvre Romerike poliklinikk",,63 94 13 60,4,,akershus-universitetssykehus-ara-ovre-romerike-poliklinikk,Oppfølging av LAR-pasienter. Opprettelse og oppfølging av behandlingplaner med jevnlige evalueringer. God på samarbeid med pasienter og kommune. Traumebehandling med EMDR.,0,2 år siden
"Lade Allé 86, 7041 Trondheim",Helse Midt-Norge,accel,98c9d286-e03e-46ba-bfd7-ec6146864ceb,,True,63.44220619522633,10.464976999278662,,"Blå Kors klinikk Lade, Avrusningsavdelingen",,73 84 85 00,2,"Avdeling for alkohol- og medikamentavhengighet, ROP-avdelingen, Avdeling for gravide og småbarnsfamilier",bla-kors-klinikk-lade-avrusningsavdelingen,"Medisinsk overvåket abstinensbehandling. Avgiftning fra alle rusmidler og nedtrapping fra vanedannende medikamenter (beroligende, sovemedisin og smertelindrende medikamenter). Brukermedvirkning, relasjonsbygging, fysisk aktivitet og motiverende samtaler. Ukentlig gruppe med erfaringskonsulent og fagperson. Poliklinisk team som forbereder pasientene, og som ved behov kan følge dem opp i korte sekvenser etter utskrivelse. Vi tilbyr helt eller delvis poliklinisk/ambulant avrusning i tilfeller hvor det er aktuelt og pasienten ønsker det.",0,4 måneder siden
"Håvundvegen 381, 3711 Skien",Helse Sør-Øst,accel,98c9d288-4e4a-4181-b84c-c361abc5d9f6,,True,59.15752412820757,9.65401971993841,,"Blå Kors klinikk Skien, Seksjon for gravide og familier",,35 90 47 00,4,Seksjon ROP-TSB,bla-kors-klinikk-skien-seksjon-for-gravide-og-familier,"Tilbud til gravide og foreldre med små barn. Det jobbes med behandling for rusproblemene, tilknytning til barnet, sosiale ferdigheter, struktur og støtte i hverdagen.",0,1 måned siden
"Trasoppterrassen 25, 0672 Oslo",Helse Sør-Øst,accel,98c9d28c-2152-4d9c-882a-0213ae94700c,,True,59.904143520021364,10.849997148805645,,Trasoppklinikken,,23 34 82 00,4,"Poliklinikk, dagbehandling, familiepoliklinikk, avrusning, døgnavdeling",trasoppklinikken,"Oppfølging hele beh.forløpet (pol.klinikk/dagbehandling/mottak/avrusning/døgnbehandling/ oppfølging), pårørendefokus, fellesskap, elektiv tilnærming, 12-trinn, tverrfaglighet. God systematikk i kartlegging/utredning av et tverrfaglig team. Tilbud om individuell oppfølging, godt utarbeidet gruppetilbud både digitale og fysiske grupper, dagbehandlingstilbud, familiefokus. Mulighet til døgnbehandling ved behov. Hyppig evaluering.",0,1 år siden
"Vassendfeltet 3, 4741 Byglandsfjord",Primært Agder,accel,98c9d284-9210-4957-bfbb-0381c9a60747,,False,58.67161032495682,7.8033511625415,,"Sørlandet sykehus, ARA Døgnenhet Byglandsfjord",,38 13 27 50,4,,sorlandet-sykehus-ara-dognenhet-byglandsfjord,"Enheten tilbyr individuelle samtaler med primærkontakter / behandler, gruppetilbud, fysisk aktivitet, friluftsterapi, miljøterapi. Vi har en traumefokusert tilnærming.",0,7 måneder siden
"Schwachs gate 3, 7030 Trondheim",,accel,98c9d27a-fbab-4dad-83c1-898d711570c4,,False,63.41982459076786,10.388232369092417,,"St. Olavs hospital, Forskning og utvikling",,73 86 29 00,2,,st-olavs-hospital-forskning-og-utvikling,,2,2 år siden
"Torsbergveien 20, 3032 Drammen","Vestre Viken, Buskerud fylke.",accel,98c9d285-e2bc-4614-a802-4405fd7d6128,,False,59.71583676037995,10.145941180652317,,"Vestre Viken, ARA Poliklinikk, LAR Drammen",,32 86 13 30,4,ARA vurderingsteam,vestre-viken-ara-poliklinikk-lar-drammen,"ARA LAR Drammen samarbeider tett med kommunene og fastlegene ved å delta i alle våre pasienters ansvarsgrupper. Vi har god oversikt over hvilke øvrige tilbud som finnes både kommunalt og på spesialistnivå, slik at vi sikrer våre pasienter god oppfølging.",0,3 måneder siden
"Sonjatunveien 11, 9151 Storslett","Nordeisa, Kåfjord, Skjervøy og Kvænangen",accel,98c9d279-7078-4f04-943c-11fafb3e4a3a,,False,69.76398521681078,21.043879740554857,,"Universitetssykehuset Nord-Norge, Voksenpsykiatrisk poliklinikk Storslett",,76 17 28 30,1,BUP,universitetssykehuset-nord-norge-voksenpsykiatrisk-poliklinikk-storslett,,0,1 uke siden
"Kanalveien 5, 5068 Bergen",,accel,98c9d27d-b5cd-4653-8797-6e99b1a4696f,,False,60.37424989889363,5.339529276057654,,KORUS Bergen,,55 97 01 00,3,,korus-bergen,,2,2 år siden
"Arnold Dybjords vei 1, 3511 Hønefoss","Hol, Ål, Gol, Hemsedal, Nesbyen, Flå, Ringerike, Hole og Jevnaker",accel,98c9d286-63ff-45f4-86a5-74414dcb89c9,,False,60.13992361464485,10.264104131021947,,"Vestre Viken, Ringerike DPS, Poliklinikk Ringerike",,32 11 65 00,4,Voksenpsykiatrisk poliklinikk,vestre-viken-ringerike-dps-poliklinikk-ringerike,Helintegrering med voksenpsykiatrisk poliklinikk styrker tilgangen til legeressurser.,0,11 måneder siden
"Vestmoa 27, 6018 Ålesund",Sunnmøre,accel,98c9d27b-47c5-4b73-aac9-8c3a7828fbb1,,False,62.4725184444409,6.3421607393007005,,"Helse Møre og Romsdal, TSB-poliklinikk Ålesund behandlingssenter",,70 10 50 00,2,Avrusning og Korttids døgn,helse-more-og-romsdal-tsb-poliklinikk-alesund-behandlingssenter,Sammensetning av fagpersonell som bidrar til en helhetlig behandling. Variasjon i tilbudet med alt fra individuell oppfølging til gruppebehandling for de som er i overveielsesfasen til de som er etablert som rusfrie.,0,2 år siden
"Haraldsgata 16, 5528 Haugesund",Helse Vest,accel,98c9d287-4091-4640-9f9e-ac602d12297f,,True,59.407594555072855,5.273751985542572,,Blå Kors klinikk Haugaland,,52 73 30 00,3,"Poliklinikk, døgnbehandling med integrert avrusning, familieenhet",bla-kors-klinikk-haugaland,Organisasjonsmodell med et høykompetent behandlerteam som følger pasienten uahengig av omsorgsnivå. Således vil oppfølging etter døgnsekvens være helt naturlig og varierer i tid og innhold. Sekvensiell modell med høy grad av fleksibilitet tilpasset individuelle behov.,0,2 år siden
"Høgda 40, 1820 Spydeberg",Helse Sør-Øst,accel,98c9d28a-5967-4752-82e8-7f64326d82fc,,True,59.60604450731513,11.098695383969714,,"Stiftelsen Fossumkollektivet, Avdeling Gården",,69833120,4,,stiftelsen-fossumkollektivet-avdeling-garden,"Vi har en svært kompetent tverrfaglig behandling som omhandler egne medarbeidere knyttet til avdelingen med sosialfaglig kompetanse, sykepleiere, psykolog, psykiater, lege, pedagoger. I tillegg har Fossumkollektivet et helhetlig fokus på tvers av avdelinger",0,2 år siden
"Gamle Kragerøvei 32, 3770 Kragerø","Kragerø, Bamble, Drangedal",accel,98c9d283-f713-4f47-bff5-ac29a2b53fee,,False,58.881848320528604,9.410225398025268,,"Sykehuset Telemark, Seksjon poliklinikk TSB, Kragerø/Vestmar",,35 98 60 66,4,DPS Vestmar,sykehuset-telemark-seksjon-poliklinikk-tsb-kragerovestmar,,0,2 år siden
"Sjukehusvegen 9, 6770 Nordfjordeid","Stad, Gloppen, Stryn og Kinn",accel,98c9d27b-cc72-4d76-8068-6ddf17a4d8ff,,False,61.91792550503072,5.983009431813179,,"Helse Førde, Nordfjord psykiatrisenter, seksjon rus døgn",,57 86 43 30,3,Seksjon dag,helse-forde-nordfjord-psykiatrisenter-seksjon-rus-dogn,"Eininga vektlegg tillit framfor kontrolltiltak i behandlinga, skil ikkje mellom avrusing, stabilisering og behandling, integrerte tenester for psykisk helse og rus, tenesteutvikling der pasientane deltek, likeverdig samhandling med kommunane.",0,2 år siden
"Hagan 9, 6516 Kristiansund",,accel,98c9d28d-8946-4607-9fb2-a504ec0d62c1,,False,63.107750637145905,7.764409196180109,,"Helse Møre og Romsdal, Vurderingsteam DPS Kristiansund",,71 21 75 00,2,,helse-more-og-romsdal-vurderingsteam-dps-kristiansund,,1,2 år siden
"Løvstadveien 7, 2312 Ottestad",,accel,98c9d28d-60cd-4b75-95ff-015870f9dfa9,,False,60.78080302883059,11.10941216624695,,KORUS Øst,,913 08 352,4,,korus-ost,,2,2 år siden
«Ikke oppgitt»,Helse Sør-Øst,accel,98c9d28c-0133-42c3-af9c-bfcab1e74ef5,,True,60.646522012236886,10.476219962685162,,"Stiftelsen Solliakollektivet, Avdeling Raufoss",,61128700,4,,stiftelsen-solliakollektivet-avdeling-raufoss,"Bred faglig kompetanse. Helsepersonell, sosionomer, sykepleier/vernepleier, psykiater, lege, psykolog, erfaringskonsulenter, agronomer, snekker, kokker og egen lærer. Sollia er gode på en fullstendig avklaring av sitasjonen før endt behandling.",0,2 år siden
"Ulefossvegen 56, 3710 Skien",Telemark fylke,accel,98c9d283-d13a-4c15-8e86-1cbad3041d57,,False,59.193353815540185,9.587056722152273,,"Sykehuset Telemark, Seksjon avrusning",,35 00 59 70,4,,sykehuset-telemark-seksjon-avrusning,Tverrfaglig vurderingsteam for TSB - LAR,0,2 år siden
"Sykehusveien 25, 1474 Nordbyhagen",,accel,98c9d280-6ba6-4330-b9e9-79d26e13cad7,,False,59.93374347588659,10.989033530580599,,"Akershus universitetssykehus, Forskningsgruppe Rus og avhengighet",,,4,,akershus-universitetssykehus-forskningsgruppe-rus-og-avhengighet,,2,2 år siden
"Torget 10, 3210 Sandefjord",Larvik og Sandefjord kommune,accel,98c9d283-576a-4458-9a22-418703ced323,,False,59.133577020051405,10.226926055412465,,"Sykehuset i Vestfold, ARA LAR sør Sandefjord",,90 71 74 68,4,Rus- og avhengighetspoliklinikk sør Sandefjord,sykehuset-i-vestfold-ara-lar-sor-sandefjord,"Individuell tverrfaglig vurdering med hensyn til både medikamentvalg, kartlegging, utredning og behandling.",0,2 år siden
"Presteseter 1, 2840 Reinsvoll",Opptaksområdet er fordelt på 42 kommuner i Innlandet.,accel,98c9d281-8d1a-443f-ba10-e63ea1b17210,,False,60.68257379060106,10.643146730732475,,"Sykehuset Innlandet, Enhet for korttidsbehandling",,91 50 62 00,4,Enhet for familie og Enhet for gravide,sykehuset-innlandet-enhet-for-korttidsbehandling,"Enhet for korttidsbehandling tilbyr døgnbehandling til pasienter over 18 år med rus- og avhengighetsproblematikk i inntil 3 mnd. Enheten har ti plasser, og ivaretar i tillegg pasienter med vedtak etter Helse- og omsorgstjenestelovens §10-2 i Sykehuset Innlandet. Behandlingen er fundert på tverrfaglig miljøterapi med oppfølging av lege og psykolog.",0,2 år siden
"Schwachs gate 3, 7030 Trondheim",,accel,98c9d28d-587b-41d7-bb17-50d459891997,,False,63.425745709380124,10.395350733717176,,KORUS Midt,,73 86 29 00,2,,korus-midt,,2,2 år siden
"Mellomåsveien 106, 8076 Bodø","Salten, Lofoten og Vesterålen",accel,98c9d279-bc69-41fd-bb04-fc513bbdf8e9,,False,67.28960577910321,14.43596311859063,,"Nordlandssykehuset, Korttidsenhet rus",,75 50 17 21,1,,nordlandssykehuset-korttidsenhet-rus,"Fokus på relasjonsbygging og individuelle behov, veldig engasjert personalgruppe.",0,2 år siden
"Gullspennetunet 6-8, 4032 Stavanger",Sør-Rogaland,accel,98c9d27f-2d60-4348-a311-0cb618f8e075,,False,58.907694365513656,5.7369763016366955,,"Helse Stavanger, ARA Gauselskogen behandling og rehabiliteringsenhet",,51 51 58 00,3,,helse-stavanger-ara-gauselskogen-behandling-og-rehabiliteringsenhet,"Tverrfaglig fokus: somatikk, psykisk helse og rus. Har spesialister på alle områder. Gode samarbeidsrutiner med psykisk helsevern for voksne. Traumefokus blant alle ansatte (TBO).",0,2 år siden
"Tyritoppen 1, 1593 Svinndal",Helse Sør-Øst,accel,98c9d289-5e45-491f-80c6-a57ca3d17bef,,True,59.42412582949324,11.016201937266446,,"Kirkens Bymisjon Origosenteret, Avdeling voksen",,69 28 65 00,4,Avdeling familie,kirkens-bymisjon-origosenteret-avdeling-voksen,"Sammensatt kompetanse som er satt godt i system. Særlig god helsetjeneste. Ikke låst til en faglig tilnærming, men bruker flere metoder ut i fra hva den enkelte er i behov av. Egen familieavdeling med sterk kompetanse.",0,2 år siden
"Apalløkkveien 8, 0956 Oslo",Helse Sør-Øst HF,accel,98c9d28b-68c5-4e0f-a9d5-1bd48725d927,,True,59.95790703522075,10.85342145453899,,Stiftelsen Incognito klinikk,,22902660,4,Egne lokaler,stiftelsen-incognito-klinikk,"Incognito Klinikk er en livssynsnøytral behandlingsinstitusjon med avtale med Helse Sør-Øst. Vi tilbyr tverrfaglig spesialisert rusbehandling (TSB) i et trygt og helhetlig miljø, med naturen rett utenfor døren. Målgruppe: Kvinner og menn over 18 år med rus- og avhengighetsproblematikk, inkludert alkohol, medikamenter og illegale rusmidler. Vi tar imot pasienter med sammensatte utfordringer, og fra nyttår tilbyr vi samtidig behandling av rus og traumer. Behandlingstilbud: - Korttids døgnbehandling, inntil 6 mnd - Individuell utredning og behandling med fast behandler - Evidensbaserte metoder kombinert med helsefremmende tiltak - Spesialisert behandling av kokain-, medikament- og alkoholavhengighet - Gruppeterapi, undervisning og miljøterapi - Mindfulness, stressmestring og fysisk aktivitet - Egen kvinnegruppe og turgrupper - Pårørendetilbud Faglig profil: Hos oss møter pasientene et tverrfaglig team bestående av leger, psykologer, sosionomer, psykiatriske sykepleiere og fysioterapeut. Vi deltar i nasjonale forskningsprosjekter som LOCI, og har kompetanse i metoder som EMDR og CT-PTSD. Verdier: Respekt – Trygghet – Engasjement – Kvalitet – Dynamikk",0,4 måneder siden
"Søsterveien 2, 8613 Mo i Rana","Rana, Hemnes, Nesna og Rødøy",accel,98c9d279-f940-4b0f-847a-f60bb6ce03fa,,False,66.32678533102323,14.195015824013185,,"Helgelandssykehuset, Rusavdelingen Mo i Rana, TSB-poliklinikk",,75 66 02 70,1,Rusavdelingen Mo i Rana døgnenhet,helgelandssykehuset-rusavdelingen-mo-i-rana-tsb-poliklinikk,,0,4 måneder siden
"Karmsundgata 120, 5528 Haugesund","17 kommuner i Haugaland, Sunnhordaland og deler av Hardanger",accel,98c9d27d-b7b0-41ce-aee9-27b30801561a,,False,59.40971674200423,5.277719732851716,,"Helse Fonna, avrusningspost Haugesund sjukehus",,52 73 27 00,3,,helse-fonna-avrusningspost-haugesund-sjukehus,Liten post med 5 sengeplasser. Mulig å følge opp pasientene tett. Høy faglig kompetanse. Høy andel pasienter som gjennomfører avrusning.,0,2 år siden
"Vestmoa 27, 6018 Ålesund",Kommuner i Møre og Romsdal fylke,accel,98c9d27a-fd6d-4e73-84c4-575c24ed8c32,,False,62.46523273391819,6.345027460712791,,"Helse Møre og Romsdal, Avrusning Ålesund behandlingssenter",,70 10 50 00,2,Korttids døgn og TSB-poliklinikk,helse-more-og-romsdal-avrusning-alesund-behandlingssenter,"Faglig kompetent personale for vurderinger rusmessig, psykisk og somatisk i en akuttfase. Løsningsorientert fokus i avklaring av akuttsituasjon og videre oppfølging etter utskrivelse. Abstinensbehandling og stabilisering.",0,2 år siden
"Rådhusgata 16, 1830 Askim",,accel,98c9d28d-ec8c-44e4-9f9e-dadc38aa9f7b,,False,59.58141073917823,11.158791220500268,,"Sykehuset Østfold, ARA Poliklinikk Askim vurderingsteam",,69 86 95 95,4,Rus- og avhengighetspoliklinikk Askim,sykehuset-ostfold-ara-poliklinikk-askim-vurderingsteam,,1,2 år siden
"Dalavegen 29, 6856 Sogndal","Vik, Sogndal, Luster, Aurland, Lærdal og Årdal",accel,98c9d27b-c6d6-4a96-b306-bfcf0ead12d9,,False,61.23365410955548,7.096688582184249,,"Helse Førde, Indre Sogn psykiatrisenter, ruspoliklinikk",,57 62 75 00,3,,helse-forde-indre-sogn-psykiatrisenter-ruspoliklinikk,,0,2 år siden
"Kongsgård alle 71, 4632 Kristiansand",Agder.,accel,98c9d284-f5cf-4091-974f-398a37153393,,False,58.16152082778611,8.026017441650268,,"Sørlandet sykehus, ARA Avgiftningsenhet Kristiansand",,38 13 26 00,4,"ARA Ambulant, Enhet for rus og psykiatri, Enhet for gruppebehandling",sorlandet-sykehus-ara-avgiftningsenhet-kristiansand,Medisinsk forsvarlig avgiftning,0,7 måneder siden
"Søsterveien 2, 8613 Mo i Rana",,accel,98c9d28d-7608-4e81-b533-4f9821e6d8ec,,False,66.32814692664245,14.19357355343321,,"Helgelandssykehuset, Vurderingsteam Mo i Rana",,75 66 02 70,1,Rusavdelingen og Voksenpsykiatrisk poliklinikk,helgelandssykehuset-vurderingsteam-mo-i-rana,,1,2 år siden
"Klostergata 48, 7030 Trondheim",Vurderer henvisninger fra kommuner i tidligere Sør-Trøndelag fylke.,accel,98c9d28d-7f91-4c5b-ac47-39245d87ada9,,False,63.42452432880476,10.397065882632704,,"St. Olavs hospital, Vurderingsteam",,90243602/47666796/73862836,2,Klinikk for rus- og avhengighetsmedisin,st-olavs-hospital-vurderingsteam,,1,1 år siden
"Kjærlighetsstien 30, 1781 Halden",,accel,98c9d28d-f577-4311-8c2e-3f3baf2e7d48,,False,59.12784853195337,11.380761023879781,,"Sykehuset Østfold, ARA Poliklinikk Halden vurderingsteam",,69 86 57 00,4,Rus- og avhengighetspoliklinikk Halden,sykehuset-ostfold-ara-poliklinikk-halden-vurderingsteam,,1,2 år siden
"Kongensgate 33, 3717 Skien",Helse Sør-Øst,accel,98c9d287-ca5e-4618-af5c-ccfb7e69618d,,True,59.21603579563911,9.604156004324626,,"Blå Kors klinikk Skien, Poliklinikk",,35 90 47 00,4,"Seksjon for behandling, 3 mnd Skien Seksjon for behandling, 6 mnd Skien",bla-kors-klinikk-skien-poliklinikk,"Enheten har brukt feedbackverktøy, PCOMS, systematisk over mange år. Har, i tillegg til god kompetanse på rusmiddelavhengighet, høy kompetanse på spillavhengighet. Vi behandler også pornoavhengighet. Gode til å utnytte den tverrfaglige kompetansen i enheten.",0,1 måned siden
"Osloveien 180, 1433 Ås",Helse Sør-Øst,accel,98c9d28a-9db0-4750-a23a-c017356e3f4f,,True,59.6655532724032,10.748490809498136,,"Stiftelsen Fossumkollektivet, Avdeling GuttePrimæren",,94 16 42 92,4,,stiftelsen-fossumkollektivet-avdeling-gutteprimaeren,Individ i gruppe. Relasjon. Traumebevisst. Både kognitive og kroppslig tilnærming.,0,2 år siden
"Per Gynts vei 78, 1535 Moss","Moss, Vestby, Våler og Råde",accel,98c9d284-58e5-4ea3-84f3-60a985bb3ba9,,False,59.447309523900124,10.691332397956055,,"Sykehuset Østfold, ARA Poliklinikk Moss",,69 86 96 30,4,,sykehuset-ostfold-ara-poliklinikk-moss,Poliklinikk for rus- og avhengighetsbehandling skal gi tilbud til: - personer med rusproblemer eller avhengighet til rusmidler/vanedannende stoffer - foreldre/barn/søsken/ektefelle/partner til personer med rusmiddelmisbruk - personer med spilleavhengighet - veiledning til samarbeidspartnere som kommunale instanser eller andre Vi har et stort fokus på bred kartlegging i oppstartsfasen og fortsatt tverrfaglighet gjennom hele behandlingsløp. Alle nyhenviste får tilbud om kartlegging og vi har en visjon om null avslag.,0,2 år siden
"Per Gynts vei 84, 1535 Moss","Østfold (eksklusiv Rømskog kommne, inklusiv Vestby kommune)",accel,98c9d284-079a-453a-b530-2564e779c286,,False,59.44899149231665,10.6950271630516,,"Sykehuset Østfold, ARA Seksjon for avrusning",,69 86 63 00,4,Seksjon for utredning,sykehuset-ostfold-ara-seksjon-for-avrusning,"Seksjonen har en tverrfaglig sammensatt medarbeidergruppe med sosial- og helsefaglig kompetanse, lege, psykiater og sekretærer. Seksjonen er bemannet døgnet rundt. Du får en behandlingskontakt som vil ivareta ditt behov for behandling.",0,2 år siden
"Sykehusveien 25, 1474 Nordbyhagen","Follo, Romerike, Kongsvinger, Grue, Nord-Odal, Sør-Odal + Eidsskog i Innlandet + Rømskog kommune i Østfolk + bydelene Alna, Grorud og Stovner i Oslo.",accel,98c9d27f-d6cb-4a3e-a94e-d093ce9c386d,,False,59.93209049929608,10.996266680825169,,"Akershus universitetssykehus, ARA Nordbyhagen",,67 96 80 00,4,Forskningsgruppe rus og avhengighet,akershus-universitetssykehus-ara-nordbyhagen,"Vi kan hjelpe mange, raskt. Vi har kun innleggelse på 4-5 dager, noe som vi opplever litt kort.",0,2 år siden
"Ulefossvegen 56, 3710 Skien",Telemark fylke,accel,98c9d28d-e801-4fb9-9714-6a2202d86311,,False,59.18816453425714,9.587902131555687,,"Sykehuset Telemark, Seksjon avrusning vurderingsteam",,35 00 59 70,4,Seksjon avrusning,sykehuset-telemark-seksjon-avrusning-vurderingsteam,"Tverrfaglig team med ukentlige møter, stabil deltagelse over lang tid. Mye erfaring og kjenner godt til både opptaksområde og avtaleinstitusjoner. Har representanter fra TSB poliklinikk, LAR poliklinikk og seksjon avrusning i teamet.",1,1 år siden
"Parkveien 35, 2212 Kongsvinger","Nord- og Sør-Odal, Grue, Kongsvinger og Eidskog kommune i Hedmark og Nes kommune i Viken",accel,98c9d280-4dec-4161-9869-c47f8b054ef8,,False,60.19454329300155,12.001200612566706,,"Akershus universitetssykehus, ARA Kongsvinger poliklinikk",,67 96 00 00,4,,akershus-universitetssykehus-ara-kongsvinger-poliklinikk,Gode på samhandling og tverrfaglig oppfølging.,0,2 år siden
"Mellomåsveien 26, 8076 Bodø",,accel,98c9d28d-710d-41ec-8f38-04bff7effdd4,,False,67.28785666162452,14.444388746131729,,"Nordlandssykehuset, Vurderingsteam Avdeling for rus, psykiatri og avhengighet",,75 50 16 00,1,Ruspoliklinikken og Rus- og psykiatrienheten,nordlandssykehuset-vurderingsteam-avdeling-for-rus-psykiatri-og-avhengighet,,1,2 år siden
"Hyggenveien 25, 3440 Røyken",Helse Sør-Øst,accel,98c9d289-e1b1-4472-844a-ba27c9b47532,,True,59.739594279031365,10.373394842608977,,"Manifestsenteret, Avdeling 4",,31 29 76 50,4,"Fire avdelinger ved Manifestsenteret, hvorav to er TSB-avdelinger og to er PHV-avdelinger",manifestsenteret-avdeling-4,"Relasjonsbygging, høy kompetanse i personalgruppa, integrert behandling.",0,2 år siden
"Torsbergveien 20, 3032 Drammen",Viken,accel,98c9d285-750a-4d72-b0c3-65b5d03a5905,,False,59.71305949317787,10.13994335547931,,"Vestre Viken, ARA Døgn Drammen, Avgiftningsenhet 2",,32 86 13 30,4,ARA Behandlingsenhet 1 og Behandlingsenhet 2,vestre-viken-ara-dogn-drammen-avgiftningsenhet-2,,0,3 måneder siden
"Henrik Bulls veg 111, 2052 Jessheim",,accel,98c9d28d-bbfe-4893-abae-e354e7c0f1f4,,False,60.14543692085015,11.180768748091404,,"Akershus universitetssykehus, ARA Øvre Romerike poliklinikk vurderingsteam",,63 94 13 60,4,ARA Øvre Romerike poliklinikk,akershus-universitetssykehus-ara-ovre-romerike-poliklinikk-vurderingsteam,,1,2 år siden
"Markveien 31, 9510 Alta",Kommuner i tidligere Finnmark fylke,accel,98c9d278-07c3-4164-af09-5d1204d83228,,False,69.96920671388865,23.273271556915546,,"Finnmarkssykehuset, Klinikk Alta, Avdeling avhengighetsbehandling, døgnenhet",,78 96 73 20,1,"Finnmarkssykehuset, Klinikk Alta, Avdeling avhengighetsbehandling, ruspoliklinikk",finnmarkssykehuset-klinikk-alta-avdeling-avhengighetsbehandling-dognenhet,"Tverrfaglighet, alle stillinger besatt med Rus.spesialist. og LIS3, psykologspesialist som også er nevropsykolog, fysio, ergo, sosionom, også lett tilgang til sexolog og ernæringssykepleier, miljøpersonalet har stor andel med videreutdanning. Stabilt personale.",0,2 år siden
"Skules vei 14, 8900 Brønnøysund","Sør-Helgeland som inkluderer kommunene Brønnøy, Vega, Vevelstad, Sømna og Bindal",accel,98c9d27a-1a30-4e25-9fbb-e32184ba570d,,False,65.46922487874951,12.209449955578014,,"Helgelandssykehuset, Voksenpsykiatrisk poliklinikk Brønnøysund, rusteam",,75 66 06 60,1,"VOP, BUP, PAT",helgelandssykehuset-voksenpsykiatrisk-poliklinikk-bronnoysund-rusteam,"Har to behandlere fordelt på to hele stillinger. Tett samarbeid med ROP, den kommunale tjenesten.",0,1 år siden
"Hagan 9, 6516 Kristiansund",Nordmøre,accel,98c9d27b-a1e7-4f09-bd6f-049b566d177f,,False,63.10674813945878,7.755839034640017,,"Helse Møre og Romsdal, DPS poliklinikk Kristiansund",,71 21 75 00,2,,helse-more-og-romsdal-dps-poliklinikk-kristiansund,,0,2 år siden
"Lagårdsveien 78, 4010 Stavanger",Sør-Rogaland,accel,98c9d27e-9898-4532-9ccc-afafd546a5ee,,False,58.955782007982755,5.733707952392073,,"Helse Stavanger, ARA LAR 78",,51 51 29 38,3,"Inntak- og oppstartsteam, Oppsøkende behandlingsteam, Regionalt kompetansesenter for rusmiddelforskning i Helse Vest (KORFOR)",helse-stavanger-ara-lar-78,"Vårt utgangspunkt er legemiddelassistert rehabilitering for mennesker med opioidavhengighet. Trekantsamarbeid mellom spesialisthelsetjenesten, kommune og fastlege er vår arbeidsmodell med ansvarsgrupper som samarbeidsmodell med pasienten selv i sentrum.",0,2 år siden
"Markveien 31, 9510 Alta","Alta, Loppa, Hasvik. (LAR dekker hele Finnmark.)",accel,98c9d278-284b-4c1b-8853-9b7f99810ed2,,False,69.96905184320941,23.286437712407817,,"Finnmarkssykehuset, Klinikk Alta, Avdeling avhengighetsbehandling, ruspoliklinikk",,78 94 73 80 / 97 18 16 38,1,"Finnmarkssykehuset, Klinikk Alta, Avdeling avhengighetsbehandling, døgnenhet",finnmarkssykehuset-klinikk-alta-avdeling-avhengighetsbehandling-ruspoliklinikk,Tverrfaglighet. DBT og MDR. Tett samarbeid med VPP.,0,2 år siden
"Jønsbergvegen 514, 2335 Stange",Helse Sør-Øst,accel,98c9d28a-e27f-4f5a-bbe2-7d0d0ee378e8,,True,60.734236627256976,11.183677619764087,,"Stiftelsen Fossumkollektivet, Avdeling Solvold",,913 60 530 / 952 28 978,4,,stiftelsen-fossumkollektivet-avdeling-solvold,God og hyppig kontakt med hjelpeapparatet. Sikrer alltid gode overføringer tilbake til hjemkommunen,0,2 år siden
"Lars Eriksens vei 10 B, 9016 Tromsø","Nordland, Troms og Finnmark",accel,98c9d278-e81f-44d7-b345-d4ab1e0d2006,,False,69.65968179512511,18.928264557114108,,"Universitetssykehuset Nord-Norge, Rusbehandling Restart Tromsø",,77 75 46 60,1,Avrusning Tromsø Rusung Tromsø,universitetssykehuset-nord-norge-rusbehandling-restart-tromso,,0,1 uke siden
"Skjervengan 17, 8657 Mosjøen","Vefsn, Grane og Hattfjelldal",accel,98c9d27a-3807-4799-8847-9a675810b60a,,False,65.83264004622346,13.213322267142829,,"Helgelandssykehuset, Voksenpsykiatrisk poliklinikk Mosjøen, rusteam",,75 66 02 50,1,,helgelandssykehuset-voksenpsykiatrisk-poliklinikk-mosjoen-rusteam,"Utdannet personell som ivaretar TSB-pasienten på best mulige måte, ser helheten og intervenerer der det er mangler eller der pasienten trenger assistanse. Vi har kort ventetid.",0,2 år siden
"Tertnesveien 35, 5113 Tertnes",,accel,98c9d28d-a07f-4e80-b108-08c2243a3087,,False,60.451843760989306,5.307051187761948,,"Helse Bergen, AFR Familieambulatoriet vurderingsteam",,55 95 73 66,3,AFR Seksjon Tertnes,helse-bergen-afr-familieambulatoriet-vurderingsteam,,1,2 år siden
"Glomstuveien 50, 6411 Molde",Kommuner i Møre og Romsdal fylke,accel,98c9d27b-6343-4370-865a-78e921cc4e8b,,False,62.741089241149105,7.125685361536334,,"Helse Møre og Romsdal, Langtids døgn Molde behandlingssenter",,71 21 98 00,2,,helse-more-og-romsdal-langtids-dogn-molde-behandlingssenter,Enheten tilbyr traumebehandling/NET i kombinasjon med DBT (DBT både i gruppe og individuelt). Miljøterapien har fokus på at pasienter kan trene på DBT ferdigheter. Vi har også stort fokus på familie og nettverksarbeid.,0,2 år siden
"Alexander Kjellands gate 11, 2000 Lillestrøm","Follo, Romerike, Kongsvinger, Grue, Nord-Odal, Sør-Odal + Eidsskog i Innlandet + Rømskog kommune i Østfolk + bydelene Alna, Grorud og Stovner i Oslo.",accel,98c9d27f-f821-4329-b230-04ce1a768b7d,,False,59.958206448037394,11.049439951057286,,"Akershus universitetssykehus, ARA Klosteret døgn",,64 84 33 00,4,,akershus-universitetssykehus-ara-klosteret-dogn,"Seksjon har medisinsk avrusning, så liggetiden er kort.",0,2 år siden
"Haugane 8, 5307 Ask",,accel,98c9d27d-1e16-4b2a-8aea-3cbc99751d4b,,False,60.46394176019173,5.215066655488,,"Helse Bergen, AFR døgnavdeling Askøy",,56155103,3,Langtidsbehandling,helse-bergen-afr-seksjon-askoy,Seksjonen har en tverrfaglig kompetansesammensetning med fokus på behandling og utredning. Seksjonen består av en langtidspost for menn fordelt på to etasjer.,0,3 måneder siden
"Henrik Wergelands gate 9, 3675 Notodden","Notodden, Hjartdal, Kviteseid, Tinn, Vinje, Tokke, Seljord, Midt-Telemark, Fyresdal",accel,98c9d283-f2e9-43fb-a5e1-72dfb98904b6,,False,59.566685129805954,9.262880104195657,,"Sykehuset Telemark, Seksjon poliklinikk TSB, Notodden",,35 02 14 00,4,"DPS øvre Telemark, poliklinikk og døgn Notodden",sykehuset-telemark-seksjon-poliklinikk-tsb-notodden,Har LAR og TSB i teamet. Ambulant oppfølging tilbys.,0,1 år siden
"Kirkeveien 206A, 1383 Asker",Asker kommune,accel,98c9d28e-0c1c-4f61-8ded-67d4066f742e,,False,59.83725892509063,10.433504877309124,,"Vestre Viken, Asker DPS, vurderingsteam",,67 50 20 00,4,,vestre-viken-asker-dps-vurderingsteam,,1,2 år siden
"Rosenbergveien 15, 0963 Oslo",,accel,98c9d28d-b3ca-4007-9ae7-0aa5643c9f7b,,False,59.960170604490095,10.878808438732621,,"Akershus universitetssykehus, ARA Groruddalen poliklinikk vurderingsteam",,22 16 83 40,4,ARA Groruddalen poliklinikk,akershus-universitetssykehus-ara-groruddalen-poliklinikk-vurderingsteam,,1,2 år siden
"Kirkeveien 166, Bygg 21, 0450 Oslo","Rus- og avhengighetspoliklinikk Nydalen har inntak fra bydelene Bjerke, Sagene og Nordre Aker.",accel,98c9d280-d233-49ef-9f9c-6fcf230c7bdc,,False,59.934678400666556,10.729892919455075,,"Oslo universitetssykehus, ARA Seksjon rus- og avhengighetspoliklinikk Enhet 4 Ullevål",,22 11 84 10,4,,oslo-universitetssykehus-ara-seksjon-rus-og-avhengighetspoliklinikk-enhet-4-ulleval,"Poliklinikkene har et robust, variert og kompetent fagmiljø med spesialutdannede medarbeidere. Alle de kliniske enhetene gir tilbud om tverrfaglig utredning, skadereduksjon og behandling til personer over 15 år med rus- og avhengighetsproblematikk og pårørende. Poliklinikken tilbyr også behandling til personer med problematisk bruk av anabole androgene steroider, spill og annet. Det tilbys en rekke behandlingstilnærminger som Motiverende intervju, Eye Movement Desensitisation and Reprocessing (EMDR), kognitiv terapi, familieterapi, dialektisk adferdsterapi og mindfulness. Poliklinikken tilbyr til enhver tid et stort og variert gruppebehandlingstilbud. I hovedsak foregår oppfølgningen i poliklinikken sine lokaler, men det er også mulighet for å møtes utenfor poliklinikken eller digitalt. Poliklinikken har et arenafleksibelt team kan bistå i særlig krevende perioder. Et av satsningsområdene er sosialfaglig behandling og det er knyttet dedikerte klinikere til dette. Det tilbys behandling med substitusjonslegemidler i poliklinikker for legemiddelassistert rehabilitering (LAR) og heroinassistert behandling (HABiO). Den medisinske behandlingen er en del av en helhetlig oppfølgning med tilgang til det samme behandlingstilbudet som gis i øvrige enheter.",0,10 måneder siden
"Maridalsveien 176A, 0469 Oslo",Helse Sør-Øst,accel,98c9d289-0534-44a4-b271-feb1a05d1fe1,,True,59.93910718453618,10.758451368685124,,"Kirkens Bymisjon A-senteret, Døgnavdeling",,23 26 50 00,4,Poliklinikk,kirkens-bymisjon-a-senteret-dognavdeling,"Døgnavdelingens styrke er individuelt tilpassede behandlingsløp med fokus på å kartlegge og behandle. Vi befinner oss midt i byen, med det det innebærer av muligheter for eksponering, og å arbeide med endring samtidig som en kan leve livet sitt, og integrerer en ny hverdag.",0,1 år siden
"Kirkebrygga 2-4, 1607 Fredrikstad",Hvaler og Fredrikstad,accel,98c9d284-4af6-4042-bba1-ec79d2a744fa,,False,59.20856137205119,10.93361317273001,,"Sykehuset Østfold, ARA Poliklinikk Fredrikstad",,69 86 92 70,4,,sykehuset-ostfold-ara-poliklinikk-fredrikstad,Poliklinikk for rus- og avhengighetsbehandling skal gi tilbud til: - personer med rusproblemer eller avhengighet til rusmidler/vanedannende stoffer - foreldre/barn/søsken/ektefelle/partner til personer med rusmiddelmisbruk - personer med spilleavhengighet - veiledning til samarbeidspartnere som kommunale instanser eller andre Vi har et stort fokus på bred kartlegging i oppstartsfasen og fortsatt tverrfaglighet gjennom hele behandlingsløp. Alle nyhenviste får tilbud om kartlegging og vi har en visjon om null avslag.,0,1 år siden
"Kirkeveien 166, Bygg 21, 0450 Oslo","Oslo (med unntak av bydelene Stovner, Alna og Grorud)",accel,98c9d280-8fde-49a8-97db-a10230234175,,False,59.940995312047995,10.73609348512135,,"Oslo universitetssykehus, ARA Seksjon voksen",,23 02 08 00,4,"Lokalisert på Ullevål sykehusområde, der også seksjon rus- og avhengighetspoliklinikker har store deler av sitt behandlingstilbud.",oslo-universitetssykehus-ara-seksjon-voksen,"Avdeling rus- og avhengighetsbehandling har et helhetlig tilbud og dekker alle basistjenester, inkludert akutt, poliklinikk, ambulante tjenester, avrusning og døgnbehandling. Det er i avdelingen også eget pårørendetilbud for de som er berørt av rus og avhengighet. Vi har et nært samarbeid med behandlingstilbud i somatikk og psykisk helsevern i eget sykehus. Vi tilbyr utrednings-, behandlings- og innleggelse. Behandlingstid tilpasses den enkelte og er inntil 6mnd. Vi tilbyr også kortere innleggelser i serie og stabiliseringsopphold etter en periode i poliklinisk behandling. Alle pasienter har et tverrfaglig behandlingsteam bestående av psykolog, lege, sosionom og miljøkontakt (sykepleier/vernepleier). Innad i team gjennomføres tverrfaglig utredning av psykiske og somatiske lidelser, oppfølging av sosialfaglige mål (aktiviteter, bolig, nettverk økonomi) og miljøterapeutisk kartlegging og oppfølging. Dagene har en fast ukestruktur bestående av gruppeterapi, individualterapi, miljøterapi, medisinsk behandling, tverrfaglig traumebehandling, psykoedukasjon og undervisning, og fysisk aktivitet. Samtalegruppene består av introgruppe med fokus på å sosialisere pasienten inn i behandling, mestringsgruppe med fokus på rusmestring, temagruppe med fokus på ulike gjentagende tema og kunstterapi med fokus på pasientenes positive ressurser ved bruk av ulike medier. All behandling er individuelt tilpasset, det tilbys stabiliseringsopphold til pasienter med behov for stabiliserende tiltak i døgn etter fullført opphold. All utredning og behandling er i pasientforløp TSB.",0,8 måneder siden
"C.J. Hansens vei 1A, 2007 Kjeller","Lillestrøm, Rælingen, Aurskog-Høland, Enebakk og Lørenskog",accel,98c9d280-1cc6-48dc-aab5-10160159ef98,,False,59.96435688017393,11.063231334485451,,"Akershus universitetssykehus, ARA Nedre Romerike poliklinikk",,63 89 40 20,4,,akershus-universitetssykehus-ara-nedre-romerike-poliklinikk,Innarbeidet systematisk arbeid rundt oppstart nasjonalt pasientforløp TSB.,0,2 år siden
"Glengsgata 17, 1706 Sarpsborg",,accel,98c9d28d-fea0-41b5-836d-983a5ed4e4e6,,False,59.28327002527653,11.114843233960004,,"Sykehuset Østfold, ARA Poliklinikk Sarpsborg vurderingsteam",,69 86 98 00,4,Rus- og avhengighetspoliklinikk Sarpsborg,sykehuset-ostfold-ara-poliklinikk-sarpsborg-vurderingsteam,,1,2 år siden
"Hamangskogen 60, 1338 Sandvika",Bærum kommune,accel,98c9d28e-1084-44fb-9442-d98b5fef386c,,False,59.89881555253802,10.509909371066492,,"Vestre Viken, Bærum DPS, vurderingsteam",,67 81 43 00,4,Vurderingsteamet er samlokalisert med poliklinikkene for rus og psykisk helse i Bærum DPS.,vestre-viken-baerum-dps-vurderingsteam,Vurderingsteamet vurderer både til psykisk helsevern og TSB. Teamet er tverrfaglig sammensatt ved vurdering av TSB-henvisninger.,1,1 år siden
"Kongensgate 33, 3717 Skien",,accel,98c9d28d-5f0a-44a7-851b-e12d7e4b3816,,False,59.20875900898825,9.610864161932604,,KORUS Sør,,35 90 47 00,4,,korus-sor,,2,2 år siden
"Sollivegen 403, 2840 Reinsvoll",Helse Sør-Øst,accel,98c9d28b-df44-4884-85ba-fba94e4bdae8,,True,60.64358855269842,10.481342308337416,,"Stiftelsen Solliakollektivet, Avdeling Sollia",,61128700,4,,stiftelsen-solliakollektivet-avdeling-sollia,"Bred faglig kompetanse. Helsepersonell, sosionomer, sykepleier/vernepleier, psykiater, lege, psykolog, erfaringskonsulenter, agronomer, snekker, kokker og egen lærer. Sollia er gode på en fullstendig avklaring av sitasjonen før endt behandling.",0,2 år siden
"Markveien 31, 9510 Alta",,accel,98c9d28d-6638-4810-bcb6-f73411078634,,False,69.96487753452952,23.271469301399918,,"Finnmarkssykehuset, Klinikk Alta, Avdeling avhengighetsbehandling, vurderingsteam",,41 43 13 16,1,"Avdeling avhengighetsbehandling, døgnenhet og ruspoliklinikk",finnmarkssykehuset-klinikk-alta-avdeling-avhengighetsbehandling-vurderingsteam,,1,2 år siden
"Løkkegata 11, 2615 Lillehammer",Helse Sør-Øst,accel,98c9d28c-e8f3-49f5-8dd7-572fcf548a11,,True,61.117309782139245,10.448898974541596,,Tyrilisenteret i Lillehammer,,474 74 010,4,Tyrili Klatring,tyrilisenteret-i-lillehammer,"Enheten tilbyr døgnbehandling i fellesskap, for voksne med alvorlig rusmiddelavhengighet. Beliggenheten er skjermet og fredelig, samtidig som det er kort vei til byens tilbud. Gammelt og nytt møtes i det gamle fabrikklokalet i teglstein, som har fått selskap av et moderne tilbygg. Her ligger også Tyrili Klatring, et av landets største klatresentre, som brukes som utviklingsarena for pasienter ved Tyrilisenteret i Lillehammer. Det skjer både gjennom klatring som aktivitet, og gjennom deltagelse i et arbeidslag som står for driften av senteret.",0,11 måneder siden
"Sykehusstien 8, 9406 Harstad","Harstad, Lødingen, Tjeldsund og Kvæfjord",accel,98c9d279-7ada-4eb8-9dfa-29b2fd8677f6,,False,68.79649822662256,16.516335509776873,,"Universitetssykehuset Nord-Norge, Voksenpsykiatrisk poliklinikk Harstad",,77 01 59 00,1,Voksenpsykiatrisk poliklinikk Sør-Troms (PHV),universitetssykehuset-nord-norge-voksenpsykiatrisk-poliklinikk-harstad,,0,2 år siden
"Sykehusveien 28, 9601 Hammerfest","Hammerfest, Nordkapp og Måsøy",accel,98c9d278-457d-4844-b0d3-ff1b9e3341bd,,False,70.67527325894446,23.675467072642512,,"Finnmarkssykehuset, Klinikk Hammerfest, Voksenpsykiatrisk poliklinikk, rusteam",,78 96 71 30,1,,finnmarkssykehuset-klinikk-hammerfest-voksenpsykiatrisk-poliklinikk-rusteam,,0,1 år siden
"Asdalvegen 1, 4250 Kopervik",Helse Vest,accel,98c9d27e-0df8-4b23-bc63-406d9efcb3fd,,False,59.28547834564172,5.310764783644315,,"Helse Fonna, Haugaland DPS TSB-post",,52 73 21 00,3,TSB poliklinikk,helse-fonna-haugaland-dps-tsb-post,"Driver integrert med psykisk helsevern i helseforetaket, godt samarbeid med øvrige deler av spesialisthelsetjenesten lokalt. Langtidsperspektiv i rehabiliteringsbehandlingen, som vi anser helt essensielt. Tilbyr raust og langvarig ettervern basert på den enkeltes behov.",0,2 år siden
"Tennisveien 4, 0777 Oslo",Helse Sør-Øst,accel,98c9d288-acbd-4259-baa7-49940dee3cbe,,True,59.95411522327387,10.693509868377069,,Blå Kors klinikk Oslo vest,,40466578,4,,bla-kors-klinikk-oslo-vest,Mentaliseringsbasert terapi som hovedfokus. Tett tverrfaglig samarbeid og samarbeid med eksterne instanser. Fysisk aktivitet som en del av behandlingen. Kompetanse på traumebehandling bl.a. EMDR.,0,6 måneder siden
"Trondheimsveien 80, 0565 Oslo","Bydelene Gamle Oslo, Grünerløkka og St. Hanshaugen i Oslo",accel,98c9d286-a177-4fad-9121-804cdd8d1bcd,,False,59.92239170544833,10.76665347533638,,"Lovisenberg Diakonale Sykehus, Ruspoliklinikken",,23 22 60 00 / 24 07 44 00,4,Rus-FACT Oslo Sentrum,lovisenberg-diakonale-sykehus-ruspoliklinikken,Pågående opplæring i EMDR. Utviklet psykoedukativt bevisstgjøringskurs og har etablert pågående personlighetsfokusert gruppeterapi.,0,2 år siden
"Hammersborg Torg 3, 0179 Oslo",Helse Sør-Øst,accel,98c9d288-c863-4ab3-9d81-ccd89da626ae,,True,59.91374720643771,10.753777473136122,,Blå Kors klinikk Oslo sentrum,,22 99 49 00,4,,bla-kors-klinikk-oslo-sentrum,Vi har lang tradisjon på å behandle spillavhengighet og utviklet eget tilbud for denne gruppen (alle ansatte har utdanning i dette). I tillegg lang erfaring med behandling av både ruspasienter og pårørende. Klinikken tar også i mot personer med pornoavhengighet. Vi har eget familieteam med familieterapeuter.,0,5 måneder siden
"Møllendalsveien 31, 5009 Bergen",,accel,98c9d27c-cae5-4b76-a12e-4ea119881af1,,False,60.379757368432024,5.342047431441425,,"Helse Bergen, AFR seksjon LAR Årstad",,55 97 07 00,3,,helse-bergen-afr-seksjon-lar-arstad,,0,3 måneder siden
"Toskavegen 400, 5936 Manger",,accel,98c9d27d-94ab-457e-9693-2cf411ed1baa,,False,60.64097839229929,4.991116940551549,,"Helse Bergen, AFR seksjon Floen Manger",,55 95 89 00,3,,helse-bergen-afr-seksjon-floen-manger,"Medikamentfritt tilbud. Særlig kompetanse på traumesensitiv tilnærming i miljøterapien. Har systematikk på å behandle relasjonelle/utviklings- og enkeltstående traumer. Behandlingen i døgn på Floen er forankret i poliklinikk. Før innleggelse gjøres forberedelse til døgn, poliklinisk behandler er med på behandlingsplanene i døgn og etter døgninnleggelse fortsetter poliklinikken oppfølging.",0,2 år siden
"Teipaveien 32, 1440 Drøbak",Helse Sør-Øst,accel,98c9d28a-c169-407a-a65d-26ac8c982801,,True,59.695600087763644,10.691956893662503,,"Stiftelsen Fossumkollektivet, Avdeling JentePrimæren",,91 16 72 22,4,,stiftelsen-fossumkollektivet-avdeling-jenteprimaeren,Individ i gruppe. Relasjon. Traumebevisst. Både kognitive og kroppslig tilnærming.,0,2 år siden
"Håkonsgaten 1, 5015 Bergen","Bydelene Fyllingsdalen, Laksevåg, Arna og Åsane i Bergen + Voss, Alver, Austrheim, Fedje, Masfjorden, Modalen og Osterøy",accel,98c9d27c-7773-4b25-b6cf-3125af3bd04b,,False,60.392207406819026,5.318106847323268,,"Helse Bergen, AFR seksjon poliklinikk Engenhuset",,55 97 01 00,3,"Korttidspost Engenhuset, HAB, seksjon Ambulant, seksjon Forskning og KoRus Bergen",helse-bergen-afr-seksjon-poliklinikk-engenhuset,"Faglig profil med særlig kompetanse på CBT, MI og MBT. God kompetanse på behandling av spillavhengighet.",0,1 år siden
"Ørsnesalleen 14, 3120 Nøtterøy","Horten, Tønsberg og Holmestrand kommune",accel,98c9d283-81e7-4e14-8791-e125ca0e946a,,False,59.25196064372371,10.426766236940189,,"Sykehuset i Vestfold, ARA Rus- og avhengighetspoliklinikk nord Nøtterøy",,33 34 51 00,4,,sykehuset-i-vestfold-ara-rus-og-avhengighetspoliklinikk-nord-notteroy,"Helhetlig, tverrfaglig samarbeid",0,2 år siden
"Peter Skredders veg 34, 2312 Ottestad",Opptaksområdet er fordelt på 42 kommuner i Innlandet.,accel,98c9d281-9017-4a6d-bb62-c7c0bcd5c32a,,False,60.781216412893635,11.157138376750664,,"Sykehuset Innlandet, Enhet for avrusning",,91 50 62 00,4,Enhet for utredning TSB,sykehuset-innlandet-enhet-for-avrusning,"Enheten har en høy grad av kvalifisert helsepersonell som møter pasienten med respekt og omsorg med utgangspunkt i individuelle behov. Vi innehar høy grad av brukermedvirkning. Ut over dette, jobber vi etter kognitive miljøterapeutiske prinsipper.",0,2 år siden
"Kalfarveien 88A, 5022 Bergen",Helse Vest,accel,98c9d287-850f-4bd5-a715-567ccf2da60d,,True,60.38594984051268,5.3584151133494595,,Stiftelsen CRUX Kalfaret behandlingssenter,,55 33 77 00,3,"Døgnklinikk, dagbehandling og poliklinikk",stiftelsen-crux-kalfaret-behandlingssenter,"Særlig kompetanse innen traumbevisst tilnærming. Samtidig høy grad av kompetanse innen kognitiv terapi og MI. Ansatte med lang ansiennitet, lav turnover i klinikken.",0,2 år siden
"Kirkebrygga 2-4, 1607 Fredrikstad",,accel,98c9d28d-f121-41c7-9b88-e9a132f4cb32,,False,59.21021236271483,10.940155548193117,,"Sykehuset Østfold, ARA Poliklinikk Fredrikstad vurderingsteam",,69 86 92 70,4,Rus- og avhengighetspoliklinikk Fredrikstad,sykehuset-ostfold-ara-poliklinikk-fredrikstad-vurderingsteam,,1,2 år siden
"Sjukehusveien 9, 2500 Tynset","Tynset, Alvdal, Folldal, Rendalen, Tolga, Os, Stor-Elvdal og Engerdal kommune",accel,98c9d282-7783-42bd-b2e1-27fe2ee66b9e,,False,62.27099267988223,10.778795496935011,,"Sykehuset Innlandet, DPS Tynset, poliklinikk",,91 50 62 00,4,DPS døgnavdeling,sykehuset-innlandet-dps-tynset-poliklinikk,Kognitiv terapi og motiverende intervju,0,2 år siden
"Baldisholvegen 85, 2350 Nes På Hedmark",Helse Sør-Øst,accel,98c9d28b-49bf-4f67-8cf9-acb20b66e6c2,,True,60.78176580977317,10.85942605123997,,Stiftelsen Fredheim,,40 14 53 60,4,,stiftelsen-fredheim,"Stiftelsen Fredheim tilbyr langtids tverrfaglig langtids døgnbehandling på inntil ett år for personer med rusavhengighet og tilbyr medikamentell behandling som for eksempel LAR, sentralstimulerende medisinering og bruk av benzodiazepiner. Struktur Behandlingen deles inn i tre faser: stabiliseringsfasen (0-2 måneder), behandlingsfasen (3-7 måneder) og tilbakeføringsfasen (8-12 måneder). Ulike områder blir vektlagt i de ulike fasene, som beskrevet under. Lengde og innhold i fasene tilrettelegges individuelt, og fasene vil overlappe på enkelte områder. Rammer Behandling foregår i tverrfaglige team med sosial-, sykepleie-, medisinsk-, erfarings- og psykologfaglig kompetanse, i tillegg til miljøfaglig personale. Pasienten får en hovedkontakt (sykepleier, vernepleier), og et tverrfaglig team som følger hen gjennom oppholdet. Behandlingsansvarlig spesialist er del av det tverrfaglige teamet, og har løpende dialog med hovedkontakt. Samhandling med eksterne samarbeidspartnere vektlegges under hele behandlingen. Behandlingsforberedende tiltak og oppfølging etter utskrivelse vektlegges som en del av rammene for behandlingen.",0,4 måneder siden
"Sykehusveien 1, 4838 Arendal",,accel,98c9d285-732c-4b4e-81ee-0c69b8b3c342,,False,58.465822454183055,8.750653123621868,,"Sørlandet sykehus, Regional kompetansetjeneste - medfødte russkader",,37 07 57 50,4,,sorlandet-sykehus-regional-kompetansetjeneste-medfodte-russkader,,2,2 år siden
"Presteseter 1, 2840 Reinsvoll",Opptaksområdet er fordelt på 42 kommuner i Innlandet.,accel,98c9d281-4992-4808-96a5-a0776047ff3d,,False,60.68254982172235,10.635991668211004,,"Sykehuset Innlandet, Enhet for familie",,91 50 62 00,4,Enhet for gravide og enhet for korttidsbehandling,sykehuset-innlandet-enhet-for-familie,"Styrke: Behandling opp til ett år. Far inn i behandling inntil 3 måneder før fødsel, individuell tilpasning.",0,2 år siden
"Vestveien 15, 1400 Ski","Follo, Romerike, Kongsvinger, Grue, Nord-Odal, Sør-Odal + Eidsskog i Innlandet + Rømskog kommune i Østfolk + bydelene Alna, Grorud og Stovner i Oslo.",accel,98c9d27f-7a2a-4b81-a9e2-18770eb28af7,,False,59.71536873545671,10.826863101888266,,"Akershus universitetssykehus, ARA Follo døgn",,90 78 16 86,4,Enhet for avrusning og enhet for ROP,akershus-universitetssykehus-ara-follo-dogn,Seksjonen har to enheter: Avrusning og ROP (behandling av samtidig rus- og psykisk lidelse).,0,2 år siden
"Bynesveien 60, 7018 Trondheim",Helse Midt-Norge,accel,98c9d28d-2ecf-40e2-8d80-9b29c08238ad,,True,63.44617767665717,10.338191187525508,,Tyrilisenteret i Trondheim,,474 74 015,2,,tyrilisenteret-i-trondheim,"Enheten tilbyr døgnbehandling i fellesskap, for voksne med alvorlig rusmiddelavhengighet. Beliggenheten er skjermet og fredelig, med utsikt over Trondheimsfjorden mot Munkholmen. Samtidig er det relativt kort vei til byens tilbud. Det har vært bosetting på Høvringen siden 1700-tallet, eller enda lenger. Hovedhuset fra 1947 har etter hvert fått selskap av flere andre trehus. Sjøen, marka og byen er naturlige arenaer for aktivitet og utvikling i behandlingshverdagen.",0,11 måneder siden
"Torsbergveien 20, 3032 Drammen",Vestre Viken,accel,98c9d28e-07a1-4782-ba61-3d2f9b9b3b9b,,False,59.71438831235413,10.142499926304355,,"Vestre Viken, ARA Poliklinikk, vurderingsteam",,32 86 13 30,4,ARA Drammen avgiftning ARA LAR Drammen,vestre-viken-ara-poliklinikk-vurderingsteam,Tverrfaglige vurderinger av alle henvisninger til rusbehandling i døgn.,1,3 måneder siden
"Hallveien 4, 9303 Silsand","Lenvik, Berg, Torsken, Tranøy, Dyrøy, Sørreisa, Målselv, Salangen, Bardu, Lavangen og Gratangen",accel,98c9d279-76c7-4b65-bf4b-cd3071c8afc0,,False,69.25114855038925,17.958573841660165,,"Universitetssykehuset Nord-Norge, Voksenpsykiatrisk poliklinikk Silsand",,77 75 47 00,1,,universitetssykehuset-nord-norge-voksenpsykiatrisk-poliklinikk-silsand,,0,2 år siden
"Ávjovárgeaidnu 182, 9730 Karasjok",Kommuner i Finnmark fylke og samisk befolkning ellers i landet.,accel,98c9d278-6c6f-4ce8-ac96-e8ce72f237e2,,False,69.4617071697263,25.476934387049237,,"Finnmarkssykehuset, Sámi klinihkka, SANKS, døgnenhet",,95068765,1,"DPS, post psykisk helse",finnmarkssykehuset-sami-klinihkka-sanks-dognenhet,"Gruppeterapi. Bruk av naturen som en ressurs, individuell veiledning av fysioterapeut. Turdager ukentlig. Tilbyr pasienter re-opphold.",0,1 år siden
"Hans Blomgate 39, 6900 Florø",Sunnfjord og ytre Sogn,accel,98c9d27c-219d-4192-b710-c8f427137907,,False,61.595567571251905,5.042987655244737,,"Helse Førde, Psykiatrisk klinikk, DPS dag Florø",,57 83 94 70,3,,helse-forde-psykiatrisk-klinikk-dps-dag-floro,Integrering med PHV og kort avstand til somatiske helsetjenester,0,2 år siden
"Jens Bjelkesgate 77, 0652 Oslo",Helse Sør-Øst,accel,98c9d28c-a496-4ded-972d-1ce70db45aed,,True,59.9145724607136,10.77063141809413,,Tyrili Arena Oslo,,474 74 000,4,Tyrili Stifinnerteam,tyrili-arena-oslo,"Enheten tilbyr døgnbehandling for pasienter med behov for stor grad av individuell tilpasning. Noen nærmer seg slutten av sitt behandlingsløp, og trenger en gradvis overgang til en selvstendig tilværelse. Andre har, av ulike grunner, størst utbytte av en behandlingshverdag med mye selvstendighet. Fokus på Arena er botrening, selvstendighet og ansvarsutvikling. Pasienter i slutten av behandlingsløpet fokuserer på jobb, skole, meningsfulle aktiviteter i hverdagen og sosialt nettverk.",0,11 måneder siden
"Rådhusgata 16, 1830 Askim","Indre Østfold, Skiptvet og Marker kommune",accel,98c9d284-2cf2-4ec0-aac0-b048bc50af22,,False,59.583811050604695,11.166615309826781,,"Sykehuset Østfold, ARA Poliklinikk Askim",,69 86 95 95,4,,sykehuset-ostfold-ara-poliklinikk-askim,Poliklinikk for rus- og avhengighetsbehandling skal gi tilbud til: - personer med rusproblemer eller avhengighet til rusmidler/vanedannende stoffer - foreldre/barn/søsken/ektefelle/partner til personer med rusmiddelmisbruk - personer med spilleavhengighet - veiledning til samarbeidspartnere som kommunale instanser eller andre Vi har et stort fokus på bred kartlegging i oppstartsfasen og fortsatt tverrfaglighet gjennom hele behandlingsløp. Alle nyhenviste får tilbud om kartlegging og vi har en visjon om null avslag.,0,2 år siden
"Klostergata 48, 7030 Trondheim",Trøndelag Sør,accel,98c9d27a-91bd-445f-8851-3ab5f6848516,,False,63.42461615652037,10.38625024809744,,"St. Olavs hospital, Poliklinikk",,73 86 28 30,2,Allmenn døgn og Krise-korttidsavdeling,st-olavs-hospital-poliklinikk,Gruppepoliklinikk og systematisk trening tilbys alle pasienter i tillegg til den individuelle oppfølgingen.,0,2 år siden
"Kongsgård alle 71, 4632 Kristiansand",Agder,accel,98c9d28e-02bb-48c4-a908-8dc903d800c1,,False,58.15863561911411,8.033533457772856,,"Sørlandet sykehus, ARA Vurderingsteam",,38 13 26 00,4,ARA Ambulant Kristiansand. ARA Enhet for gruppebehandling ARA Avgiftningsenheten Kristiansand ARA Enhet for rus- og psykiatri,sorlandet-sykehus-ara-vurderingsteam,Sentralisert vurderingsteam for behandling av henvisninger til inntak i alle ARAs behandlingsenheter.,1,11 måneder siden
"Østre Murallmenningen 7, 5012 Bergen",,accel,98c9d28d-9c42-4ccc-8450-29dc96d068ee,,False,60.39351588219259,5.328910346229858,,"Helse Bergen, AFR vurderingsteam",,55 97 01 00,3,AFR poliklinikk Murhjørnet,helse-bergen-afr-vurderingsteam,,1,2 år siden
"Lervigsveien 16, 4014 Stavanger",Stavanger kommune,accel,98c9d27e-9208-40f4-ba3d-4640e60d4827,,False,58.971026270662136,5.760587544495809,,"Helse Stavanger, ARA LAR Øst",,51 51 40 54,3,,helse-stavanger-ara-lar-ost,,0,2 år siden
"Engerdalsveien 1222, 2485 Rendalen",Helse Sør-Øst,accel,98c9d28b-a0eb-4179-ac3e-107207ce32de,,True,61.728360545750974,11.39013580765902,,Stiftelsen Renåvangen,,62 46 60 50,4,,stiftelsen-renavangen,"Vi har 5 års ettervern, med rom for sekvensiell behandling. Det er et tett program hvor vi forventer deltagelse, det gir forutsigbarhet, fellesskap og mange læringsarenaer. Vi har familiehelg hver 4. helg, et gratistilbud med mulighet for familieterapi.",0,4 måneder siden
"Søsterveien 2, 8613 Mo i Rana",Helgeland,accel,98c9d279-dc3f-421f-a5a4-b075c72a22f0,,False,66.3279408770463,14.18578553902047,,"Helgelandssykehuset, Rusavdelingen Mo i Rana, døgnenhet",,75 66 0077,1,"Rusavdelingen TSB-poliklinikk Mo i Rana,",helgelandssykehuset-rusavdelingen-mo-i-rana-dognenhet,Godt sammensatt tverrfaglig kompetanse i personalet. Gode strukturer for å ivareta brukermedvirkning.,0,4 måneder siden
"Kirkeveien 166, Bygg 50, 0450 Oslo","Oslo (med unntak av bydelene Stovner, Alna og Grorud)",accel,98c9d281-0a17-4e9d-9dfa-6d1f2af75d79,,False,59.93555286589671,10.738335331306127,,"Oslo universitetssykehus, ARA Seksjon rus- og avhengighetspoliklinikk HABiO",,91 17 89 17,4,,oslo-universitetssykehus-ara-seksjon-rus-og-avhengighetspoliklinikk-habio,"Poliklinikkene har et robust, variert og kompetent fagmiljø med spesialutdannede medarbeidere. De kliniske enhetene gir tilbud om tverrfaglig utredning, skadereduksjon og behandling til personer over 15 år med rus- og avhengighetsproblematikk og pårørende. Poliklinikken tilbyr også behandling til personer med problematisk bruk av anabole androgene steroider, spill og annet. I poliklinikker for legemiddelassistert rehabilitering (LAR) og heroinassistert behandling (HABiO) tilbys behandling med substitusjonslegemidler. HAB er forbeholdt de med en alvorlig opioiddominert ruslidelse der dagens LAR-behandling eller tilsvarende ikke har gitt god nok effekt. I behandlingen blir pasienten fulgt opp av sykepleier, lege og sosionom. De vil sammen med pasienten utarbeide en behandlingsplan der pasienten følges opp på de områder pasienten har behov for. HABiO gir særlig tett oppfølgning til sine pasienter med oppmøte to ganger daglig.",0,2 år siden
"Mellomåsveien 26, 8076 Bodø",Salten,accel,98c9d279-832a-4f19-be03-bb865a65a04c,,False,67.28544689602752,14.434369333453821,,"Nordlandssykehuset, Ruspoliklinikken",,75 50 16 00,1,Rus- og psykiatrienheten,nordlandssykehuset-ruspoliklinikken,"Godt tverrfaglig sammensatt team bestående av sosialfaglig, sykepleierfaglig og helsefaglig kompetanse, psykologer, psykiatere og nevropsykolog. Dette styrker tilbudet til våre pasienter med svært sammensatt og kompleks problematikk.",0,2 år siden
Hvitsandvegen 34 3811 Hørte,Helse Sør-Øst,accel,98c9d28a-316f-49a3-a261-a95f83b2db56,,True,59.417057281084176,9.13192510175071,,Samtun,,35 95 66 00,4,,samtun,"Samtun tilbyr individuelt tilpasset døgnbehandling til pasienter med rusmiddelavhengighet i alderen 17 år og oppover, med fellesskapet som ramme. Vi tilpasser behandlingstilbudet i forhold til våre pasienters utfordringer og behov. Våre psykologer, leger og miljøterapeuter jobber tett på pasientene i behandlingshverdagen, noe som legger grunnlaget for den tverrfaglige behandlingen. Pasienter som vil, kan delta på trening og aktiviteter i regi av Samtun eller i nærmiljøet. For å sikre en god overgang til tiden etter behandling, tilrettelegger vi for ekstern arbeidstrening og skolegang. Vi legger stor vekt på samarbeid med kommunene i en etableringsfase.",0,1 år siden
"Kirkegata 2, 7601 Levanger","Meråker, Stjørdal, Frosta, Levanger, Verdal, Inderøy, Steinkjer og Snåsa kommune.",accel,98c9d27a-5447-4360-b74d-fb9ffa1c5be2,,False,63.74456036153579,11.29723453641581,,"Helse Nord-Trøndelag, ARA poliklinikk Levanger",,74 09 80 00,2,"ARA døgnenhet Levanger, Sykehuset Levanger inkludert psykisk helsevern og somatiske avdelinger.",helse-nord-trondelag-ara-poliklinikk-levanger,Bredt poliklinisk tilbud med ulike faglige tilnærminger. Ansvar for LAR.,0,2 år siden
"Dalavegen 29, 6856 Sogndal",,accel,98c9d28d-91a8-4634-ac15-96e89b608244,,False,61.23481857008726,7.092875447452833,,"Helse Førde, Indre Sogn psykiatrisenter, vurderingsteam",,57 62 75 00,3,Ruspoliklinikk,helse-forde-indre-sogn-psykiatrisenter-vurderingsteam,,1,2 år siden
"Helga Vaneks vei 6, 1281 Oslo","Rus- og avhengighetspoliklinikk Mortensrud har inntak fra bydelene Østensjø, Nordstrand og Søndre Nordstrand.",accel,98c9d280-cd91-4f61-9ca2-b7a35c5ee908,,False,59.85022363279533,10.838177524868058,,"Oslo universitetssykehus, ARA Seksjon rus- og avhengighetspoliklinikk Mortensrud",,23 02 30 00,4,Søndre Oslo DPS,oslo-universitetssykehus-ara-seksjon-rus-og-avhengighetspoliklinikk-mortensrud,"Avdeling rus- og avhengighetsbehandling har et helhetlig tilbud og dekker alle basistjenester, inkludert akutt, poliklinikk, ambulante tjenester, avrusning og døgnbehandling. Det er i avdelingen også eget pårørendetilbud for de som er berørt av rus og avhengighet. Vi har et nært samarbeid med behandlingstilbud i somatikk og psykisk helsevern i eget sykehus. Poliklinikkene har et robust, variert og kompetent fagmiljø med spesialutdannede medarbeidere. Alle de kliniske enhetene gir tilbud om tverrfaglig utredning, skadereduksjon og behandling til personer over 15 år med rus- og avhengighetsproblematikk og pårørende. Poliklinikken tilbyr også behandling til personer med problematisk bruk av anabole androgene steroider, spill og annet. Det tilbys en rekke behandlingstilnærminger som Motiverende intervju, Eye Movement Desensitisation and Reprocessing (EMDR), kognitiv terapi, familieterapi, dialektisk adferdsterapi og mindfulness. Poliklinikken tilbyr til enhver tid et stort og variert gruppebehandlingstilbud. I hovedsak foregår oppfølgningen i poliklinikken sine lokaler, men det er også mulighet for å møtes utenfor poliklinikken eller digitalt. Poliklinikken har et arenafleksibelt team kan bistå i særlig krevende perioder. Et av satsningsområdene er sosialfaglig behandling og det er knyttet dedikerte klinikere til dette. Det tilbys behandling med substitusjonslegemidler i poliklinikker for legemiddelassistert rehabilitering (LAR) og heroinassistert behandling (HABiO). Den medisinske behandlingen er en del av en helhetlig oppfølgning med tilgang til det samme behandlingstilbudet som gis i øvrige enheter.",0,8 måneder siden
"Kyrre Grepps gate 19, 2819 Gjøvik","Østre Toten, Vestre Toten, Søndre Land, Nordre Land og Gjøvik",accel,98c9d282-1771-445a-9d2a-6fd4f4115db4,,False,60.79979578406437,10.678678829326564,,"Sykehuset Innlandet, DPS Gjøvik, poliklinikk Gjøvik",,91 50 62 00,4,Voksenpsykiatrisk poliklinikk.,sykehuset-innlandet-dps-gjovik-poliklinikk-gjovik,Mye kompetanse på traumer i teamet. Teamets medlemmer er lett tilgjengelig for hverandre og har stor tillit til hverandres vurderinger. TSB-teamet er organisert i en poliklinikk som i tillegg består av et LAR og et FACT team. Vi er samlokalisert med to voksenpsykiatriske poliklinikken.,0,2 år siden
"Sjukehusvegen 15, 5451 Valen",Kvinnherad og Ullensvang kommune,accel,9b3b6347-9609-4dce-8b9a-f1a5ab5965d0,,False,59.829488687955205,5.788921323559063,,"Helse Fonna, Folgefonn DPS, TSB-poliklinikk Valen",,53466590,3,Allmennpoliklinikk og døgnpost,helse-fonna-folgefonn-dps-tsb-poliklinikk-valen,"MI Individuell terapi. Legemiddelintervensjoner. Samhandling med kommunr, bl.a. Samhandlingsteam innen TSB. God kvalitet i LAR oppfølging.",0,2 år siden
"Greveveien 16, 3257 Larvik",Larvik og Sandefjord kommune,accel,98c9d283-3933-4cd6-b784-fdf0146afcc1,,False,59.05287380143612,10.043946666020961,,"Sykehuset i Vestfold, ARA LAR sør Larvik",,90 76 65 73,4,,sykehuset-i-vestfold-ara-lar-sor-larvik,"Individuell tverrfaglig vurdering med hensyn til både medikamentvalg, kartlegging, utredning og behandling.",0,2 år siden
"Øvre Strandgate 2, 3018 Drammen","Drammen, Lier, Sande og deler av Holmestrand.",accel,98c9d28e-14e5-4257-9689-0ac99de075c4,,False,59.74592235557989,10.204541269440654,,"Vestre Viken, Drammen DPS, vurderingsteam",,32 86 18 00,4,,vestre-viken-drammen-dps-vurderingsteam,"Inntaksteamet har et sammensatt tverrfaglig team med overlege, psykologspesialist, sosionom.",1,1 år siden
"Langfjordveien 1465, 9545 Langfjordbotn",Helse Nord,accel,98c9d277-eef7-4257-a894-f3b5cde100d0,,True,70.03919972019102,22.26567119852753,,Finnmarkskollektivet,,78 44 45 30,1,,finnmarkskollektivet,"Se hele mennesket. Bruke aktivitet i behandling, samt å kunne bistå pasientene etter endt utskrivning.",0,2 år siden
"Lagårdsveien 78, 4010 Stavanger",Sør Rogaland,accel,98c9d28d-aa84-41db-b403-850f4386bcb1,,False,58.95535115719025,5.7347599440483075,,"Helse Stavanger, ARA Inntak- og oppstartsteam",,94 78 46 92,3,LAR helse Stavanger og Oppsøkende behandlingsteam Stavanger,helse-stavanger-ara-inntak-og-oppstartsteam,"Inntak- og oppstartsteam er en sentral vurderingsenhet for TSB Helse Stavanger. Teamet følger pasientene tett fra henvisning til første fase av behandling. Pasientene får sin egen forløpskoordinator og samtaler med brukerrepresentant, psykolog og lege. Samtalene legger grunnlaget for hvilke behandlingstiltak som vedtas i et tverrfaglig beslutningsmøte.",1,2 år siden
"Raskebakkin 34, 2910 Aurdal","Etnedal, Sør-Aurdal, Nord-Aurdal, Øystre Slidre, Vestre Slidre og Vang",accel,98c9d282-523f-4297-a462-06a008bd4be3,,False,60.922713688442094,9.417375821913097,,"Sykehuset Innlandet, DPS Gjøvik, poliklinikk Valdres",,91 50 62 00,4,"Allmennpsykiatrisk team, FACT team og Akutt-/ambulant team",sykehuset-innlandet-dps-gjovik-poliklinikk-valdres,,0,2 år siden
"Maskevarreveien 3, 9845 Tana",,accel,98c9d278-6870-4b4e-936d-7a92b3a306b5,,False,70.19450205565316,28.176965313251756,,"Finnmarkssykehuset, Klinikk Kirkenes, Voksenpsykiatrisk poliklinikk Tana",,78 96 72 40,1,,finnmarkssykehuset-klinikk-kirkenes-voksenpsykiatrisk-poliklinikk-tana,,0,1 år siden
"Skolegata 22, 2317 Hamar","TSB poliklinikk vurderer henvisninger til hele opptaksområdet; Hamar, Ringsaker, Stange og Løten, Trysil, Elverum, Våler, Åsnes og Åmot kommuner.",accel,98c9d28d-cf62-4502-b8f3-efb2304a42b7,,False,60.796721236957815,11.068952435795941,,"Sykehuset Innlandet, DPS Elverum-Hamar, vurderingsteam",,91 50 62 00,4,,sykehuset-innlandet-dps-elverum-hamar-vurderingsteam,"Som utpekt vurderingsinstans for TSB, har enheten et eget tverrfaglig inntaksteam som består av faste medlemmer.",1,2 år siden
Stasjonsveien 61 8515 Narvik,"Nordland, Troms og Finnmark, men man kan søke seg inn fra hele Norge.",accel,98c9d279-0e42-4887-bd86-6286688763b8,,False,68.44890118002019,17.455876469032056,,"Universitetssykehuset Nord-Norge, Russeksjon Narvik",,76171490,1,Avrusningsenhet og Døgnenhet Narvik,universitetssykehuset-nord-norge-russeksjon-narvik,"Russeksjon Narvik tilhører Rusavdelingen i Psykisk helse og rusklinikken ved UNN HF. Vi holder til i et nytt fullintegrert sykehus med nært samarbeid med PHV og somatikken. Alle pasienter får sitt eget behandlingsteam som består av pasienten selv, behandler, psykolog, miljøkontakt og lege. Behandlingen ved Russeksjon Narvik tilrettelegges individuelt. De fleste av våre pasienter har en blanding av gruppeterapi, individuelle samtaler /aktivitet og miljøterapi som en del av sin behandling. Seksjonen tilbyr ulike typer gruppebehandling: endringsgruppe, mestringsgruppe, kvinnegruppe, selvhevdelsegruppe og friluftsgruppe. Miljøterapien har fokus på det daglige samspillet, gode hverdags rutiner med rammer, aktiviteter og støtte i omgivelsene. Det å ta del i et slik fellesskap bidrar til mestring og utvikling, og er en svært viktig del av behandlingen. Seksjonen har både lokaler og omgivelser som gir et meget godt utgangspunkt for ulike opplevelser og hobbyer. Seksjonen har eget aktivitetsrom, bookbar gymsal og treningsrom. Det er fine turområder i nærheten av sykehuset der vi er lokalisert, samt grill hytte på uteområdet.",0,11 måneder siden
"Klostergata 48, 7030 Trondheim",Trøndelag Sør,accel,98c9d27a-d458-418e-b21f-8b15700dee82,,False,63.42102110346586,10.392283571725761,,"St. Olavs hospital, Krise–korttidsavdeling",,73 86 29 60,2,Poliklinikk og Allmenn døgn,st-olavs-hospital-krise-korttidsavdeling,"Individuelt tilpassede behhandlingsforløp, sekvensielle opphold, tett samarbeid med LMS, poliklinikk og LAR, før og etter døgn. Individuelle behandlingsplaner og tilpasset oppfølging etter døgn. Stort fokus på nettverksarbeid, nettverksmøter.",0,2 år siden
"C.J. Hansens vei 1A, 2007 Kjeller",,accel,98c9d28d-b84e-41ce-8c84-abc6ab6aa596,,False,59.96113670096271,11.05462800258044,,"Akershus universitetssykehus, ARA Nedre Romerike poliklinikk vurderingsteam",,63 89 40 20,4,ARA Nedre Romerike poliklinikk,akershus-universitetssykehus-ara-nedre-romerike-poliklinikk-vurderingsteam,,1,2 år siden
"Strandgata 1, 6415 Molde","Molde, Rauma, Aukra, Vestnes, Hustadvika/Nordmøre og Romsdal",accel,98c9d27b-83e1-4840-b393-8b611c26772c,,False,62.73646994765658,7.165671247464955,,"Helse Møre og Romsdal, TSB-poliklinikk Molde",,71 21 98 00,2,,helse-more-og-romsdal-tsb-poliklinikk-molde,"LAR-behandling (inkl. ambulant), tilbud til innsatte, NET/DBT-traumebehandling, pårørendetilbud, FOU og forskning, Utvidet gruppebehandling (recovery og spill)",0,2 år siden
"Nordsinni 356, 2870 Dokka",Helse Sør-Øst,accel,98c9d28a-1b67-4cf6-81c4-4b97ce66a55a,,True,60.83981510543917,10.001614690494888,,Riisby behandlingssenter,,61 11 28 00,4,,riisby-behandlingssenter,Kunnskapsbasert behandlingstilbud-bred faglig kompetanse Individuelt tilpasset behandlingsforløp Utredning av psykisk og somatisk helse Traumebehandling Gruppetilbud; bla. rusmestringsgruppe Fokus på fysisk aktivitet og andre aktiviteter Nye og funksjonelle lokaler i naturskjønne omgivelser Vi ønsker å hjelpe den enkelte til å leve et godt liv uten bruk av rusmidler,0,1 år siden
"Prestmarkveien 1, 8800 Sandnessjøen","Alstahaug, Leirfjord, Lurøy, Træna, Herøy og Dønna",accel,98c9d279-fd91-41fa-ae37-8575441de83c,,False,66.01835303865032,12.627901342747961,,"Helgelandssykehuset, Voksenpsykiatrisk poliklinikk Sandnessjøen, rusteam",,75 66 04 60,1,,helgelandssykehuset-voksenpsykiatrisk-poliklinikk-sandnessjoen-rusteam,"Nært samarbeid med psykisk helsevern. Vi er samlokalisert, og kan tilby integrerte behandlingsforløp.",0,9 måneder siden
"Sinsenveien 54, 0585 Oslo",Helse Sør-Øst,accel,98c9d28b-85d8-4ad8-9eaa-ebac94c16325,,True,59.93310144376853,10.794910848563795,,Stiftelsen Kvinnekollektivet Arken,,21 01 87 80,4,,stiftelsen-kvinnekollektivet-arken,"Behandlingssted kun for kvinner med daglig gruppeterapi og individuell terapi ved behov. Henter kunnskap fra 12-trinns-ideologien. Jobber traumesensitivt. Behandlerne på ARKEN har solid tverrfaglig, medisinsk og psyk. komp., og flere behandlere har erfaringsbasert kompetanse. Hovedmål er varig rusfrihet og et verdig liv.",0,2 år siden
"Auglendsdalen 64, 4017 Stavanger",Helse Vest,accel,98c9d287-62d7-4ea8-92c4-dd7526460855,,True,58.93809765948426,5.717966605263476,,Frelsesarmeens behandlingssenter Stavanger,,51 82 87 00,3,,frelsesarmeens-behandlingssenter-stavanger,"Helhetlig og individuelt tilpasset behandlingstilbud til den enkelte pasient. Høyt fokus på mentaliseringsbasert terapi i tilnærmingen til pasientene, samt fokus på fysisk aktivitet.",0,2 år siden
"Skolegata 22, 2317 Hamar","TSB poliklinikk vurderer henvisninger til hele opptaksområdet; Hamar, Ringsaker, Stange og Løten, Trysil, Elverum, Våler, Åsnes og Åmot kommuner. LAR team dekker alle kommunene. Eget TSB team som sitter i Elverum.",accel,98c9d281-fc65-44e4-abef-870077016123,,False,60.799876558059125,11.067711416527718,,"Sykehuset Innlandet, DPS Elverum-Hamar, TSB-poliklinikk Hamar",,91 50 62 00,4,"To allmennpolikliniske enheter, og et akutt ambulant team.",sykehuset-innlandet-dps-elverum-hamar-tsb-poliklinikk-hamar,"TSB poliklinikken har kompetente, erfarne og spesialiserte medarbeidere på alle de faglige nøkkelposisjonene i rus- og avhengighetsbehandling kombinert med psykisk lidelse. Alle med helse- og sosialfaglig grunnutdannelse har spesialisering/videreutdanning i psykisk helsearbeid/rusproblematikk, og mange har en eller flere tilleggsutdanninger. Spesialistkompetanse: To overleger/psykiatere er ogdannet utdannet rus og avhengighetsmedisinere, dog er de i redusert stilling. Tilbyr LIS i rus- og avhengighetsmedisin poliklinisk tjeneste. * To psykologspesialiststillinger: Spesialistene har lang og bred erfaring, og mange tilleggsutdanninger. Tilbyr PIS i rus- og avhengighetspsykologi poliklinisk tjeneste.",0,2 år siden
"Kirkeveien 275, 3140 Borgheim",Tidligere Vestfold fylke,accel,98c9d282-b6e4-4a11-92bb-9d42bfda01be,,False,59.20668461560768,10.406452525658443,,"Sykehuset i Vestfold, ARA Avgiftning Bygg B",,33 34 12 00,4,Samlokalisert med ARA Avgiftning Bygg A og ARA Utredning og behandling Bygg C,sykehuset-i-vestfold-ara-avgiftning-bygg-b,Psykoedukative behandlingsgrupper,0,2 år siden
